date,time,temp(c),salinity(ppt),conduct(mS/cm),velocity(m/sec),datetime,,
,,,,,,,,
,,,,,,,,
,,,,,,,,
8/13/2022,8:00,17.52,0.02,0.03,1473.8,08/13/2022 8:00:00,,
8/13/2022,8:20,16.52,31.66,40.61,1507.5,08/13/2022 8:20:00,,
8/13/2022,8:40,16.61,31.63,40.66,1507.75,08/13/2022 8:40:00,,
8/13/2022,9:00,16.74,31.63,40.76,1508.11,08/13/2022 9:00:00,,
8/13/2022,9:20,16.92,31.51,40.79,1508.52,08/13/2022 9:20:00,,
8/13/2022,9:40,17.07,31.27,40.65,1508.7,08/13/2022 9:40:00,,
8/13/2022,10:00,17.07,31.23,40.6,1508.65,08/13/2022 10:00:00,,
8/13/2022,10:20,17.1,31.22,40.62,1508.74,08/13/2022 10:20:00,,
8/13/2022,10:40,17.13,31.39,40.85,1509.03,08/13/2022 10:40:00,,
8/13/2022,11:00,17.19,31.63,41.17,1509.48,08/13/2022 11:00:00,,
8/13/2022,11:20,17.07,31.7,41.14,1509.2,08/13/2022 11:20:00,,
8/13/2022,11:40,16.95,31.74,41.09,1508.89,08/13/2022 11:40:00,,
8/13/2022,12:00,17.01,31.7,41.09,1509.02,08/13/2022 12:00:00,,
8/13/2022,12:20,17.07,31.74,41.19,1509.25,08/13/2022 12:20:00,,
8/13/2022,12:40,17.13,31.74,41.25,1509.42,08/13/2022 12:40:00,,
8/13/2022,13:00,17.22,31.73,41.32,1509.69,08/13/2022 13:00:00,,
8/13/2022,13:20,17.31,31.73,41.4,1509.96,08/13/2022 13:20:00,,
8/13/2022,13:40,16.98,31.7,41.07,1508.93,08/13/2022 13:40:00,,
8/13/2022,14:00,16.4,31.75,40.6,1507.24,08/13/2022 14:00:00,,
8/13/2022,14:20,16.1,31.77,40.35,1506.32,08/13/2022 14:20:00,,
8/13/2022,14:40,15.89,31.74,40.12,1505.62,08/13/2022 14:40:00,,
8/13/2022,15:00,15.67,31.73,39.91,1504.94,08/13/2022 15:00:00,,
8/13/2022,15:20,15.52,31.76,39.81,1504.5,08/13/2022 15:20:00,,
8/13/2022,15:40,15.49,31.72,39.73,1504.35,08/13/2022 15:40:00,,
8/13/2022,16:00,15.34,31.59,39.46,1503.72,08/13/2022 16:00:00,,
8/13/2022,16:20,15.25,31.42,39.18,1503.23,08/13/2022 16:20:00,,
8/13/2022,16:40,15.28,31.18,38.93,1503.04,08/13/2022 16:40:00,,
8/13/2022,17:00,15.37,30.24,37.96,1502.22,08/13/2022 17:00:00,,
8/13/2022,17:20,15.58,29.49,37.3,1502.01,08/13/2022 17:20:00,,
8/13/2022,17:40,15.89,29.58,37.65,1503.08,08/13/2022 17:40:00,,
8/13/2022,18:00,16.13,29.18,37.41,1503.38,08/13/2022 18:00:00,,
8/13/2022,18:20,16.52,29.14,37.69,1504.55,08/13/2022 18:20:00,,
8/13/2022,18:40,16.86,28.89,37.67,1505.28,08/13/2022 18:40:00,,
8/13/2022,19:00,17.16,28.87,37.91,1506.18,08/13/2022 19:00:00,,
8/13/2022,19:20,17.37,28.51,37.66,1506.4,08/13/2022 19:20:00,,
8/13/2022,19:40,17.58,28.77,38.14,1507.33,08/13/2022 19:40:00,,
8/13/2022,20:00,17.64,28.64,38.04,1507.37,08/13/2022 20:00:00,,
8/13/2022,20:20,17.67,29.08,38.59,1507.97,08/13/2022 20:20:00,,
8/13/2022,20:40,17.67,29.27,38.82,1508.18,08/13/2022 20:40:00,,
8/13/2022,21:00,17.67,29.79,39.44,1508.79,08/13/2022 21:00:00,,
8/13/2022,21:20,17.64,30.32,40.04,1509.31,08/13/2022 21:20:00,,
8/13/2022,21:40,17.55,30.87,40.61,1509.68,08/13/2022 21:40:00,,
8/13/2022,22:00,17.49,31.23,40.98,1509.92,08/13/2022 22:00:00,,
8/13/2022,22:20,17.49,31.42,41.2,1510.14,08/13/2022 22:20:00,,
8/13/2022,22:40,17.43,31.57,41.33,1510.14,08/13/2022 22:40:00,,
8/13/2022,23:00,17.43,31.61,41.38,1510.19,08/13/2022 23:00:00,,
8/13/2022,23:20,17.4,31.66,41.4,1510.15,08/13/2022 23:20:00,,
8/13/2022,23:40,17.4,31.66,41.4,1510.15,08/13/2022 23:40:00,,
8/13/2022,0:00,17.43,31.66,41.43,1510.23,08/13/2022 0:00:00,,
8/14/2022,0:20,17.43,31.66,41.43,1510.23,08/14/2022 0:20:00,,
8/14/2022,0:40,17.34,31.68,41.38,1509.99,08/14/2022 0:40:00,,
8/14/2022,1:00,17.22,31.64,41.22,1509.59,08/14/2022 1:00:00,,
8/14/2022,1:20,16.95,31.66,40.99,1508.79,08/14/2022 1:20:00,,
8/14/2022,1:40,16.55,31.59,40.56,1507.52,08/14/2022 1:40:00,,
8/14/2022,2:00,16.07,31.53,40.05,1505.95,08/14/2022 2:00:00,,
8/14/2022,2:20,15.73,31.24,39.42,1504.56,08/14/2022 2:20:00,,
8/14/2022,2:40,15.31,31.37,39.18,1503.37,08/14/2022 2:40:00,,
8/14/2022,3:00,14.94,30.74,38.15,1501.45,08/14/2022 3:00:00,,
8/14/2022,3:20,14.69,29.97,37.08,1499.73,08/14/2022 3:20:00,,
8/14/2022,3:40,14.57,27.78,34.53,1496.73,08/14/2022 3:40:00,,
8/14/2022,4:00,14.72,27.7,34.56,1497.13,08/14/2022 4:00:00,,
8/14/2022,4:20,15.03,29.43,36.76,1500.18,08/14/2022 4:20:00,,
8/14/2022,4:40,15.4,28,35.45,1499.67,08/14/2022 4:40:00,,
8/14/2022,5:00,15.43,28.37,35.9,1500.21,08/14/2022 5:00:00,,
8/14/2022,5:20,15.58,27.29,34.78,1499.42,08/14/2022 5:20:00,,
8/14/2022,5:40,15.86,27.41,35.13,1500.43,08/14/2022 5:40:00,,
8/14/2022,6:00,15.98,27.37,35.19,1500.77,08/14/2022 6:00:00,,
,,,,,,,,
,,,,,,,,
,,,,,,,,
,,,,,,,,
,,,,,,,,
8/14/2022,8:00,15.92,0.18,0.32,1468.58,08/14/2022 8:00:00,,
8/14/2022,8:20,16.07,16.52,22.28,1488.3,08/14/2022 8:20:00,,
8/14/2022,8:40,16.22,31.81,40.5,1506.74,08/14/2022 8:40:00,,
8/14/2022,9:00,16.37,31.78,40.6,1507.17,08/14/2022 9:00:00,,
8/14/2022,9:20,16.52,31.66,40.61,1507.5,08/14/2022 9:20:00,,
8/14/2022,9:40,16.71,30.83,39.81,1507.09,08/14/2022 9:40:00,,
8/14/2022,10:00,16.83,30.06,39.02,1506.55,08/14/2022 10:00:00,,
8/14/2022,10:20,16.89,30.51,39.59,1507.26,08/14/2022 10:20:00,,
8/14/2022,10:40,16.98,30.97,40.22,1508.08,08/14/2022 10:40:00,,
8/14/2022,11:00,17.1,31.25,40.65,1508.76,08/14/2022 11:00:00,,
8/14/2022,11:20,17.22,31.43,40.97,1509.34,08/14/2022 11:20:00,,
8/14/2022,11:40,17.37,31.53,41.23,1509.91,08/14/2022 11:40:00,,
8/14/2022,12:00,17.4,31.68,41.43,1510.17,08/14/2022 12:00:00,,
8/14/2022,12:20,17.16,31.75,41.3,1509.54,08/14/2022 12:20:00,,
8/14/2022,12:40,16.65,31.78,40.86,1508.02,08/14/2022 12:40:00,,
8/14/2022,13:00,16.37,31.78,40.6,1507.17,08/14/2022 13:00:00,,
8/14/2022,13:20,16.1,31.79,40.37,1506.35,08/14/2022 13:20:00,,
8/14/2022,13:40,16.01,31.78,40.27,1506.05,08/14/2022 13:40:00,,
8/14/2022,14:00,15.98,31.8,40.27,1505.98,08/14/2022 14:00:00,,
8/14/2022,14:20,16.04,31.75,40.27,1506.11,08/14/2022 14:20:00,,
8/14/2022,14:40,16.04,31.77,40.3,1506.14,08/14/2022 14:40:00,,
8/14/2022,15:00,16.04,31.75,40.27,1506.11,08/14/2022 15:00:00,,
8/14/2022,15:20,16.07,31.73,40.27,1506.18,08/14/2022 15:20:00,,
8/14/2022,15:40,16.28,31.74,40.48,1506.85,08/14/2022 15:40:00,,
8/14/2022,16:00,16.43,31.71,40.58,1507.28,08/14/2022 16:00:00,,
8/14/2022,16:20,16.65,31.68,40.73,1507.89,08/14/2022 16:20:00,,
8/14/2022,16:40,16.77,31.54,40.69,1508.1,08/14/2022 16:40:00,,
8/14/2022,17:00,16.8,31.52,40.69,1508.16,08/14/2022 17:00:00,,
8/14/2022,17:20,16.86,31.34,40.54,1508.14,08/14/2022 17:20:00,,
8/14/2022,17:40,16.86,30.93,40.07,1507.67,08/14/2022 17:40:00,,
8/14/2022,18:00,16.83,30.89,39.99,1507.53,08/14/2022 18:00:00,,
8/14/2022,18:20,16.74,30.68,39.67,1507,08/14/2022 18:20:00,,
8/14/2022,18:40,16.55,30.88,39.74,1506.68,08/14/2022 18:40:00,,
8/14/2022,19:00,16.34,31.28,40,1506.5,08/14/2022 19:00:00,,
8/14/2022,19:20,16.07,30.96,39.4,1505.28,08/14/2022 19:20:00,,
8/14/2022,19:40,15.83,31.15,39.39,1504.74,08/14/2022 19:40:00,,
8/14/2022,20:00,15.73,31.02,39.17,1504.3,08/14/2022 20:00:00,,
8/14/2022,20:20,15.67,31.13,39.24,1504.24,08/14/2022 20:20:00,,
8/14/2022,20:40,15.58,31.21,39.24,1504.04,08/14/2022 20:40:00,,
8/14/2022,21:00,15.49,31.34,39.31,1503.91,08/14/2022 21:00:00,,
8/14/2022,21:20,15.43,31.37,39.28,1503.75,08/14/2022 21:20:00,,
8/14/2022,21:40,15.43,31.39,39.31,1503.77,08/14/2022 21:40:00,,
8/14/2022,22:00,15.4,31.44,39.33,1503.73,08/14/2022 22:00:00,,
8/14/2022,22:20,15.4,31.32,39.21,1503.6,08/14/2022 22:20:00,,
8/14/2022,22:40,15.37,31.57,39.46,1503.79,08/14/2022 22:40:00,,
8/14/2022,23:00,15.31,31.71,39.56,1503.76,08/14/2022 23:00:00,,
8/14/2022,23:20,15.25,31.33,39.08,1503.12,08/14/2022 23:20:00,,
8/14/2022,23:40,15.18,31.27,38.96,1502.85,08/14/2022 23:40:00,,
8/14/2022,0:00,15.12,31.23,38.85,1502.61,08/14/2022 0:00:00,,
8/15/2022,0:20,15.06,31.21,38.78,1502.39,08/15/2022 0:20:00,,
8/15/2022,0:40,15.06,31.07,38.63,1502.23,08/15/2022 0:40:00,,
8/15/2022,1:00,14.97,31.01,38.48,1501.86,08/15/2022 1:00:00,,
8/15/2022,1:20,14.88,30.99,38.37,1501.54,08/15/2022 1:20:00,,
8/15/2022,1:40,14.82,31,38.32,1501.35,08/15/2022 1:40:00,,
8/15/2022,2:00,14.75,30.98,38.25,1501.13,08/15/2022 2:00:00,,
8/15/2022,2:20,14.54,30.94,38.02,1500.39,08/15/2022 2:20:00,,
8/15/2022,2:40,14.26,30.91,37.74,1499.44,08/15/2022 2:40:00,,
8/15/2022,3:00,13.98,30.81,37.38,1498.41,08/15/2022 3:00:00,,
8/15/2022,3:20,13.67,30.91,37.22,1497.51,08/15/2022 3:20:00,,
8/15/2022,3:40,13.39,31.62,37.74,1497.42,08/15/2022 3:40:00,,
8/15/2022,4:00,13.29,31.4,37.41,1496.84,08/15/2022 4:00:00,,
8/15/2022,4:20,13.29,31.12,37.12,1496.5,08/15/2022 4:20:00,,
8/15/2022,4:40,13.2,30.91,36.82,1495.94,08/15/2022 4:40:00,,
8/15/2022,5:00,13.14,30.73,36.56,1495.51,08/15/2022 5:00:00,,
8/15/2022,5:20,13.1,30.38,36.17,1494.98,08/15/2022 5:20:00,,
8/15/2022,5:40,13.07,29.87,35.59,1494.26,08/15/2022 5:40:00,,
8/15/2022,6:00,13.07,29.92,35.64,1494.32,08/15/2022 6:00:00,,
8/15/2022,6:20,13.26,29.85,35.72,1494.86,08/15/2022 6:20:00,,
8/15/2022,6:40,13.57,29.81,35.95,1495.87,08/15/2022 6:40:00,,
8/15/2022,7:00,13.89,29.92,36.33,1497.04,08/15/2022 7:00:00,,
8/15/2022,7:20,14.2,29.87,36.54,1498,08/15/2022 7:20:00,,
8/15/2022,7:40,14.41,29.86,36.72,1498.7,08/15/2022 7:40:00,,
8/15/2022,8:00,14.63,30.04,37.1,1499.61,08/15/2022 8:00:00,,
8/15/2022,8:20,14.85,30.26,37.53,1500.57,08/15/2022 8:20:00,,
8/15/2022,8:40,15,30.19,37.58,1500.98,08/15/2022 8:40:00,,
8/15/2022,9:00,15.15,30.2,37.73,1501.49,08/15/2022 9:00:00,,
8/15/2022,9:20,15.28,30.33,37.99,1502.04,08/15/2022 9:20:00,,
8/15/2022,9:40,15.43,30.31,38.09,1502.49,08/15/2022 9:40:00,,
8/15/2022,10:00,15.49,30.2,38.02,1502.56,08/15/2022 10:00:00,,
8/15/2022,10:20,15.43,30.26,38.04,1502.44,08/15/2022 10:20:00,,
8/15/2022,10:40,15.43,29.69,37.39,1501.77,08/15/2022 10:40:00,,
8/15/2022,11:00,15.52,30.13,37.97,1502.57,08/15/2022 11:00:00,,
8/15/2022,11:20,15.64,29.88,37.8,1502.67,08/15/2022 11:20:00,,
8/15/2022,11:40,15.73,30.04,38.05,1503.14,08/15/2022 11:40:00,,
8/15/2022,12:00,15.83,30.03,38.12,1503.42,08/15/2022 12:00:00,,
8/15/2022,12:20,15.95,29.92,38.1,1503.68,08/15/2022 12:20:00,,
8/15/2022,12:40,15.92,30.18,38.38,1503.89,08/15/2022 12:40:00,,
8/15/2022,13:00,16.01,30.2,38.48,1504.2,08/15/2022 13:00:00,,
8/15/2022,13:20,15.98,30.18,38.43,1504.08,08/15/2022 13:20:00,,
8/15/2022,13:40,15.98,30.18,38.43,1504.08,08/15/2022 13:40:00,,
8/15/2022,14:00,15.98,30.36,38.63,1504.28,08/15/2022 14:00:00,,
8/15/2022,14:20,15.76,30.39,38.47,1503.65,08/15/2022 14:20:00,,
8/15/2022,14:40,15.52,30.59,38.49,1503.12,08/15/2022 14:40:00,,
8/15/2022,15:00,15.12,30.54,38.08,1501.79,08/15/2022 15:00:00,,
8/15/2022,15:20,14.97,30.5,37.9,1501.25,08/15/2022 15:20:00,,
8/15/2022,15:40,14.88,30.52,37.85,1500.99,08/15/2022 15:40:00,,
8/15/2022,16:00,14.82,30.41,37.68,1500.66,08/15/2022 16:00:00,,
8/15/2022,16:20,14.72,30.35,37.52,1500.28,08/15/2022 16:20:00,,
8/15/2022,16:40,14.72,30.26,37.42,1500.18,08/15/2022 16:40:00,,
8/15/2022,17:00,14.72,30.3,37.47,1500.23,08/15/2022 17:00:00,,
8/15/2022,17:20,14.72,30.22,37.37,1500.12,08/15/2022 17:20:00,,
8/15/2022,17:40,14.63,29.48,36.48,1498.95,08/15/2022 17:40:00,,
8/15/2022,18:00,14.51,29.95,36.9,1499.11,08/15/2022 18:00:00,,
8/15/2022,18:20,14.32,29.66,36.42,1498.16,08/15/2022 18:20:00,,
8/15/2022,18:40,14.29,29.3,35.99,1497.63,08/15/2022 18:40:00,,
8/15/2022,19:00,14.32,29.19,35.9,1497.6,08/15/2022 19:00:00,,
8/15/2022,19:20,14.48,29.77,36.67,1498.8,08/15/2022 19:20:00,,
8/15/2022,19:40,14.85,29.9,37.13,1500.15,08/15/2022 19:40:00,,
8/15/2022,20:00,15.15,29.8,37.29,1501.02,08/15/2022 20:00:00,,
8/15/2022,20:20,15.46,29.8,37.54,1501.99,08/15/2022 20:20:00,,
8/15/2022,20:40,15.58,29.47,37.27,1501.99,08/15/2022 20:40:00,,
8/15/2022,21:00,15.64,29.51,37.37,1502.23,08/15/2022 21:00:00,,
8/15/2022,21:20,15.67,29.53,37.42,1502.35,08/15/2022 21:20:00,,
8/15/2022,21:40,15.67,29.58,37.47,1502.41,08/15/2022 21:40:00,,
8/15/2022,22:00,15.67,29.56,37.45,1502.38,08/15/2022 22:00:00,,
8/15/2022,22:20,15.67,29.51,37.4,1502.33,08/15/2022 22:20:00,,
8/15/2022,22:40,15.67,29.49,37.37,1502.3,08/15/2022 22:40:00,,
8/15/2022,23:00,15.67,29.51,37.4,1502.33,08/15/2022 23:00:00,,
8/15/2022,23:20,15.64,29.6,37.47,1502.34,08/15/2022 23:20:00,,
8/15/2022,23:40,15.58,29.62,37.45,1502.17,08/15/2022 23:40:00,,
8/15/2022,0:00,15.52,30.5,38.39,1503.02,08/15/2022 0:00:00,,
8/16/2022,0:20,15.43,30.55,38.36,1502.78,08/16/2022 0:20:00,,
8/16/2022,0:40,15.37,30.55,38.31,1502.59,08/16/2022 0:40:00,,
8/16/2022,1:00,15.31,30.35,38.04,1502.16,08/16/2022 1:00:00,,
8/16/2022,1:20,15.18,30.27,37.83,1501.67,08/16/2022 1:20:00,,
8/16/2022,1:40,15,30.1,37.48,1500.88,08/16/2022 1:40:00,,
8/16/2022,2:00,14.78,30.03,37.23,1500.11,08/16/2022 2:00:00,,
8/16/2022,2:20,14.57,30.08,37.1,1499.47,08/16/2022 2:20:00,,
8/16/2022,2:40,14.38,30.38,37.27,1499.22,08/16/2022 2:40:00,,
8/16/2022,3:00,14.14,30.32,36.99,1498.34,08/16/2022 3:00:00,,
8/16/2022,3:20,14.04,30.24,36.81,1497.93,08/16/2022 3:20:00,,
8/16/2022,3:40,13.92,30.19,36.66,1497.47,08/16/2022 3:40:00,,
8/16/2022,4:00,13.76,30.13,36.46,1496.88,08/16/2022 4:00:00,,
8/16/2022,4:20,13.54,29.84,35.95,1495.8,08/16/2022 4:20:00,,
8/16/2022,4:40,13.26,30.49,36.42,1495.64,08/16/2022 4:40:00,,
8/16/2022,5:00,13.14,31.8,37.71,1496.8,08/16/2022 5:00:00,,
8/16/2022,5:20,12.98,31.67,37.43,1496.11,08/16/2022 5:20:00,,
8/16/2022,5:40,12.79,31.85,37.45,1495.69,08/16/2022 5:40:00,,
8/16/2022,6:00,12.66,31.84,37.32,1495.25,08/16/2022 6:00:00,,
8/16/2022,6:20,12.54,31.87,37.25,1494.85,08/16/2022 6:20:00,,
8/16/2022,6:40,12.47,31.73,37.05,1494.47,08/16/2022 6:40:00,,
8/16/2022,7:00,12.47,31.8,37.12,1494.56,08/16/2022 7:00:00,,
8/16/2022,7:20,12.47,31.21,36.5,1493.84,08/16/2022 7:20:00,,
8/16/2022,7:40,12.57,31.23,36.6,1494.19,08/16/2022 7:40:00,,
8/16/2022,8:00,12.69,31.39,36.88,1494.81,08/16/2022 8:00:00,,
8/16/2022,8:20,12.85,30.88,36.48,1494.74,08/16/2022 8:20:00,,
8/16/2022,8:40,13.01,30.76,36.49,1495.12,08/16/2022 8:40:00,,
8/16/2022,9:00,13.14,30.47,36.29,1495.2,08/16/2022 9:00:00,,
8/16/2022,9:20,13.36,30.17,36.15,1495.56,08/16/2022 9:20:00,,
8/16/2022,9:40,13.61,29.42,35.56,1495.51,08/16/2022 9:40:00,,
8/16/2022,10:00,13.89,31.11,37.63,1498.46,08/16/2022 10:00:00,,
8/16/2022,10:20,14.04,31.49,38.18,1499.43,08/16/2022 10:20:00,,
8/16/2022,10:40,14.07,31.4,38.11,1499.42,08/16/2022 10:40:00,,
8/16/2022,11:00,14.14,31.78,38.58,1500.08,08/16/2022 11:00:00,,
8/16/2022,11:20,14.2,31.8,38.66,1500.3,08/16/2022 11:20:00,,
8/16/2022,11:40,14.32,31.74,38.71,1500.64,08/16/2022 11:40:00,,
8/16/2022,12:00,14.57,31.71,38.89,1501.4,08/16/2022 12:00:00,,
8/16/2022,12:20,14.82,31.78,39.19,1502.28,08/16/2022 12:20:00,,
8/16/2022,12:40,14.97,31.64,39.17,1502.61,08/16/2022 12:40:00,,
8/16/2022,13:00,15.18,31.78,39.53,1503.46,08/16/2022 13:00:00,,
8/16/2022,13:20,15.37,31.79,39.71,1504.06,08/16/2022 13:20:00,,
8/16/2022,13:40,15.43,31.81,39.78,1504.27,08/16/2022 13:40:00,,
8/16/2022,14:00,15.37,31.81,39.73,1504.08,08/16/2022 14:00:00,,
8/16/2022,14:20,15.37,31.75,39.66,1504,08/16/2022 14:20:00,,
8/16/2022,14:40,15.34,31.82,39.71,1503.99,08/16/2022 14:40:00,,
8/16/2022,15:00,15.25,31.71,39.5,1503.57,08/16/2022 15:00:00,,
8/16/2022,15:20,15.18,31.8,39.55,1503.49,08/16/2022 15:20:00,,
8/16/2022,15:40,15.03,31.77,39.37,1502.96,08/16/2022 15:40:00,,
8/16/2022,16:00,15.03,31.79,39.4,1502.98,08/16/2022 16:00:00,,
8/16/2022,16:20,15,31.73,39.3,1502.81,08/16/2022 16:20:00,,
8/16/2022,16:40,15.06,31.81,39.45,1503.11,08/16/2022 16:40:00,,
8/16/2022,17:00,15.21,31.82,39.6,1503.61,08/16/2022 17:00:00,,
8/16/2022,17:20,15.31,31.68,39.53,1503.73,08/16/2022 17:20:00,,
8/16/2022,17:40,15.37,31.66,39.56,1503.9,08/16/2022 17:40:00,,
8/16/2022,18:00,15.4,31.79,39.73,1504.15,08/16/2022 18:00:00,,
8/16/2022,18:20,15.43,31.54,39.48,1503.96,08/16/2022 18:20:00,,
8/16/2022,18:40,15.43,31.63,39.58,1504.06,08/16/2022 18:40:00,,
8/16/2022,19:00,15.4,31.72,39.66,1504.07,08/16/2022 19:00:00,,
8/16/2022,19:20,15.31,31.66,39.51,1503.71,08/16/2022 19:20:00,,
8/16/2022,19:40,15.25,31.73,39.53,1503.6,08/16/2022 19:40:00,,
8/16/2022,20:00,15.18,31.63,39.35,1503.28,08/16/2022 20:00:00,,
8/16/2022,20:20,15.09,31.7,39.35,1503.07,08/16/2022 20:20:00,,
8/16/2022,20:40,15.03,31.77,39.37,1502.96,08/16/2022 20:40:00,,
8/16/2022,21:00,15,31.75,39.32,1502.83,08/16/2022 21:00:00,,
8/16/2022,21:20,15.03,31.59,39.18,1502.74,08/16/2022 21:20:00,,
8/16/2022,21:40,15.06,31.7,39.33,1502.97,08/16/2022 21:40:00,,
8/16/2022,22:00,15.09,31.74,39.4,1503.12,08/16/2022 22:00:00,,
8/16/2022,22:20,15.06,31.72,39.35,1503,08/16/2022 22:20:00,,
8/16/2022,22:40,15,31.57,39.12,1502.62,08/16/2022 22:40:00,,
8/16/2022,23:00,14.97,31.77,39.32,1502.76,08/16/2022 23:00:00,,
8/16/2022,23:20,14.94,31.84,39.37,1502.75,08/16/2022 23:20:00,,
8/16/2022,23:40,14.94,31.84,39.37,1502.75,08/16/2022 23:40:00,,
8/16/2022,0:00,14.94,30.92,38.35,1501.66,08/16/2022 0:00:00,,
8/17/2022,0:20,14.91,31.82,39.32,1502.63,08/17/2022 0:20:00,,
8/17/2022,0:40,14.94,31.82,39.35,1502.72,08/17/2022 0:40:00,,
8/17/2022,1:00,14.91,31.75,39.25,1502.55,08/17/2022 1:00:00,,
8/17/2022,1:20,14.94,31.82,39.35,1502.72,08/17/2022 1:20:00,,
8/17/2022,1:40,14.91,31.91,39.42,1502.73,08/17/2022 1:40:00,,
8/17/2022,2:00,14.88,31.89,39.37,1502.61,08/17/2022 2:00:00,,
8/17/2022,2:20,14.85,31.91,39.37,1502.54,08/17/2022 2:20:00,,
8/17/2022,2:40,14.82,31.94,39.37,1502.47,08/17/2022 2:40:00,,
8/17/2022,3:00,14.85,31.94,39.39,1502.57,08/17/2022 3:00:00,,
8/17/2022,3:20,14.85,31.91,39.37,1502.54,08/17/2022 3:20:00,,
8/17/2022,3:40,14.85,31.91,39.37,1502.54,08/17/2022 3:40:00,,
8/17/2022,4:00,14.88,31.89,39.37,1502.61,08/17/2022 4:00:00,,
8/17/2022,4:20,14.88,31.89,39.37,1502.61,08/17/2022 4:20:00,,
8/17/2022,4:40,14.88,31.87,39.35,1502.58,08/17/2022 4:40:00,,
8/17/2022,5:00,14.91,31.93,39.45,1502.76,08/17/2022 5:00:00,,
8/17/2022,5:20,14.91,31.93,39.45,1502.76,08/17/2022 5:20:00,,
8/17/2022,5:40,14.91,31.87,39.37,1502.68,08/17/2022 5:40:00,,
8/17/2022,6:00,14.91,31.91,39.42,1502.73,08/17/2022 6:00:00,,
8/17/2022,6:20,14.91,31.87,39.37,1502.68,08/17/2022 6:20:00,,
8/17/2022,6:40,14.88,31.85,39.32,1502.56,08/17/2022 6:40:00,,
8/17/2022,7:00,14.82,31.89,39.32,1502.42,08/17/2022 7:00:00,,
8/17/2022,7:20,14.75,31.9,39.27,1502.22,08/17/2022 7:20:00,,
8/17/2022,7:40,14.72,31.79,39.12,1501.99,08/17/2022 7:40:00,,
8/17/2022,8:00,14.72,31.76,39.09,1501.97,08/17/2022 8:00:00,,
8/17/2022,8:20,14.75,31.61,38.94,1501.88,08/17/2022 8:20:00,,
8/17/2022,8:40,14.75,31.72,39.07,1502.01,08/17/2022 8:40:00,,
8/17/2022,9:00,14.69,31.74,39.04,1501.84,08/17/2022 9:00:00,,
8/17/2022,9:20,14.54,31.75,38.91,1501.36,08/17/2022 9:20:00,,
8/17/2022,9:40,14.51,31.87,39.01,1501.39,08/17/2022 9:40:00,,
8/17/2022,10:00,14.48,31.85,38.96,1501.27,08/17/2022 10:00:00,,
8/17/2022,10:20,14.51,31.8,38.94,1501.31,08/17/2022 10:20:00,,
8/17/2022,10:40,14.51,31.89,39.04,1501.42,08/17/2022 10:40:00,,
8/17/2022,11:00,14.57,31.91,39.11,1501.64,08/17/2022 11:00:00,,
8/17/2022,11:20,14.57,31.82,39.01,1501.53,08/17/2022 11:20:00,,
8/17/2022,11:40,14.57,31.91,39.11,1501.64,08/17/2022 11:40:00,,
8/17/2022,12:00,14.57,31.91,39.11,1501.64,08/17/2022 12:00:00,,
8/17/2022,12:20,14.63,31.95,39.22,1501.89,08/17/2022 12:20:00,,
8/17/2022,12:40,14.78,31.94,39.34,1502.37,08/17/2022 12:40:00,,
8/17/2022,13:00,14.91,31.96,39.47,1502.79,08/17/2022 13:00:00,,
8/17/2022,13:20,14.94,31.95,39.5,1502.88,08/17/2022 13:20:00,,
8/17/2022,13:40,14.97,31.91,39.47,1502.92,08/17/2022 13:40:00,,
8/17/2022,14:00,14.88,31.96,39.45,1502.69,08/17/2022 14:00:00,,
8/17/2022,14:20,14.82,31.94,39.37,1502.47,08/17/2022 14:20:00,,
8/17/2022,14:40,14.88,31.96,39.45,1502.69,08/17/2022 14:40:00,,
8/17/2022,15:00,14.97,31.77,39.32,1502.76,08/17/2022 15:00:00,,
8/17/2022,15:20,15.06,31.74,39.38,1503.03,08/17/2022 15:20:00,,
8/17/2022,15:40,15.09,31.92,39.6,1503.33,08/17/2022 15:40:00,,
8/17/2022,16:00,15.18,31.89,39.65,1503.59,08/17/2022 16:00:00,,
8/17/2022,16:20,15.12,31.87,39.58,1503.38,08/17/2022 16:20:00,,
8/17/2022,16:40,15.06,31.88,39.52,1503.18,08/17/2022 16:40:00,,
8/17/2022,17:00,15.06,31.9,39.55,1503.21,08/17/2022 17:00:00,,
8/17/2022,17:20,15.06,31.9,39.55,1503.21,08/17/2022 17:20:00,,
8/17/2022,17:40,15.06,31.88,39.52,1503.18,08/17/2022 17:40:00,,
8/17/2022,18:00,15.03,31.86,39.47,1503.06,08/17/2022 18:00:00,,
8/17/2022,18:20,15.06,31.81,39.45,1503.11,08/17/2022 18:20:00,,
8/17/2022,18:40,15.03,31.86,39.47,1503.06,08/17/2022 18:40:00,,
8/17/2022,19:00,15.03,31.86,39.47,1503.06,08/17/2022 19:00:00,,
8/17/2022,19:20,15,31.86,39.45,1502.97,08/17/2022 19:20:00,,
8/17/2022,19:40,15,31.84,39.42,1502.94,08/17/2022 19:40:00,,
8/17/2022,20:00,14.97,31.84,39.4,1502.84,08/17/2022 20:00:00,,
8/17/2022,20:20,14.94,31.89,39.42,1502.8,08/17/2022 20:20:00,,
8/17/2022,20:40,14.94,31.75,39.27,1502.64,08/17/2022 20:40:00,,
8/17/2022,21:00,14.94,31.82,39.35,1502.72,08/17/2022 21:00:00,,
8/17/2022,21:20,14.97,31.75,39.3,1502.74,08/17/2022 21:20:00,,
8/17/2022,21:40,15.03,31.81,39.42,1503.01,08/17/2022 21:40:00,,
8/17/2022,22:00,15.18,31.8,39.55,1503.49,08/17/2022 22:00:00,,
8/17/2022,22:20,15.21,31.82,39.6,1503.61,08/17/2022 22:20:00,,
8/17/2022,22:40,15.25,31.82,39.63,1503.7,08/17/2022 22:40:00,,
8/17/2022,23:00,15.28,31.82,39.65,1503.8,08/17/2022 23:00:00,,
8/17/2022,23:20,15.25,31.73,39.53,1503.6,08/17/2022 23:20:00,,
8/17/2022,23:40,15.25,31.8,39.6,1503.68,08/17/2022 23:40:00,,
8/17/2022,0:00,15.21,31.76,39.53,1503.53,08/17/2022 0:00:00,,
8/18/2022,0:20,15.18,31.78,39.53,1503.46,08/18/2022 0:20:00,,
8/18/2022,0:40,15.12,31.83,39.53,1503.32,08/18/2022 0:40:00,,
8/18/2022,1:00,15.09,31.9,39.58,1503.31,08/18/2022 1:00:00,,
8/18/2022,1:20,15.06,31.86,39.5,1503.16,08/18/2022 1:20:00,,
8/18/2022,1:40,15.06,31.86,39.5,1503.16,08/18/2022 1:40:00,,
8/18/2022,2:00,15.03,31.86,39.47,1503.06,08/18/2022 2:00:00,,
8/18/2022,2:20,15,31.7,39.27,1502.78,08/18/2022 2:20:00,,
8/18/2022,2:40,15,31.57,39.12,1502.62,08/18/2022 2:40:00,,
8/18/2022,3:00,15,31.77,39.35,1502.86,08/18/2022 3:00:00,,
8/18/2022,3:20,15,31.66,39.22,1502.73,08/18/2022 3:20:00,,
8/18/2022,3:40,15,31.84,39.42,1502.94,08/18/2022 3:40:00,,
8/18/2022,4:00,14.97,31.91,39.47,1502.92,08/18/2022 4:00:00,,
8/18/2022,4:20,14.97,31.88,39.45,1502.9,08/18/2022 4:20:00,,
8/18/2022,4:40,14.97,31.88,39.45,1502.9,08/18/2022 4:40:00,,
8/18/2022,5:00,14.97,31.91,39.47,1502.92,08/18/2022 5:00:00,,
8/18/2022,5:20,14.97,31.88,39.45,1502.9,08/18/2022 5:20:00,,
8/18/2022,5:40,14.97,31.88,39.45,1502.9,08/18/2022 5:40:00,,
8/18/2022,6:00,14.97,31.91,39.47,1502.92,08/18/2022 6:00:00,,
8/18/2022,6:20,14.97,31.93,39.5,1502.95,08/18/2022 6:20:00,,
8/18/2022,6:40,15,31.9,39.5,1503.02,08/18/2022 6:40:00,,
8/18/2022,7:00,15.03,31.9,39.52,1503.12,08/18/2022 7:00:00,,
8/18/2022,7:20,15.03,31.86,39.47,1503.06,08/18/2022 7:20:00,,
8/18/2022,7:40,15.03,31.9,39.52,1503.12,08/18/2022 7:40:00,,
8/18/2022,8:00,15.03,31.88,39.5,1503.09,08/18/2022 8:00:00,,
8/18/2022,8:20,15.06,31.81,39.45,1503.11,08/18/2022 8:20:00,,
8/18/2022,8:40,15.09,31.72,39.38,1503.09,08/18/2022 8:40:00,,
8/18/2022,9:00,15.09,31.81,39.48,1503.2,08/18/2022 9:00:00,,
8/18/2022,9:20,15.15,31.83,39.55,1503.42,08/18/2022 9:20:00,,
8/18/2022,9:40,15.18,31.78,39.53,1503.46,08/18/2022 9:40:00,,
8/18/2022,10:00,15.18,31.71,39.45,1503.38,08/18/2022 10:00:00,,
8/18/2022,10:20,15.18,31.74,39.48,1503.41,08/18/2022 10:20:00,,
8/18/2022,10:40,15.25,31.67,39.45,1503.52,08/18/2022 10:40:00,,
8/18/2022,11:00,15.25,31.76,39.55,1503.62,08/18/2022 11:00:00,,
8/18/2022,11:20,15.34,31.71,39.58,1503.86,08/18/2022 11:20:00,,
8/18/2022,11:40,15.37,31.75,39.66,1504,08/18/2022 11:40:00,,
8/18/2022,12:00,15.43,31.72,39.68,1504.17,08/18/2022 12:00:00,,
8/18/2022,12:20,15.43,31.68,39.63,1504.11,08/18/2022 12:20:00,,
8/18/2022,12:40,15.43,31.63,39.58,1504.06,08/18/2022 12:40:00,,
8/18/2022,13:00,15.46,31.63,39.61,1504.16,08/18/2022 13:00:00,,
8/18/2022,13:20,15.46,31.57,39.53,1504.08,08/18/2022 13:20:00,,
8/18/2022,13:40,15.46,31.57,39.53,1504.08,08/18/2022 13:40:00,,
8/18/2022,14:00,15.46,31.54,39.51,1504.05,08/18/2022 14:00:00,,
8/18/2022,14:20,15.49,31.59,39.59,1504.2,08/18/2022 14:20:00,,
8/18/2022,14:40,15.52,31.54,39.56,1504.24,08/18/2022 14:40:00,,
8/18/2022,15:00,15.55,31.56,39.61,1504.36,08/18/2022 15:00:00,,
8/18/2022,15:20,15.58,31.54,39.61,1504.43,08/18/2022 15:20:00,,
8/18/2022,15:40,15.61,31.47,39.56,1504.44,08/18/2022 15:40:00,,
8/18/2022,16:00,15.64,31.62,39.76,1504.72,08/18/2022 16:00:00,,
8/18/2022,16:20,15.67,31.58,39.74,1504.76,08/18/2022 16:20:00,,
8/18/2022,16:40,15.67,31.58,39.74,1504.76,08/18/2022 16:40:00,,
8/18/2022,17:00,15.64,31.58,39.71,1504.67,08/18/2022 17:00:00,,
8/18/2022,17:20,15.61,31.58,39.69,1504.57,08/18/2022 17:20:00,,
8/18/2022,17:40,15.55,31.56,39.61,1504.36,08/18/2022 17:40:00,,
8/18/2022,18:00,15.46,31.48,39.44,1503.97,08/18/2022 18:00:00,,
8/18/2022,18:20,15.4,31.48,39.38,1503.78,08/18/2022 18:20:00,,
8/18/2022,18:40,15.31,31.6,39.43,1503.63,08/18/2022 18:40:00,,
8/18/2022,19:00,15.25,31.62,39.4,1503.47,08/18/2022 19:00:00,,
8/18/2022,19:20,15.21,31.6,39.35,1503.34,08/18/2022 19:20:00,,
8/18/2022,19:40,15.18,31.6,39.33,1503.25,08/18/2022 19:40:00,,
8/18/2022,20:00,15.15,31.6,39.3,1503.15,08/18/2022 20:00:00,,
8/18/2022,20:20,15.15,31.58,39.28,1503.13,08/18/2022 20:20:00,,
8/18/2022,20:40,15.15,31.58,39.28,1503.13,08/18/2022 20:40:00,,
8/18/2022,21:00,15.15,31.58,39.28,1503.13,08/18/2022 21:00:00,,
8/18/2022,21:20,15.15,31.58,39.28,1503.13,08/18/2022 21:20:00,,
8/18/2022,21:40,15.18,31.56,39.28,1503.2,08/18/2022 21:40:00,,
8/18/2022,22:00,15.21,31.49,39.23,1503.21,08/18/2022 22:00:00,,
8/18/2022,22:20,15.21,31.47,39.2,1503.19,08/18/2022 22:20:00,,
8/18/2022,22:40,15.18,31.47,39.18,1503.09,08/18/2022 22:40:00,,
8/18/2022,23:00,15.12,31.36,39,1502.77,08/18/2022 23:00:00,,
8/18/2022,23:20,15.12,31.45,39.1,1502.87,08/18/2022 23:20:00,,
8/18/2022,23:40,15.12,31.38,39.03,1502.79,08/18/2022 23:40:00,,
8/18/2022,0:00,15.12,31.36,39,1502.77,08/18/2022 0:00:00,,
8/19/2022,0:20,15.12,31.27,38.9,1502.66,08/19/2022 0:20:00,,
8/19/2022,0:40,15.09,31.25,38.85,1502.54,08/19/2022 0:40:00,,
8/19/2022,1:00,15.09,31.23,38.83,1502.51,08/19/2022 1:00:00,,
8/19/2022,1:20,15.06,31.19,38.75,1502.36,08/19/2022 1:20:00,,
8/19/2022,1:40,15.06,31.21,38.78,1502.39,08/19/2022 1:40:00,,
8/19/2022,2:00,15.09,31.05,38.63,1502.3,08/19/2022 2:00:00,,
8/19/2022,2:20,15.12,31.16,38.78,1502.53,08/19/2022 2:20:00,,
8/19/2022,2:40,15.12,31.14,38.75,1502.5,08/19/2022 2:40:00,,
8/19/2022,3:00,15.15,31.09,38.73,1502.55,08/19/2022 3:00:00,,
8/19/2022,3:20,15.18,31.18,38.86,1502.75,08/19/2022 3:20:00,,
8/19/2022,3:40,15.18,31.11,38.78,1502.67,08/19/2022 3:40:00,,
8/19/2022,4:00,15.21,31.09,38.78,1502.74,08/19/2022 4:00:00,,
8/19/2022,4:20,15.21,31.16,38.86,1502.82,08/19/2022 4:20:00,,
8/19/2022,4:40,15.25,31.07,38.78,1502.81,08/19/2022 4:40:00,,
8/19/2022,5:00,15.21,31.31,39.03,1503,08/19/2022 5:00:00,,
8/19/2022,5:20,15.21,31.16,38.86,1502.82,08/19/2022 5:20:00,,
8/19/2022,5:40,15.21,31.29,39.01,1502.98,08/19/2022 5:40:00,,
8/19/2022,6:00,15.21,31.13,38.83,1502.79,08/19/2022 6:00:00,,
8/19/2022,6:20,15.25,31.2,38.93,1502.97,08/19/2022 6:20:00,,
8/19/2022,6:40,15.25,31.09,38.81,1502.83,08/19/2022 6:40:00,,
8/19/2022,7:00,15.21,31.16,38.86,1502.82,08/19/2022 7:00:00,,
8/19/2022,7:20,15.21,31.11,38.81,1502.76,08/19/2022 7:20:00,,
8/19/2022,7:40,15.18,31.18,38.86,1502.75,08/19/2022 7:40:00,,
8/19/2022,8:00,15.15,31.14,38.78,1502.6,08/19/2022 8:00:00,,
8/19/2022,8:20,15.12,31.03,38.63,1502.37,08/19/2022 8:20:00,,
8/19/2022,8:40,15.12,31.07,38.68,1502.42,08/19/2022 8:40:00,,
8/19/2022,9:00,15.09,31.07,38.65,1502.33,08/19/2022 9:00:00,,
8/19/2022,9:20,15.09,31.12,38.7,1502.38,08/19/2022 9:20:00,,
8/19/2022,9:40,15.09,31.14,38.73,1502.41,08/19/2022 9:40:00,,
8/19/2022,10:00,15.09,31.25,38.85,1502.54,08/19/2022 10:00:00,,
8/19/2022,10:20,15.03,31.23,38.78,1502.32,08/19/2022 10:20:00,,
8/19/2022,10:40,15.03,31.16,38.7,1502.24,08/19/2022 10:40:00,,
8/19/2022,11:00,15.03,31.16,38.7,1502.24,08/19/2022 11:00:00,,
8/19/2022,11:20,15.06,31.14,38.7,1502.31,08/19/2022 11:20:00,,
8/19/2022,11:40,15.09,31.23,38.83,1502.51,08/19/2022 11:40:00,,
8/19/2022,12:00,15.12,31.27,38.9,1502.66,08/19/2022 12:00:00,,
8/19/2022,12:20,15.18,31.2,38.88,1502.77,08/19/2022 12:20:00,,
8/19/2022,12:40,15.25,31.2,38.93,1502.97,08/19/2022 12:40:00,,
8/19/2022,13:00,15.28,31.06,38.81,1502.9,08/19/2022 13:00:00,,
8/19/2022,13:20,15.31,31.17,38.96,1503.13,08/19/2022 13:20:00,,
8/19/2022,13:40,15.34,30.97,38.76,1502.99,08/19/2022 13:40:00,,
8/19/2022,14:00,15.31,30.93,38.68,1502.84,08/19/2022 14:00:00,,
8/19/2022,14:20,15.31,30.91,38.66,1502.82,08/19/2022 14:20:00,,
8/19/2022,14:40,15.31,30.77,38.51,1502.66,08/19/2022 14:40:00,,
8/19/2022,15:00,15.31,30.77,38.51,1502.66,08/19/2022 15:00:00,,
8/19/2022,15:20,15.31,30.75,38.48,1502.63,08/19/2022 15:20:00,,
8/19/2022,15:40,15.31,30.73,38.46,1502.61,08/19/2022 15:40:00,,
8/19/2022,16:00,15.28,30.62,38.31,1502.38,08/19/2022 16:00:00,,
8/19/2022,16:20,15.31,30.6,38.31,1502.45,08/19/2022 16:20:00,,
8/19/2022,16:40,15.34,30.62,38.36,1502.57,08/19/2022 16:40:00,,
8/19/2022,17:00,15.4,30.55,38.34,1502.68,08/19/2022 17:00:00,,
8/19/2022,17:20,15.43,30.53,38.34,1502.75,08/19/2022 17:20:00,,
8/19/2022,17:40,15.43,30.42,38.21,1502.62,08/19/2022 17:40:00,,
8/19/2022,18:00,15.37,30.55,38.31,1502.59,08/19/2022 18:00:00,,
8/19/2022,18:20,15.4,30.55,38.34,1502.68,08/19/2022 18:20:00,,
8/19/2022,18:40,15.34,30.62,38.36,1502.57,08/19/2022 18:40:00,,
8/19/2022,19:00,15.28,30.53,38.21,1502.27,08/19/2022 19:00:00,,
8/19/2022,19:20,15.18,30.49,38.08,1501.93,08/19/2022 19:20:00,,
8/19/2022,19:40,15.06,30.38,37.86,1501.41,08/19/2022 19:40:00,,
8/19/2022,20:00,14.97,30.48,37.88,1501.23,08/19/2022 20:00:00,,
8/19/2022,20:20,14.91,30.39,37.73,1500.93,08/19/2022 20:20:00,,
8/19/2022,20:40,14.85,30.37,37.65,1500.7,08/19/2022 20:40:00,,
8/19/2022,21:00,14.78,30.28,37.5,1500.4,08/19/2022 21:00:00,,
8/19/2022,21:20,14.78,30.28,37.5,1500.4,08/19/2022 21:20:00,,
8/19/2022,21:40,14.91,30.17,37.48,1500.66,08/19/2022 21:40:00,,
8/19/2022,22:00,15.03,29.96,37.36,1500.81,08/19/2022 22:00:00,,
8/19/2022,22:20,15.15,30.03,37.53,1501.28,08/19/2022 22:20:00,,
8/19/2022,22:40,15.21,29.78,37.31,1501.19,08/19/2022 22:40:00,,
8/19/2022,23:00,15.25,29.41,36.91,1500.84,08/19/2022 23:00:00,,
8/19/2022,23:20,15.28,29.6,37.16,1501.18,08/19/2022 23:20:00,,
8/19/2022,23:40,15.28,29.38,36.91,1500.92,08/19/2022 23:40:00,,
8/19/2022,0:00,15.28,29.6,37.16,1501.18,08/19/2022 0:00:00,,
8/20/2022,0:20,15.28,29.63,37.19,1501.2,08/20/2022 0:20:00,,
8/20/2022,0:40,15.28,29.47,37.01,1501.02,08/20/2022 0:40:00,,
8/20/2022,1:00,15.28,29.43,36.96,1500.97,08/20/2022 1:00:00,,
8/20/2022,1:20,15.28,29.01,36.49,1500.47,08/20/2022 1:20:00,,
8/20/2022,1:40,15.28,28.97,36.44,1500.42,08/20/2022 1:40:00,,
8/20/2022,2:00,15.25,28.83,36.27,1500.17,08/20/2022 2:00:00,,
8/20/2022,2:20,15.25,28.9,36.34,1500.24,08/20/2022 2:20:00,,
8/20/2022,2:40,15.18,28.99,36.39,1500.15,08/20/2022 2:40:00,,
8/20/2022,3:00,15.15,29.61,37.06,1500.79,08/20/2022 3:00:00,,
8/20/2022,3:20,15.09,30.01,37.46,1501.06,08/20/2022 3:20:00,,
8/20/2022,3:40,15.06,29.87,37.28,1500.81,08/20/2022 3:40:00,,
8/20/2022,4:00,15.06,29.87,37.28,1500.81,08/20/2022 4:00:00,,
8/20/2022,4:20,15.03,29.74,37.11,1500.55,08/20/2022 4:20:00,,
8/20/2022,4:40,14.82,30.28,37.53,1500.5,08/20/2022 4:40:00,,
8/20/2022,5:00,14.6,30.85,37.97,1500.48,08/20/2022 5:00:00,,
8/20/2022,5:20,14.41,30.49,37.42,1499.46,08/20/2022 5:20:00,,
8/20/2022,5:40,14.01,30.53,37.11,1498.18,08/20/2022 5:40:00,,
8/20/2022,6:00,13.79,30.49,36.88,1497.42,08/20/2022 6:00:00,,
8/20/2022,6:20,13.76,30.2,36.53,1496.96,08/20/2022 6:20:00,,
8/20/2022,6:40,13.82,30.17,36.56,1497.14,08/20/2022 6:40:00,,
8/20/2022,7:00,13.76,29.86,36.16,1496.55,08/20/2022 7:00:00,,
8/20/2022,7:20,13.64,30.02,36.23,1496.33,08/20/2022 7:20:00,,
8/20/2022,7:40,13.36,30.4,36.4,1495.84,08/20/2022 7:40:00,,
8/20/2022,8:00,13.17,30.22,36.04,1495,08/20/2022 8:00:00,,
8/20/2022,8:20,13.01,30.25,35.94,1494.5,08/20/2022 8:20:00,,
8/20/2022,8:40,12.92,30.41,36.04,1494.38,08/20/2022 8:40:00,,
8/20/2022,9:00,12.88,30.27,35.86,1494.11,08/20/2022 9:00:00,,
8/20/2022,9:20,12.88,30.39,35.99,1494.25,08/20/2022 9:20:00,,
8/20/2022,9:40,12.95,30.39,36.04,1494.46,08/20/2022 9:40:00,,
8/20/2022,10:00,13.14,30.5,36.32,1495.23,08/20/2022 10:00:00,,
8/20/2022,10:20,13.57,30.73,36.95,1496.98,08/20/2022 10:20:00,,
8/20/2022,10:40,13.98,30.78,37.36,1498.38,08/20/2022 10:40:00,,
8/20/2022,11:00,14.14,30.62,37.31,1498.69,08/20/2022 11:00:00,,
8/20/2022,11:20,14.17,30.66,37.39,1498.85,08/20/2022 11:20:00,,
8/20/2022,11:40,14.29,30.73,37.56,1499.33,08/20/2022 11:40:00,,
8/20/2022,12:00,14.38,30.9,37.84,1499.84,08/20/2022 12:00:00,,
8/20/2022,12:20,14.45,30.9,37.89,1500.04,08/20/2022 12:20:00,,
8/20/2022,12:40,14.69,30.84,38.05,1500.77,08/20/2022 12:40:00,,
8/20/2022,13:00,14.82,30.82,38.12,1501.14,08/20/2022 13:00:00,,
8/20/2022,13:20,14.97,30.77,38.2,1501.57,08/20/2022 13:20:00,,
8/20/2022,13:40,15.18,30.76,38.38,1502.25,08/20/2022 13:40:00,,
8/20/2022,14:00,15.4,30.9,38.74,1503.1,08/20/2022 14:00:00,,
8/20/2022,14:20,15.58,30.72,38.69,1503.47,08/20/2022 14:20:00,,
8/20/2022,14:40,15.61,30.68,38.67,1503.51,08/20/2022 14:40:00,,
8/20/2022,15:00,15.64,30.76,38.79,1503.71,08/20/2022 15:00:00,,
8/20/2022,15:20,15.61,30.7,38.69,1503.53,08/20/2022 15:20:00,,
8/20/2022,15:40,15.67,30.67,38.72,1503.7,08/20/2022 15:40:00,,
8/20/2022,16:00,15.7,30.65,38.72,1503.77,08/20/2022 16:00:00,,
8/20/2022,16:20,15.46,30.59,38.44,1502.93,08/20/2022 16:20:00,,
8/20/2022,16:40,15.21,30.58,38.21,1502.13,08/20/2022 16:40:00,,
8/20/2022,17:00,15.21,30.73,38.38,1502.32,08/20/2022 17:00:00,,
8/20/2022,17:20,15.21,30.76,38.41,1502.34,08/20/2022 17:20:00,,
8/20/2022,17:40,15.28,30.67,38.36,1502.43,08/20/2022 17:40:00,,
8/20/2022,18:00,15.37,30.68,38.46,1502.75,08/20/2022 18:00:00,,
8/20/2022,18:20,15.43,30.75,38.59,1503.02,08/20/2022 18:20:00,,
8/20/2022,18:40,15.43,30.92,38.79,1503.22,08/20/2022 18:40:00,,
8/20/2022,19:00,15.37,30.95,38.76,1503.06,08/20/2022 19:00:00,,
8/20/2022,19:20,15.37,30.97,38.79,1503.09,08/20/2022 19:20:00,,
8/20/2022,19:40,15.34,30.93,38.71,1502.94,08/20/2022 19:40:00,,
8/20/2022,20:00,15.31,31.09,38.86,1503.03,08/20/2022 20:00:00,,
8/20/2022,20:20,15.31,31,38.76,1502.92,08/20/2022 20:20:00,,
8/20/2022,20:40,15.31,31.02,38.78,1502.95,08/20/2022 20:40:00,,
8/20/2022,21:00,15.31,31.06,38.83,1503,08/20/2022 21:00:00,,
8/20/2022,21:20,15.28,31.02,38.76,1502.85,08/20/2022 21:20:00,,
8/20/2022,21:40,15.21,31.04,38.73,1502.69,08/20/2022 21:40:00,,
8/20/2022,22:00,15.12,31.05,38.65,1502.4,08/20/2022 22:00:00,,
8/20/2022,22:20,15.06,31.03,38.58,1502.18,08/20/2022 22:20:00,,
8/20/2022,22:40,14.97,31.08,38.55,1501.94,08/20/2022 22:40:00,,
8/20/2022,23:00,14.88,30.99,38.37,1501.54,08/20/2022 23:00:00,,
8/20/2022,23:20,14.82,30.82,38.12,1501.14,08/20/2022 23:20:00,,
8/20/2022,23:40,14.75,30.46,37.67,1500.52,08/20/2022 23:40:00,,
8/20/2022,0:00,14.69,30.31,37.45,1500.13,08/20/2022 0:00:00,,
8/21/2022,0:20,14.66,30.17,37.27,1499.87,08/21/2022 0:20:00,,
8/21/2022,0:40,14.63,29.93,36.97,1499.48,08/21/2022 0:40:00,,
8/21/2022,1:00,14.63,29.79,36.82,1499.32,08/21/2022 1:00:00,,
8/21/2022,1:20,14.63,29.88,36.92,1499.43,08/21/2022 1:20:00,,
8/21/2022,1:40,14.63,29.9,36.95,1499.45,08/21/2022 1:40:00,,
8/21/2022,2:00,14.63,29.81,36.85,1499.35,08/21/2022 2:00:00,,
8/21/2022,2:20,14.63,29.99,37.05,1499.56,08/21/2022 2:20:00,,
8/21/2022,2:40,14.66,29.99,37.07,1499.66,08/21/2022 2:40:00,,
8/21/2022,3:00,14.66,29.95,37.02,1499.61,08/21/2022 3:00:00,,
8/21/2022,3:20,14.66,29.95,37.02,1499.61,08/21/2022 3:20:00,,
8/21/2022,3:40,14.63,29.86,36.9,1499.4,08/21/2022 3:40:00,,
8/21/2022,4:00,14.63,29.75,36.77,1499.27,08/21/2022 4:00:00,,
8/21/2022,4:20,14.63,29.57,36.58,1499.05,08/21/2022 4:20:00,,
8/21/2022,4:40,14.63,29.39,36.38,1498.84,08/21/2022 4:40:00,,
8/21/2022,5:00,14.63,29.17,36.13,1498.58,08/21/2022 5:00:00,,
8/21/2022,5:20,14.6,28.97,35.88,1498.24,08/21/2022 5:20:00,,
8/21/2022,5:40,14.63,28.74,35.65,1498.07,08/21/2022 5:40:00,,
8/21/2022,6:00,14.6,28.45,35.3,1497.63,08/21/2022 6:00:00,,
8/21/2022,6:20,14.6,28.01,34.81,1497.1,08/21/2022 6:20:00,,
8/21/2022,6:40,14.6,27.96,34.76,1497.04,08/21/2022 6:40:00,,
8/21/2022,7:00,14.6,27.87,34.66,1496.94,08/21/2022 7:00:00,,
8/21/2022,7:20,14.6,27.65,34.41,1496.67,08/21/2022 7:20:00,,
8/21/2022,7:40,14.6,27.65,34.41,1496.67,08/21/2022 7:40:00,,
8/21/2022,8:00,14.63,27.59,34.36,1496.7,08/21/2022 8:00:00,,
8/21/2022,8:20,14.69,27.5,34.31,1496.79,08/21/2022 8:20:00,,
8/21/2022,8:40,14.75,27.48,34.34,1496.97,08/21/2022 8:40:00,,
8/21/2022,9:00,14.78,27.46,34.34,1497.05,08/21/2022 9:00:00,,
8/21/2022,9:20,14.85,27.44,34.36,1497.22,08/21/2022 9:20:00,,
8/21/2022,9:40,14.88,27.42,34.36,1497.3,08/21/2022 9:40:00,,
8/21/2022,10:00,14.94,27.53,34.54,1497.63,08/21/2022 10:00:00,,
8/21/2022,10:20,15,27.77,34.86,1498.12,08/21/2022 10:20:00,,
8/21/2022,10:40,15.06,27.69,34.82,1498.22,08/21/2022 10:40:00,,
8/21/2022,11:00,15.09,27.71,34.87,1498.34,08/21/2022 11:00:00,,
8/21/2022,11:20,15.15,27.84,35.07,1498.7,08/21/2022 11:20:00,,
8/21/2022,11:40,15.21,28.04,35.34,1499.13,08/21/2022 11:40:00,,
8/21/2022,12:00,15.28,27.98,35.32,1499.25,08/21/2022 12:00:00,,
8/21/2022,12:20,15.34,27.83,35.2,1499.27,08/21/2022 12:20:00,,
8/21/2022,12:40,15.37,27.78,35.17,1499.32,08/21/2022 12:40:00,,
8/21/2022,13:00,15.4,27.7,35.1,1499.31,08/21/2022 13:00:00,,
8/21/2022,13:20,15.49,27.7,35.17,1499.61,08/21/2022 13:20:00,,
8/21/2022,13:40,15.55,27.66,35.18,1499.75,08/21/2022 13:40:00,,
8/21/2022,14:00,15.58,27.55,35.08,1499.72,08/21/2022 14:00:00,,
8/21/2022,14:20,15.55,27.53,35.03,1499.6,08/21/2022 14:20:00,,
8/21/2022,14:40,15.61,27.31,34.83,1499.54,08/21/2022 14:40:00,,
8/21/2022,15:00,15.64,27.27,34.8,1499.59,08/21/2022 15:00:00,,
8/21/2022,15:20,15.64,27.05,34.55,1499.33,08/21/2022 15:20:00,,
8/21/2022,15:40,15.64,27.01,34.5,1499.28,08/21/2022 15:40:00,,
8/21/2022,16:00,15.67,27.01,34.53,1499.38,08/21/2022 16:00:00,,
8/21/2022,16:20,15.7,27.12,34.68,1499.61,08/21/2022 16:20:00,,
8/21/2022,16:40,15.7,27.14,34.71,1499.63,08/21/2022 16:40:00,,
8/21/2022,17:00,15.61,26.99,34.45,1499.16,08/21/2022 17:00:00,,
8/21/2022,17:20,15.55,26.94,34.35,1498.91,08/21/2022 17:20:00,,
8/21/2022,17:40,15.46,26.79,34.1,1498.43,08/21/2022 17:40:00,,
8/21/2022,18:00,15.37,26.8,34.05,1498.16,08/21/2022 18:00:00,,
8/21/2022,18:20,15.31,26.91,34.12,1498.08,08/21/2022 18:20:00,,
8/21/2022,18:40,15.25,26.99,34.17,1497.99,08/21/2022 18:40:00,,
8/21/2022,19:00,15.15,27.38,34.54,1498.15,08/21/2022 19:00:00,,
8/21/2022,19:20,15.09,27.38,34.49,1497.95,08/21/2022 19:20:00,,
8/21/2022,19:40,15.03,27.38,34.44,1497.75,08/21/2022 19:40:00,,
8/21/2022,20:00,15,27.38,34.42,1497.65,08/21/2022 20:00:00,,
8/21/2022,20:20,14.97,27.42,34.44,1497.6,08/21/2022 20:20:00,,
8/21/2022,20:40,14.94,27.49,34.49,1497.58,08/21/2022 20:40:00,,
8/21/2022,21:00,14.91,27.44,34.41,1497.43,08/21/2022 21:00:00,,
8/21/2022,21:20,14.88,27.4,34.34,1497.27,08/21/2022 21:20:00,,
8/21/2022,21:40,14.85,27.35,34.26,1497.12,08/21/2022 21:40:00,,
8/21/2022,22:00,14.85,27.46,34.39,1497.25,08/21/2022 22:00:00,,
8/21/2022,22:20,14.82,27.7,34.64,1497.44,08/21/2022 22:20:00,,
8/21/2022,22:40,14.82,27.53,34.44,1497.23,08/21/2022 22:40:00,,
8/21/2022,23:00,14.82,27.64,34.56,1497.36,08/21/2022 23:00:00,,
8/21/2022,23:20,14.78,27.52,34.41,1497.13,08/21/2022 23:20:00,,
8/21/2022,23:40,14.75,27.61,34.48,1497.13,08/21/2022 23:40:00,,
8/21/2022,0:00,14.75,27.39,34.24,1496.87,08/21/2022 0:00:00,,
8/22/2022,0:20,14.72,27.46,34.28,1496.84,08/22/2022 0:20:00,,
8/22/2022,0:40,14.72,27.37,34.18,1496.74,08/22/2022 0:40:00,,
8/22/2022,1:00,14.69,27.39,34.18,1496.66,08/22/2022 1:00:00,,
8/22/2022,1:20,14.69,27.37,34.16,1496.64,08/22/2022 1:20:00,,
8/22/2022,1:40,14.66,27.59,34.38,1496.8,08/22/2022 1:40:00,,
8/22/2022,2:00,14.66,27.61,34.41,1496.82,08/22/2022 2:00:00,,
8/22/2022,2:20,14.66,27.79,34.61,1497.03,08/22/2022 2:20:00,,
8/22/2022,2:40,14.66,27.94,34.78,1497.22,08/22/2022 2:40:00,,
8/22/2022,3:00,14.66,28.01,34.86,1497.3,08/22/2022 3:00:00,,
8/22/2022,3:20,14.66,28.1,34.96,1497.4,08/22/2022 3:20:00,,
8/22/2022,3:40,14.66,28.16,35.03,1497.48,08/22/2022 3:40:00,,
8/22/2022,4:00,14.66,28.23,35.11,1497.56,08/22/2022 4:00:00,,
8/22/2022,4:20,14.63,28.39,35.25,1497.65,08/22/2022 4:20:00,,
8/22/2022,4:40,14.63,28.43,35.3,1497.7,08/22/2022 4:40:00,,
8/22/2022,5:00,14.63,28.39,35.25,1497.65,08/22/2022 5:00:00,,
8/22/2022,5:20,14.6,28.34,35.18,1497.49,08/22/2022 5:20:00,,
8/22/2022,5:40,14.57,28.27,35.08,1497.31,08/22/2022 5:40:00,,
8/22/2022,6:00,14.57,28.16,34.95,1497.18,08/22/2022 6:00:00,,
8/22/2022,6:20,14.57,28.07,34.85,1497.07,08/22/2022 6:20:00,,
8/22/2022,6:40,14.57,28.05,34.83,1497.05,08/22/2022 6:40:00,,
8/22/2022,7:00,14.57,27.98,34.75,1496.97,08/22/2022 7:00:00,,
8/22/2022,7:20,14.57,27.85,34.61,1496.81,08/22/2022 7:20:00,,
8/22/2022,7:40,14.57,27.83,34.58,1496.78,08/22/2022 7:40:00,,
8/22/2022,8:00,14.57,27.72,34.46,1496.65,08/22/2022 8:00:00,,
8/22/2022,8:20,14.57,27.54,34.26,1496.44,08/22/2022 8:20:00,,
8/22/2022,8:40,14.6,27.1,33.78,1496.01,08/22/2022 8:40:00,,
8/22/2022,9:00,14.6,26.94,33.61,1495.83,08/22/2022 9:00:00,,
8/22/2022,9:20,14.63,27.12,33.83,1496.14,08/22/2022 9:20:00,,
8/22/2022,9:40,14.72,27.3,34.11,1496.66,08/22/2022 9:40:00,,
8/22/2022,10:00,14.78,27.26,34.11,1496.81,08/22/2022 10:00:00,,
8/22/2022,10:20,14.85,27.15,34.04,1496.88,08/22/2022 10:20:00,,
8/22/2022,10:40,14.94,27.22,34.19,1497.27,08/22/2022 10:40:00,,
8/22/2022,11:00,15,27.58,34.64,1497.88,08/22/2022 11:00:00,,
8/22/2022,11:20,15.09,27.51,34.64,1498.11,08/22/2022 11:20:00,,
8/22/2022,11:40,15.15,27.49,34.67,1498.28,08/22/2022 11:40:00,,
8/22/2022,12:00,15.21,27.69,34.94,1498.72,08/22/2022 12:00:00,,
8/22/2022,12:20,15.28,27.63,34.92,1498.84,08/22/2022 12:20:00,,
8/22/2022,12:40,15.34,27.56,34.9,1498.96,08/22/2022 12:40:00,,
8/22/2022,13:00,15.37,27.61,34.97,1499.11,08/22/2022 13:00:00,,
8/22/2022,13:20,15.46,27.61,35.05,1499.41,08/22/2022 13:20:00,,
8/22/2022,13:40,15.46,27.42,34.82,1499.17,08/22/2022 13:40:00,,
8/22/2022,14:00,15.52,27.42,34.88,1499.37,08/22/2022 14:00:00,,
8/22/2022,14:20,15.49,27.79,35.27,1499.71,08/22/2022 14:20:00,,
8/22/2022,14:40,15.49,27.7,35.17,1499.61,08/22/2022 14:40:00,,
8/22/2022,15:00,15.46,27.81,35.27,1499.64,08/22/2022 15:00:00,,
8/22/2022,15:20,15.43,27.7,35.12,1499.41,08/22/2022 15:20:00,,
8/22/2022,15:40,15.43,27.81,35.25,1499.54,08/22/2022 15:40:00,,
8/22/2022,16:00,15.4,27.59,34.97,1499.18,08/22/2022 16:00:00,,
8/22/2022,16:20,15.37,27.59,34.95,1499.08,08/22/2022 16:20:00,,
8/22/2022,16:40,15.37,27.7,35.07,1499.21,08/22/2022 16:40:00,,
8/22/2022,17:00,15.43,27.52,34.92,1499.2,08/22/2022 17:00:00,,
8/22/2022,17:20,15.49,27.53,34.98,1499.4,08/22/2022 17:20:00,,
8/22/2022,17:40,15.49,27.55,35,1499.43,08/22/2022 17:40:00,,
8/22/2022,18:00,15.49,27.61,35.07,1499.51,08/22/2022 18:00:00,,
8/22/2022,18:20,15.49,27.55,35,1499.43,08/22/2022 18:20:00,,
8/22/2022,18:40,15.49,27.68,35.15,1499.58,08/22/2022 18:40:00,,
8/22/2022,19:00,15.46,27.81,35.27,1499.64,08/22/2022 19:00:00,,
8/22/2022,19:20,15.4,27.89,35.32,1499.54,08/22/2022 19:20:00,,
8/22/2022,19:40,15.37,28.05,35.47,1499.63,08/22/2022 19:40:00,,
8/22/2022,20:00,15.37,28.18,35.62,1499.78,08/22/2022 20:00:00,,
8/22/2022,20:20,15.34,28.59,36.07,1500.17,08/22/2022 20:20:00,,
8/22/2022,20:40,15.28,28.68,36.12,1500.08,08/22/2022 20:40:00,,
8/22/2022,21:00,15.25,28.61,36.02,1499.91,08/22/2022 21:00:00,,
8/22/2022,21:20,15.18,28.7,36.07,1499.81,08/22/2022 21:20:00,,
8/22/2022,21:40,15.18,28.9,36.29,1500.05,08/22/2022 21:40:00,,
8/22/2022,22:00,15.18,29.41,36.86,1500.65,08/22/2022 22:00:00,,
8/22/2022,22:20,15.12,29.56,36.99,1500.64,08/22/2022 22:20:00,,
8/22/2022,22:40,15.06,29.56,36.93,1500.44,08/22/2022 22:40:00,,
8/22/2022,23:00,15.03,29.52,36.86,1500.29,08/22/2022 23:00:00,,
8/22/2022,23:20,15,29.7,37.03,1500.4,08/22/2022 23:20:00,,
8/22/2022,23:40,14.94,30.48,37.85,1501.13,08/22/2022 23:40:00,,
8/22/2022,0:00,14.91,31.26,38.7,1501.96,08/22/2022 0:00:00,,
8/23/2022,0:20,14.88,31.15,38.55,1501.73,08/23/2022 0:20:00,,
8/23/2022,0:40,14.82,31.15,38.5,1501.54,08/23/2022 0:40:00,,
8/23/2022,1:00,14.82,31,38.32,1501.35,08/23/2022 1:00:00,,
8/23/2022,1:20,14.82,30.86,38.17,1501.19,08/23/2022 1:20:00,,
8/23/2022,1:40,14.88,30.9,38.28,1501.44,08/23/2022 1:40:00,,
8/23/2022,2:00,14.94,30.72,38.13,1501.42,08/23/2022 2:00:00,,
8/23/2022,2:20,15,30.68,38.13,1501.56,08/23/2022 2:20:00,,
8/23/2022,2:40,15.06,30.67,38.18,1501.76,08/23/2022 2:40:00,,
8/23/2022,3:00,15.12,30.69,38.26,1501.98,08/23/2022 3:00:00,,
8/23/2022,3:20,15.15,30.67,38.26,1502.05,08/23/2022 3:20:00,,
8/23/2022,3:40,15.18,30.65,38.26,1502.12,08/23/2022 3:40:00,,
8/23/2022,4:00,15.18,30.62,38.23,1502.09,08/23/2022 4:00:00,,
8/23/2022,4:20,15.18,30.67,38.28,1502.14,08/23/2022 4:20:00,,
8/23/2022,4:40,15.15,30.6,38.18,1501.97,08/23/2022 4:40:00,,
8/23/2022,5:00,15.15,30.58,38.16,1501.94,08/23/2022 5:00:00,,
8/23/2022,5:20,15.12,30.56,38.11,1501.82,08/23/2022 5:20:00,,
8/23/2022,5:40,15.12,30.47,38.01,1501.71,08/23/2022 5:40:00,,
8/23/2022,6:00,15.12,30.49,38.03,1501.74,08/23/2022 6:00:00,,
8/23/2022,6:20,15.12,30.49,38.03,1501.74,08/23/2022 6:20:00,,
8/23/2022,6:40,15.12,30.47,38.01,1501.71,08/23/2022 6:40:00,,
8/23/2022,7:00,15.15,30.94,38.56,1502.36,08/23/2022 7:00:00,,
8/23/2022,7:20,15.15,31.18,38.83,1502.65,08/23/2022 7:20:00,,
8/23/2022,7:40,15.18,31.47,39.18,1503.09,08/23/2022 7:40:00,,
8/23/2022,8:00,15.21,31.31,39.03,1503,08/23/2022 8:00:00,,
8/23/2022,8:20,15.25,31.33,39.08,1503.12,08/23/2022 8:20:00,,
8/23/2022,8:40,15.25,31.2,38.93,1502.97,08/23/2022 8:40:00,,
8/23/2022,9:00,15.28,31.06,38.81,1502.9,08/23/2022 9:00:00,,
8/23/2022,9:20,15.28,30.6,38.28,1502.35,08/23/2022 9:20:00,,
8/23/2022,9:40,15.28,30.58,38.26,1502.33,08/23/2022 9:40:00,,
8/23/2022,10:00,15.21,31.07,38.76,1502.71,08/23/2022 10:00:00,,
8/23/2022,10:20,14.88,30.93,38.3,1501.46,08/23/2022 10:20:00,,
8/23/2022,10:40,14.66,30.98,38.17,1500.83,08/23/2022 10:40:00,,
8/23/2022,11:00,14.32,30.95,37.84,1499.7,08/23/2022 11:00:00,,
8/23/2022,11:20,14.17,30.82,37.56,1499.04,08/23/2022 11:20:00,,
8/23/2022,11:40,14.07,30.92,37.58,1498.84,08/23/2022 11:40:00,,
8/23/2022,12:00,14.07,30.83,37.48,1498.74,08/23/2022 12:00:00,,
8/23/2022,12:20,14.1,30.69,37.36,1498.67,08/23/2022 12:20:00,,
8/23/2022,12:40,14.1,30.76,37.43,1498.75,08/23/2022 12:40:00,,
8/23/2022,13:00,14.14,30.75,37.46,1498.85,08/23/2022 13:00:00,,
8/23/2022,13:20,14.23,30.82,37.61,1499.24,08/23/2022 13:20:00,,
8/23/2022,13:40,14.38,31.04,37.99,1500,08/23/2022 13:40:00,,
8/23/2022,14:00,14.6,31.03,38.17,1500.69,08/23/2022 14:00:00,,
8/23/2022,14:20,14.69,30.84,38.05,1500.77,08/23/2022 14:20:00,,
8/23/2022,14:40,14.72,30.96,38.2,1501,08/23/2022 14:40:00,,
8/23/2022,15:00,14.75,30.77,38.02,1500.89,08/23/2022 15:00:00,,
8/23/2022,15:20,14.75,30.77,38.02,1500.89,08/23/2022 15:20:00,,
8/23/2022,15:40,14.69,30.53,37.7,1500.4,08/23/2022 15:40:00,,
8/23/2022,16:00,14.72,30.93,38.17,1500.98,08/23/2022 16:00:00,,
8/23/2022,16:20,14.94,30.81,38.23,1501.53,08/23/2022 16:20:00,,
8/23/2022,16:40,15.28,31.33,39.11,1503.22,08/23/2022 16:40:00,,
8/23/2022,17:00,15.55,31.12,39.11,1503.84,08/23/2022 17:00:00,,
8/23/2022,17:20,15.73,31.11,39.27,1504.41,08/23/2022 17:20:00,,
8/23/2022,17:40,15.76,31.64,39.89,1505.12,08/23/2022 17:40:00,,
8/23/2022,18:00,15.73,31.68,39.92,1505.08,08/23/2022 18:00:00,,
8/23/2022,18:20,15.64,31.62,39.76,1504.72,08/23/2022 18:20:00,,
8/23/2022,18:40,15.55,31.58,39.64,1504.39,08/23/2022 18:40:00,,
8/23/2022,19:00,15.55,31.58,39.64,1504.39,08/23/2022 19:00:00,,
8/23/2022,19:20,15.55,31.43,39.46,1504.2,08/23/2022 19:20:00,,
8/23/2022,19:40,15.55,31.41,39.44,1504.18,08/23/2022 19:40:00,,
8/23/2022,20:00,15.49,31.63,39.64,1504.25,08/23/2022 20:00:00,,
8/23/2022,20:20,15.4,31.57,39.48,1503.89,08/23/2022 20:20:00,,
8/23/2022,20:40,15.28,31.58,39.38,1503.51,08/23/2022 20:40:00,,
8/23/2022,21:00,15.25,31.44,39.21,1503.26,08/23/2022 21:00:00,,
8/23/2022,21:20,15.34,31.48,39.33,1503.59,08/23/2022 21:20:00,,
8/23/2022,21:40,15.4,31.48,39.38,1503.78,08/23/2022 21:40:00,,
8/23/2022,22:00,15.43,31.43,39.36,1503.83,08/23/2022 22:00:00,,
8/23/2022,22:20,15.43,31.46,39.38,1503.85,08/23/2022 22:20:00,,
8/23/2022,22:40,15.43,31.32,39.24,1503.69,08/23/2022 22:40:00,,
8/23/2022,23:00,15.46,31.39,39.34,1503.87,08/23/2022 23:00:00,,
8/23/2022,23:20,15.49,31.34,39.31,1503.91,08/23/2022 23:20:00,,
8/23/2022,23:40,15.49,31.34,39.31,1503.91,08/23/2022 23:40:00,,
8/23/2022,0:00,15.49,31.25,39.21,1503.81,08/23/2022 0:00:00,,
8/24/2022,0:20,15.49,31.28,39.24,1503.83,08/24/2022 0:20:00,,
8/24/2022,0:40,15.49,31.05,38.99,1503.57,08/24/2022 0:40:00,,
8/24/2022,1:00,15.43,31.17,39.06,1503.51,08/24/2022 1:00:00,,
8/24/2022,1:20,15.37,31.04,38.86,1503.16,08/24/2022 1:20:00,,
8/24/2022,1:40,15.31,31.17,38.96,1503.13,08/24/2022 1:40:00,,
8/24/2022,2:00,15.31,30.84,38.58,1502.74,08/24/2022 2:00:00,,
8/24/2022,2:20,15.31,30.44,38.14,1502.27,08/24/2022 2:20:00,,
8/24/2022,2:40,15.31,30.29,37.96,1502.08,08/24/2022 2:40:00,,
8/24/2022,3:00,15.31,30.42,38.11,1502.24,08/24/2022 3:00:00,,
8/24/2022,3:20,15.31,30.46,38.16,1502.29,08/24/2022 3:20:00,,
8/24/2022,3:40,15.31,30.71,38.44,1502.58,08/24/2022 3:40:00,,
8/24/2022,4:00,15.31,30.82,38.56,1502.71,08/24/2022 4:00:00,,
8/24/2022,4:20,15.28,30.95,38.68,1502.77,08/24/2022 4:20:00,,
8/24/2022,4:40,15.25,30.93,38.63,1502.65,08/24/2022 4:40:00,,
8/24/2022,5:00,15.21,30.82,38.48,1502.42,08/24/2022 5:00:00,,
8/24/2022,5:20,15.15,30.87,38.48,1502.28,08/24/2022 5:20:00,,
8/24/2022,5:40,15.15,30.96,38.58,1502.39,08/24/2022 5:40:00,,
8/24/2022,6:00,15.18,30.82,38.46,1502.33,08/24/2022 6:00:00,,
8/24/2022,6:20,15.21,30.49,38.11,1502.03,08/24/2022 6:20:00,,
8/24/2022,6:40,15.21,30.22,37.81,1501.71,08/24/2022 6:40:00,,
8/24/2022,7:00,15.25,29.8,37.36,1501.31,08/24/2022 7:00:00,,
8/24/2022,7:20,15.25,29.41,36.91,1500.84,08/24/2022 7:20:00,,
8/24/2022,7:40,15.28,29.74,37.31,1501.33,08/24/2022 7:40:00,,
8/24/2022,8:00,15.28,30,37.61,1501.65,08/24/2022 8:00:00,,
8/24/2022,8:20,15.31,30.51,38.21,1502.34,08/24/2022 8:20:00,,
8/24/2022,8:40,15.4,31.35,39.23,1503.63,08/24/2022 8:40:00,,
8/24/2022,9:00,15.46,30.92,38.81,1503.32,08/24/2022 9:00:00,,
8/24/2022,9:20,15.49,31.56,39.56,1504.17,08/24/2022 9:20:00,,
8/24/2022,9:40,15.46,31.5,39.46,1504,08/24/2022 9:40:00,,
8/24/2022,10:00,15.4,31.3,39.18,1503.57,08/24/2022 10:00:00,,
8/24/2022,10:20,15.25,31.04,38.76,1502.78,08/24/2022 10:20:00,,
8/24/2022,10:40,15.03,30.96,38.48,1502,08/24/2022 10:40:00,,
8/24/2022,11:00,14.75,30.89,38.15,1501.02,08/24/2022 11:00:00,,
8/24/2022,11:20,14.54,31.1,38.19,1500.58,08/24/2022 11:20:00,,
8/24/2022,11:40,14.51,31.19,38.27,1500.59,08/24/2022 11:40:00,,
8/24/2022,12:00,14.57,31.1,38.22,1500.67,08/24/2022 12:00:00,,
8/24/2022,12:20,14.63,31.27,38.47,1501.09,08/24/2022 12:20:00,,
8/24/2022,12:40,14.69,31.54,38.82,1501.6,08/24/2022 12:40:00,,
8/24/2022,13:00,14.72,31.63,38.94,1501.81,08/24/2022 13:00:00,,
8/24/2022,13:20,14.75,31.61,38.94,1501.88,08/24/2022 13:20:00,,
8/24/2022,13:40,14.78,30.37,37.6,1500.51,08/24/2022 13:40:00,,
8/24/2022,14:00,14.75,30.35,37.55,1500.38,08/24/2022 14:00:00,,
8/24/2022,14:20,14.72,30.44,37.62,1500.39,08/24/2022 14:20:00,,
8/24/2022,14:40,14.69,31.77,39.07,1501.87,08/24/2022 14:40:00,,
8/24/2022,15:00,14.78,31.69,39.07,1502.08,08/24/2022 15:00:00,,
8/24/2022,15:20,14.85,31.31,38.7,1501.82,08/24/2022 15:20:00,,
8/24/2022,15:40,14.88,31.51,38.95,1502.16,08/24/2022 15:40:00,,
8/24/2022,16:00,14.91,31.17,38.6,1501.85,08/24/2022 16:00:00,,
8/24/2022,16:20,15,31.23,38.75,1502.22,08/24/2022 16:20:00,,
8/24/2022,16:40,15.03,30.87,38.38,1501.9,08/24/2022 16:40:00,,
8/24/2022,17:00,15.03,30.47,37.93,1501.42,08/24/2022 17:00:00,,
8/24/2022,17:20,15.03,30.61,38.08,1501.58,08/24/2022 17:20:00,,
8/24/2022,17:40,14.97,30.5,37.9,1501.25,08/24/2022 17:40:00,,
8/24/2022,18:00,14.91,30.52,37.88,1501.08,08/24/2022 18:00:00,,
8/24/2022,18:20,14.82,30.68,37.97,1500.98,08/24/2022 18:20:00,,
8/24/2022,18:40,14.75,30.73,37.97,1500.83,08/24/2022 18:40:00,,
8/24/2022,19:00,14.66,30.64,37.8,1500.43,08/24/2022 19:00:00,,
8/24/2022,19:20,14.63,30.85,38,1500.58,08/24/2022 19:20:00,,
8/24/2022,19:40,14.63,30.8,37.95,1500.52,08/24/2022 19:40:00,,
8/24/2022,20:00,14.6,30.71,37.82,1500.32,08/24/2022 20:00:00,,
8/24/2022,20:20,14.57,30.74,37.82,1500.25,08/24/2022 20:20:00,,
8/24/2022,20:40,14.54,30.65,37.69,1500.04,08/24/2022 20:40:00,,
8/24/2022,21:00,14.54,30.63,37.67,1500.01,08/24/2022 21:00:00,,
8/24/2022,21:20,14.54,30.51,37.54,1499.88,08/24/2022 21:20:00,,
8/24/2022,21:40,14.57,30.58,37.65,1500.06,08/24/2022 21:40:00,,
8/24/2022,22:00,14.57,30.53,37.6,1500,08/24/2022 22:00:00,,
8/24/2022,22:20,14.6,30.38,37.45,1499.92,08/24/2022 22:20:00,,
8/24/2022,22:40,14.6,30.4,37.47,1499.94,08/24/2022 22:40:00,,
8/24/2022,23:00,14.63,30.42,37.52,1500.07,08/24/2022 23:00:00,,
8/24/2022,23:20,14.66,30.26,37.37,1499.98,08/24/2022 23:20:00,,
8/24/2022,23:40,14.69,30.51,37.67,1500.37,08/24/2022 23:40:00,,
8/24/2022,0:00,14.69,30.24,37.37,1500.05,08/24/2022 0:00:00,,
8/25/2022,0:20,14.72,30.66,37.87,1500.66,08/25/2022 0:20:00,,
8/25/2022,0:40,14.72,30.62,37.82,1500.6,08/25/2022 0:40:00,,
8/25/2022,1:00,14.72,30.66,37.87,1500.66,08/25/2022 1:00:00,,
8/25/2022,1:20,14.72,30.6,37.8,1500.58,08/25/2022 1:20:00,,
8/25/2022,1:40,14.75,30.37,37.57,1500.41,08/25/2022 1:40:00,,
8/25/2022,2:00,14.75,30.42,37.62,1500.46,08/25/2022 2:00:00,,
8/25/2022,2:20,14.75,30.28,37.48,1500.3,08/25/2022 2:20:00,,
8/25/2022,2:40,14.72,30.39,37.57,1500.34,08/25/2022 2:40:00,,
8/25/2022,3:00,14.72,30.1,37.25,1499.99,08/25/2022 3:00:00,,
8/25/2022,3:20,14.72,30.28,37.45,1500.2,08/25/2022 3:20:00,,
8/25/2022,3:40,14.72,30.01,37.15,1499.88,08/25/2022 3:40:00,,
8/25/2022,4:00,14.72,30.04,37.18,1499.91,08/25/2022 4:00:00,,
8/25/2022,4:20,14.72,29.92,37.05,1499.78,08/25/2022 4:20:00,,
8/25/2022,4:40,14.72,29.97,37.1,1499.83,08/25/2022 4:40:00,,
8/25/2022,5:00,14.72,29.9,37.03,1499.75,08/25/2022 5:00:00,,
8/25/2022,5:20,14.72,29.77,36.88,1499.59,08/25/2022 5:20:00,,
8/25/2022,5:40,14.69,29.88,36.98,1499.63,08/25/2022 5:40:00,,
8/25/2022,6:00,14.69,29.81,36.9,1499.55,08/25/2022 6:00:00,,
8/25/2022,6:20,14.69,29.84,36.93,1499.57,08/25/2022 6:20:00,,
8/25/2022,6:40,14.69,29.75,36.83,1499.47,08/25/2022 6:40:00,,
8/25/2022,7:00,14.69,29.84,36.93,1499.57,08/25/2022 7:00:00,,
8/25/2022,7:20,14.69,29.61,36.68,1499.31,08/25/2022 7:20:00,,
8/25/2022,7:40,14.69,29.66,36.73,1499.36,08/25/2022 7:40:00,,
8/25/2022,8:00,14.72,29.68,36.78,1499.49,08/25/2022 8:00:00,,
8/25/2022,8:20,14.72,29.84,36.95,1499.67,08/25/2022 8:20:00,,
8/25/2022,8:40,14.75,29.7,36.83,1499.61,08/25/2022 8:40:00,,
8/25/2022,9:00,14.75,30.1,37.28,1500.09,08/25/2022 9:00:00,,
8/25/2022,9:20,14.85,30.28,37.55,1500.6,08/25/2022 9:20:00,,
8/25/2022,9:40,14.91,30.39,37.73,1500.93,08/25/2022 9:40:00,,
8/25/2022,10:00,14.94,30.88,38.3,1501.61,08/25/2022 10:00:00,,
8/25/2022,10:20,15,30.85,38.33,1501.77,08/25/2022 10:20:00,,
8/25/2022,10:40,15,30.9,38.38,1501.83,08/25/2022 10:40:00,,
8/25/2022,11:00,15.09,30.78,38.33,1501.98,08/25/2022 11:00:00,,
8/25/2022,11:20,15.09,30.85,38.41,1502.06,08/25/2022 11:20:00,,
8/25/2022,11:40,15.12,30.85,38.43,1502.16,08/25/2022 11:40:00,,
8/25/2022,12:00,15.15,30.71,38.31,1502.1,08/25/2022 12:00:00,,
8/25/2022,12:20,15.15,30.69,38.28,1502.07,08/25/2022 12:20:00,,
8/25/2022,12:40,15.18,30.71,38.33,1502.2,08/25/2022 12:40:00,,
8/25/2022,13:00,15.25,30.62,38.28,1502.28,08/25/2022 13:00:00,,
8/25/2022,13:20,15.31,30.69,38.41,1502.55,08/25/2022 13:20:00,,
8/25/2022,13:40,15.34,30.86,38.64,1502.86,08/25/2022 13:40:00,,
8/25/2022,14:00,15.31,31.13,38.91,1503.08,08/25/2022 14:00:00,,
8/25/2022,14:20,15.18,30.98,38.63,1502.51,08/25/2022 14:20:00,,
8/25/2022,14:40,15.03,30.9,38.4,1501.92,08/25/2022 14:40:00,,
8/25/2022,15:00,14.94,30.97,38.4,1501.71,08/25/2022 15:00:00,,
8/25/2022,15:20,14.91,30.88,38.28,1501.51,08/25/2022 15:20:00,,
8/25/2022,15:40,14.85,30.79,38.13,1501.21,08/25/2022 15:40:00,,
8/25/2022,16:00,14.85,30.77,38.1,1501.18,08/25/2022 16:00:00,,
8/25/2022,16:20,14.82,30.7,38,1501,08/25/2022 16:20:00,,
8/25/2022,16:40,14.82,30.66,37.95,1500.95,08/25/2022 16:40:00,,
8/25/2022,17:00,14.82,30.59,37.88,1500.87,08/25/2022 17:00:00,,
8/25/2022,17:20,14.85,30.73,38.05,1501.13,08/25/2022 17:20:00,,
8/25/2022,17:40,14.88,30.66,38,1501.15,08/25/2022 17:40:00,,
8/25/2022,18:00,14.91,30.57,37.93,1501.14,08/25/2022 18:00:00,,
8/25/2022,18:20,14.88,30.61,37.95,1501.09,08/25/2022 18:20:00,,
8/25/2022,18:40,14.82,30.5,37.78,1500.76,08/25/2022 18:40:00,,
8/25/2022,19:00,14.78,30.77,38.05,1500.99,08/25/2022 19:00:00,,
8/25/2022,19:20,14.75,30.82,38.07,1500.94,08/25/2022 19:20:00,,
8/25/2022,19:40,14.72,30.84,38.07,1500.87,08/25/2022 19:40:00,,
8/25/2022,20:00,14.72,30.84,38.07,1500.87,08/25/2022 20:00:00,,
8/25/2022,20:20,14.75,30.8,38.05,1500.91,08/25/2022 20:20:00,,
8/25/2022,20:40,14.75,30.75,38,1500.86,08/25/2022 20:40:00,,
8/25/2022,21:00,14.75,30.66,37.9,1500.76,08/25/2022 21:00:00,,
8/25/2022,21:20,14.72,30.69,37.9,1500.68,08/25/2022 21:20:00,,
8/25/2022,21:40,14.72,30.78,38,1500.79,08/25/2022 21:40:00,,
8/25/2022,22:00,14.72,30.69,37.9,1500.68,08/25/2022 22:00:00,,
8/25/2022,22:20,14.72,30.48,37.67,1500.44,08/25/2022 22:20:00,,
8/25/2022,22:40,14.72,30.51,37.7,1500.47,08/25/2022 22:40:00,,
8/25/2022,23:00,14.69,30.6,37.77,1500.48,08/25/2022 23:00:00,,
8/25/2022,23:20,14.69,30.64,37.82,1500.53,08/25/2022 23:20:00,,
8/25/2022,23:40,14.69,30.55,37.72,1500.43,08/25/2022 23:40:00,,
8/25/2022,0:00,14.66,30.51,37.65,1500.27,08/25/2022 0:00:00,,
8/26/2022,0:20,14.66,30.44,37.57,1500.19,08/26/2022 0:20:00,,
8/26/2022,0:40,14.66,30.42,37.55,1500.17,08/26/2022 0:40:00,,
8/26/2022,1:00,14.69,30.37,37.52,1500.21,08/26/2022 1:00:00,,
8/26/2022,1:20,14.69,30.22,37.35,1500.03,08/26/2022 1:20:00,,
8/26/2022,1:40,14.72,30.35,37.52,1500.28,08/26/2022 1:40:00,,
8/26/2022,2:00,14.72,30.44,37.62,1500.39,08/26/2022 2:00:00,,
8/26/2022,2:20,14.72,30.19,37.35,1500.1,08/26/2022 2:20:00,,
8/26/2022,2:40,14.72,29.99,37.13,1499.86,08/26/2022 2:40:00,,
8/26/2022,3:00,14.75,29.9,37.05,1499.85,08/26/2022 3:00:00,,
8/26/2022,3:20,14.72,29.9,37.03,1499.75,08/26/2022 3:20:00,,
8/26/2022,3:40,14.72,29.81,36.93,1499.65,08/26/2022 3:40:00,,
8/26/2022,4:00,14.72,29.7,36.8,1499.51,08/26/2022 4:00:00,,
8/26/2022,4:20,14.72,29.59,36.68,1499.38,08/26/2022 4:20:00,,
8/26/2022,4:40,14.66,29.46,36.48,1499.02,08/26/2022 4:40:00,,
8/26/2022,5:00,14.66,29.46,36.48,1499.02,08/26/2022 5:00:00,,
8/26/2022,5:20,14.63,29.52,36.53,1499,08/26/2022 5:20:00,,
8/26/2022,5:40,14.63,29.46,36.45,1498.92,08/26/2022 5:40:00,,
8/26/2022,6:00,14.6,29.46,36.43,1498.82,08/26/2022 6:00:00,,
8/26/2022,6:20,14.6,29.32,36.28,1498.66,08/26/2022 6:20:00,,
8/26/2022,6:40,14.6,29.32,36.28,1498.66,08/26/2022 6:40:00,,
8/26/2022,7:00,14.6,29.46,36.43,1498.82,08/26/2022 7:00:00,,
8/26/2022,7:20,14.6,29.52,36.5,1498.9,08/26/2022 7:20:00,,
8/26/2022,7:40,14.63,29.79,36.82,1499.32,08/26/2022 7:40:00,,
8/26/2022,8:00,14.66,29.59,36.63,1499.18,08/26/2022 8:00:00,,
8/26/2022,8:20,14.66,29.55,36.58,1499.13,08/26/2022 8:20:00,,
8/26/2022,8:40,14.69,29.26,36.28,1498.88,08/26/2022 8:40:00,,
8/26/2022,9:00,14.72,28.94,35.95,1498.61,08/26/2022 9:00:00,,
8/26/2022,9:20,14.75,28.68,35.68,1498.39,08/26/2022 9:20:00,,
8/26/2022,9:40,14.75,28.59,35.58,1498.29,08/26/2022 9:40:00,,
8/26/2022,10:00,14.82,28.79,35.86,1498.73,08/26/2022 10:00:00,,
8/26/2022,10:20,14.88,28.74,35.86,1498.87,08/26/2022 10:20:00,,
8/26/2022,10:40,14.94,28.92,36.11,1499.28,08/26/2022 10:40:00,,
8/26/2022,11:00,15,28.9,36.14,1499.45,08/26/2022 11:00:00,,
8/26/2022,11:20,15.03,28.74,35.99,1499.37,08/26/2022 11:20:00,,
8/26/2022,11:40,15.06,28.63,35.89,1499.34,08/26/2022 11:40:00,,
8/26/2022,12:00,15.09,28.79,36.09,1499.62,08/26/2022 12:00:00,,
8/26/2022,12:20,15.15,28.86,36.21,1499.9,08/26/2022 12:20:00,,
8/26/2022,12:40,15.18,28.81,36.19,1499.94,08/26/2022 12:40:00,,
8/26/2022,13:00,15.21,28.79,36.19,1500.02,08/26/2022 13:00:00,,
8/26/2022,13:20,15.31,28.9,36.39,1500.44,08/26/2022 13:20:00,,
8/26/2022,13:40,15.34,28.92,36.44,1500.56,08/26/2022 13:40:00,,
8/26/2022,14:00,15.43,29.08,36.69,1501.04,08/26/2022 14:00:00,,
8/26/2022,14:20,15.43,29.1,36.72,1501.06,08/26/2022 14:20:00,,
8/26/2022,14:40,15.49,29.51,37.24,1501.75,08/26/2022 14:40:00,,
8/26/2022,15:00,15.49,29.47,37.19,1501.7,08/26/2022 15:00:00,,
8/26/2022,15:20,15.49,29.47,37.19,1501.7,08/26/2022 15:20:00,,
8/26/2022,15:40,15.43,29.49,37.17,1501.53,08/26/2022 15:40:00,,
8/26/2022,16:00,15.4,29.51,37.17,1501.46,08/26/2022 16:00:00,,
8/26/2022,16:20,15.37,29.45,37.07,1501.29,08/26/2022 16:20:00,,
8/26/2022,16:40,15.34,29.56,37.17,1501.32,08/26/2022 16:40:00,,
8/26/2022,17:00,15.28,29.45,36.99,1500.99,08/26/2022 17:00:00,,
8/26/2022,17:20,15.28,29.25,36.77,1500.76,08/26/2022 17:20:00,,
8/26/2022,17:40,15.25,29.14,36.62,1500.53,08/26/2022 17:40:00,,
8/26/2022,18:00,15.21,29.03,36.46,1500.3,08/26/2022 18:00:00,,
8/26/2022,18:20,15.18,29.1,36.51,1500.28,08/26/2022 18:20:00,,
8/26/2022,18:40,15.12,29.34,36.74,1500.37,08/26/2022 18:40:00,,
8/26/2022,19:00,15.06,29.12,36.44,1499.91,08/26/2022 19:00:00,,
8/26/2022,19:20,15,29.08,36.34,1499.66,08/26/2022 19:20:00,,
8/26/2022,19:40,15,29.16,36.43,1499.77,08/26/2022 19:40:00,,
8/26/2022,20:00,15.03,29.08,36.36,1499.76,08/26/2022 20:00:00,,
8/26/2022,20:20,15.06,29.05,36.36,1499.84,08/26/2022 20:20:00,,
8/26/2022,20:40,15.12,29.12,36.49,1500.11,08/26/2022 20:40:00,,
8/26/2022,21:00,15.15,29.14,36.54,1500.24,08/26/2022 21:00:00,,
8/26/2022,21:20,15.18,29.1,36.51,1500.28,08/26/2022 21:20:00,,
8/26/2022,21:40,15.21,28.97,36.39,1500.22,08/26/2022 21:40:00,,
8/26/2022,22:00,15.18,28.99,36.39,1500.15,08/26/2022 22:00:00,,
8/26/2022,22:20,15.12,28.86,36.19,1499.8,08/26/2022 22:20:00,,
8/26/2022,22:40,15.03,28.88,36.14,1499.53,08/26/2022 22:40:00,,
8/26/2022,23:00,14.97,28.83,36.04,1499.28,08/26/2022 23:00:00,,
8/26/2022,23:20,14.91,28.59,35.71,1498.79,08/26/2022 23:20:00,,
8/26/2022,23:40,14.88,28.57,35.66,1498.66,08/26/2022 23:40:00,,
8/26/2022,0:00,14.85,28.41,35.46,1498.38,08/26/2022 0:00:00,,
8/27/2022,0:20,14.85,28.28,35.31,1498.22,08/27/2022 0:20:00,,
8/27/2022,0:40,14.85,28.57,35.63,1498.56,08/27/2022 0:40:00,,
8/27/2022,1:00,14.85,28.79,35.88,1498.83,08/27/2022 1:00:00,14.94833333,27.73333333
8/27/2022,1:20,14.85,28.88,35.98,1498.93,08/27/2022 1:20:00,,
8/27/2022,1:40,14.85,28.94,36.06,1499.01,08/27/2022 1:40:00,,
8/27/2022,2:00,14.85,28.72,35.81,1498.75,08/27/2022 2:00:00,,
8/27/2022,2:20,14.88,28.59,35.68,1498.69,08/27/2022 2:20:00,,
8/27/2022,2:40,14.91,28.66,35.78,1498.87,08/27/2022 2:40:00,,
8/27/2022,3:00,14.88,28.61,35.71,1498.72,08/27/2022 3:00:00,,
8/27/2022,3:20,14.85,28.63,35.71,1498.64,08/27/2022 3:20:00,,
8/27/2022,3:40,14.82,28.43,35.46,1498.3,08/27/2022 3:40:00,,
8/27/2022,4:00,14.75,28.39,35.36,1498.05,08/27/2022 4:00:00,,
8/27/2022,4:20,14.72,28.32,35.26,1497.87,08/27/2022 4:20:00,,
8/27/2022,4:40,14.66,28.21,35.08,1497.54,08/27/2022 4:40:00,,
8/27/2022,5:00,14.6,28.23,35.05,1497.36,08/27/2022 5:00:00,,
8/27/2022,5:20,14.57,28.25,35.05,1497.29,08/27/2022 5:20:00,,
8/27/2022,5:40,14.57,28.41,35.23,1497.47,08/27/2022 5:40:00,,
8/27/2022,6:00,14.57,28.43,35.25,1497.5,08/27/2022 6:00:00,,
8/27/2022,6:20,14.57,28.45,35.28,1497.52,08/27/2022 6:20:00,,
8/27/2022,6:40,14.57,28.43,35.25,1497.5,08/27/2022 6:40:00,,
8/27/2022,7:00,14.57,28.45,35.28,1497.52,08/27/2022 7:00:00,,
8/27/2022,7:20,14.6,28.25,35.08,1497.39,08/27/2022 7:20:00,,
8/27/2022,7:40,14.63,28.23,35.08,1497.46,08/27/2022 7:40:00,,
8/27/2022,8:00,14.72,28.1,35.01,1497.61,08/27/2022 8:00:00,,
8/27/2022,8:20,14.75,28.01,34.93,1497.6,08/27/2022 8:20:00,,
8/27/2022,8:40,14.82,28.1,35.08,1497.91,08/27/2022 8:40:00,,
8/27/2022,9:00,14.88,28.01,35.04,1498.01,08/27/2022 9:00:00,,
8/27/2022,9:20,14.94,28.04,35.11,1498.23,08/27/2022 9:20:00,,
8/27/2022,9:40,14.97,28.04,35.14,1498.33,08/27/2022 9:40:00,,
8/27/2022,10:00,15.06,27.91,35.07,1498.48,08/27/2022 10:00:00,,
8/27/2022,10:20,15.12,27.82,35.02,1498.57,08/27/2022 10:20:00,,
8/27/2022,10:40,15.12,27.73,34.92,1498.47,08/27/2022 10:40:00,,
8/27/2022,11:00,15.09,27.49,34.62,1498.08,08/27/2022 11:00:00,,
8/27/2022,11:20,15.06,27.42,34.52,1497.9,08/27/2022 11:20:00,,
8/27/2022,11:40,15.03,27.55,34.64,1497.96,08/27/2022 11:40:00,,
8/27/2022,12:00,15.03,27.36,34.42,1497.72,08/27/2022 12:00:00,,
8/27/2022,12:20,15.09,27.6,34.74,1498.21,08/27/2022 12:20:00,,
8/27/2022,12:40,15.12,27.49,34.64,1498.18,08/27/2022 12:40:00,,
8/27/2022,13:00,15.18,27.6,34.82,1498.51,08/27/2022 13:00:00,,
8/27/2022,13:20,15.28,28,35.34,1499.28,08/27/2022 13:20:00,,
8/27/2022,13:40,15.37,27.89,35.3,1499.44,08/27/2022 13:40:00,,
8/27/2022,14:00,15.43,27.81,35.25,1499.54,08/27/2022 14:00:00,,
8/27/2022,14:20,15.49,27.66,35.12,1499.56,08/27/2022 14:20:00,,
8/27/2022,14:40,15.52,27.46,34.93,1499.42,08/27/2022 14:40:00,,
8/27/2022,15:00,15.52,27.33,34.78,1499.27,08/27/2022 15:00:00,,
8/27/2022,15:20,15.46,27.33,34.72,1499.07,08/27/2022 15:20:00,,
8/27/2022,15:40,15.37,27.24,34.55,1498.67,08/27/2022 15:40:00,,
8/27/2022,16:00,15.31,27.21,34.47,1498.45,08/27/2022 16:00:00,,
8/27/2022,16:20,15.25,27.15,34.35,1498.17,08/27/2022 16:20:00,,
8/27/2022,16:40,15.21,26.99,34.15,1497.89,08/27/2022 16:40:00,,
8/27/2022,17:00,15.12,27.78,34.97,1498.52,08/27/2022 17:00:00,,
8/27/2022,17:20,15.09,27.86,35.04,1498.52,08/27/2022 17:20:00,,
8/27/2022,17:40,15.12,27.21,34.32,1497.84,08/27/2022 17:40:00,,
8/27/2022,18:00,15.12,27.05,34.14,1497.66,08/27/2022 18:00:00,,
8/27/2022,18:20,15.12,27.01,34.09,1497.61,08/27/2022 18:20:00,,
8/27/2022,18:40,15.15,27.27,34.42,1498.02,08/27/2022 18:40:00,,
8/27/2022,19:00,15.15,27.12,34.24,1497.84,08/27/2022 19:00:00,,
8/27/2022,19:20,15.15,27.23,34.37,1497.97,08/27/2022 19:20:00,,
8/27/2022,19:40,15.15,27.14,34.27,1497.87,08/27/2022 19:40:00,,
8/27/2022,20:00,15.12,26.94,34.02,1497.53,08/27/2022 20:00:00,,
8/27/2022,20:20,15.06,26.9,33.92,1497.28,08/27/2022 20:20:00,,
8/27/2022,20:40,15,26.92,33.89,1497.1,08/27/2022 20:40:00,,
8/27/2022,21:00,14.91,26.71,33.59,1496.56,08/27/2022 21:00:00,,
8/27/2022,21:20,14.85,26.47,33.26,1496.07,08/27/2022 21:20:00,,
8/27/2022,21:40,14.75,26.68,33.44,1496.03,08/27/2022 21:40:00,,
8/27/2022,22:00,14.69,26.81,33.54,1495.98,08/27/2022 22:00:00,,
8/27/2022,22:20,14.66,27.06,33.78,1496.17,08/27/2022 22:20:00,,
8/27/2022,22:40,14.66,26.9,33.61,1495.98,08/27/2022 22:40:00,,
8/27/2022,23:00,14.63,26.72,33.38,1495.67,08/27/2022 23:00:00,,
8/27/2022,23:20,14.6,27.03,33.71,1495.93,08/27/2022 23:20:00,,
8/27/2022,23:40,14.6,27.34,34.06,1496.3,08/27/2022 23:40:00,,
8/27/2022,0:00,14.57,27.16,33.83,1495.99,08/27/2022 0:00:00,,
8/28/2022,0:20,14.57,27.43,34.13,1496.31,08/28/2022 0:20:00,14.93361111,26.28375
8/28/2022,0:40,14.54,27.43,34.11,1496.2,08/28/2022 0:40:00,,
8/28/2022,1:00,14.54,27.27,33.93,1496.02,08/28/2022 1:00:00,,
8/28/2022,1:20,14.54,27.14,33.78,1495.86,08/28/2022 1:20:00,,
8/28/2022,1:40,14.54,27.27,33.93,1496.02,08/28/2022 1:40:00,,
8/28/2022,2:00,14.57,27.03,33.68,1495.83,08/28/2022 2:00:00,,
8/28/2022,2:20,14.57,27.1,33.76,1495.91,08/28/2022 2:20:00,,
8/28/2022,2:40,14.57,26.83,33.46,1495.59,08/28/2022 2:40:00,,
8/28/2022,3:00,14.6,26.77,33.41,1495.62,08/28/2022 3:00:00,,
8/28/2022,3:20,14.6,27.19,33.88,1496.12,08/28/2022 3:20:00,,
8/28/2022,3:40,14.6,27.25,33.96,1496.2,08/28/2022 3:40:00,,
8/28/2022,4:00,14.63,27.12,33.83,1496.14,08/28/2022 4:00:00,,
8/28/2022,4:20,14.63,26.63,33.28,1495.56,08/28/2022 4:20:00,,
8/28/2022,4:40,14.63,26.35,32.96,1495.22,08/28/2022 4:40:00,,
8/28/2022,5:00,14.6,26.28,32.86,1495.04,08/28/2022 5:00:00,,
8/28/2022,5:20,14.6,26.12,32.68,1494.85,08/28/2022 5:20:00,,
8/28/2022,5:40,14.57,26.32,32.88,1494.99,08/28/2022 5:40:00,,
8/28/2022,6:00,14.57,26.17,32.71,1494.8,08/28/2022 6:00:00,,
8/28/2022,6:20,14.57,26.19,32.73,1494.83,08/28/2022 6:20:00,,
8/28/2022,6:40,14.57,26.19,32.73,1494.83,08/28/2022 6:40:00,,
8/28/2022,7:00,14.57,26.19,32.73,1494.83,08/28/2022 7:00:00,,
8/28/2022,7:20,14.57,26.14,32.68,1494.78,08/28/2022 7:20:00,,
8/28/2022,7:40,14.6,26.17,32.73,1494.91,08/28/2022 7:40:00,,
8/28/2022,8:00,14.63,26.39,33.01,1495.27,08/28/2022 8:00:00,,
8/28/2022,8:20,14.66,26.24,32.86,1495.19,08/28/2022 8:20:00,,
8/28/2022,8:40,14.66,26.17,32.79,1495.11,08/28/2022 8:40:00,,
8/28/2022,9:00,14.66,26.26,32.89,1495.22,08/28/2022 9:00:00,,
8/28/2022,9:20,14.75,26.51,33.24,1495.82,08/28/2022 9:20:00,,
8/28/2022,9:40,14.75,26.29,32.99,1495.55,08/28/2022 9:40:00,,
8/28/2022,10:00,14.85,26.14,32.89,1495.68,08/28/2022 10:00:00,,
8/28/2022,10:20,14.94,26.01,32.82,1495.83,08/28/2022 10:20:00,,
8/28/2022,10:40,14.97,25.89,32.69,1495.78,08/28/2022 10:40:00,,
8/28/2022,11:00,15.03,25.85,32.69,1495.93,08/28/2022 11:00:00,,
8/28/2022,11:20,15.03,25.8,32.64,1495.88,08/28/2022 11:20:00,,
8/28/2022,11:40,15.03,26.13,33.02,1496.27,08/28/2022 11:40:00,,
8/28/2022,12:00,15.06,25.94,32.82,1496.14,08/28/2022 12:00:00,,
8/28/2022,12:20,15.06,25.91,32.79,1496.11,08/28/2022 12:20:00,,
8/28/2022,12:40,15.09,25.98,32.9,1496.29,08/28/2022 12:40:00,,
8/28/2022,13:00,15.09,25.94,32.85,1496.24,08/28/2022 13:00:00,,
8/28/2022,13:20,15.09,25.85,32.75,1496.14,08/28/2022 13:20:00,,
8/28/2022,13:40,15.12,25.7,32.6,1496.06,08/28/2022 13:40:00,,
8/28/2022,14:00,15.18,26.62,33.7,1497.35,08/28/2022 14:00:00,,
8/28/2022,14:20,15.25,26.51,33.62,1497.42,08/28/2022 14:20:00,,
8/28/2022,14:40,15.31,26.47,33.62,1497.57,08/28/2022 14:40:00,,
8/28/2022,15:00,15.34,26.15,33.27,1497.28,08/28/2022 15:00:00,,
8/28/2022,15:20,15.4,26.07,33.23,1497.38,08/28/2022 15:20:00,,
8/28/2022,15:40,15.43,26.26,33.48,1497.72,08/28/2022 15:40:00,,
8/28/2022,16:00,15.46,26.31,33.55,1497.87,08/28/2022 16:00:00,,
8/28/2022,16:20,15.43,26.35,33.58,1497.82,08/28/2022 16:20:00,,
8/28/2022,16:40,15.4,26.35,33.55,1497.72,08/28/2022 16:40:00,,
8/28/2022,17:00,15.37,26.32,33.5,1497.59,08/28/2022 17:00:00,,
8/28/2022,17:20,15.37,26.04,33.18,1497.26,08/28/2022 17:20:00,,
8/28/2022,17:40,15.34,25.82,32.9,1496.9,08/28/2022 17:40:00,,
8/28/2022,18:00,15.31,25.97,33.05,1496.98,08/28/2022 18:00:00,,
8/28/2022,18:20,15.28,25.67,32.67,1496.52,08/28/2022 18:20:00,,
8/28/2022,18:40,15.21,25.55,32.5,1496.18,08/28/2022 18:40:00,,
8/28/2022,19:00,15.15,26.03,33,1496.55,08/28/2022 19:00:00,,
8/28/2022,19:20,15.12,25.77,32.67,1496.14,08/28/2022 19:20:00,,
8/28/2022,19:40,15.12,25.96,32.9,1496.37,08/28/2022 19:40:00,,
8/28/2022,20:00,15.12,25.96,32.9,1496.37,08/28/2022 20:00:00,,
8/28/2022,20:20,15.12,25.94,32.87,1496.34,08/28/2022 20:20:00,,
8/28/2022,20:40,15.09,25.78,32.67,1496.06,08/28/2022 20:40:00,,
8/28/2022,21:00,15.09,25.87,32.77,1496.16,08/28/2022 21:00:00,,
8/28/2022,21:20,15.09,26.29,33.24,1496.65,08/28/2022 21:20:00,,
8/28/2022,21:40,15.09,26.2,33.14,1496.55,08/28/2022 21:40:00,,
8/28/2022,22:00,15.09,26.24,33.19,1496.6,08/28/2022 22:00:00,,
8/28/2022,22:20,15.09,26.2,33.14,1496.55,08/28/2022 22:20:00,,
8/28/2022,22:40,15.09,26.11,33.04,1496.45,08/28/2022 22:40:00,,
8/28/2022,23:00,15.06,26.13,33.04,1496.37,08/28/2022 23:00:00,,
8/28/2022,23:20,15.03,26,32.87,1496.11,08/28/2022 23:20:00,,
8/28/2022,23:40,15,26,32.84,1496.01,08/28/2022 23:40:00,,
8/28/2022,0:00,14.97,25.91,32.72,1495.81,08/28/2022 0:00:00,,
8/29/2022,0:20,14.94,25.88,32.67,1495.68,08/29/2022 0:20:00,,
8/29/2022,0:40,14.94,25.97,32.77,1495.78,08/29/2022 0:40:00,,
8/29/2022,1:00,14.91,25.84,32.59,1495.52,08/29/2022 1:00:00,,
8/29/2022,1:20,14.88,25.81,32.54,1495.39,08/29/2022 1:20:00,,
8/29/2022,1:40,14.88,25.86,32.59,1495.45,08/29/2022 1:40:00,,
8/29/2022,2:00,14.88,25.86,32.59,1495.45,08/29/2022 2:00:00,,
8/29/2022,2:20,14.85,25.96,32.69,1495.47,08/29/2022 2:20:00,,
8/29/2022,2:40,14.85,25.96,32.69,1495.47,08/29/2022 2:40:00,,
8/29/2022,3:00,14.82,26.03,32.74,1495.45,08/29/2022 3:00:00,,
8/29/2022,3:20,14.82,25.96,32.66,1495.37,08/29/2022 3:20:00,,
8/29/2022,3:40,14.82,25.96,32.66,1495.37,08/29/2022 3:40:00,,
8/29/2022,4:00,14.82,26.05,32.76,1495.47,08/29/2022 4:00:00,,
8/29/2022,4:20,14.82,26.05,32.76,1495.47,08/29/2022 4:20:00,,
8/29/2022,4:40,14.78,26.11,32.81,1495.45,08/29/2022 4:40:00,,
8/29/2022,5:00,14.82,26.03,32.74,1495.45,08/29/2022 5:00:00,,
8/29/2022,5:20,14.82,26.01,32.71,1495.42,08/29/2022 5:20:00,,
8/29/2022,5:40,14.85,25.9,32.62,1495.39,08/29/2022 5:40:00,,
8/29/2022,6:00,14.85,25.83,32.54,1495.32,08/29/2022 6:00:00,,
8/29/2022,6:20,14.85,25.92,32.64,1495.42,08/29/2022 6:20:00,,
8/29/2022,6:40,14.85,25.85,32.57,1495.34,08/29/2022 6:40:00,,
8/29/2022,7:00,14.85,25.72,32.42,1495.19,08/29/2022 7:00:00,,
8/29/2022,7:20,14.88,25.66,32.37,1495.21,08/29/2022 7:20:00,,
8/29/2022,7:40,14.88,25.9,32.64,1495.5,08/29/2022 7:40:00,,
8/29/2022,8:00,14.94,25.9,32.69,1495.7,08/29/2022 8:00:00,,
8/29/2022,8:20,14.94,26.01,32.82,1495.83,08/29/2022 8:20:00,,
8/29/2022,8:40,14.97,25.99,32.82,1495.91,08/29/2022 8:40:00,,
8/29/2022,9:00,15,26,32.84,1496.01,08/29/2022 9:00:00,,
8/29/2022,9:20,15,26.15,33.02,1496.19,08/29/2022 9:20:00,,
8/29/2022,9:40,15.06,26.57,33.54,1496.89,08/29/2022 9:40:00,,
8/29/2022,10:00,15.09,26.46,33.44,1496.86,08/29/2022 10:00:00,,
8/29/2022,10:20,15.15,26.31,33.32,1496.88,08/29/2022 10:20:00,,
8/29/2022,10:40,15.28,26.19,33.27,1497.13,08/29/2022 10:40:00,,
8/29/2022,11:00,15.37,26.26,33.43,1497.51,08/29/2022 11:00:00,,
8/29/2022,11:20,15.49,26.18,33.43,1497.81,08/29/2022 11:20:00,,
8/29/2022,11:40,15.55,26.16,33.45,1497.99,08/29/2022 11:40:00,,
8/29/2022,12:00,15.58,26.1,33.4,1498.01,08/29/2022 12:00:00,,
8/29/2022,12:20,15.67,26.11,33.48,1498.31,08/29/2022 12:20:00,,
8/29/2022,12:40,15.7,26.04,33.43,1498.34,08/29/2022 12:40:00,,
8/29/2022,13:00,15.7,26.02,33.41,1498.31,08/29/2022 13:00:00,,
8/29/2022,13:20,15.73,25.96,33.36,1498.33,08/29/2022 13:20:00,,
8/29/2022,13:40,15.73,26,33.41,1498.38,08/29/2022 13:40:00,,
8/29/2022,14:00,15.76,26.05,33.48,1498.54,08/29/2022 14:00:00,,
8/29/2022,14:20,15.86,26.25,33.79,1499.06,08/29/2022 14:20:00,,
8/29/2022,14:40,15.89,26.25,33.81,1499.16,08/29/2022 14:40:00,,
8/29/2022,15:00,15.98,26.15,33.76,1499.33,08/29/2022 15:00:00,,
8/29/2022,15:20,16.04,26.39,34.09,1499.8,08/29/2022 15:20:00,,
8/29/2022,15:40,16.13,26.29,34.04,1499.97,08/29/2022 15:40:00,,
8/29/2022,16:00,16.1,26.88,34.71,1500.58,08/29/2022 16:00:00,,
8/29/2022,16:20,16.1,26.9,34.74,1500.6,08/29/2022 16:20:00,,
8/29/2022,16:40,16.04,27.22,35.06,1500.79,08/29/2022 16:40:00,,
8/29/2022,17:00,16.04,27.24,35.09,1500.81,08/29/2022 17:00:00,,
8/29/2022,17:20,16.01,27.61,35.49,1501.14,08/29/2022 17:20:00,,
8/29/2022,17:40,15.95,27.61,35.43,1500.95,08/29/2022 17:40:00,,
8/29/2022,18:00,15.89,27.76,35.56,1500.93,08/29/2022 18:00:00,,
8/29/2022,18:20,15.8,27.54,35.23,1500.39,08/29/2022 18:20:00,,
8/29/2022,18:40,15.73,27.36,34.98,1499.99,08/29/2022 18:40:00,,
8/29/2022,19:00,15.61,27.81,35.4,1500.13,08/29/2022 19:00:00,,
8/29/2022,19:20,15.55,27.55,35.05,1499.63,08/29/2022 19:20:00,,
8/29/2022,19:40,15.52,27.57,35.05,1499.55,08/29/2022 19:40:00,,
8/29/2022,20:00,15.52,27.27,34.7,1499.19,08/29/2022 20:00:00,,
8/29/2022,20:20,15.46,27.33,34.72,1499.07,08/29/2022 20:20:00,,
8/29/2022,20:40,15.4,27.41,34.77,1498.98,08/29/2022 20:40:00,,
8/29/2022,21:00,15.37,27.46,34.8,1498.93,08/29/2022 21:00:00,,
8/29/2022,21:20,15.37,27.63,35,1499.14,08/29/2022 21:20:00,,
8/29/2022,21:40,15.37,28.09,35.52,1499.68,08/29/2022 21:40:00,,
8/29/2022,22:00,15.37,28.24,35.7,1499.86,08/29/2022 22:00:00,,
8/29/2022,22:20,15.37,28.13,35.57,1499.73,08/29/2022 22:20:00,,
8/29/2022,22:40,15.37,28.02,35.45,1499.6,08/29/2022 22:40:00,,
8/29/2022,23:00,15.37,28.07,35.5,1499.65,08/29/2022 23:00:00,,
8/29/2022,23:20,15.4,27.94,35.37,1499.6,08/29/2022 23:20:00,,
8/29/2022,23:40,15.43,27.96,35.42,1499.72,08/29/2022 23:40:00,,
8/29/2022,0:00,15.46,27.94,35.42,1499.79,08/29/2022 0:00:00,,
8/30/2022,0:20,15.49,28,35.52,1499.97,08/30/2022 0:20:00,,
8/30/2022,0:40,15.52,28.11,35.67,1500.2,08/30/2022 0:40:00,,
8/30/2022,1:00,15.52,28.35,35.95,1500.48,08/30/2022 1:00:00,,
8/30/2022,1:20,15.52,28.22,35.8,1500.32,08/30/2022 1:20:00,,
8/30/2022,1:40,15.49,28.16,35.7,1500.15,08/30/2022 1:40:00,,
8/30/2022,2:00,15.46,28.05,35.55,1499.92,08/30/2022 2:00:00,,
8/30/2022,2:20,15.43,28,35.47,1499.77,08/30/2022 2:20:00,,
8/30/2022,2:40,15.4,27.94,35.37,1499.6,08/30/2022 2:40:00,,
8/30/2022,3:00,15.37,27.96,35.37,1499.52,08/30/2022 3:00:00,,
8/30/2022,3:20,15.34,28.07,35.47,1499.55,08/30/2022 3:20:00,,
8/30/2022,3:40,15.34,28.09,35.5,1499.58,08/30/2022 3:40:00,,
8/30/2022,4:00,15.31,28.48,35.92,1499.95,08/30/2022 4:00:00,,
8/30/2022,4:20,15.31,28.46,35.89,1499.92,08/30/2022 4:20:00,,
8/30/2022,4:40,15.28,28.35,35.74,1499.69,08/30/2022 4:40:00,,
8/30/2022,5:00,15.25,28.24,35.59,1499.46,08/30/2022 5:00:00,,
8/30/2022,5:20,15.25,28.2,35.54,1499.41,08/30/2022 5:20:00,,
8/30/2022,5:40,15.21,28.17,35.49,1499.29,08/30/2022 5:40:00,,
8/30/2022,6:00,15.18,28.2,35.49,1499.21,08/30/2022 6:00:00,,
8/30/2022,6:20,15.18,28.2,35.49,1499.21,08/30/2022 6:20:00,,
8/30/2022,6:40,15.15,28.04,35.29,1498.93,08/30/2022 6:40:00,,
8/30/2022,7:00,15.12,28.02,35.24,1498.81,08/30/2022 7:00:00,,
8/30/2022,7:20,15.12,28.06,35.29,1498.86,08/30/2022 7:20:00,,
8/30/2022,7:40,15.12,28.26,35.52,1499.09,08/30/2022 7:40:00,,
8/30/2022,8:00,15.15,28.22,35.49,1499.14,08/30/2022 8:00:00,,
8/30/2022,8:20,15.21,28.28,35.62,1499.42,08/30/2022 8:20:00,,
8/30/2022,8:40,15.28,28.22,35.59,1499.54,08/30/2022 8:40:00,,
8/30/2022,9:00,15.34,28.29,35.72,1499.81,08/30/2022 9:00:00,,
8/30/2022,9:20,15.37,28.31,35.77,1499.94,08/30/2022 9:20:00,,
8/30/2022,9:40,15.4,28.4,35.9,1500.14,08/30/2022 9:40:00,,
8/30/2022,10:00,15.46,28.48,36.05,1500.44,08/30/2022 10:00:00,,
8/30/2022,10:20,15.55,28.53,36.17,1500.78,08/30/2022 10:20:00,,
8/30/2022,10:40,15.67,28.53,36.28,1501.17,08/30/2022 10:40:00,,
8/30/2022,11:00,15.76,28.58,36.4,1501.51,08/30/2022 11:00:00,,
8/30/2022,11:20,15.83,28.62,36.5,1501.76,08/30/2022 11:20:00,,
8/30/2022,11:40,15.98,28.6,36.61,1502.21,08/30/2022 11:40:00,,
8/30/2022,12:00,16.04,28.56,36.61,1502.36,08/30/2022 12:00:00,,
8/30/2022,12:20,16.22,28.54,36.74,1502.9,08/30/2022 12:20:00,,
8/30/2022,12:40,16.25,28.5,36.71,1502.95,08/30/2022 12:40:00,,
8/30/2022,13:00,16.28,28.47,36.71,1503.02,08/30/2022 13:00:00,,
8/30/2022,13:20,16.28,28.47,36.71,1503.02,08/30/2022 13:20:00,,
8/30/2022,13:40,16.34,28.52,36.82,1503.26,08/30/2022 13:40:00,,
8/30/2022,14:00,16.34,28.5,36.79,1503.23,08/30/2022 14:00:00,,
8/30/2022,14:20,16.37,28.5,36.82,1503.33,08/30/2022 14:20:00,,
8/30/2022,14:40,16.49,28.41,36.82,1503.61,08/30/2022 14:40:00,,
8/30/2022,15:00,16.58,28.46,36.95,1503.94,08/30/2022 15:00:00,,
8/30/2022,15:20,16.65,28.78,37.37,1504.5,08/30/2022 15:20:00,,
8/30/2022,15:40,16.71,28.76,37.4,1504.66,08/30/2022 15:40:00,,
8/30/2022,16:00,16.77,28.84,37.55,1504.95,08/30/2022 16:00:00,,
8/30/2022,16:20,16.83,29.01,37.8,1505.33,08/30/2022 16:20:00,,
8/30/2022,16:40,16.83,29.46,38.32,1505.86,08/30/2022 16:40:00,,
8/30/2022,17:00,16.8,29.7,38.57,1506.04,08/30/2022 17:00:00,,
8/30/2022,17:20,16.74,29.8,38.64,1505.98,08/30/2022 17:20:00,,
8/30/2022,17:40,16.71,29.93,38.77,1506.04,08/30/2022 17:40:00,,
8/30/2022,18:00,16.65,30.04,38.84,1505.98,08/30/2022 18:00:00,,
8/30/2022,18:20,16.55,30,38.71,1505.65,08/30/2022 18:20:00,,
8/30/2022,18:40,16.49,29.94,38.59,1505.39,08/30/2022 18:40:00,,
8/30/2022,19:00,16.43,29.72,38.29,1504.95,08/30/2022 19:00:00,,
8/30/2022,19:20,16.34,30.13,38.68,1505.15,08/30/2022 19:20:00,,
8/30/2022,19:40,16.25,30.11,38.58,1504.85,08/30/2022 19:40:00,,
8/30/2022,20:00,16.19,30.07,38.48,1504.61,08/30/2022 20:00:00,,
8/30/2022,20:20,16.1,30.05,38.38,1504.3,08/30/2022 20:20:00,,
8/30/2022,20:40,16.04,30.01,38.28,1504.06,08/30/2022 20:40:00,,
8/30/2022,21:00,16.01,30.01,38.25,1503.97,08/30/2022 21:00:00,,
8/30/2022,21:20,16.01,29.9,38.13,1503.84,08/30/2022 21:20:00,,
8/30/2022,21:40,15.95,29.9,38.08,1503.65,08/30/2022 21:40:00,,
8/30/2022,22:00,15.89,29.97,38.1,1503.54,08/30/2022 22:00:00,,
8/30/2022,22:20,15.86,29.97,38.07,1503.44,08/30/2022 22:20:00,,
8/30/2022,22:40,15.83,30.06,38.15,1503.45,08/30/2022 22:40:00,,
8/30/2022,23:00,15.8,30.19,38.27,1503.51,08/30/2022 23:00:00,,
8/30/2022,23:20,15.8,30.17,38.25,1503.48,08/30/2022 23:20:00,,
8/30/2022,23:40,15.76,30.17,38.22,1503.39,08/30/2022 23:40:00,,
8/30/2022,0:00,15.8,30.14,38.22,1503.46,08/30/2022 0:00:00,,
8/31/2022,0:20,15.76,30.08,38.12,1503.29,08/31/2022 0:20:00,,
8/31/2022,0:40,15.8,30.12,38.2,1503.43,08/31/2022 0:40:00,,
8/31/2022,1:00,15.8,30.03,38.1,1503.33,08/31/2022 1:00:00,,
8/31/2022,1:20,15.8,30.08,38.15,1503.38,08/31/2022 1:20:00,,
8/31/2022,1:40,15.8,30.08,38.15,1503.38,08/31/2022 1:40:00,,
8/31/2022,2:00,15.76,30.1,38.15,1503.31,08/31/2022 2:00:00,,
8/31/2022,2:20,15.76,30.08,38.12,1503.29,08/31/2022 2:20:00,,
8/31/2022,2:40,15.76,30.06,38.1,1503.26,08/31/2022 2:40:00,,
8/31/2022,3:00,15.76,29.95,37.97,1503.13,08/31/2022 3:00:00,,
8/31/2022,3:20,15.76,30.06,38.1,1503.26,08/31/2022 3:20:00,,
8/31/2022,3:40,15.76,30.06,38.1,1503.26,08/31/2022 3:40:00,,
8/31/2022,4:00,15.73,29.99,38,1503.09,08/31/2022 4:00:00,,
8/31/2022,4:20,15.73,30.06,38.07,1503.16,08/31/2022 4:20:00,,
8/31/2022,4:40,15.73,29.97,37.97,1503.06,08/31/2022 4:40:00,,
8/31/2022,5:00,15.73,30.04,38.05,1503.14,08/31/2022 5:00:00,,
8/31/2022,5:20,15.7,29.97,37.95,1502.97,08/31/2022 5:20:00,,
8/31/2022,5:40,15.7,30.04,38.02,1503.04,08/31/2022 5:40:00,,
8/31/2022,6:00,15.67,29.95,37.9,1502.85,08/31/2022 6:00:00,,
8/31/2022,6:20,15.67,29.99,37.95,1502.9,08/31/2022 6:20:00,,
8/31/2022,6:40,15.64,29.95,37.87,1502.75,08/31/2022 6:40:00,,
8/31/2022,7:00,15.58,29.97,37.84,1502.58,08/31/2022 7:00:00,,
8/31/2022,7:20,15.55,29.89,37.72,1502.38,08/31/2022 7:20:00,,
8/31/2022,7:40,15.52,29.95,37.77,1502.37,08/31/2022 7:40:00,,
8/31/2022,8:00,15.52,29.89,37.69,1502.29,08/31/2022 8:00:00,,
8/31/2022,8:20,15.52,29.86,37.67,1502.26,08/31/2022 8:20:00,,
8/31/2022,8:40,15.52,29.89,37.69,1502.29,08/31/2022 8:40:00,,
8/31/2022,9:00,15.52,29.91,37.72,1502.31,08/31/2022 9:00:00,,
8/31/2022,9:20,15.52,29.89,37.69,1502.29,08/31/2022 9:20:00,,
8/31/2022,9:40,15.49,29.84,37.62,1502.14,08/31/2022 9:40:00,,
8/31/2022,10:00,15.55,29.84,37.67,1502.33,08/31/2022 10:00:00,,
8/31/2022,10:20,15.61,29.82,37.7,1502.5,08/31/2022 10:20:00,,
8/31/2022,10:40,15.67,29.75,37.67,1502.61,08/31/2022 10:40:00,,
8/31/2022,11:00,15.76,29.71,37.7,1502.85,08/31/2022 11:00:00,,
8/31/2022,11:20,15.89,29.64,37.73,1503.15,08/31/2022 11:20:00,,
8/31/2022,11:40,16.07,29.68,37.93,1503.77,08/31/2022 11:40:00,,
8/31/2022,12:00,16.16,29.68,38.01,1504.06,08/31/2022 12:00:00,,
8/31/2022,12:20,16.31,29.68,38.14,1504.53,08/31/2022 12:20:00,,
8/31/2022,12:40,16.46,29.7,38.29,1505.02,08/31/2022 12:40:00,,
8/31/2022,13:00,16.61,29.68,38.39,1505.46,08/31/2022 13:00:00,,
8/31/2022,13:20,16.77,29.59,38.42,1505.82,08/31/2022 13:20:00,,
8/31/2022,13:40,16.89,29.65,38.6,1506.26,08/31/2022 13:40:00,,
8/31/2022,14:00,17.01,29.65,38.7,1506.63,08/31/2022 14:00:00,,
8/31/2022,14:20,17.13,29.63,38.78,1506.97,08/31/2022 14:20:00,,
8/31/2022,14:40,17.22,29.59,38.81,1507.19,08/31/2022 14:40:00,,
8/31/2022,15:00,17.28,29.54,38.81,1507.33,08/31/2022 15:00:00,,
8/31/2022,15:20,17.28,30.26,39.65,1508.16,08/31/2022 15:20:00,,
8/31/2022,15:40,17.13,30.14,39.38,1507.56,08/31/2022 15:40:00,,
8/31/2022,16:00,16.89,30.25,39.3,1506.96,08/31/2022 16:00:00,,
8/31/2022,16:20,16.68,30.51,39.42,1506.62,08/31/2022 16:20:00,,
8/31/2022,16:40,16.74,30.66,39.64,1506.98,08/31/2022 16:40:00,,
8/31/2022,17:00,16.8,30.76,39.82,1507.29,08/31/2022 17:00:00,,
8/31/2022,17:20,16.74,30.7,39.69,1507.03,08/31/2022 17:20:00,,
8/31/2022,17:40,16.61,30.56,39.41,1506.49,08/31/2022 17:40:00,,
8/31/2022,18:00,16.46,30.47,39.19,1505.93,08/31/2022 18:00:00,,
8/31/2022,18:20,16.28,30.67,39.26,1505.6,08/31/2022 18:20:00,,
8/31/2022,18:40,16.04,30.57,38.93,1504.73,08/31/2022 18:40:00,,
8/31/2022,19:00,15.86,30.58,38.77,1504.16,08/31/2022 19:00:00,,
8/31/2022,19:20,15.58,30.59,38.54,1503.31,08/31/2022 19:20:00,,
8/31/2022,19:40,15.34,30.51,38.24,1502.44,08/31/2022 19:40:00,,
8/31/2022,20:00,15.25,30.51,38.16,1502.15,08/31/2022 20:00:00,,
8/31/2022,20:20,15.28,30.51,38.19,1502.25,08/31/2022 20:20:00,,
8/31/2022,20:40,15.37,30.49,38.24,1502.51,08/31/2022 20:40:00,,
8/31/2022,21:00,15.43,30.51,38.31,1502.73,08/31/2022 21:00:00,,
8/31/2022,21:20,15.46,30.26,38.07,1502.54,08/31/2022 21:20:00,,
8/31/2022,21:40,15.49,30.24,38.07,1502.61,08/31/2022 21:40:00,,
8/31/2022,22:00,15.49,30.22,38.04,1502.58,08/31/2022 22:00:00,,
8/31/2022,22:20,15.46,30.22,38.02,1502.49,08/31/2022 22:20:00,,
8/31/2022,22:40,15.43,30.22,37.99,1502.39,08/31/2022 22:40:00,,
8/31/2022,23:00,15.4,30.15,37.89,1502.22,08/31/2022 23:00:00,,
8/31/2022,23:20,15.37,30.44,38.19,1502.46,08/31/2022 23:20:00,,
8/31/2022,23:40,15.37,30.66,38.44,1502.72,08/31/2022 23:40:00,,
8/31/2022,0:00,15.34,30.82,38.59,1502.81,08/31/2022 0:00:00,,
9/1/2022,0:20,15.37,30.86,38.66,1502.95,09/01/2022 0:20:00,,
9/1/2022,0:40,15.37,31.13,38.96,1503.27,09/01/2022 0:40:00,,
9/1/2022,1:00,15.4,31.19,39.06,1503.44,09/01/2022 1:00:00,,
9/1/2022,1:20,15.4,31.19,39.06,1503.44,09/01/2022 1:20:00,,
9/1/2022,1:40,15.4,31.21,39.08,1503.47,09/01/2022 1:40:00,,
9/1/2022,2:00,15.43,31.26,39.16,1503.62,09/01/2022 2:00:00,,
9/1/2022,2:20,15.49,31.25,39.21,1503.81,09/01/2022 2:20:00,,
9/1/2022,2:40,15.55,31.23,39.24,1503.97,09/01/2022 2:40:00,,
9/1/2022,3:00,15.58,31.21,39.24,1504.04,09/01/2022 3:00:00,,
9/1/2022,3:20,15.64,31.29,39.39,1504.33,09/01/2022 3:20:00,,
9/1/2022,3:40,15.64,31.25,39.34,1504.28,09/01/2022 3:40:00,,
9/1/2022,4:00,15.67,31.16,39.27,1504.27,09/01/2022 4:00:00,,
9/1/2022,4:20,15.67,31.13,39.24,1504.24,09/01/2022 4:20:00,,
9/1/2022,4:40,15.67,31.24,39.37,1504.37,09/01/2022 4:40:00,,
9/1/2022,5:00,15.67,31.18,39.29,1504.29,09/01/2022 5:00:00,,
9/1/2022,5:20,15.67,31.29,39.42,1504.42,09/01/2022 5:20:00,,
9/1/2022,5:40,15.64,31.25,39.34,1504.28,09/01/2022 5:40:00,,
9/1/2022,6:00,15.61,31.27,39.34,1504.21,09/01/2022 6:00:00,,
9/1/2022,6:20,15.55,31.25,39.26,1504,09/01/2022 6:20:00,,
9/1/2022,6:40,15.46,31.03,38.94,1503.45,09/01/2022 6:40:00,,
9/1/2022,7:00,15.34,31.06,38.86,1503.09,09/01/2022 7:00:00,,
9/1/2022,7:20,15.28,31.13,38.88,1502.98,09/01/2022 7:20:00,,
9/1/2022,7:40,15.21,31.27,38.98,1502.95,09/01/2022 7:40:00,,
9/1/2022,8:00,15.21,31.24,38.96,1502.92,09/01/2022 8:00:00,,
9/1/2022,8:20,15.28,30.91,38.63,1502.72,09/01/2022 8:20:00,,
9/1/2022,8:40,15.4,31.06,38.91,1503.29,09/01/2022 8:40:00,,
9/1/2022,9:00,15.46,31.17,39.09,1503.61,09/01/2022 9:00:00,,
9/1/2022,9:20,15.46,31.06,38.96,1503.48,09/01/2022 9:20:00,,
9/1/2022,9:40,15.43,31.15,39.04,1503.49,09/01/2022 9:40:00,,
9/1/2022,10:00,15.46,31.06,38.96,1503.48,09/01/2022 10:00:00,,
9/1/2022,10:20,15.49,31.23,39.19,1503.78,09/01/2022 10:20:00,,
9/1/2022,10:40,15.58,31.38,39.44,1504.25,09/01/2022 10:40:00,,
9/1/2022,11:00,15.67,31.36,39.49,1504.5,09/01/2022 11:00:00,,
9/1/2022,11:20,15.76,31.39,39.62,1504.84,09/01/2022 11:20:00,,
9/1/2022,11:40,15.86,31.37,39.67,1505.09,09/01/2022 11:40:00,,
9/1/2022,12:00,15.92,31.34,39.7,1505.25,09/01/2022 12:00:00,,
9/1/2022,12:20,15.95,31.39,39.77,1505.4,09/01/2022 12:20:00,,
9/1/2022,12:40,15.95,31.39,39.77,1505.4,09/01/2022 12:40:00,,
9/1/2022,13:00,16.01,31.36,39.8,1505.56,09/01/2022 13:00:00,,
9/1/2022,13:20,16.13,31.31,39.85,1505.88,09/01/2022 13:20:00,,
9/1/2022,13:40,16.16,31.44,40.03,1506.12,09/01/2022 13:40:00,,
9/1/2022,14:00,16.31,31.45,40.18,1506.61,09/01/2022 14:00:00,,
9/1/2022,14:20,16.4,31.45,40.26,1506.88,09/01/2022 14:20:00,,
9/1/2022,14:40,16.31,31.45,40.18,1506.61,09/01/2022 14:40:00,,
9/1/2022,15:00,16.04,31.36,39.82,1505.65,09/01/2022 15:00:00,,
9/1/2022,15:20,15.76,31.44,39.67,1504.89,09/01/2022 15:20:00,,
9/1/2022,15:40,15.61,31.4,39.49,1504.37,09/01/2022 15:40:00,,
9/1/2022,16:00,15.34,31.51,39.36,1503.62,09/01/2022 16:00:00,,
9/1/2022,16:20,15.15,31.4,39.08,1502.92,09/01/2022 16:20:00,,
9/1/2022,16:40,15.09,31.45,39.08,1502.78,09/01/2022 16:40:00,,
9/1/2022,17:00,14.97,31.39,38.9,1502.31,09/01/2022 17:00:00,,
9/1/2022,17:20,15,31.48,39.03,1502.52,09/01/2022 17:20:00,,
9/1/2022,17:40,15.06,31.45,39.05,1502.68,09/01/2022 17:40:00,,
9/1/2022,18:00,15.21,31.4,39.13,1503.11,09/01/2022 18:00:00,,
9/1/2022,18:20,15.34,31.37,39.21,1503.46,09/01/2022 18:20:00,,
9/1/2022,18:40,15.46,31.41,39.36,1503.89,09/01/2022 18:40:00,,
9/1/2022,19:00,15.67,31.31,39.44,1504.45,09/01/2022 19:00:00,,
9/1/2022,19:20,15.92,31.23,39.57,1505.12,09/01/2022 19:20:00,,
9/1/2022,19:40,15.95,31.32,39.7,1505.32,09/01/2022 19:40:00,,
9/1/2022,20:00,15.92,31.32,39.67,1505.23,09/01/2022 20:00:00,,
9/1/2022,20:20,16.07,31.16,39.62,1505.51,09/01/2022 20:20:00,,
9/1/2022,20:40,16.13,31.2,39.73,1505.75,09/01/2022 20:40:00,,
9/1/2022,21:00,15.98,31.19,39.57,1505.26,09/01/2022 21:00:00,,
9/1/2022,21:20,15.7,31.18,39.32,1504.39,09/01/2022 21:20:00,,
9/1/2022,21:40,15.52,31.12,39.09,1503.74,09/01/2022 21:40:00,,
9/1/2022,22:00,15.43,31.04,38.91,1503.35,09/01/2022 22:00:00,,
9/1/2022,22:20,15.34,31.08,38.88,1503.12,09/01/2022 22:20:00,,
9/1/2022,22:40,15.28,31.09,38.83,1502.93,09/01/2022 22:40:00,,
9/1/2022,23:00,15.21,30.98,38.66,1502.61,09/01/2022 23:00:00,,
9/1/2022,23:20,15.15,30.91,38.53,1502.34,09/01/2022 23:20:00,,
9/1/2022,23:40,15.09,30.89,38.45,1502.12,09/01/2022 23:40:00,,
9/1/2022,0:00,15.03,31.1,38.63,1502.16,09/01/2022 0:00:00,,
9/2/2022,0:20,14.97,31.12,38.6,1501.99,09/02/2022 0:20:00,,
9/2/2022,0:40,14.94,31.17,38.63,1501.95,09/02/2022 0:40:00,,
9/2/2022,1:00,14.97,31.15,38.63,1502.02,09/02/2022 1:00:00,,
9/2/2022,1:20,15.03,31.16,38.7,1502.24,09/02/2022 1:20:00,,
9/2/2022,1:40,15.06,31.19,38.75,1502.36,09/02/2022 1:40:00,,
9/2/2022,2:00,15.09,31.16,38.75,1502.43,09/02/2022 2:00:00,,
9/2/2022,2:20,15.06,31.07,38.63,1502.23,09/02/2022 2:20:00,,
9/2/2022,2:40,15,31.21,38.73,1502.2,09/02/2022 2:40:00,,
9/2/2022,3:00,14.88,31.22,38.62,1501.81,09/02/2022 3:00:00,,
9/2/2022,3:20,14.75,31.16,38.45,1501.34,09/02/2022 3:20:00,,
9/2/2022,3:40,14.54,31.19,38.29,1500.68,09/02/2022 3:40:00,,
9/2/2022,4:00,14.26,31.07,37.91,1499.63,09/02/2022 4:00:00,,
9/2/2022,4:20,13.98,31.06,37.66,1498.71,09/02/2022 4:20:00,,
9/2/2022,4:40,13.76,30.95,37.35,1497.86,09/02/2022 4:40:00,,
9/2/2022,5:00,13.45,31.25,37.39,1497.18,09/02/2022 5:00:00,,
9/2/2022,5:20,13.32,31.35,37.39,1496.88,09/02/2022 5:20:00,,
9/2/2022,5:40,13.2,31.19,37.11,1496.27,09/02/2022 5:40:00,,
9/2/2022,6:00,13.14,31.22,37.09,1496.1,09/02/2022 6:00:00,,
9/2/2022,6:20,13.07,31.13,36.94,1495.78,09/02/2022 6:20:00,,
9/2/2022,6:40,13.14,30.99,36.84,1495.82,09/02/2022 6:40:00,,
9/2/2022,7:00,13.14,31.17,37.04,1496.04,09/02/2022 7:00:00,,
9/2/2022,7:20,13.23,30.93,36.87,1496.07,09/02/2022 7:20:00,,
9/2/2022,7:40,13.26,30.77,36.72,1495.98,09/02/2022 7:40:00,,
9/2/2022,8:00,13.29,30.54,36.49,1495.8,09/02/2022 8:00:00,,
9/2/2022,8:20,13.29,30.47,36.42,1495.72,09/02/2022 8:20:00,,
9/2/2022,8:40,13.39,29.96,35.95,1495.42,09/02/2022 8:40:00,,
9/2/2022,9:00,13.82,29.79,36.13,1496.67,09/02/2022 9:00:00,,
9/2/2022,9:20,14.14,30.19,36.84,1498.18,09/02/2022 9:20:00,,
9/2/2022,9:40,14.23,29.87,36.57,1498.1,09/02/2022 9:40:00,,
9/2/2022,10:00,14.41,30.13,37.02,1499.03,09/02/2022 10:00:00,,
9/2/2022,10:20,14.69,30.73,37.92,1500.64,09/02/2022 10:20:00,,
9/2/2022,10:40,14.82,30.26,37.5,1500.47,09/02/2022 10:40:00,,
9/2/2022,11:00,14.75,31.02,38.3,1501.18,09/02/2022 11:00:00,,
9/2/2022,11:20,14.69,31.29,38.54,1501.31,09/02/2022 11:20:00,,
9/2/2022,11:40,14.72,31.34,38.62,1501.46,09/02/2022 11:40:00,,
9/2/2022,12:00,14.78,31.38,38.72,1501.71,09/02/2022 12:00:00,,
9/2/2022,12:20,14.85,31.35,38.75,1501.87,09/02/2022 12:20:00,,
9/2/2022,12:40,14.82,31.4,38.77,1501.83,09/02/2022 12:40:00,,
9/2/2022,13:00,14.66,31.39,38.62,1501.32,09/02/2022 13:00:00,,
9/2/2022,13:20,14.82,31.4,38.77,1501.83,09/02/2022 13:20:00,,
9/2/2022,13:40,15.06,31.27,38.85,1502.47,09/02/2022 13:40:00,,
9/2/2022,14:00,15.03,31.34,38.9,1502.45,09/02/2022 14:00:00,,
9/2/2022,14:20,15.06,31.41,39,1502.63,09/02/2022 14:20:00,,
9/2/2022,14:40,15.12,31.36,39,1502.77,09/02/2022 14:40:00,,
9/2/2022,15:00,15.06,31.36,38.95,1502.58,09/02/2022 15:00:00,,
9/2/2022,15:20,14.6,31.28,38.44,1500.99,09/02/2022 15:20:00,,
9/2/2022,15:40,14.45,31.37,38.41,1500.6,09/02/2022 15:40:00,,
9/2/2022,16:00,14.23,31.39,38.23,1499.91,09/02/2022 16:00:00,,
9/2/2022,16:20,13.86,31.32,37.83,1498.61,09/02/2022 16:20:00,,
9/2/2022,16:40,13.67,31.37,37.72,1498.06,09/02/2022 16:40:00,,
9/2/2022,17:00,13.36,31.41,37.49,1497.07,09/02/2022 17:00:00,,
9/2/2022,17:20,13.14,31.41,37.29,1496.32,09/02/2022 17:20:00,,
9/2/2022,17:40,12.98,31.39,37.13,1495.78,09/02/2022 17:40:00,,
9/2/2022,18:00,12.98,31.49,37.23,1495.89,09/02/2022 18:00:00,,
9/2/2022,18:20,13.07,31.34,37.16,1496.03,09/02/2022 18:20:00,,
9/2/2022,18:40,13.1,31.41,37.26,1496.22,09/02/2022 18:40:00,,
9/2/2022,19:00,13.01,31.39,37.16,1495.88,09/02/2022 19:00:00,,
9/2/2022,19:20,12.98,31.34,37.08,1495.72,09/02/2022 19:20:00,,
9/2/2022,19:40,12.98,31.27,37.01,1495.63,09/02/2022 19:40:00,,
9/2/2022,20:00,13.26,31.21,37.19,1496.51,09/02/2022 20:00:00,,
9/2/2022,20:20,13.89,31.43,37.98,1498.84,09/02/2022 20:20:00,,
9/2/2022,20:40,14.26,31.32,38.19,1499.93,09/02/2022 20:40:00,,
9/2/2022,21:00,14.51,31.24,38.32,1500.64,09/02/2022 21:00:00,,
9/2/2022,21:20,14.69,31.23,38.47,1501.23,09/02/2022 21:20:00,,
9/2/2022,21:40,14.82,31.26,38.62,1501.67,09/02/2022 21:40:00,,
9/2/2022,22:00,14.88,31.08,38.47,1501.65,09/02/2022 22:00:00,,
9/2/2022,22:20,15.03,30.96,38.48,1502,09/02/2022 22:20:00,,
9/2/2022,22:40,15,31.17,38.68,1502.14,09/02/2022 22:40:00,,
9/2/2022,23:00,14.85,31.15,38.52,1501.63,09/02/2022 23:00:00,,
9/2/2022,23:20,14.6,31.12,38.27,1500.8,09/02/2022 23:20:00,,
9/2/2022,23:40,14.54,31.08,38.17,1500.55,09/02/2022 23:40:00,,
9/2/2022,0:00,14.57,31.05,38.17,1500.62,09/02/2022 0:00:00,,
9/3/2022,0:20,14.54,31.1,38.19,1500.58,09/03/2022 0:20:00,,
9/3/2022,0:40,14.54,31.05,38.14,1500.52,09/03/2022 0:40:00,,
9/3/2022,1:00,14.51,31.08,38.14,1500.45,09/03/2022 1:00:00,,
9/3/2022,1:20,14.45,30.83,37.82,1499.96,09/03/2022 1:20:00,,
9/3/2022,1:40,14.48,31.1,38.14,1500.38,09/03/2022 1:40:00,,
9/3/2022,2:00,14.51,31.1,38.17,1500.48,09/03/2022 2:00:00,,
9/3/2022,2:20,14.48,31.24,38.29,1500.54,09/03/2022 2:20:00,,
9/3/2022,2:40,14.41,31.2,38.19,1500.29,09/03/2022 2:40:00,,
9/3/2022,3:00,14.38,31.22,38.19,1500.22,09/03/2022 3:00:00,,
9/3/2022,3:20,14.45,31.24,38.26,1500.44,09/03/2022 3:20:00,,
9/3/2022,3:40,14.6,31.19,38.34,1500.88,09/03/2022 3:40:00,,
9/3/2022,4:00,14.66,31.36,38.59,1501.29,09/03/2022 4:00:00,,
9/3/2022,4:20,14.51,31.33,38.42,1500.75,09/03/2022 4:20:00,,
9/3/2022,4:40,14.17,31.25,38.03,1499.55,09/03/2022 4:40:00,,
9/3/2022,5:00,13.79,31.41,37.88,1498.52,09/03/2022 5:00:00,,
9/3/2022,5:20,13.42,31.43,37.57,1497.3,09/03/2022 5:20:00,,
9/3/2022,5:40,13.07,31.41,37.24,1496.11,09/03/2022 5:40:00,,
9/3/2022,6:00,12.88,31.37,37.03,1495.44,09/03/2022 6:00:00,,
9/3/2022,6:20,12.79,31.4,36.98,1495.15,09/03/2022 6:20:00,,
9/3/2022,6:40,12.76,31.38,36.93,1495.02,09/03/2022 6:40:00,,
9/3/2022,7:00,12.66,31.39,36.85,1494.7,09/03/2022 7:00:00,,
9/3/2022,7:20,12.6,31.37,36.78,1494.46,09/03/2022 7:20:00,,
9/3/2022,7:40,12.51,31.4,36.72,1494.18,09/03/2022 7:40:00,,
9/3/2022,8:00,12.38,31.29,36.5,1493.61,09/03/2022 8:00:00,,
9/3/2022,8:20,12.35,31.39,36.57,1493.62,09/03/2022 8:20:00,,
9/3/2022,8:40,12.35,31.31,36.5,1493.53,09/03/2022 8:40:00,,
9/3/2022,9:00,12.38,31.31,36.52,1493.64,09/03/2022 9:00:00,,
9/3/2022,9:20,12.51,31.35,36.67,1494.12,09/03/2022 9:20:00,,
9/3/2022,9:40,12.66,31.46,36.93,1494.79,09/03/2022 9:40:00,,
9/3/2022,10:00,12.76,31.31,36.85,1494.93,09/03/2022 10:00:00,,
9/3/2022,10:20,12.82,31.35,36.96,1495.2,09/03/2022 10:20:00,,
9/3/2022,10:40,12.85,31.4,37.03,1495.36,09/03/2022 10:40:00,,
9/3/2022,11:00,12.82,31.42,37.03,1495.28,09/03/2022 11:00:00,,
9/3/2022,11:20,12.79,31.38,36.95,1495.12,09/03/2022 11:20:00,,
9/3/2022,11:40,12.69,31.36,36.85,1494.78,09/03/2022 11:40:00,,
9/3/2022,12:00,12.69,31.41,36.9,1494.84,09/03/2022 12:00:00,,
9/3/2022,12:20,12.63,31.46,36.9,1494.68,09/03/2022 12:20:00,,
9/3/2022,12:40,12.66,31.36,36.83,1494.67,09/03/2022 12:40:00,,
9/3/2022,13:00,12.73,31.31,36.83,1494.83,09/03/2022 13:00:00,,
9/3/2022,13:20,12.85,31.31,36.93,1495.25,09/03/2022 13:20:00,,
9/3/2022,13:40,13.48,31.43,37.62,1497.5,09/03/2022 13:40:00,,
9/3/2022,14:00,14.45,31.37,38.41,1500.6,09/03/2022 14:00:00,,
9/3/2022,14:20,15.03,31.34,38.9,1502.45,09/03/2022 14:20:00,,
9/3/2022,14:40,14.72,31.38,38.67,1501.51,09/03/2022 14:40:00,,
9/3/2022,15:00,14.38,31.42,38.41,1500.46,09/03/2022 15:00:00,,
9/3/2022,15:20,14.2,31.46,38.28,1499.9,09/03/2022 15:20:00,,
9/3/2022,15:40,13.98,31.29,37.9,1498.98,09/03/2022 15:40:00,,
9/3/2022,16:00,13.61,31.42,37.72,1497.91,09/03/2022 16:00:00,,
9/3/2022,16:20,13.57,31.33,37.6,1497.7,09/03/2022 16:20:00,,
9/3/2022,16:40,13.42,31.36,37.49,1497.22,09/03/2022 16:40:00,,
9/3/2022,17:00,13.39,31.37,37.47,1497.11,09/03/2022 17:00:00,,
9/3/2022,17:20,13.04,31.34,37.13,1495.93,09/03/2022 17:20:00,,
9/3/2022,17:40,12.69,31.39,36.88,1494.81,09/03/2022 17:40:00,,
9/3/2022,18:00,12.38,31.38,36.6,1493.72,09/03/2022 18:00:00,,
9/3/2022,18:20,12.22,31.51,36.59,1493.34,09/03/2022 18:20:00,,
9/3/2022,18:40,12.19,31.47,36.52,1493.17,09/03/2022 18:40:00,,
9/3/2022,19:00,12.22,31.39,36.47,1493.19,09/03/2022 19:00:00,,
9/3/2022,19:20,12.16,31.4,36.42,1492.98,09/03/2022 19:20:00,,
9/3/2022,19:40,12.16,31.14,36.14,1492.66,09/03/2022 19:40:00,,
9/3/2022,20:00,12.19,31.25,36.29,1492.91,09/03/2022 20:00:00,,
9/3/2022,20:20,12.22,31.16,36.22,1492.9,09/03/2022 20:20:00,,
9/3/2022,20:40,12.22,31.16,36.22,1492.9,09/03/2022 20:40:00,,
9/3/2022,21:00,12.44,31.24,36.5,1493.76,09/03/2022 21:00:00,,
9/3/2022,21:20,13.26,31.12,37.09,1496.4,09/03/2022 21:20:00,,
9/3/2022,21:40,13.7,30.8,37.13,1497.47,09/03/2022 21:40:00,,
9/3/2022,22:00,14.51,30.72,37.74,1500.02,09/03/2022 22:00:00,,
9/3/2022,22:20,14.94,30.48,37.85,1501.13,09/03/2022 22:20:00,,
9/3/2022,22:40,15.37,30.26,37.99,1502.25,09/03/2022 22:40:00,,
9/3/2022,23:00,15.55,30.46,38.37,1503.06,09/03/2022 23:00:00,,
9/3/2022,23:20,15.43,30.48,38.29,1502.7,09/03/2022 23:20:00,,
9/3/2022,23:40,15.15,30.6,38.18,1501.97,09/03/2022 23:40:00,,
9/3/2022,0:00,14.94,30.66,38.05,1501.34,09/03/2022 0:00:00,,
9/4/2022,0:20,14.88,30.66,38,1501.15,09/04/2022 0:20:00,,
9/4/2022,0:40,14.94,30.59,37.98,1501.26,09/04/2022 0:40:00,,
9/4/2022,1:00,15.03,30.61,38.08,1501.58,09/04/2022 1:00:00,,
9/4/2022,1:20,15,30.59,38.03,1501.46,09/04/2022 1:20:00,,
9/4/2022,1:40,14.97,30.48,37.88,1501.23,09/04/2022 1:40:00,,
9/4/2022,2:00,14.91,30.54,37.9,1501.11,09/04/2022 2:00:00,,
9/4/2022,2:20,14.85,30.37,37.65,1500.7,09/04/2022 2:20:00,,
9/4/2022,2:40,14.85,30.41,37.7,1500.76,09/04/2022 2:40:00,,
9/4/2022,3:00,14.88,30.9,38.28,1501.44,09/04/2022 3:00:00,,
9/4/2022,3:20,14.97,30.94,38.4,1501.78,09/04/2022 3:20:00,,
9/4/2022,3:40,15,30.97,38.45,1501.91,09/04/2022 3:40:00,,
9/4/2022,4:00,15.06,31.03,38.58,1502.18,09/04/2022 4:00:00,,
9/4/2022,4:20,15.06,30.92,38.45,1502.05,09/04/2022 4:20:00,,
9/4/2022,4:40,15.06,31.16,38.73,1502.34,09/04/2022 4:40:00,,
9/4/2022,5:00,15,31.17,38.68,1502.14,09/04/2022 5:00:00,,
9/4/2022,5:20,14.85,31.22,38.6,1501.71,09/04/2022 5:20:00,,
9/4/2022,5:40,14.66,31.21,38.42,1501.1,09/04/2022 5:40:00,,
9/4/2022,6:00,14.32,31.22,38.14,1500.02,09/04/2022 6:00:00,,
9/4/2022,6:20,13.95,31.2,37.78,1498.77,09/04/2022 6:20:00,,
9/4/2022,6:40,13.64,31.14,37.45,1497.68,09/04/2022 6:40:00,,
9/4/2022,7:00,13.29,31.19,37.19,1496.58,09/04/2022 7:00:00,,
9/4/2022,7:20,12.98,31.18,36.91,1495.52,09/04/2022 7:20:00,,
9/4/2022,7:40,12.66,31.18,36.63,1494.45,09/04/2022 7:40:00,,
9/4/2022,8:00,12.41,31.05,36.27,1493.43,09/04/2022 8:00:00,,
9/4/2022,8:20,12.28,31.13,36.25,1493.09,09/04/2022 8:20:00,,
9/4/2022,8:40,12.22,31.13,36.19,1492.87,09/04/2022 8:40:00,,
9/4/2022,9:00,12.22,31.13,36.19,1492.87,09/04/2022 9:00:00,,
9/4/2022,9:20,12.22,31.13,36.19,1492.87,09/04/2022 9:20:00,,
9/4/2022,9:40,12.22,30.99,36.04,1492.7,09/04/2022 9:40:00,,
9/4/2022,10:00,12.28,30.99,36.1,1492.91,09/04/2022 10:00:00,,
9/4/2022,10:20,12.47,30.97,36.25,1493.55,09/04/2022 10:20:00,,
9/4/2022,10:40,12.73,30.98,36.48,1494.43,09/04/2022 10:40:00,,
9/4/2022,11:00,12.88,30.98,36.61,1494.95,09/04/2022 11:00:00,,
9/4/2022,11:20,12.95,31.04,36.73,1495.25,09/04/2022 11:20:00,,
9/4/2022,11:40,13.01,31.06,36.81,1495.48,09/04/2022 11:40:00,,
9/4/2022,12:00,13.1,31.08,36.91,1495.82,09/04/2022 12:00:00,,
9/4/2022,12:20,13.17,31.03,36.91,1495.98,09/04/2022 12:20:00,,
9/4/2022,12:40,13.17,30.91,36.79,1495.84,09/04/2022 12:40:00,,
9/4/2022,13:00,13.23,30.86,36.79,1495.99,09/04/2022 13:00:00,,
9/4/2022,13:20,13.26,30.79,36.74,1496.01,09/04/2022 13:20:00,,
9/4/2022,13:40,13.07,30.83,36.61,1495.41,09/04/2022 13:40:00,,
9/4/2022,14:00,12.98,30.81,36.51,1495.07,09/04/2022 14:00:00,,
9/4/2022,14:20,12.76,30.7,36.21,1494.19,09/04/2022 14:20:00,,
9/4/2022,14:40,12.79,30.61,36.13,1494.19,09/04/2022 14:40:00,,
9/4/2022,15:00,13.2,30.54,36.42,1495.49,09/04/2022 15:00:00,,
9/4/2022,15:20,13.86,31.02,37.5,1498.25,09/04/2022 15:20:00,,
9/4/2022,15:40,14.41,30.97,37.94,1500.02,09/04/2022 15:40:00,,
9/4/2022,16:00,14.91,30.81,38.2,1501.43,09/04/2022 16:00:00,,
9/4/2022,16:20,15.37,30.73,38.51,1502.8,09/04/2022 16:20:00,,
9/4/2022,16:40,15.34,30.62,38.36,1502.57,09/04/2022 16:40:00,,
9/4/2022,17:00,15,30.56,38,1501.43,09/04/2022 17:00:00,,
9/4/2022,17:20,14.45,30.63,37.59,1499.72,09/04/2022 17:20:00,,
9/4/2022,17:40,14.1,30.6,37.26,1498.56,09/04/2022 17:40:00,,
9/4/2022,18:00,13.82,30.36,36.76,1497.35,09/04/2022 18:00:00,,
9/4/2022,18:20,13.57,30.55,36.75,1496.76,09/04/2022 18:20:00,,
9/4/2022,18:40,13.26,30.54,36.47,1495.7,09/04/2022 18:40:00,,
9/4/2022,19:00,13.29,30.56,36.52,1495.83,09/04/2022 19:00:00,,
9/4/2022,19:20,14.1,30.62,37.29,1498.59,09/04/2022 19:20:00,,
9/4/2022,19:40,14.41,30.79,37.74,1499.81,09/04/2022 19:40:00,,
9/4/2022,20:00,14.45,30.63,37.59,1499.72,09/04/2022 20:00:00,,
9/4/2022,20:20,14.26,30.66,37.46,1499.15,09/04/2022 20:20:00,,
9/4/2022,20:40,14.07,30.73,37.38,1498.63,09/04/2022 20:40:00,,
9/4/2022,21:00,13.61,30.52,36.75,1496.83,09/04/2022 21:00:00,,
9/4/2022,21:20,13.26,30.98,36.94,1496.23,09/04/2022 21:20:00,,
9/4/2022,21:40,13.36,31,37.04,1496.57,09/04/2022 21:40:00,,
9/4/2022,22:00,13.54,31.01,37.22,1497.21,09/04/2022 22:00:00,,
9/4/2022,22:20,13.76,30.89,37.28,1497.78,09/04/2022 22:20:00,,
9/4/2022,22:40,14.01,30.85,37.46,1498.56,09/04/2022 22:40:00,,
9/4/2022,23:00,14.01,30.83,37.43,1498.54,09/04/2022 23:00:00,,
9/4/2022,23:20,14.04,30.71,37.33,1498.5,09/04/2022 23:20:00,,
9/4/2022,23:40,14.17,30.71,37.44,1498.9,09/04/2022 23:40:00,,
9/4/2022,0:00,14.29,30.68,37.51,1499.27,09/04/2022 0:00:00,,
9/5/2022,0:20,14.35,30.68,37.57,1499.47,09/05/2022 0:20:00,,
9/5/2022,0:40,14.38,30.65,37.57,1499.54,09/05/2022 0:40:00,,
9/5/2022,1:00,14.41,30.4,37.32,1499.35,09/05/2022 1:00:00,,
9/5/2022,1:20,14.45,30.52,37.47,1499.58,09/05/2022 1:20:00,,
9/5/2022,1:40,14.48,30.45,37.42,1499.6,09/05/2022 1:40:00,,
9/5/2022,2:00,14.51,30.33,37.32,1499.57,09/05/2022 2:00:00,,
9/5/2022,2:20,14.54,30.22,37.22,1499.53,09/05/2022 2:20:00,,
9/5/2022,2:40,14.51,30.29,37.27,1499.51,09/05/2022 2:40:00,,
9/5/2022,3:00,14.48,30.22,37.17,1499.33,09/05/2022 3:00:00,,
9/5/2022,3:20,14.45,29.95,36.85,1498.91,09/05/2022 3:20:00,,
9/5/2022,3:40,14.35,30.05,36.87,1498.72,09/05/2022 3:40:00,,
9/5/2022,4:00,14.23,29.87,36.57,1498.1,09/05/2022 4:00:00,,
9/5/2022,4:20,14.1,30.78,37.46,1498.78,09/05/2022 4:20:00,,
9/5/2022,4:40,14.07,30.92,37.58,1498.84,09/05/2022 4:40:00,,
9/5/2022,5:00,14.17,30.84,37.59,1499.06,09/05/2022 5:00:00,,
9/5/2022,5:20,14.1,30.87,37.56,1498.89,09/05/2022 5:20:00,,
9/5/2022,5:40,13.98,30.92,37.51,1498.54,09/05/2022 5:40:00,,
9/5/2022,6:00,13.89,30.81,37.3,1498.1,09/05/2022 6:00:00,,
9/5/2022,6:20,13.73,30.82,37.18,1497.6,09/05/2022 6:20:00,,
9/5/2022,6:40,13.48,30.76,36.9,1496.7,09/05/2022 6:40:00,,
9/5/2022,7:00,13.2,30.82,36.72,1495.83,09/05/2022 7:00:00,,
9/5/2022,7:20,12.92,30.76,36.41,1494.8,09/05/2022 7:20:00,,
9/5/2022,7:40,12.63,30.68,36.08,1493.74,09/05/2022 7:40:00,,
9/5/2022,8:00,12.38,30.6,35.77,1492.78,09/05/2022 8:00:00,,
9/5/2022,8:20,12.19,30.56,35.57,1492.07,09/05/2022 8:20:00,,
9/5/2022,8:40,12.16,30.54,35.52,1491.94,09/05/2022 8:40:00,,
9/5/2022,9:00,12.19,30.54,35.55,1492.04,09/05/2022 9:00:00,,
9/5/2022,9:20,12.22,30.49,35.52,1492.09,09/05/2022 9:20:00,,
9/5/2022,9:40,12.22,30.35,35.37,1491.92,09/05/2022 9:40:00,,
9/5/2022,10:00,12.25,30.32,35.37,1492,09/05/2022 10:00:00,,
9/5/2022,10:20,12.28,29.99,35.05,1491.71,09/05/2022 10:20:00,,
9/5/2022,10:40,12.31,30.11,35.2,1491.96,09/05/2022 10:40:00,,
9/5/2022,11:00,12.35,29.97,35.08,1491.89,09/05/2022 11:00:00,,
9/5/2022,11:20,12.35,29.8,34.9,1491.69,09/05/2022 11:20:00,,
9/5/2022,11:40,12.35,29.54,34.63,1491.38,09/05/2022 11:40:00,,
9/5/2022,12:00,12.35,29.19,34.26,1490.95,09/05/2022 12:00:00,,
9/5/2022,12:20,12.35,29.05,34.11,1490.78,09/05/2022 12:20:00,,
9/5/2022,12:40,12.31,29.16,34.2,1490.81,09/05/2022 12:40:00,,
9/5/2022,13:00,12.44,29.02,34.16,1491.08,09/05/2022 13:00:00,,
9/5/2022,13:20,12.47,29,34.16,1491.16,09/05/2022 13:20:00,,
9/5/2022,13:40,12.54,28.88,34.09,1491.23,09/05/2022 13:40:00,,
9/5/2022,14:00,12.73,28.74,34.09,1491.71,09/05/2022 14:00:00,,
9/5/2022,14:20,12.95,28.86,34.39,1492.61,09/05/2022 14:20:00,,
9/5/2022,14:40,13.2,29.29,35.07,1493.99,09/05/2022 14:40:00,,
9/5/2022,15:00,13.32,29.24,35.12,1494.35,09/05/2022 15:00:00,,
9/5/2022,15:20,13.32,29.27,35.15,1494.38,09/05/2022 15:20:00,,
9/5/2022,15:40,13.26,29.22,35.05,1494.11,09/05/2022 15:40:00,,
9/5/2022,16:00,13.17,29.18,34.92,1493.74,09/05/2022 16:00:00,,
9/5/2022,16:20,12.88,29.18,34.69,1492.79,09/05/2022 16:20:00,,
9/5/2022,16:40,12.73,29.11,34.49,1492.17,09/05/2022 16:40:00,,
9/5/2022,17:00,12.69,28.97,34.31,1491.89,09/05/2022 17:00:00,,
9/5/2022,17:20,12.69,29,34.34,1491.92,09/05/2022 17:20:00,,
9/5/2022,17:40,12.76,28.86,34.24,1491.96,09/05/2022 17:40:00,,
9/5/2022,18:00,13.17,28.83,34.55,1493.32,09/05/2022 18:00:00,,
9/5/2022,18:20,13.61,28.67,34.73,1494.61,09/05/2022 18:20:00,,
9/5/2022,18:40,13.64,28.56,34.63,1494.57,09/05/2022 18:40:00,,
9/5/2022,19:00,13.61,28.37,34.41,1494.25,09/05/2022 19:00:00,,
9/5/2022,19:20,13.61,28.33,34.36,1494.2,09/05/2022 19:20:00,,
9/5/2022,19:40,13.54,28.37,34.36,1494.04,09/05/2022 19:40:00,,
9/5/2022,20:00,13.45,28.28,34.18,1493.61,09/05/2022 20:00:00,,
9/5/2022,20:20,13.29,28.26,34.03,1493.06,09/05/2022 20:20:00,,
9/5/2022,20:40,13.26,28.46,34.23,1493.2,09/05/2022 20:40:00,,
9/5/2022,21:00,13.39,28.51,34.38,1493.68,09/05/2022 21:00:00,,
9/5/2022,21:20,13.57,28.4,34.41,1494.17,09/05/2022 21:20:00,,
9/5/2022,21:40,13.64,28.15,34.19,1494.08,09/05/2022 21:40:00,,
9/5/2022,22:00,13.76,28.83,35.04,1495.32,09/05/2022 22:00:00,,
9/5/2022,22:20,13.92,28.69,35.01,1495.67,09/05/2022 22:20:00,,
9/5/2022,22:40,13.95,28.56,34.89,1495.61,09/05/2022 22:40:00,,
9/5/2022,23:00,14.07,28.42,34.84,1495.86,09/05/2022 23:00:00,,
9/5/2022,23:20,14.14,28.45,34.92,1496.1,09/05/2022 23:20:00,,
9/5/2022,23:40,14.2,28.11,34.6,1495.9,09/05/2022 23:40:00,,
9/5/2022,0:00,14.45,28.09,34.78,1496.69,09/05/2022 0:00:00,,
9/6/2022,0:20,14.6,27.92,34.71,1496.99,09/06/2022 0:20:00,,
9/6/2022,0:40,14.75,27.79,34.68,1497.34,09/06/2022 0:40:00,,
9/6/2022,1:00,14.94,27.71,34.74,1497.84,09/06/2022 1:00:00,,
9/6/2022,1:20,15.15,27.62,34.82,1498.44,09/06/2022 1:20:00,,
9/6/2022,1:40,15.28,27.52,34.8,1498.71,09/06/2022 1:40:00,,
9/6/2022,2:00,15.31,27.56,34.87,1498.86,09/06/2022 2:00:00,,
9/6/2022,2:20,15.31,27.59,34.9,1498.88,09/06/2022 2:20:00,,
9/6/2022,2:40,15.18,27.69,34.92,1498.62,09/06/2022 2:40:00,,
9/6/2022,3:00,15.06,27.73,34.87,1498.27,09/06/2022 3:00:00,,
9/6/2022,3:20,15,27.84,34.94,1498.2,09/06/2022 3:20:00,,
9/6/2022,3:40,14.97,27.84,34.91,1498.1,09/06/2022 3:40:00,,
9/6/2022,4:00,14.91,27.79,34.81,1497.84,09/06/2022 4:00:00,,
9/6/2022,4:20,14.85,27.7,34.66,1497.54,09/06/2022 4:20:00,,
9/6/2022,4:40,14.75,27.59,34.46,1497.1,09/06/2022 4:40:00,,
9/6/2022,5:00,14.66,27.48,34.26,1496.67,09/06/2022 5:00:00,,
9/6/2022,5:20,14.45,27.38,33.98,1495.84,09/06/2022 5:20:00,,
9/6/2022,5:40,14.29,28,34.55,1496.07,09/06/2022 5:40:00,,
9/6/2022,6:00,14.17,27.95,34.4,1495.61,09/06/2022 6:00:00,,
9/6/2022,6:20,14.04,27.91,34.24,1495.14,09/06/2022 6:20:00,,
9/6/2022,6:40,13.82,28.04,34.21,1494.57,09/06/2022 6:40:00,,
9/6/2022,7:00,13.57,27.99,33.96,1493.68,09/06/2022 7:00:00,,
9/6/2022,7:20,13.2,28.03,33.7,1492.46,09/06/2022 7:20:00,,
9/6/2022,7:40,13.07,28,33.57,1492,09/06/2022 7:40:00,,
9/6/2022,8:00,13.01,28.37,33.92,1492.23,09/06/2022 8:00:00,,
9/6/2022,8:20,13.07,28.09,33.67,1492.12,09/06/2022 8:20:00,,
9/6/2022,8:40,13.2,28.12,33.8,1492.57,09/06/2022 8:40:00,,
9/6/2022,9:00,13.36,28.21,34.03,1493.21,09/06/2022 9:00:00,,
9/6/2022,9:20,13.48,27.96,33.86,1493.34,09/06/2022 9:20:00,,
9/6/2022,9:40,13.54,27.8,33.73,1493.36,09/06/2022 9:40:00,,
9/6/2022,10:00,13.51,27.55,33.43,1492.95,09/06/2022 10:00:00,,
9/6/2022,10:20,13.42,27.71,33.53,1492.82,09/06/2022 10:20:00,,
9/6/2022,10:40,13.39,27.76,33.56,1492.77,09/06/2022 10:40:00,,
9/6/2022,11:00,13.45,27.6,33.43,1492.79,09/06/2022 11:00:00,,
9/6/2022,11:20,13.48,27.39,33.23,1492.65,09/06/2022 11:20:00,,
9/6/2022,11:40,13.57,27.37,33.29,1492.94,09/06/2022 11:40:00,,
9/6/2022,12:00,13.64,27.4,33.36,1493.18,09/06/2022 12:00:00,,
9/6/2022,12:20,13.7,27.4,33.41,1493.39,09/06/2022 12:20:00,,
9/6/2022,12:40,13.7,26.81,32.77,1492.69,09/06/2022 12:40:00,,
9/6/2022,13:00,13.73,27.47,33.51,1493.58,09/06/2022 13:00:00,,
9/6/2022,13:20,13.79,27.36,33.44,1493.66,09/06/2022 13:20:00,,
9/6/2022,13:40,13.92,27.32,33.49,1494.02,09/06/2022 13:40:00,,
9/6/2022,14:00,13.89,27.32,33.47,1493.92,09/06/2022 14:00:00,,
9/6/2022,14:20,13.92,27.29,33.47,1494,09/06/2022 14:20:00,,
9/6/2022,14:40,13.89,27.38,33.54,1494,09/06/2022 14:40:00,,
9/6/2022,15:00,13.86,27.36,33.49,1493.87,09/06/2022 15:00:00,,
9/6/2022,15:20,13.79,27.4,33.49,1493.71,09/06/2022 15:20:00,,
9/6/2022,15:40,13.64,27.35,33.31,1493.13,09/06/2022 15:40:00,,
9/6/2022,16:00,13.57,27.28,33.19,1492.83,09/06/2022 16:00:00,,
9/6/2022,16:20,13.64,27.15,33.09,1492.88,09/06/2022 16:20:00,,
9/6/2022,16:40,13.95,27.03,33.19,1493.78,09/06/2022 16:40:00,,
9/6/2022,17:00,14.38,26.98,33.48,1495.16,09/06/2022 17:00:00,,
9/6/2022,17:20,14.75,27.08,33.89,1496.5,09/06/2022 17:20:00,,
9/6/2022,17:40,14.88,27,33.89,1496.8,09/06/2022 17:40:00,,
9/6/2022,18:00,14.97,26.89,33.84,1496.98,09/06/2022 18:00:00,,
9/6/2022,18:20,15,26.57,33.49,1496.69,09/06/2022 18:20:00,,
9/6/2022,18:40,15,26.74,33.69,1496.89,09/06/2022 18:40:00,,
9/6/2022,19:00,15,26.81,33.77,1496.97,09/06/2022 19:00:00,,
9/6/2022,19:20,14.97,26.72,33.64,1496.77,09/06/2022 19:20:00,,
9/6/2022,19:40,14.97,26.72,33.64,1496.77,09/06/2022 19:40:00,,
9/6/2022,20:00,14.94,26.61,33.49,1496.53,09/06/2022 20:00:00,,
9/6/2022,20:20,14.94,26.61,33.49,1496.53,09/06/2022 20:20:00,,
9/6/2022,20:40,14.94,26.56,33.44,1496.48,09/06/2022 20:40:00,,
9/6/2022,21:00,14.88,26.58,33.41,1496.3,09/06/2022 21:00:00,,
9/6/2022,21:20,14.75,26.31,33.01,1495.58,09/06/2022 21:20:00,,
9/6/2022,21:40,14.63,26.37,32.98,1495.25,09/06/2022 21:40:00,,
9/6/2022,22:00,14.54,26.34,32.88,1494.91,09/06/2022 22:00:00,,
9/6/2022,22:20,14.51,26.38,32.91,1494.86,09/06/2022 22:20:00,,
9/6/2022,22:40,14.48,26.43,32.93,1494.81,09/06/2022 22:40:00,,
9/6/2022,23:00,14.35,26.64,33.08,1494.66,09/06/2022 23:00:00,,
9/6/2022,23:20,14.29,26.59,32.98,1494.4,09/06/2022 23:20:00,,
9/6/2022,23:40,14.2,26.3,32.58,1493.74,09/06/2022 23:40:00,,
9/6/2022,0:00,14.14,26.56,32.82,1493.85,09/06/2022 0:00:00,,
9/7/2022,0:20,14.1,26.54,32.77,1493.71,09/07/2022 0:20:00,,
9/7/2022,0:40,14.04,26.36,32.52,1493.29,09/07/2022 0:40:00,,
9/7/2022,1:00,13.95,26.28,32.37,1492.89,09/07/2022 1:00:00,,
9/7/2022,1:20,13.89,26.19,32.22,1492.57,09/07/2022 1:20:00,,
9/7/2022,1:40,13.79,26.39,32.37,1492.49,09/07/2022 1:40:00,,
,,,,,,,,
,,,,,,,,
,,,,,,,,
,,,,,,,,
,,,,,,,,
,,,,,,,,
,,,,,,,,
,,,,,,,,
9/7/2022,4:40,13.7,31.1,37.45,1497.83,09/07/2022 4:40:00,,
9/7/2022,5:00,13.7,31.07,37.42,1497.8,09/07/2022 5:00:00,,
9/7/2022,5:20,13.7,30.75,37.08,1497.41,09/07/2022 5:20:00,,
9/7/2022,5:40,13.7,30.64,36.95,1497.28,09/07/2022 5:40:00,,
9/7/2022,6:00,13.7,30.66,36.98,1497.3,09/07/2022 6:00:00,,
9/7/2022,6:20,13.67,30.5,36.78,1497.01,09/07/2022 6:20:00,,
9/7/2022,6:40,13.67,30.18,36.43,1496.62,09/07/2022 6:40:00,,
9/7/2022,7:00,13.64,30.43,36.68,1496.82,09/07/2022 7:00:00,,
9/7/2022,7:20,13.61,30.8,37.05,1497.16,09/07/2022 7:20:00,,
9/7/2022,7:40,13.57,30.87,37.1,1497.14,09/07/2022 7:40:00,,
9/7/2022,8:00,13.57,30.62,36.82,1496.84,09/07/2022 8:00:00,,
9/7/2022,8:20,13.57,30.46,36.65,1496.65,09/07/2022 8:20:00,,
9/7/2022,8:40,13.54,30.34,36.5,1496.41,09/07/2022 8:40:00,,
9/7/2022,9:00,13.57,30.02,36.18,1496.12,09/07/2022 9:00:00,,
9/7/2022,9:20,13.61,29.79,35.95,1495.95,09/07/2022 9:20:00,,
9/7/2022,9:40,13.7,29.7,35.93,1496.15,09/07/2022 9:40:00,,
9/7/2022,10:00,13.86,29.74,36.11,1496.72,09/07/2022 10:00:00,,
9/7/2022,10:20,14.04,29.55,36.06,1497.11,09/07/2022 10:20:00,,
9/7/2022,10:40,14.14,29.08,35.62,1496.85,09/07/2022 10:40:00,,
9/7/2022,11:00,14.2,29.15,35.74,1497.14,09/07/2022 11:00:00,,
9/7/2022,11:20,14.23,29.15,35.77,1497.24,09/07/2022 11:20:00,,
9/7/2022,11:40,14.2,29.28,35.89,1497.3,09/07/2022 11:40:00,,
9/7/2022,12:00,14.2,29.37,35.99,1497.41,09/07/2022 12:00:00,,
9/7/2022,12:20,14.23,29.42,36.07,1497.56,09/07/2022 12:20:00,,
9/7/2022,12:40,14.29,29.89,36.64,1498.33,09/07/2022 12:40:00,,
9/7/2022,13:00,14.32,29.98,36.77,1498.54,09/07/2022 13:00:00,,
9/7/2022,13:20,14.38,29.8,36.62,1498.52,09/07/2022 13:20:00,,
9/7/2022,13:40,14.41,29.89,36.74,1498.73,09/07/2022 13:40:00,,
9/7/2022,14:00,14.45,29.95,36.85,1498.91,09/07/2022 14:00:00,,
9/7/2022,14:20,14.32,30.02,36.82,1498.59,09/07/2022 14:20:00,,
9/7/2022,14:40,14.35,30.02,36.84,1498.69,09/07/2022 14:40:00,,
9/7/2022,15:00,14.32,30.25,37.07,1498.86,09/07/2022 15:00:00,,
9/7/2022,15:20,14.38,30.16,37.02,1498.95,09/07/2022 15:20:00,,
9/7/2022,15:40,14.35,30.11,36.94,1498.8,09/07/2022 15:40:00,,
9/7/2022,16:00,14.38,30.34,37.22,1499.17,09/07/2022 16:00:00,,
9/7/2022,16:20,14.38,30.38,37.27,1499.22,09/07/2022 16:20:00,,
9/7/2022,16:40,14.38,30.27,37.14,1499.09,09/07/2022 16:40:00,,
9/7/2022,17:00,14.45,30.38,37.32,1499.42,09/07/2022 17:00:00,,
9/7/2022,17:20,14.45,30.31,37.24,1499.34,09/07/2022 17:20:00,,
9/7/2022,17:40,14.41,30.34,37.24,1499.27,09/07/2022 17:40:00,,
9/7/2022,18:00,14.32,30.27,37.09,1498.89,09/07/2022 18:00:00,,
9/7/2022,18:20,14.29,30.32,37.12,1498.84,09/07/2022 18:20:00,,
9/7/2022,18:40,14.54,30.31,37.32,1499.64,09/07/2022 18:40:00,,
9/7/2022,19:00,15.09,30.38,37.88,1501.51,09/07/2022 19:00:00,,
9/7/2022,19:20,15.31,30.35,38.04,1502.16,09/07/2022 19:20:00,,
9/7/2022,19:40,15.46,30.39,38.21,1502.69,09/07/2022 19:40:00,,
9/7/2022,20:00,15.4,30.55,38.34,1502.68,09/07/2022 20:00:00,,
9/7/2022,20:20,15.28,30.44,38.11,1502.17,09/07/2022 20:20:00,,
9/7/2022,20:40,15.25,30.47,38.11,1502.1,09/07/2022 20:40:00,,
9/7/2022,21:00,15.21,29.23,36.69,1500.54,09/07/2022 21:00:00,,
9/7/2022,21:20,15.18,30.42,38.01,1501.85,09/07/2022 21:20:00,,
9/7/2022,21:40,15.15,30.07,37.58,1501.34,09/07/2022 21:40:00,,
9/7/2022,22:00,15.18,30.49,38.08,1501.93,09/07/2022 22:00:00,,
9/7/2022,22:20,15.18,30.4,37.98,1501.83,09/07/2022 22:20:00,,
9/7/2022,22:40,15.15,30.4,37.96,1501.73,09/07/2022 22:40:00,,
9/7/2022,23:00,15.06,30.52,38.01,1501.57,09/07/2022 23:00:00,,
9/7/2022,23:20,15,30.52,37.95,1501.38,09/07/2022 23:20:00,,
9/7/2022,23:40,14.94,30.5,37.88,1501.16,09/07/2022 23:40:00,,
9/7/2022,0:00,14.85,30.48,37.78,1500.84,09/07/2022 0:00:00,,
9/8/2022,0:20,14.82,30.48,37.75,1500.74,09/08/2022 0:20:00,,
9/8/2022,0:40,14.75,30.51,37.72,1500.57,09/08/2022 0:40:00,,
9/8/2022,1:00,14.72,30.46,37.65,1500.42,09/08/2022 1:00:00,,
9/8/2022,1:20,14.69,30.08,37.2,1499.87,09/08/2022 1:20:00,,
9/8/2022,1:40,14.63,30.17,37.25,1499.77,09/08/2022 1:40:00,,
9/8/2022,2:00,14.54,29.79,36.75,1499.02,09/08/2022 2:00:00,,
9/8/2022,2:20,14.51,30.15,37.12,1499.35,09/08/2022 2:20:00,,
,,,,,,,,
,,,,,,,,
,,,,,,,,
,,,,,,,,
,,,,,,,,
,,,,,,,,
,,,,,,,,
,,,,,,,,
9/8/2022,5:20,14.2,29.69,36.34,1497.78,09/08/2022 5:20:00,,
9/8/2022,5:40,14.17,30.48,37.19,1498.63,09/08/2022 5:40:00,,
9/8/2022,6:00,14.17,30.82,37.56,1499.04,09/08/2022 6:00:00,,
9/8/2022,6:20,14.2,30.5,37.24,1498.76,09/08/2022 6:20:00,,
9/8/2022,6:40,14.23,31.09,37.91,1499.56,09/08/2022 6:40:00,,
9/8/2022,7:00,14.26,29.93,36.67,1498.28,09/08/2022 7:00:00,,
9/8/2022,7:20,14.26,30.48,37.26,1498.93,09/08/2022 7:20:00,,
9/8/2022,7:40,14.26,29.96,36.69,1498.31,09/08/2022 7:40:00,,
9/8/2022,8:00,14.26,30.18,36.94,1498.58,09/08/2022 8:00:00,,
9/8/2022,8:20,14.26,30.18,36.94,1498.58,09/08/2022 8:20:00,,
9/8/2022,8:40,14.29,30.16,36.94,1498.65,09/08/2022 8:40:00,,
9/8/2022,9:00,14.29,30.09,36.87,1498.57,09/08/2022 9:00:00,,
9/8/2022,9:20,14.32,29.89,36.67,1498.43,09/08/2022 9:20:00,,
9/8/2022,9:40,14.35,29.77,36.57,1498.39,09/08/2022 9:40:00,,
9/8/2022,10:00,14.35,29.73,36.52,1498.34,09/08/2022 10:00:00,,
9/8/2022,10:20,14.38,29.35,36.12,1497.99,09/08/2022 10:20:00,,
9/8/2022,10:40,14.45,29.32,36.15,1498.16,09/08/2022 10:40:00,,
9/8/2022,11:00,14.38,29.37,36.15,1498.01,09/08/2022 11:00:00,,
9/8/2022,11:20,14.32,29.46,36.19,1497.92,09/08/2022 11:20:00,,
9/8/2022,11:40,14.29,29.24,35.92,1497.55,09/08/2022 11:40:00,,
9/8/2022,12:00,14.35,29.46,36.22,1498.02,09/08/2022 12:00:00,,
9/8/2022,12:20,14.41,29.48,36.3,1498.25,09/08/2022 12:20:00,,
9/8/2022,12:40,14.45,29.41,36.25,1498.27,09/08/2022 12:40:00,,
9/8/2022,13:00,14.51,29.28,36.15,1498.31,09/08/2022 13:00:00,,
9/8/2022,13:20,14.57,29.3,36.23,1498.54,09/08/2022 13:20:00,,
9/8/2022,13:40,14.6,29.79,36.8,1499.22,09/08/2022 13:40:00,,
9/8/2022,14:00,14.63,29.64,36.65,1499.13,09/08/2022 14:00:00,,
9/8/2022,14:20,14.69,29.5,36.55,1499.17,09/08/2022 14:20:00,,
9/8/2022,14:40,14.72,29.28,36.33,1499.01,09/08/2022 14:40:00,,
9/8/2022,15:00,14.78,29.08,36.16,1498.97,09/08/2022 15:00:00,,
9/8/2022,15:20,14.91,28.85,36.01,1499.1,09/08/2022 15:20:00,,
9/8/2022,15:40,14.97,28.97,36.18,1499.43,09/08/2022 15:40:00,,
9/8/2022,16:00,15.15,29.03,36.41,1500.11,09/08/2022 16:00:00,,
9/8/2022,16:20,15.34,29.71,37.34,1501.5,09/08/2022 16:20:00,,
9/8/2022,16:40,15.49,29.23,36.92,1501.41,09/08/2022 16:40:00,,
9/8/2022,17:00,15.7,29.49,37.4,1502.4,09/08/2022 17:00:00,,
9/8/2022,17:20,15.98,29.49,37.63,1503.26,09/08/2022 17:20:00,,
9/8/2022,17:40,16.19,29.57,37.91,1504.02,09/08/2022 17:40:00,,
9/8/2022,18:00,16.4,29.59,38.11,1504.71,09/08/2022 18:00:00,,
9/8/2022,18:20,16.58,29.14,37.74,1504.74,09/08/2022 18:20:00,,
9/8/2022,18:40,16.71,28.84,37.5,1504.76,09/08/2022 18:40:00,,
9/8/2022,19:00,16.8,29.95,38.87,1506.34,09/08/2022 19:00:00,,
9/8/2022,19:20,16.68,30.38,39.27,1506.47,09/08/2022 19:20:00,,
9/8/2022,19:40,16.55,30.15,38.89,1505.83,09/08/2022 19:40:00,,
9/8/2022,20:00,16.43,29.61,38.16,1504.82,09/08/2022 20:00:00,,
9/8/2022,20:20,16.34,30.05,38.58,1505.05,09/08/2022 20:20:00,,
9/8/2022,20:40,16.28,30.22,38.73,1505.07,09/08/2022 20:40:00,,
9/8/2022,21:00,16.22,29.57,37.93,1504.12,09/08/2022 21:00:00,,
9/8/2022,21:20,16.13,29.94,38.28,1504.27,09/08/2022 21:20:00,,
9/8/2022,21:40,16.01,30.05,38.3,1504.02,09/08/2022 21:40:00,,
9/8/2022,22:00,15.83,30.06,38.15,1503.45,09/08/2022 22:00:00,,
9/8/2022,22:20,15.61,29.89,37.77,1502.58,09/08/2022 22:20:00,,
9/8/2022,22:40,15.43,30,37.74,1502.13,09/08/2022 22:40:00,,
9/8/2022,23:00,15.28,30,37.61,1501.65,09/08/2022 23:00:00,,
9/8/2022,23:20,15.15,29.98,37.48,1501.23,09/08/2022 23:20:00,,
9/8/2022,23:40,15,29.85,37.21,1500.59,09/08/2022 23:40:00,,
9/8/2022,0:00,14.88,29.39,36.58,1499.64,09/08/2022 0:00:00,,
9/9/2022,0:20,14.75,29.7,36.83,1499.61,09/09/2022 0:20:00,,
9/9/2022,0:40,14.63,29.75,36.77,1499.27,09/09/2022 0:40:00,,
9/9/2022,1:00,14.51,29.5,36.4,1498.58,09/09/2022 1:00:00,,
9/9/2022,1:20,14.38,29.06,35.8,1497.64,09/09/2022 1:20:00,,
9/9/2022,1:40,14.2,28.99,35.57,1496.95,09/09/2022 1:40:00,,
9/9/2022,2:00,14.04,28.81,35.24,1496.22,09/09/2022 2:00:00,,
9/9/2022,2:20,13.89,29.1,35.44,1496.06,09/09/2022 2:20:00,,
9/9/2022,2:40,13.76,28.29,34.44,1494.66,09/09/2022 2:40:00,,
9/9/2022,3:00,13.64,28.67,34.76,1494.71,09/09/2022 3:00:00,,
,,,,,,,,
,,,,,,,,
,,,,,,,,
,,,,,,,,
,,,,,,,,
,,,,,,,,
,,,,,,,,
,,,,,,,,
9/9/2022,6:00,13.73,30.45,36.78,1497.16,09/09/2022 6:00:00,,
9/9/2022,6:20,13.73,29.67,35.93,1496.23,09/09/2022 6:20:00,,
9/9/2022,6:40,13.73,30.13,36.43,1496.77,09/09/2022 6:40:00,,
9/9/2022,7:00,13.73,29.88,36.16,1496.47,09/09/2022 7:00:00,,
9/9/2022,7:20,13.76,30.11,36.43,1496.85,09/09/2022 7:20:00,,
9/9/2022,7:40,13.76,29.9,36.21,1496.6,09/09/2022 7:40:00,,
9/9/2022,8:00,13.82,29.97,36.33,1496.89,09/09/2022 8:00:00,,
9/9/2022,8:20,13.86,28.76,35.04,1495.55,09/09/2022 8:20:00,,
9/9/2022,8:40,14.04,30.08,36.64,1497.74,09/09/2022 8:40:00,,
9/9/2022,9:00,14.17,30.32,37.01,1498.44,09/09/2022 9:00:00,,
9/9/2022,9:20,14.35,30.47,37.34,1499.23,09/09/2022 9:20:00,,
9/9/2022,9:40,14.48,30.2,37.14,1499.3,09/09/2022 9:40:00,,
9/9/2022,10:00,14.54,30.02,37,1499.29,09/09/2022 10:00:00,,
9/9/2022,10:20,14.51,30.18,37.15,1499.38,09/09/2022 10:20:00,,
9/9/2022,10:40,14.32,29.96,36.74,1498.51,09/09/2022 10:40:00,,
9/9/2022,11:00,14.35,29.91,36.72,1498.56,09/09/2022 11:00:00,,
9/9/2022,11:20,14.41,29.91,36.77,1498.76,09/09/2022 11:20:00,,
9/9/2022,11:40,14.48,29.91,36.82,1498.96,09/09/2022 11:40:00,,
9/9/2022,12:00,14.54,29.86,36.82,1499.1,09/09/2022 12:00:00,,
9/9/2022,12:20,14.54,29.79,36.75,1499.02,09/09/2022 12:20:00,,
9/9/2022,12:40,14.54,28.74,35.58,1497.77,09/09/2022 12:40:00,,
9/9/2022,13:00,14.54,29.61,36.55,1498.81,09/09/2022 13:00:00,,
9/9/2022,13:20,14.54,29.77,36.72,1499,09/09/2022 13:20:00,,
9/9/2022,13:40,14.57,30.04,37.05,1499.42,09/09/2022 13:40:00,,
9/9/2022,14:00,14.69,30.24,37.37,1500.05,09/09/2022 14:00:00,,
9/9/2022,14:20,14.78,30.12,37.33,1500.21,09/09/2022 14:20:00,,
9/9/2022,14:40,14.88,30.08,37.35,1500.46,09/09/2022 14:40:00,,
9/9/2022,15:00,15.15,29.98,37.48,1501.23,09/09/2022 15:00:00,,
9/9/2022,15:20,15.34,30.02,37.69,1501.87,09/09/2022 15:20:00,,
9/9/2022,15:40,15.52,29.69,37.47,1502.05,09/09/2022 15:40:00,,
9/9/2022,16:00,15.64,29.45,37.3,1502.16,09/09/2022 16:00:00,,
9/9/2022,16:20,15.67,29.6,37.5,1502.43,09/09/2022 16:20:00,,
9/9/2022,16:40,15.55,29.34,37.1,1501.74,09/09/2022 16:40:00,,
9/9/2022,17:00,15.31,29.27,36.82,1500.88,09/09/2022 17:00:00,,
9/9/2022,17:20,15.25,29.34,36.84,1500.77,09/09/2022 17:20:00,,
9/9/2022,17:40,15.34,29.78,37.41,1501.58,09/09/2022 17:40:00,,
9/9/2022,18:00,15.64,29.73,37.62,1502.49,09/09/2022 18:00:00,,
9/9/2022,18:20,15.83,30.08,38.17,1503.48,09/09/2022 18:20:00,,
9/9/2022,18:40,16.01,29.99,38.23,1503.94,09/09/2022 18:40:00,,
9/9/2022,19:00,16.07,30.18,38.5,1504.36,09/09/2022 19:00:00,,
9/9/2022,19:20,16.04,29.66,37.88,1503.65,09/09/2022 19:20:00,,
9/9/2022,19:40,15.89,30.38,38.57,1504.02,09/09/2022 19:40:00,,
9/9/2022,20:00,15.73,29.95,37.95,1503.04,09/09/2022 20:00:00,,
9/9/2022,20:20,15.55,29.97,37.82,1502.49,09/09/2022 20:20:00,,
9/9/2022,20:40,15.34,29.47,37.07,1501.21,09/09/2022 20:40:00,,
9/9/2022,21:00,15.18,29.89,37.41,1501.22,09/09/2022 21:00:00,,
9/9/2022,21:20,15.06,30.18,37.63,1501.18,09/09/2022 21:20:00,,
9/9/2022,21:40,15,31.37,38.9,1502.38,09/09/2022 21:40:00,,
9/9/2022,22:00,15.06,30.5,37.98,1501.54,09/09/2022 22:00:00,,
9/9/2022,22:20,15.15,31.27,38.93,1502.76,09/09/2022 22:20:00,,
9/9/2022,22:40,15.28,31.33,39.11,1503.22,09/09/2022 22:40:00,,
9/9/2022,23:00,15.43,31.35,39.26,1503.72,09/09/2022 23:00:00,,
9/9/2022,23:20,15.52,31.34,39.34,1504.01,09/09/2022 23:20:00,,
9/9/2022,23:40,15.64,31.36,39.46,1504.41,09/09/2022 23:40:00,,
9/9/2022,0:00,15.73,31.35,39.54,1504.69,09/09/2022 0:00:00,,
9/10/2022,0:20,15.73,31.37,39.57,1504.72,09/10/2022 0:20:00,,
9/10/2022,0:40,15.73,31.33,39.52,1504.66,09/10/2022 0:40:00,,
9/10/2022,1:00,15.67,31.36,39.49,1504.5,09/10/2022 1:00:00,,
9/10/2022,1:20,15.64,31.36,39.46,1504.41,09/10/2022 1:20:00,,
9/10/2022,1:40,15.64,31.36,39.46,1504.41,09/10/2022 1:40:00,,
9/10/2022,2:00,15.67,31.31,39.44,1504.45,09/10/2022 2:00:00,,
9/10/2022,2:20,15.7,31.29,39.44,1504.52,09/10/2022 2:20:00,,
9/10/2022,2:40,15.7,31.2,39.34,1504.41,09/10/2022 2:40:00,,
9/10/2022,3:00,15.67,31.13,39.24,1504.24,09/10/2022 3:00:00,,
9/10/2022,3:20,15.64,31.05,39.12,1504.04,09/10/2022 3:20:00,,
9/10/2022,3:40,15.64,31.09,39.17,1504.1,09/10/2022 3:40:00,,
9/10/2022,4:00,15.61,31.14,39.19,1504.05,09/10/2022 4:00:00,,
,,,,,,,,
,,,,,,,,
,,,,,,,,
,,,,,,,,
,,,,,,,,
,,,,,,,,
9/10/2022,6:20,15.46,31.19,39.11,1503.63,09/10/2022 6:20:00,,
9/10/2022,6:40,15.4,30.57,38.36,1502.71,09/10/2022 6:40:00,,
9/10/2022,7:00,15.34,30.38,38.09,1502.28,09/10/2022 7:00:00,,
9/10/2022,7:20,15.31,30.35,38.04,1502.16,09/10/2022 7:20:00,,
9/10/2022,7:40,15.31,30.38,38.06,1502.19,09/10/2022 7:40:00,,
9/10/2022,8:00,15.34,30.97,38.76,1502.99,09/10/2022 8:00:00,,
9/10/2022,8:20,15.37,30.73,38.51,1502.8,09/10/2022 8:20:00,,
9/10/2022,8:40,15.4,30.64,38.44,1502.79,09/10/2022 8:40:00,,
9/10/2022,9:00,15.43,30.95,38.81,1503.25,09/10/2022 9:00:00,,
9/10/2022,9:20,15.46,30.92,38.81,1503.32,09/10/2022 9:20:00,,
9/10/2022,9:40,15.46,31.01,38.91,1503.42,09/10/2022 9:40:00,,
9/10/2022,10:00,15.49,31.05,38.99,1503.57,09/10/2022 10:00:00,,
9/10/2022,10:20,15.49,31.05,38.99,1503.57,09/10/2022 10:20:00,,
9/10/2022,10:40,15.55,31.07,39.06,1503.79,09/10/2022 10:40:00,,
9/10/2022,11:00,15.58,31.05,39.06,1503.86,09/10/2022 11:00:00,,
9/10/2022,11:20,15.67,31.05,39.14,1504.14,09/10/2022 11:20:00,,
9/10/2022,11:40,15.7,31.27,39.42,1504.49,09/10/2022 11:40:00,,
9/10/2022,12:00,15.73,31.22,39.39,1504.53,09/10/2022 12:00:00,,
9/10/2022,12:20,15.76,31.15,39.34,1504.55,09/10/2022 12:20:00,,
9/10/2022,12:40,15.83,31.19,39.44,1504.79,09/10/2022 12:40:00,,
9/10/2022,13:00,15.86,31.19,39.47,1504.88,09/10/2022 13:00:00,,
9/10/2022,13:20,15.92,31.15,39.47,1505.02,09/10/2022 13:20:00,,
9/10/2022,13:40,15.95,31.14,39.5,1505.11,09/10/2022 13:40:00,,
9/10/2022,14:00,16.04,31.14,39.57,1505.39,09/10/2022 14:00:00,,
9/10/2022,14:20,16.1,31.18,39.68,1505.63,09/10/2022 14:20:00,,
9/10/2022,14:40,16.1,31.23,39.72,1505.68,09/10/2022 14:40:00,,
9/10/2022,15:00,16.16,31.11,39.65,1505.74,09/10/2022 15:00:00,,
9/10/2022,15:20,16.16,31.16,39.7,1505.79,09/10/2022 15:20:00,,
9/10/2022,15:40,16.19,31.07,39.63,1505.78,09/10/2022 15:40:00,,
9/10/2022,16:00,16.16,31,39.53,1505.61,09/10/2022 16:00:00,,
9/10/2022,16:20,16.16,30.92,39.43,1505.51,09/10/2022 16:20:00,,
9/10/2022,16:40,16.1,30.88,39.33,1505.27,09/10/2022 16:40:00,,
9/10/2022,17:00,16.04,30.86,39.25,1505.06,09/10/2022 17:00:00,,
9/10/2022,17:20,16.04,30.84,39.23,1505.03,09/10/2022 17:20:00,,
9/10/2022,17:40,15.98,30.82,39.15,1504.82,09/10/2022 17:40:00,,
9/10/2022,18:00,15.95,30.86,39.17,1504.78,09/10/2022 18:00:00,,
9/10/2022,18:20,15.92,30.77,39.05,1504.58,09/10/2022 18:20:00,,
9/10/2022,18:40,15.89,30.78,39.02,1504.49,09/10/2022 18:40:00,,
9/10/2022,19:00,15.83,30.78,38.97,1504.3,09/10/2022 19:00:00,,
9/10/2022,19:20,15.76,30.8,38.94,1504.14,09/10/2022 19:20:00,,
9/10/2022,19:40,15.7,30.85,38.94,1504,09/10/2022 19:40:00,,
9/10/2022,20:00,15.67,31.09,39.19,1504.19,09/10/2022 20:00:00,,
9/10/2022,20:20,15.67,31.11,39.22,1504.22,09/10/2022 20:20:00,,
9/10/2022,20:40,15.67,31.16,39.27,1504.27,09/10/2022 20:40:00,,
9/10/2022,21:00,15.7,31,39.12,1504.18,09/10/2022 21:00:00,,
9/10/2022,21:20,15.73,31.13,39.29,1504.43,09/10/2022 21:20:00,,
9/10/2022,21:40,15.8,31.15,39.37,1504.64,09/10/2022 21:40:00,,
9/10/2022,22:00,15.8,31.17,39.39,1504.67,09/10/2022 22:00:00,,
9/10/2022,22:20,15.83,31.15,39.39,1504.74,09/10/2022 22:20:00,,
9/10/2022,22:40,15.83,31.15,39.39,1504.74,09/10/2022 22:40:00,,
9/10/2022,23:00,15.8,31.15,39.37,1504.64,09/10/2022 23:00:00,,
9/10/2022,23:20,15.8,31.13,39.34,1504.62,09/10/2022 23:20:00,,
9/10/2022,23:40,15.76,31.11,39.29,1504.5,09/10/2022 23:40:00,,
9/10/2022,0:00,15.76,31.11,39.29,1504.5,09/10/2022 0:00:00,,
9/11/2022,0:20,15.73,31.13,39.29,1504.43,09/11/2022 0:20:00,,
9/11/2022,0:40,15.73,31.11,39.27,1504.41,09/11/2022 0:40:00,,
9/11/2022,1:00,15.73,31.15,39.32,1504.46,09/11/2022 1:00:00,,
9/11/2022,1:20,15.73,31.04,39.19,1504.33,09/11/2022 1:20:00,,
9/11/2022,1:40,15.73,31.02,39.17,1504.3,09/11/2022 1:40:00,,
9/11/2022,2:00,15.73,31.04,39.19,1504.33,09/11/2022 2:00:00,,
9/11/2022,2:20,15.73,31.24,39.42,1504.56,09/11/2022 2:20:00,,
9/11/2022,2:40,15.73,31.24,39.42,1504.56,09/11/2022 2:40:00,,
9/11/2022,3:00,15.73,31.18,39.34,1504.48,09/11/2022 3:00:00,,
9/11/2022,3:20,15.73,31.2,39.37,1504.51,09/11/2022 3:20:00,,
9/11/2022,3:40,15.7,31.16,39.29,1504.36,09/11/2022 3:40:00,,
9/11/2022,4:00,15.67,31.16,39.27,1504.27,09/11/2022 4:00:00,,
9/11/2022,4:20,15.64,31.11,39.19,1504.12,09/11/2022 4:20:00,,
9/11/2022,4:40,15.55,31.07,39.06,1503.79,09/11/2022 4:40:00,,
9/11/2022,5:00,15.43,31.12,39.01,1503.46,09/11/2022 5:00:00,,
9/11/2022,5:20,15.37,31.13,38.96,1503.27,09/11/2022 5:20:00,,
9/11/2022,5:40,15.28,31.06,38.81,1502.9,09/11/2022 5:40:00,,
9/11/2022,6:00,15.21,31,38.68,1502.63,09/11/2022 6:00:00,,
9/11/2022,6:20,15.15,31.14,38.78,1502.6,09/11/2022 6:20:00,,
9/11/2022,6:40,15.12,31.18,38.8,1502.56,09/11/2022 6:40:00,,
9/11/2022,7:00,15.06,31.19,38.75,1502.36,09/11/2022 7:00:00,,
9/11/2022,7:20,15.03,31.16,38.7,1502.24,09/11/2022 7:20:00,,
9/11/2022,7:40,15.03,31.12,38.65,1502.19,09/11/2022 7:40:00,,
9/11/2022,8:00,15.03,31.05,38.58,1502.11,09/11/2022 8:00:00,,
9/11/2022,8:20,15.03,31.1,38.63,1502.16,09/11/2022 8:20:00,,
9/11/2022,8:40,15.06,31.03,38.58,1502.18,09/11/2022 8:40:00,,
9/11/2022,9:00,15.09,31.05,38.63,1502.3,09/11/2022 9:00:00,,
9/11/2022,9:20,15.12,31.07,38.68,1502.42,09/11/2022 9:20:00,,
9/11/2022,9:40,15.18,31.07,38.73,1502.62,09/11/2022 9:40:00,,
9/11/2022,10:00,15.21,31.02,38.71,1502.66,09/11/2022 10:00:00,,
9/11/2022,10:20,15.31,31.02,38.78,1502.95,09/11/2022 10:20:00,,
9/11/2022,10:40,15.4,31.06,38.91,1503.29,09/11/2022 10:40:00,,
9/11/2022,11:00,15.46,31.06,38.96,1503.48,09/11/2022 11:00:00,,
9/11/2022,11:20,15.55,30.74,38.69,1503.4,09/11/2022 11:20:00,,
9/11/2022,11:40,15.61,30.3,38.24,1503.07,09/11/2022 11:40:00,,
9/11/2022,12:00,15.67,30.76,38.82,1503.8,09/11/2022 12:00:00,,
9/11/2022,12:20,15.64,30.78,38.82,1503.73,09/11/2022 12:20:00,,
9/11/2022,12:40,15.58,30.81,38.79,1503.57,09/11/2022 12:40:00,,
9/11/2022,13:00,15.55,30.77,38.72,1503.42,09/11/2022 13:00:00,,
9/11/2022,13:20,15.46,30.72,38.59,1503.08,09/11/2022 13:20:00,,
9/11/2022,13:40,15.21,30.8,38.46,1502.4,09/11/2022 13:40:00,,
9/11/2022,14:00,15.06,30.7,38.21,1501.78,09/11/2022 14:00:00,,
9/11/2022,14:20,14.94,30.72,38.13,1501.42,09/11/2022 14:20:00,,
9/11/2022,14:40,14.82,30.75,38.05,1501.06,09/11/2022 14:40:00,,
9/11/2022,15:00,14.82,30.73,38.02,1501.03,09/11/2022 15:00:00,,
9/11/2022,15:20,14.78,30.77,38.05,1500.99,09/11/2022 15:20:00,,
9/11/2022,15:40,14.66,30.78,37.95,1500.59,09/11/2022 15:40:00,,
9/11/2022,16:00,14.48,30.67,37.67,1499.87,09/11/2022 16:00:00,,
9/11/2022,16:20,14.38,30.65,37.57,1499.54,09/11/2022 16:20:00,,
9/11/2022,16:40,14.41,30.63,37.57,1499.62,09/11/2022 16:40:00,,
9/11/2022,17:00,14.32,30.59,37.44,1499.26,09/11/2022 17:00:00,,
9/11/2022,17:20,14.45,30.31,37.24,1499.34,09/11/2022 17:20:00,,
9/11/2022,17:40,15.18,30.27,37.83,1501.67,09/11/2022 17:40:00,,
9/11/2022,18:00,15.76,29.84,37.85,1503,09/11/2022 18:00:00,,
9/11/2022,18:20,16.04,29.77,38,1503.78,09/11/2022 18:20:00,,
9/11/2022,18:40,16.04,30.23,38.53,1504.32,09/11/2022 18:40:00,,
9/11/2022,19:00,15.83,30.03,38.12,1503.42,09/11/2022 19:00:00,,
9/11/2022,19:20,15.67,30.59,38.62,1503.59,09/11/2022 19:20:00,,
9/11/2022,19:40,15.52,29.49,37.24,1501.82,09/11/2022 19:40:00,,
9/11/2022,20:00,15.37,29.87,37.54,1501.78,09/11/2022 20:00:00,,
9/11/2022,20:20,15.18,29.58,37.06,1500.86,09/11/2022 20:20:00,,
9/11/2022,20:40,15.18,29.96,37.49,1501.3,09/11/2022 20:40:00,,
9/11/2022,21:00,15.28,29.98,37.59,1501.62,09/11/2022 21:00:00,,
9/11/2022,21:20,15.46,30.28,38.09,1502.56,09/11/2022 21:20:00,,
9/11/2022,21:40,15.58,30.06,37.94,1502.69,09/11/2022 21:40:00,,
9/11/2022,22:00,15.7,30.04,38.02,1503.04,09/11/2022 22:00:00,,
9/11/2022,22:20,15.76,30.76,38.89,1504.09,09/11/2022 22:20:00,,
9/11/2022,22:40,15.89,30.34,38.52,1503.97,09/11/2022 22:40:00,,
9/11/2022,23:00,15.98,30.14,38.38,1504.03,09/11/2022 23:00:00,,
9/11/2022,23:20,16.13,30.22,38.6,1504.6,09/11/2022 23:20:00,,
9/11/2022,23:40,16.22,30.81,39.35,1505.57,09/11/2022 23:40:00,,
9/11/2022,0:00,16.28,30.39,38.93,1505.27,09/11/2022 0:00:00,,
9/12/2022,0:20,16.31,30.41,38.98,1505.39,09/12/2022 0:20:00,,
9/12/2022,0:40,16.34,29.85,38.36,1504.82,09/12/2022 0:40:00,,
9/12/2022,1:00,16.37,30.11,38.69,1505.22,09/12/2022 1:00:00,,
9/12/2022,1:20,16.34,29.89,38.41,1504.87,09/12/2022 1:20:00,,
9/12/2022,1:40,16.04,30.07,38.35,1504.14,09/12/2022 1:40:00,,
9/12/2022,2:00,15.76,29.95,37.97,1503.13,09/12/2022 2:00:00,,
9/12/2022,2:20,15.46,30.17,37.97,1502.43,09/12/2022 2:20:00,,
9/12/2022,2:40,15.34,29.6,37.22,1501.37,09/12/2022 2:40:00,,
9/12/2022,3:00,15.25,30.44,38.08,1502.07,09/12/2022 3:00:00,,
9/12/2022,3:20,15.18,30.67,38.28,1502.14,09/12/2022 3:20:00,,
9/12/2022,3:40,15.09,30.89,38.45,1502.12,09/12/2022 3:40:00,,
9/12/2022,4:00,14.91,30.81,38.2,1501.43,09/12/2022 4:00:00,,
9/12/2022,4:20,14.75,30.64,37.87,1500.73,09/12/2022 4:20:00,,
9/12/2022,4:40,14.63,30.91,38.07,1500.66,09/12/2022 4:40:00,,
9/12/2022,5:00,14.51,30.63,37.64,1499.91,09/12/2022 5:00:00,,
9/12/2022,5:20,14.45,30.61,37.57,1499.69,09/12/2022 5:20:00,,
9/12/2022,5:40,14.48,30.42,37.39,1499.57,09/12/2022 5:40:00,,
9/12/2022,6:00,14.63,28.79,35.7,1498.12,09/12/2022 6:00:00,,
9/12/2022,6:20,14.88,31.15,38.55,1501.73,09/12/2022 6:20:00,,
9/12/2022,6:40,15.15,31.14,38.78,1502.6,09/12/2022 6:40:00,,
9/12/2022,7:00,15.21,30.8,38.46,1502.4,09/12/2022 7:00:00,,
9/12/2022,7:20,15.28,30.89,38.61,1502.69,09/12/2022 7:20:00,,
9/12/2022,7:40,15.37,30.91,38.71,1503.01,09/12/2022 7:40:00,,
9/12/2022,8:00,15.43,30.92,38.79,1503.22,09/12/2022 8:00:00,,
9/12/2022,8:20,15.43,31.08,38.96,1503.41,09/12/2022 8:20:00,,
9/12/2022,8:40,15.49,31.01,38.94,1503.52,09/12/2022 8:40:00,,
9/12/2022,9:00,15.52,31.08,39.04,1503.69,09/12/2022 9:00:00,,
9/12/2022,9:20,15.55,31.05,39.04,1503.76,09/12/2022 9:20:00,,
9/12/2022,9:40,15.55,31.1,39.09,1503.81,09/12/2022 9:40:00,,
9/12/2022,10:00,15.58,31.16,39.19,1503.99,09/12/2022 10:00:00,,
9/12/2022,10:20,15.58,31.05,39.06,1503.86,09/12/2022 10:20:00,,
9/12/2022,10:40,15.61,31.07,39.12,1503.98,09/12/2022 10:40:00,,
9/12/2022,11:00,15.67,31.07,39.17,1504.17,09/12/2022 11:00:00,,
9/12/2022,11:20,15.73,31.11,39.27,1504.41,09/12/2022 11:20:00,,
9/12/2022,11:40,15.8,31.06,39.27,1504.54,09/12/2022 11:40:00,,
9/12/2022,12:00,15.83,31.11,39.34,1504.69,09/12/2022 12:00:00,,
9/12/2022,12:20,15.89,31.1,39.4,1504.87,09/12/2022 12:20:00,,
9/12/2022,12:40,15.92,30.84,39.12,1504.66,09/12/2022 12:40:00,,
9/12/2022,13:00,15.95,30.77,39.07,1504.68,09/12/2022 13:00:00,,
9/12/2022,13:20,15.98,29.88,38.08,1503.72,09/12/2022 13:20:00,,
9/12/2022,13:40,16.01,30.66,39,1504.73,09/12/2022 13:40:00,,
9/12/2022,14:00,15.89,31.19,39.5,1504.98,09/12/2022 14:00:00,,
9/12/2022,14:20,15.73,31.15,39.32,1504.46,09/12/2022 14:20:00,,
9/12/2022,14:40,15.61,30.7,38.69,1503.53,09/12/2022 14:40:00,,
9/12/2022,15:00,15.43,30.86,38.71,1503.15,09/12/2022 15:00:00,,
9/12/2022,15:20,15.31,30.77,38.51,1502.66,09/12/2022 15:20:00,,
9/12/2022,15:40,15.31,30.82,38.56,1502.71,09/12/2022 15:40:00,,
9/12/2022,16:00,15.4,30.55,38.34,1502.68,09/12/2022 16:00:00,,
9/12/2022,16:20,15.52,30.7,38.61,1503.25,09/12/2022 16:20:00,,
9/12/2022,16:40,15.61,30.63,38.62,1503.46,09/12/2022 16:40:00,,
9/12/2022,17:00,15.55,30.66,38.59,1503.29,09/12/2022 17:00:00,,
9/12/2022,17:20,15.46,30.81,38.69,1503.19,09/12/2022 17:20:00,,
9/12/2022,17:40,15.34,30.71,38.46,1502.68,09/12/2022 17:40:00,,
9/12/2022,18:00,15.28,30.73,38.43,1502.51,09/12/2022 18:00:00,,
9/12/2022,18:20,15.28,29.47,37.01,1501.02,09/12/2022 18:20:00,,
9/12/2022,18:40,15.31,31.11,38.88,1503.05,09/12/2022 18:40:00,,
9/12/2022,19:00,15.43,30.53,38.34,1502.75,09/12/2022 19:00:00,,
9/12/2022,19:20,15.58,30.96,38.96,1503.75,09/12/2022 19:20:00,,
9/12/2022,19:40,15.67,30.76,38.82,1503.8,09/12/2022 19:40:00,,
9/12/2022,20:00,15.83,30.73,38.92,1504.25,09/12/2022 20:00:00,,
9/12/2022,20:20,15.95,30.84,39.15,1504.75,09/12/2022 20:20:00,,
9/12/2022,20:40,16.07,30.59,38.98,1504.85,09/12/2022 20:40:00,,
9/12/2022,21:00,16.19,30.2,38.63,1504.76,09/12/2022 21:00:00,,
9/12/2022,21:20,16.25,30.61,39.16,1505.43,09/12/2022 21:20:00,,
9/12/2022,21:40,16.31,30.5,39.08,1505.49,09/12/2022 21:40:00,,
9/12/2022,22:00,16.31,30.57,39.16,1505.56,09/12/2022 22:00:00,,
9/12/2022,22:20,16.31,31.02,39.68,1506.1,09/12/2022 22:20:00,,
9/12/2022,22:40,16.28,30.15,38.66,1504.99,09/12/2022 22:40:00,,
9/12/2022,23:00,16.25,30.87,39.45,1505.74,09/12/2022 23:00:00,,
9/12/2022,23:20,16.25,31.15,39.78,1506.07,09/12/2022 23:20:00,,
9/12/2022,23:40,16.22,31.18,39.78,1506,09/12/2022 23:40:00,,
9/12/2022,0:00,16.22,31.07,39.65,1505.87,09/12/2022 0:00:00,,
9/13/2022,0:20,16.22,30.83,39.38,1505.59,09/13/2022 0:20:00,,
9/13/2022,0:40,16.22,30.35,38.83,1505.03,09/13/2022 0:40:00,,
9/13/2022,1:00,16.25,30.48,39.01,1505.28,09/13/2022 1:00:00,,
9/13/2022,1:20,16.22,31.15,39.75,1505.97,09/13/2022 1:20:00,,
9/13/2022,1:40,15.95,31.17,39.52,1505.14,09/13/2022 1:40:00,,
9/13/2022,2:00,15.7,30.67,38.74,1503.79,09/13/2022 2:00:00,,
9/13/2022,2:20,15.55,31.07,39.06,1503.79,09/13/2022 2:20:00,,
9/13/2022,2:40,15.49,30.9,38.81,1503.39,09/13/2022 2:40:00,,
9/13/2022,3:00,15.46,30.81,38.69,1503.19,09/13/2022 3:00:00,,
9/13/2022,3:20,15.43,31.17,39.06,1503.51,09/13/2022 3:20:00,,
9/13/2022,3:40,15.46,30.86,38.74,1503.24,09/13/2022 3:40:00,,
9/13/2022,4:00,15.49,31.03,38.96,1503.55,09/13/2022 4:00:00,,
9/13/2022,4:20,15.49,30.64,38.51,1503.08,09/13/2022 4:20:00,,
9/13/2022,4:40,15.61,30.68,38.67,1503.51,09/13/2022 4:40:00,,
9/13/2022,5:00,15.7,30.85,38.94,1504,09/13/2022 5:00:00,,
9/13/2022,5:20,15.8,30.67,38.82,1504.08,09/13/2022 5:20:00,,
9/13/2022,5:40,15.83,31.04,39.27,1504.61,09/13/2022 5:40:00,,
9/13/2022,6:00,15.89,30.95,39.22,1504.69,09/13/2022 6:00:00,,
9/13/2022,6:20,15.92,30.77,39.05,1504.58,09/13/2022 6:20:00,,
9/13/2022,6:40,15.92,30.82,39.1,1504.63,09/13/2022 6:40:00,,
9/13/2022,7:00,15.95,30.82,39.12,1504.73,09/13/2022 7:00:00,,
9/13/2022,7:20,15.98,30.68,39,1504.67,09/13/2022 7:20:00,,
9/13/2022,7:40,16.04,30.73,39.1,1504.91,09/13/2022 7:40:00,,
9/13/2022,8:00,16.07,30.66,39.05,1504.92,09/13/2022 8:00:00,,
9/13/2022,8:20,16.1,30.85,39.3,1505.25,09/13/2022 8:20:00,,
9/13/2022,8:40,16.13,30.88,39.35,1505.36,09/13/2022 8:40:00,,
9/13/2022,9:00,16.16,30.98,39.5,1505.58,09/13/2022 9:00:00,,
9/13/2022,9:20,16.16,31.03,39.55,1505.64,09/13/2022 9:20:00,,
9/13/2022,9:40,16.16,31.05,39.58,1505.66,09/13/2022 9:40:00,,
9/13/2022,10:00,16.16,31.05,39.58,1505.66,09/13/2022 10:00:00,,
9/13/2022,10:20,16.19,31,39.55,1505.7,09/13/2022 10:20:00,,
9/13/2022,10:40,16.19,31,39.55,1505.7,09/13/2022 10:40:00,,
9/13/2022,11:00,16.16,30.98,39.5,1505.58,09/13/2022 11:00:00,,
9/13/2022,11:20,16.19,30.96,39.5,1505.65,09/13/2022 11:20:00,,
9/13/2022,11:40,16.22,30.85,39.4,1505.62,09/13/2022 11:40:00,,
9/13/2022,12:00,16.22,30.92,39.48,1505.69,09/13/2022 12:00:00,,
9/13/2022,12:20,16.25,30.96,39.55,1505.84,09/13/2022 12:20:00,,
9/13/2022,12:40,16.28,30.91,39.53,1505.88,09/13/2022 12:40:00,,
9/13/2022,13:00,16.34,30.87,39.53,1506.01,09/13/2022 13:00:00,,
9/13/2022,13:20,16.43,30.89,39.63,1506.31,09/13/2022 13:20:00,,
9/13/2022,13:40,16.49,30.86,39.66,1506.47,09/13/2022 13:40:00,,
9/13/2022,14:00,16.58,30.79,39.66,1506.67,09/13/2022 14:00:00,,
9/13/2022,14:20,16.58,30.79,39.66,1506.67,09/13/2022 14:20:00,,
9/13/2022,14:40,16.55,30.84,39.69,1506.63,09/13/2022 14:40:00,,
9/13/2022,15:00,16.43,30.84,39.58,1506.26,09/13/2022 15:00:00,,
9/13/2022,15:20,16.28,30.8,39.41,1505.75,09/13/2022 15:20:00,,
9/13/2022,15:40,16.13,30.9,39.38,1505.39,09/13/2022 15:40:00,,
9/13/2022,16:00,16.04,30.92,39.32,1505.14,09/13/2022 16:00:00,,
9/13/2022,16:20,16.07,30.94,39.38,1505.25,09/13/2022 16:20:00,,
9/13/2022,16:40,16.1,30.99,39.45,1505.4,09/13/2022 16:40:00,,
9/13/2022,17:00,16.1,31.03,39.5,1505.45,09/13/2022 17:00:00,,
9/13/2022,17:20,16.04,31.12,39.55,1505.37,09/13/2022 17:20:00,,
9/13/2022,17:40,15.98,31.1,39.47,1505.15,09/13/2022 17:40:00,,
9/13/2022,18:00,15.86,31.1,39.37,1504.78,09/13/2022 18:00:00,,
9/13/2022,18:20,15.7,31.09,39.22,1504.29,09/13/2022 18:20:00,,
9/13/2022,18:40,15.67,31.07,39.17,1504.17,09/13/2022 18:40:00,,
9/13/2022,19:00,15.67,31.02,39.12,1504.11,09/13/2022 19:00:00,,
9/13/2022,19:20,15.7,30.96,39.07,1504.13,09/13/2022 19:20:00,,
9/13/2022,19:40,15.76,31,39.17,1504.37,09/13/2022 19:40:00,,
9/13/2022,20:00,15.89,31.06,39.35,1504.82,09/13/2022 20:00:00,,
9/13/2022,20:20,15.98,31.03,39.4,1505.08,09/13/2022 20:20:00,,
9/13/2022,20:40,16.04,31.03,39.45,1505.26,09/13/2022 20:40:00,,
9/13/2022,21:00,16.1,31.05,39.53,1505.48,09/13/2022 21:00:00,,
9/13/2022,21:20,16.13,31.05,39.55,1505.57,09/13/2022 21:20:00,,
9/13/2022,21:40,16.16,31.11,39.65,1505.74,09/13/2022 21:40:00,,
9/13/2022,22:00,16.19,31.11,39.68,1505.83,09/13/2022 22:00:00,,
9/13/2022,22:20,16.22,31.11,39.7,1505.92,09/13/2022 22:20:00,,
9/13/2022,22:40,16.25,31.2,39.83,1506.12,09/13/2022 22:40:00,,
9/13/2022,23:00,16.25,31.24,39.88,1506.17,09/13/2022 23:00:00,,
9/13/2022,23:20,16.22,31.18,39.78,1506,09/13/2022 23:20:00,,
9/13/2022,23:40,16.16,31.14,39.68,1505.76,09/13/2022 23:40:00,,
9/13/2022,0:00,16.16,31.14,39.68,1505.76,09/13/2022 0:00:00,,
9/14/2022,0:20,16.19,31.16,39.73,1505.88,09/14/2022 0:20:00,,
9/14/2022,0:40,16.22,31.18,39.78,1506,09/14/2022 0:40:00,,
9/14/2022,1:00,16.28,30.54,39.11,1505.45,09/14/2022 1:00:00,,
9/14/2022,1:20,16.31,30.98,39.63,1506.05,09/14/2022 1:20:00,,
9/14/2022,1:40,16.34,30.37,38.96,1505.43,09/14/2022 1:40:00,,
9/14/2022,2:00,16.34,30.98,39.66,1506.14,09/14/2022 2:00:00,,
9/14/2022,2:20,16.37,30.76,39.43,1505.98,09/14/2022 2:20:00,,
9/14/2022,2:40,16.37,30.67,39.33,1505.88,09/14/2022 2:40:00,,
9/14/2022,3:00,16.37,30.37,38.98,1505.52,09/14/2022 3:00:00,,
9/14/2022,3:20,16.37,31.15,39.88,1506.44,09/14/2022 3:20:00,,
9/14/2022,3:40,16.37,30.91,39.61,1506.16,09/14/2022 3:40:00,,
9/14/2022,4:00,16.37,31.06,39.78,1506.33,09/14/2022 4:00:00,,
9/14/2022,4:20,16.34,30.87,39.53,1506.01,09/14/2022 4:20:00,,
9/14/2022,4:40,16.34,30.8,39.46,1505.94,09/14/2022 4:40:00,,
9/14/2022,5:00,16.37,30.65,39.31,1505.85,09/14/2022 5:00:00,,
9/14/2022,5:20,16.37,30.48,39.11,1505.65,09/14/2022 5:20:00,,
9/14/2022,5:40,16.37,30.8,39.48,1506.03,09/14/2022 5:40:00,,
9/14/2022,6:00,16.4,30.99,39.73,1506.35,09/14/2022 6:00:00,,
9/14/2022,6:20,16.43,30.93,39.68,1506.37,09/14/2022 6:20:00,,
9/14/2022,6:40,16.43,30.89,39.63,1506.31,09/14/2022 6:40:00,,
9/14/2022,7:00,16.43,29.14,37.61,1504.27,09/14/2022 7:00:00,,
9/14/2022,7:20,16.4,30.15,38.76,1505.36,09/14/2022 7:20:00,,
9/14/2022,7:40,16.4,30.13,38.74,1505.34,09/14/2022 7:40:00,,
9/14/2022,8:00,16.37,29.79,38.31,1504.84,09/14/2022 8:00:00,,
9/14/2022,8:20,16.37,29.98,38.54,1505.07,09/14/2022 8:20:00,,
9/14/2022,8:40,16.34,29.59,38.06,1504.52,09/14/2022 8:40:00,,
9/14/2022,9:00,16.37,28.9,37.29,1503.81,09/14/2022 9:00:00,,
9/14/2022,9:20,16.4,28.73,37.12,1503.7,09/14/2022 9:20:00,,
9/14/2022,9:40,16.43,29.66,38.21,1504.87,09/14/2022 9:40:00,,
9/14/2022,10:00,16.52,29.63,38.27,1505.13,09/14/2022 10:00:00,,
9/14/2022,10:20,16.61,29.48,38.17,1505.23,09/14/2022 10:20:00,,
9/14/2022,10:40,16.71,30.47,39.39,1506.66,09/14/2022 10:40:00,,
9/14/2022,11:00,16.77,30.34,39.29,1506.69,09/14/2022 11:00:00,,
9/14/2022,11:20,16.83,30.36,39.37,1506.9,09/14/2022 11:20:00,,
9/14/2022,11:40,16.83,30.23,39.22,1506.75,09/14/2022 11:40:00,,
9/14/2022,12:00,16.8,30.31,39.29,1506.76,09/14/2022 12:00:00,,
9/14/2022,12:20,16.83,30.25,39.24,1506.78,09/14/2022 12:20:00,,
9/14/2022,12:40,16.77,30.17,39.09,1506.49,09/14/2022 12:40:00,,
9/14/2022,13:00,16.83,30.04,39,1506.53,09/14/2022 13:00:00,,
9/14/2022,13:20,16.74,30.19,39.09,1506.43,09/14/2022 13:20:00,,
9/14/2022,13:40,16.68,29.63,38.39,1505.59,09/14/2022 13:40:00,,
9/14/2022,14:00,16.65,29.98,38.77,1505.9,09/14/2022 14:00:00,,
9/14/2022,14:20,16.65,29.98,38.77,1505.9,09/14/2022 14:20:00,,
9/14/2022,14:40,16.65,29.87,38.64,1505.78,09/14/2022 14:40:00,,
9/14/2022,15:00,16.71,29.93,38.77,1506.04,09/14/2022 15:00:00,,
9/14/2022,15:20,16.8,29.63,38.5,1505.96,09/14/2022 15:20:00,,
9/14/2022,15:40,16.86,29.82,38.77,1506.37,09/14/2022 15:40:00,,
9/14/2022,16:00,16.92,29.86,38.87,1506.6,09/14/2022 16:00:00,,
9/14/2022,16:20,16.95,30.14,39.22,1507.02,09/14/2022 16:20:00,,
9/14/2022,16:40,16.95,30.5,39.65,1507.44,09/14/2022 16:40:00,,
9/14/2022,17:00,16.95,30.61,39.77,1507.57,09/14/2022 17:00:00,,
9/14/2022,17:20,16.95,30.74,39.92,1507.72,09/14/2022 17:20:00,,
9/14/2022,17:40,16.95,30.72,39.9,1507.69,09/14/2022 17:40:00,,
9/14/2022,18:00,16.71,30.66,39.62,1506.89,09/14/2022 18:00:00,,
9/14/2022,18:20,16.31,30.82,39.46,1505.87,09/14/2022 18:20:00,,
9/14/2022,18:40,16.19,30.83,39.35,1505.5,09/14/2022 18:40:00,,
9/14/2022,19:00,16.13,30.72,39.18,1505.19,09/14/2022 19:00:00,,
9/14/2022,19:20,16.04,30.64,39,1504.8,09/14/2022 19:20:00,,
9/14/2022,19:40,15.95,30.31,38.55,1504.14,09/14/2022 19:40:00,,
9/14/2022,20:00,15.89,30.64,38.87,1504.33,09/14/2022 20:00:00,,
9/14/2022,20:20,16.01,30.62,38.95,1504.68,09/14/2022 20:20:00,,
9/14/2022,20:40,16.13,30.33,38.73,1504.73,09/14/2022 20:40:00,,
9/14/2022,21:00,16.25,30.37,38.88,1505.15,09/14/2022 21:00:00,,
9/14/2022,21:20,16.25,30.26,38.76,1505.02,09/14/2022 21:20:00,,
9/14/2022,21:40,16.25,30.63,39.18,1505.46,09/14/2022 21:40:00,,
9/14/2022,22:00,16.25,30.7,39.26,1505.53,09/14/2022 22:00:00,,
9/14/2022,22:20,16.25,30.26,38.76,1505.02,09/14/2022 22:20:00,,
9/14/2022,22:40,16.31,30.63,39.23,1505.64,09/14/2022 22:40:00,,
9/14/2022,23:00,16.34,30.35,38.93,1505.4,09/14/2022 23:00:00,,
9/14/2022,23:20,16.37,30.15,38.74,1505.27,09/14/2022 23:20:00,,
9/14/2022,23:40,16.4,30.41,39.06,1505.67,09/14/2022 23:40:00,,
9/14/2022,0:00,16.4,30.37,39.01,1505.61,09/14/2022 0:00:00,,
9/15/2022,0:20,16.43,30.5,39.19,1505.86,09/15/2022 0:20:00,,
9/15/2022,0:40,16.43,30.6,39.31,1505.99,09/15/2022 0:40:00,,
9/15/2022,1:00,16.46,30.86,39.63,1506.38,09/15/2022 1:00:00,,
9/15/2022,1:20,16.46,30.91,39.68,1506.43,09/15/2022 1:20:00,,
9/15/2022,1:40,16.43,31.02,39.78,1506.47,09/15/2022 1:40:00,,
9/15/2022,2:00,16.4,31.12,39.88,1506.5,09/15/2022 2:00:00,,
9/15/2022,2:20,16.4,31.04,39.78,1506.4,09/15/2022 2:20:00,,
9/15/2022,2:40,16.4,31.06,39.81,1506.43,09/15/2022 2:40:00,,
9/15/2022,3:00,16.4,31.1,39.86,1506.48,09/15/2022 3:00:00,,
9/15/2022,3:20,16.4,31.17,39.93,1506.55,09/15/2022 3:20:00,,
9/15/2022,3:40,16.4,31.08,39.83,1506.45,09/15/2022 3:40:00,,
9/15/2022,4:00,16.43,31.08,39.86,1506.54,09/15/2022 4:00:00,,
9/15/2022,4:20,16.4,31.15,39.91,1506.53,09/15/2022 4:20:00,,
9/15/2022,4:40,16.34,31.17,39.88,1506.37,09/15/2022 4:40:00,,
9/15/2022,5:00,16.25,31.17,39.8,1506.09,09/15/2022 5:00:00,,
9/15/2022,5:20,16.19,31.13,39.7,1505.86,09/15/2022 5:20:00,,
9/15/2022,5:40,16.13,31.16,39.68,1505.7,09/15/2022 5:40:00,,
9/15/2022,6:00,16.07,31.16,39.62,1505.51,09/15/2022 6:00:00,,
9/15/2022,6:20,15.95,30.99,39.32,1504.93,09/15/2022 6:20:00,,
9/15/2022,6:40,15.86,30.97,39.22,1504.63,09/15/2022 6:40:00,,
9/15/2022,7:00,15.8,31.13,39.34,1504.62,09/15/2022 7:00:00,,
9/15/2022,7:20,15.73,31.11,39.27,1504.41,09/15/2022 7:20:00,,
9/15/2022,7:40,15.67,31.05,39.14,1504.14,09/15/2022 7:40:00,,
9/15/2022,8:00,15.58,30.94,38.94,1503.73,09/15/2022 8:00:00,,
9/15/2022,8:20,15.49,31.01,38.94,1503.52,09/15/2022 8:20:00,,
9/15/2022,8:40,15.43,30.99,38.86,1503.3,09/15/2022 8:40:00,,
9/15/2022,9:00,15.43,31.04,38.91,1503.35,09/15/2022 9:00:00,,
9/15/2022,9:20,15.4,31.06,38.91,1503.29,09/15/2022 9:20:00,,
9/15/2022,9:40,15.43,31.12,39.01,1503.46,09/15/2022 9:40:00,,
9/15/2022,10:00,15.46,30.99,38.89,1503.4,09/15/2022 10:00:00,,
9/15/2022,10:20,15.52,31.1,39.06,1503.72,09/15/2022 10:20:00,,
9/15/2022,10:40,15.61,31.05,39.09,1503.95,09/15/2022 10:40:00,,
9/15/2022,11:00,15.67,30.89,38.97,1503.96,09/15/2022 11:00:00,,
9/15/2022,11:20,15.73,31,39.14,1504.28,09/15/2022 11:20:00,,
9/15/2022,11:40,15.76,30.98,39.14,1504.34,09/15/2022 11:40:00,,
9/15/2022,12:00,15.8,31,39.19,1504.46,09/15/2022 12:00:00,,
9/15/2022,12:20,15.83,30.95,39.17,1504.51,09/15/2022 12:20:00,,
9/15/2022,12:40,15.8,30.98,39.17,1504.44,09/15/2022 12:40:00,,
9/15/2022,13:00,15.76,30.96,39.12,1504.32,09/15/2022 13:00:00,,
9/15/2022,13:20,15.73,31,39.14,1504.28,09/15/2022 13:20:00,,
9/15/2022,13:40,15.7,30.98,39.09,1504.16,09/15/2022 13:40:00,,
9/15/2022,14:00,15.73,31,39.14,1504.28,09/15/2022 14:00:00,,
9/15/2022,14:20,15.76,31.04,39.22,1504.42,09/15/2022 14:20:00,,
9/15/2022,14:40,15.89,31.04,39.32,1504.8,09/15/2022 14:40:00,,
9/15/2022,15:00,15.95,30.95,39.27,1504.88,09/15/2022 15:00:00,,
9/15/2022,15:20,16.01,31.08,39.47,1505.22,09/15/2022 15:20:00,,
9/15/2022,15:40,16.01,31.03,39.42,1505.17,09/15/2022 15:40:00,,
9/15/2022,16:00,16.01,30.86,39.22,1504.97,09/15/2022 16:00:00,,
9/15/2022,16:20,16.01,31.14,39.55,1505.3,09/15/2022 16:20:00,,
9/15/2022,16:40,16.04,31.18,39.62,1505.44,09/15/2022 16:40:00,,
9/15/2022,17:00,16.04,31.08,39.5,1505.32,09/15/2022 17:00:00,,
9/15/2022,17:20,16.07,31.2,39.67,1505.56,09/15/2022 17:20:00,,
9/15/2022,17:40,16.1,31.18,39.68,1505.63,09/15/2022 17:40:00,,
9/15/2022,18:00,16.1,31.16,39.65,1505.6,09/15/2022 18:00:00,,
9/15/2022,18:20,16.1,30.96,39.43,1505.37,09/15/2022 18:20:00,,
9/15/2022,18:40,16.1,30.77,39.2,1505.14,09/15/2022 18:40:00,,
9/15/2022,19:00,16.1,30.53,38.93,1504.86,09/15/2022 19:00:00,,
9/15/2022,19:20,16.1,30.81,39.25,1505.19,09/15/2022 19:20:00,,
9/15/2022,19:40,16.1,30.27,38.63,1504.56,09/15/2022 19:40:00,,
9/15/2022,20:00,16.13,30.29,38.68,1504.67,09/15/2022 20:00:00,,
9/15/2022,20:20,16.13,30.55,38.98,1504.98,09/15/2022 20:20:00,,
9/15/2022,20:40,16.16,30.46,38.9,1504.97,09/15/2022 20:40:00,,
9/15/2022,21:00,16.16,30.48,38.93,1505,09/15/2022 21:00:00,,
9/15/2022,21:20,16.16,29.88,38.23,1504.28,09/15/2022 21:20:00,,
9/15/2022,21:40,16.16,29.79,38.13,1504.18,09/15/2022 21:40:00,,
9/15/2022,22:00,16.16,29.62,37.93,1503.98,09/15/2022 22:00:00,,
9/15/2022,22:20,16.16,29.85,38.21,1504.26,09/15/2022 22:20:00,,
9/15/2022,22:40,16.13,30.42,38.83,1504.83,09/15/2022 22:40:00,,
9/15/2022,23:00,16.13,29.79,38.11,1504.09,09/15/2022 23:00:00,,
9/15/2022,23:20,16.13,30.53,38.95,1504.96,09/15/2022 23:20:00,,
9/15/2022,23:40,16.13,30.33,38.73,1504.73,09/15/2022 23:40:00,,
9/15/2022,0:00,16.13,30.2,38.58,1504.57,09/15/2022 0:00:00,,
9/16/2022,0:20,16.13,30.42,38.83,1504.83,09/16/2022 0:20:00,,
9/16/2022,0:40,16.13,29.62,37.91,1503.89,09/16/2022 0:40:00,,
9/16/2022,1:00,16.1,29.77,38.06,1503.97,09/16/2022 1:00:00,,
9/16/2022,1:20,16.07,29.6,37.83,1503.67,09/16/2022 1:20:00,,
9/16/2022,1:40,16.07,29.86,38.13,1503.98,09/16/2022 1:40:00,,
9/16/2022,2:00,16.04,29.7,37.93,1503.7,09/16/2022 2:00:00,,
9/16/2022,2:20,16.04,30.25,38.55,1504.34,09/16/2022 2:20:00,,
9/16/2022,2:40,16.04,29.64,37.85,1503.63,09/16/2022 2:40:00,,
9/16/2022,3:00,16.04,29.81,38.05,1503.83,09/16/2022 3:00:00,,
9/16/2022,3:20,16.04,29.68,37.9,1503.68,09/16/2022 3:20:00,,
9/16/2022,3:40,16.04,29.6,37.81,1503.58,09/16/2022 3:40:00,,
9/16/2022,4:00,16.01,29.79,38,1503.71,09/16/2022 4:00:00,,
9/16/2022,4:20,15.95,29.86,38.03,1503.6,09/16/2022 4:20:00,,
9/16/2022,4:40,15.89,29.73,37.83,1503.26,09/16/2022 4:40:00,,
9/16/2022,5:00,15.8,30.03,38.1,1503.33,09/16/2022 5:00:00,,
9/16/2022,5:20,15.73,30.32,38.37,1503.47,09/16/2022 5:20:00,,
9/16/2022,5:40,15.67,29.8,37.72,1502.66,09/16/2022 5:40:00,,
9/16/2022,6:00,15.64,29.93,37.85,1502.72,09/16/2022 6:00:00,,
9/16/2022,6:20,15.58,30.26,38.17,1502.92,09/16/2022 6:20:00,,
9/16/2022,6:40,15.55,30.24,38.12,1502.8,09/16/2022 6:40:00,,
9/16/2022,7:00,15.52,30.06,37.89,1502.5,09/16/2022 7:00:00,,
9/16/2022,7:20,15.49,30.2,38.02,1502.56,09/16/2022 7:20:00,,
9/16/2022,7:40,15.49,30.06,37.87,1502.4,09/16/2022 7:40:00,,
9/16/2022,8:00,15.49,30.15,37.97,1502.5,09/16/2022 8:00:00,,
9/16/2022,8:20,15.52,29.95,37.77,1502.37,09/16/2022 8:20:00,,
9/16/2022,8:40,15.52,30.46,38.34,1502.96,09/16/2022 8:40:00,,
9/16/2022,9:00,15.55,30.35,38.24,1502.93,09/16/2022 9:00:00,,
9/16/2022,9:20,15.58,29.73,37.57,1502.3,09/16/2022 9:20:00,,
9/16/2022,9:40,15.67,30.26,38.24,1503.21,09/16/2022 9:40:00,,
9/16/2022,10:00,15.8,30.23,38.32,1503.56,09/16/2022 10:00:00,,
9/16/2022,10:20,15.89,30.38,38.57,1504.02,09/16/2022 10:20:00,,
9/16/2022,10:40,15.98,30.47,38.75,1504.41,09/16/2022 10:40:00,,
9/16/2022,11:00,16.07,29.6,37.83,1503.67,09/16/2022 11:00:00,,
9/16/2022,11:20,16.19,30.46,38.93,1505.07,09/16/2022 11:20:00,,
9/16/2022,11:40,16.25,30.42,38.93,1505.2,09/16/2022 11:40:00,,
9/16/2022,12:00,16.22,30.37,38.86,1505.06,09/16/2022 12:00:00,,
9/16/2022,12:20,16.22,30.33,38.81,1505.01,09/16/2022 12:20:00,,
9/16/2022,12:40,16.25,30.42,38.93,1505.2,09/16/2022 12:40:00,,
9/16/2022,13:00,16.22,30.37,38.86,1505.06,09/16/2022 13:00:00,,
9/16/2022,13:20,16.19,30.4,38.86,1504.99,09/16/2022 13:20:00,,
9/16/2022,13:40,16.22,30.24,38.71,1504.9,09/16/2022 13:40:00,,
9/16/2022,14:00,16.25,30.26,38.76,1505.02,09/16/2022 14:00:00,,
9/16/2022,14:20,16.34,30.2,38.76,1505.23,09/16/2022 14:20:00,,
9/16/2022,14:40,16.4,30.28,38.91,1505.51,09/16/2022 14:40:00,,
9/16/2022,15:00,16.43,30.24,38.89,1505.56,09/16/2022 15:00:00,,
9/16/2022,15:20,16.49,29.57,38.16,1504.96,09/16/2022 15:20:00,,
9/16/2022,15:40,16.52,30.28,39.01,1505.88,09/16/2022 15:40:00,,
9/16/2022,16:00,16.58,30.3,39.09,1506.09,09/16/2022 16:00:00,,
9/16/2022,16:20,16.58,30.47,39.29,1506.29,09/16/2022 16:20:00,,
9/16/2022,16:40,16.61,30.43,39.26,1506.34,09/16/2022 16:40:00,,
9/16/2022,17:00,16.65,30.43,39.29,1506.43,09/16/2022 17:00:00,,
9/16/2022,17:20,16.68,30.12,38.97,1506.17,09/16/2022 17:20:00,,
9/16/2022,17:40,16.71,30.49,39.42,1506.69,09/16/2022 17:40:00,,
9/16/2022,18:00,16.71,30.36,39.27,1506.54,09/16/2022 18:00:00,,
9/16/2022,18:20,16.71,30.27,39.17,1506.44,09/16/2022 18:20:00,,
9/16/2022,18:40,16.71,30.08,38.94,1506.21,09/16/2022 18:40:00,,
9/16/2022,19:00,16.74,30.21,39.12,1506.45,09/16/2022 19:00:00,,
9/16/2022,19:20,16.74,29.93,38.79,1506.13,09/16/2022 19:20:00,,
9/16/2022,19:40,16.74,25.69,33.8,1501.17,09/16/2022 19:40:00,,
9/16/2022,20:00,16.71,25.25,33.25,1500.56,09/16/2022 20:00:00,,
9/16/2022,20:20,16.68,25.5,33.53,1500.76,09/16/2022 20:20:00,,
9/16/2022,20:40,16.61,25.28,33.23,1500.32,09/16/2022 20:40:00,,
9/16/2022,21:00,16.58,25.13,33.03,1500.05,09/16/2022 21:00:00,,
9/16/2022,21:20,16.52,25.02,32.85,1499.73,09/16/2022 21:20:00,,
9/16/2022,21:40,16.46,25.23,33.05,1499.78,09/16/2022 21:40:00,,
9/16/2022,22:00,16.4,24.17,31.75,1498.35,09/16/2022 22:00:00,,
9/16/2022,22:20,16.4,23.88,31.4,1498.01,09/16/2022 22:20:00,,
9/16/2022,22:40,16.4,24.48,32.12,1498.72,09/16/2022 22:40:00,,
9/16/2022,23:00,16.4,24.15,31.72,1498.33,09/16/2022 23:00:00,,
9/16/2022,23:20,16.37,25.77,33.62,1500.13,09/16/2022 23:20:00,,
9/16/2022,23:40,16.34,25.37,33.12,1499.56,09/16/2022 23:40:00,,
9/16/2022,0:00,16.34,26.26,34.17,1500.61,09/16/2022 0:00:00,,
9/17/2022,0:20,16.31,25.83,33.65,1500.01,09/17/2022 0:20:00,,
9/17/2022,0:40,16.31,26.04,33.9,1500.26,09/17/2022 0:40:00,,
9/17/2022,1:00,16.31,24.45,32.02,1498.4,09/17/2022 1:00:00,,
9/17/2022,1:20,16.31,28.22,36.44,1502.81,09/17/2022 1:20:00,,
9/17/2022,1:40,16.31,28.3,36.54,1502.91,09/17/2022 1:40:00,,
9/17/2022,2:00,16.31,28.35,36.59,1502.96,09/17/2022 2:00:00,,
9/17/2022,2:20,16.31,28.37,36.61,1502.99,09/17/2022 2:20:00,,
9/17/2022,2:40,16.34,28.26,36.52,1502.96,09/17/2022 2:40:00,,
9/17/2022,3:00,16.34,28.48,36.77,1503.21,09/17/2022 3:00:00,,
9/17/2022,3:20,16.31,28.22,36.44,1502.81,09/17/2022 3:20:00,,
9/17/2022,3:40,16.31,28.56,36.84,1503.21,09/17/2022 3:40:00,,
9/17/2022,4:00,16.25,28.19,36.36,1502.6,09/17/2022 4:00:00,,
9/17/2022,4:20,16.13,27.96,35.99,1501.93,09/17/2022 4:20:00,,
9/17/2022,4:40,15.95,28.12,36.03,1501.56,09/17/2022 4:40:00,,
9/17/2022,5:00,15.73,28.55,36.35,1501.39,09/17/2022 5:00:00,,
9/17/2022,5:20,15.55,28.09,35.67,1500.27,09/17/2022 5:20:00,,
9/17/2022,5:40,15.4,28.16,35.62,1499.85,09/17/2022 5:40:00,,
9/17/2022,6:00,15.34,27.56,34.9,1498.96,09/17/2022 6:00:00,,
9/17/2022,6:20,15.34,27.91,35.3,1499.37,09/17/2022 6:20:00,,
9/17/2022,6:40,15.28,27.65,34.95,1498.86,09/17/2022 6:40:00,,
9/17/2022,7:00,15.15,27.67,34.87,1498.49,09/17/2022 7:00:00,,
9/17/2022,7:20,15.06,27.51,34.62,1498.01,09/17/2022 7:20:00,,
9/17/2022,7:40,15.09,27.42,34.54,1498,09/17/2022 7:40:00,,
9/17/2022,8:00,15.09,27.1,34.17,1497.61,09/17/2022 8:00:00,,
9/17/2022,8:20,15.03,27.14,34.17,1497.46,09/17/2022 8:20:00,,
9/17/2022,8:40,15.03,27.73,34.84,1498.17,09/17/2022 8:40:00,,
9/17/2022,9:00,15.06,27.03,34.07,1497.43,09/17/2022 9:00:00,,
9/17/2022,9:20,15.09,25.92,32.82,1496.21,09/17/2022 9:20:00,,
9/17/2022,9:40,15.09,26,32.92,1496.32,09/17/2022 9:40:00,,
9/17/2022,10:00,15.18,26.14,33.15,1496.78,09/17/2022 10:00:00,,
9/17/2022,10:20,15.37,26.72,33.95,1498.05,09/17/2022 10:20:00,,
9/17/2022,10:40,15.55,27.05,34.48,1499.04,09/17/2022 10:40:00,,
9/17/2022,11:00,15.61,27.14,34.63,1499.34,09/17/2022 11:00:00,,
9/17/2022,11:20,15.67,27.42,35,1499.87,09/17/2022 11:20:00,,
9/17/2022,11:40,15.76,27.45,35.11,1500.19,09/17/2022 11:40:00,,
9/17/2022,12:00,15.86,27.04,34.71,1500,09/17/2022 12:00:00,,
9/17/2022,12:20,15.92,26.81,34.49,1499.92,09/17/2022 12:20:00,,
9/17/2022,12:40,16.07,26,33.67,1499.45,09/17/2022 12:40:00,,
9/17/2022,13:00,16.19,26.74,34.62,1500.69,09/17/2022 13:00:00,,
9/17/2022,13:20,16.25,26.4,34.27,1500.49,09/17/2022 13:20:00,,
9/17/2022,13:40,16.28,28.17,36.36,1502.67,09/17/2022 13:40:00,,
9/17/2022,14:00,16.31,27.53,35.64,1502.01,09/17/2022 14:00:00,,
9/17/2022,14:20,16.4,27.3,35.44,1502.02,09/17/2022 14:20:00,,
9/17/2022,14:40,16.49,27.71,36,1502.78,09/17/2022 14:40:00,,
9/17/2022,15:00,16.61,27.22,35.52,1502.59,09/17/2022 15:00:00,,
9/17/2022,15:20,16.71,27.27,35.65,1502.93,09/17/2022 15:20:00,,
9/17/2022,15:40,16.77,27.1,35.5,1502.92,09/17/2022 15:40:00,,
9/17/2022,16:00,16.8,27.59,36.1,1503.58,09/17/2022 16:00:00,,
9/17/2022,16:20,16.8,27.42,35.9,1503.38,09/17/2022 16:20:00,,
9/17/2022,16:40,16.8,28.5,37.17,1504.65,09/17/2022 16:40:00,,
9/17/2022,17:00,16.8,28.93,37.67,1505.14,09/17/2022 17:00:00,,
9/17/2022,17:20,16.8,28.8,37.52,1504.99,09/17/2022 17:20:00,,
9/17/2022,17:40,16.77,29.08,37.82,1505.22,09/17/2022 17:40:00,,
9/17/2022,18:00,16.77,28.97,37.7,1505.1,09/17/2022 18:00:00,,
9/17/2022,18:20,16.74,29.33,38.1,1505.43,09/17/2022 18:20:00,,
9/17/2022,18:40,16.71,29.53,38.29,1505.56,09/17/2022 18:40:00,,
9/17/2022,19:00,16.68,29.8,38.59,1505.79,09/17/2022 19:00:00,,
9/17/2022,19:20,16.65,29.61,38.34,1505.48,09/17/2022 19:20:00,,
9/17/2022,19:40,16.61,29.27,37.92,1504.98,09/17/2022 19:40:00,,
9/17/2022,20:00,16.58,29.29,37.92,1504.91,09/17/2022 20:00:00,,
9/17/2022,20:20,16.61,29.53,38.22,1505.28,09/17/2022 20:20:00,,
9/17/2022,20:40,16.65,29.76,38.52,1505.65,09/17/2022 20:40:00,,
9/17/2022,21:00,16.65,29.65,38.39,1505.53,09/17/2022 21:00:00,,
9/17/2022,21:20,16.65,29.5,38.22,1505.35,09/17/2022 21:20:00,,
9/17/2022,21:40,16.61,29.89,38.64,1505.71,09/17/2022 21:40:00,,
9/17/2022,22:00,16.58,30,38.74,1505.74,09/17/2022 22:00:00,,
9/17/2022,22:20,16.58,29.8,38.52,1505.52,09/17/2022 22:20:00,,
9/17/2022,22:40,16.58,30,38.74,1505.74,09/17/2022 22:40:00,,
9/17/2022,23:00,16.58,29.7,38.39,1505.39,09/17/2022 23:00:00,,
9/17/2022,23:20,16.55,29.4,38.02,1504.95,09/17/2022 23:20:00,,
9/17/2022,23:40,16.52,30,38.69,1505.56,09/17/2022 23:40:00,,
9/17/2022,0:00,16.49,29.96,38.61,1505.41,09/17/2022 0:00:00,,
9/18/2022,0:20,16.43,30.17,38.81,1505.48,09/18/2022 0:20:00,,
9/18/2022,0:40,16.37,30.28,38.88,1505.42,09/18/2022 0:40:00,,
9/18/2022,1:00,16.28,30.26,38.78,1505.12,09/18/2022 1:00:00,,
9/18/2022,1:20,16.16,30.57,39.03,1505.1,09/18/2022 1:20:00,,
9/18/2022,1:40,16.1,30.57,38.98,1504.91,09/18/2022 1:40:00,,
9/18/2022,2:00,16.04,30.62,38.98,1504.78,09/18/2022 2:00:00,,
9/18/2022,2:20,15.95,29.34,37.43,1502.98,09/18/2022 2:20:00,,
9/18/2022,2:40,15.86,30.75,38.97,1504.37,09/18/2022 2:40:00,,
9/18/2022,3:00,15.67,30.28,38.27,1503.23,09/18/2022 3:00:00,,
9/18/2022,3:20,15.58,30.46,38.39,1503.15,09/18/2022 3:20:00,,
9/18/2022,3:40,15.43,30.39,38.19,1502.6,09/18/2022 3:40:00,,
9/18/2022,4:00,15.21,30.53,38.16,1502.08,09/18/2022 4:00:00,,
9/18/2022,4:20,14.91,28.77,35.91,1499,09/18/2022 4:20:00,,
9/18/2022,4:40,14.75,30.68,37.92,1500.78,09/18/2022 4:40:00,,
9/18/2022,5:00,14.66,30.35,37.47,1500.09,09/18/2022 5:00:00,,
9/18/2022,5:20,14.35,30.52,37.39,1499.28,09/18/2022 5:20:00,,
9/18/2022,5:40,13.86,30.72,37.18,1497.89,09/18/2022 5:40:00,,
9/18/2022,6:00,13.79,30.72,37.13,1497.69,09/18/2022 6:00:00,,
9/18/2022,6:20,14.23,30.77,37.56,1499.18,09/18/2022 6:20:00,,
9/18/2022,6:40,14.54,30.72,37.77,1500.12,09/18/2022 6:40:00,,
9/18/2022,7:00,14.6,30.92,38.04,1500.56,09/18/2022 7:00:00,,
9/18/2022,7:20,14.6,30.08,37.12,1499.57,09/18/2022 7:20:00,,
9/18/2022,7:40,14.6,30.38,37.45,1499.92,09/18/2022 7:40:00,,
9/18/2022,8:00,14.6,30.29,37.35,1499.81,09/18/2022 8:00:00,,
9/18/2022,8:20,14.6,30.74,37.85,1500.34,09/18/2022 8:20:00,,
9/18/2022,8:40,14.6,30.44,37.52,1500,09/18/2022 8:40:00,,
9/18/2022,9:00,14.6,30.56,37.65,1500.13,09/18/2022 9:00:00,,
9/18/2022,9:20,14.57,30.47,37.52,1499.92,09/18/2022 9:20:00,,
9/18/2022,9:40,14.51,30.15,37.12,1499.35,09/18/2022 9:40:00,,
9/18/2022,10:00,14.45,30.2,37.12,1499.21,09/18/2022 10:00:00,,
9/18/2022,10:20,14.41,30.22,37.12,1499.13,09/18/2022 10:20:00,,
9/18/2022,10:40,14.32,30.45,37.29,1499.1,09/18/2022 10:40:00,,
9/18/2022,11:00,14.23,30.59,37.36,1498.96,09/18/2022 11:00:00,,
9/18/2022,11:20,14.17,30.41,37.11,1498.55,09/18/2022 11:20:00,,
9/18/2022,11:40,14.04,30.46,37.06,1498.2,09/18/2022 11:40:00,,
9/18/2022,12:00,14.01,30.1,36.64,1497.66,09/18/2022 12:00:00,,
9/18/2022,12:20,14.01,30.21,36.76,1497.8,09/18/2022 12:20:00,,
9/18/2022,12:40,13.98,30.28,36.81,1497.78,09/18/2022 12:40:00,,
9/18/2022,13:00,13.92,30.38,36.86,1497.69,09/18/2022 13:00:00,,
9/18/2022,13:20,13.89,30.35,36.81,1497.56,09/18/2022 13:20:00,,
9/18/2022,13:40,13.89,30.38,36.83,1497.58,09/18/2022 13:40:00,,
9/18/2022,14:00,13.86,30.22,36.63,1497.29,09/18/2022 14:00:00,,
9/18/2022,14:20,13.79,29.35,35.63,1496.05,09/18/2022 14:20:00,,
9/18/2022,14:40,13.79,30.56,36.95,1497.5,09/18/2022 14:40:00,,
9/18/2022,15:00,13.79,30.49,36.88,1497.42,09/18/2022 15:00:00,,
9/18/2022,15:20,13.79,30.4,36.78,1497.31,09/18/2022 15:20:00,,
9/18/2022,15:40,13.79,30.38,36.75,1497.28,09/18/2022 15:40:00,,
9/18/2022,16:00,13.76,29.72,36.01,1496.38,09/18/2022 16:00:00,,
9/18/2022,16:20,13.7,30.06,36.33,1496.59,09/18/2022 16:20:00,,
9/18/2022,16:40,13.57,30.23,36.4,1496.37,09/18/2022 16:40:00,,
9/18/2022,17:00,13.48,29.33,35.35,1494.99,09/18/2022 17:00:00,,
9/18/2022,17:20,13.48,29.24,35.25,1494.87,09/18/2022 17:20:00,,
9/18/2022,17:40,13.45,29.13,35.1,1494.63,09/18/2022 17:40:00,,
9/18/2022,18:00,13.36,30.23,36.22,1495.65,09/18/2022 18:00:00,,
9/18/2022,18:20,13.29,29.11,34.95,1494.08,09/18/2022 18:20:00,,
9/18/2022,18:40,13.2,29.22,35,1493.9,09/18/2022 18:40:00,,
9/18/2022,19:00,13.17,28.53,34.22,1492.96,09/18/2022 19:00:00,,
9/18/2022,19:20,13.17,28.28,33.95,1492.66,09/18/2022 19:20:00,,
9/18/2022,19:40,13.2,27.84,33.5,1492.24,09/18/2022 19:40:00,,
9/18/2022,20:00,13.26,27.87,33.58,1492.48,09/18/2022 20:00:00,,
9/18/2022,20:20,13.26,27.75,33.45,1492.34,09/18/2022 20:20:00,,
9/18/2022,20:40,13.32,27.53,33.26,1492.28,09/18/2022 20:40:00,,
9/18/2022,21:00,13.39,27.44,33.21,1492.39,09/18/2022 21:00:00,,
9/18/2022,21:20,13.45,27.12,32.91,1492.22,09/18/2022 21:20:00,,
9/18/2022,21:40,13.51,25.6,31.29,1490.61,09/18/2022 21:40:00,,
9/18/2022,22:00,13.54,25.76,31.49,1490.91,09/18/2022 22:00:00,,
9/18/2022,22:20,13.51,25.02,30.64,1489.9,09/18/2022 22:20:00,,
9/18/2022,22:40,13.51,24.79,30.39,1489.63,09/18/2022 22:40:00,,
9/18/2022,23:00,13.48,25.17,30.79,1489.98,09/18/2022 23:00:00,,
9/18/2022,23:20,13.42,24.02,29.46,1488.38,09/18/2022 23:20:00,,
9/18/2022,23:40,13.36,23.88,29.26,1488,09/18/2022 23:40:00,,
9/18/2022,0:00,13.32,23.44,28.76,1487.37,09/18/2022 0:00:00,,
9/19/2022,0:20,13.29,24.09,29.46,1488.05,09/19/2022 0:20:00,,
9/19/2022,0:40,13.29,24.05,29.41,1487.99,09/19/2022 0:40:00,,
9/19/2022,1:00,13.32,24.1,29.48,1488.16,09/19/2022 1:00:00,,
9/19/2022,1:20,13.32,24.62,30.06,1488.78,09/19/2022 1:20:00,,
9/19/2022,1:40,13.32,24.3,29.71,1488.4,09/19/2022 1:40:00,,
9/19/2022,2:00,13.39,24.28,29.73,1488.6,09/19/2022 2:00:00,,
9/19/2022,2:20,13.42,24.24,29.71,1488.65,09/19/2022 2:20:00,,
9/19/2022,2:40,13.45,24.31,29.81,1488.84,09/19/2022 2:40:00,,
9/19/2022,3:00,13.48,24.32,29.84,1488.95,09/19/2022 3:00:00,,
9/19/2022,3:20,13.51,24.12,29.64,1488.82,09/19/2022 3:20:00,,
9/19/2022,3:40,13.54,24.44,30.01,1489.31,09/19/2022 3:40:00,,
9/19/2022,4:00,13.57,24.33,29.91,1489.28,09/19/2022 4:00:00,,
9/19/2022,4:20,13.61,23.99,29.56,1488.99,09/19/2022 4:20:00,,
9/19/2022,4:40,13.64,24.09,29.69,1489.21,09/19/2022 4:40:00,,
9/19/2022,5:00,13.67,24.9,30.62,1490.29,09/19/2022 5:00:00,,
9/19/2022,5:20,13.7,26,31.87,1491.72,09/19/2022 5:20:00,,
9/19/2022,5:40,13.73,25.15,30.94,1490.8,09/19/2022 5:40:00,,
9/19/2022,6:00,13.76,23.88,29.54,1489.38,09/19/2022 6:00:00,,
9/19/2022,6:20,13.79,26.19,32.14,1492.25,09/19/2022 6:20:00,,
9/19/2022,6:40,13.82,26.32,32.32,1492.52,09/19/2022 6:40:00,,
9/19/2022,7:00,13.82,27.34,33.44,1493.74,09/19/2022 7:00:00,,
9/19/2022,7:20,13.86,27.13,33.24,1493.6,09/19/2022 7:20:00,,
9/19/2022,7:40,13.89,27.59,33.77,1494.24,09/19/2022 7:40:00,,
9/19/2022,8:00,13.92,28.2,34.47,1495.08,09/19/2022 8:00:00,,
9/19/2022,8:20,13.95,27.9,34.17,1494.83,09/19/2022 8:20:00,,
9/19/2022,8:40,13.95,28.26,34.57,1495.26,09/19/2022 8:40:00,,
9/19/2022,9:00,13.98,28.27,34.59,1495.37,09/19/2022 9:00:00,,
9/19/2022,9:20,14.01,27.86,34.17,1494.98,09/19/2022 9:20:00,,
9/19/2022,9:40,14.04,27.86,34.19,1495.09,09/19/2022 9:40:00,,
9/19/2022,10:00,14.07,28.88,35.34,1496.4,09/19/2022 10:00:00,,
9/19/2022,10:20,14.07,28.58,35.02,1496.05,09/19/2022 10:20:00,,
9/19/2022,10:40,14.04,27.41,33.7,1494.55,09/19/2022 10:40:00,,
9/19/2022,11:00,14.07,28.92,35.39,1496.46,09/19/2022 11:00:00,,
9/19/2022,11:20,14.07,28.74,35.19,1496.24,09/19/2022 11:20:00,,
9/19/2022,11:40,14.07,29.26,35.77,1496.86,09/19/2022 11:40:00,,
9/19/2022,12:00,14.17,29.01,35.57,1496.87,09/19/2022 12:00:00,,
9/19/2022,12:20,14.41,29.5,36.32,1498.27,09/19/2022 12:20:00,,
9/19/2022,12:40,14.66,29.59,36.63,1499.18,09/19/2022 12:40:00,,
9/19/2022,13:00,14.82,29.37,36.51,1499.41,09/19/2022 13:00:00,,
9/19/2022,13:20,14.94,28.59,35.74,1498.89,09/19/2022 13:20:00,,
9/19/2022,13:40,15,28.94,36.19,1499.51,09/19/2022 13:40:00,,
9/19/2022,14:00,15.06,28.55,35.79,1499.23,09/19/2022 14:00:00,,
9/19/2022,14:20,15.09,28.7,35.99,1499.52,09/19/2022 14:20:00,,
9/19/2022,14:40,15.12,28.46,35.74,1499.33,09/19/2022 14:40:00,,
9/19/2022,15:00,15.15,29.36,36.79,1500.5,09/19/2022 15:00:00,,
9/19/2022,15:20,15.18,29.21,36.64,1500.41,09/19/2022 15:20:00,,
9/19/2022,15:40,15.18,29.3,36.74,1500.52,09/19/2022 15:40:00,,
9/19/2022,16:00,15.18,29.27,36.71,1500.49,09/19/2022 16:00:00,,
9/19/2022,16:20,15.15,29.34,36.76,1500.47,09/19/2022 16:20:00,,
9/19/2022,16:40,15.15,28.9,36.26,1499.95,09/19/2022 16:40:00,,
9/19/2022,17:00,15.15,29.63,37.09,1500.81,09/19/2022 17:00:00,,
9/19/2022,17:20,15.15,29.36,36.79,1500.5,09/19/2022 17:20:00,,
9/19/2022,17:40,15.15,28.88,36.24,1499.92,09/19/2022 17:40:00,,
9/19/2022,18:00,15.15,28.75,36.09,1499.77,09/19/2022 18:00:00,,
9/19/2022,18:20,15.12,29.25,36.64,1500.27,09/19/2022 18:20:00,,
9/19/2022,18:40,15.09,29.34,36.71,1500.28,09/19/2022 18:40:00,,
9/19/2022,19:00,15.09,29.41,36.79,1500.35,09/19/2022 19:00:00,,
9/19/2022,19:20,15.09,30.16,37.63,1501.25,09/19/2022 19:20:00,,
9/19/2022,19:40,15.09,30.07,37.53,1501.14,09/19/2022 19:40:00,,
9/19/2022,20:00,15.09,29.67,37.08,1500.67,09/19/2022 20:00:00,,
9/19/2022,20:20,15.09,30.18,37.66,1501.27,09/19/2022 20:20:00,,
9/19/2022,20:40,15.12,30.16,37.66,1501.34,09/19/2022 20:40:00,,
9/19/2022,21:00,15.15,30.47,38.03,1501.81,09/19/2022 21:00:00,,
9/19/2022,21:20,15.15,30.4,37.96,1501.73,09/19/2022 21:20:00,,
9/19/2022,21:40,15.15,30.56,38.13,1501.91,09/19/2022 21:40:00,,
9/19/2022,22:00,15.15,30.23,37.76,1501.52,09/19/2022 22:00:00,,
9/19/2022,22:20,15.15,30.25,37.78,1501.55,09/19/2022 22:20:00,,
9/19/2022,22:40,15.12,29.65,37.09,1500.74,09/19/2022 22:40:00,,
9/19/2022,23:00,15.09,29.36,36.74,1500.3,09/19/2022 23:00:00,,
9/19/2022,23:20,15.06,29.1,36.41,1499.89,09/19/2022 23:20:00,,
9/19/2022,23:40,15.03,28.83,36.09,1499.47,09/19/2022 23:40:00,,
9/19/2022,0:00,15.03,28.21,35.39,1498.74,09/19/2022 0:00:00,,
9/20/2022,0:20,15.03,28.28,35.46,1498.82,09/20/2022 0:20:00,,
9/20/2022,0:40,15,27.51,34.57,1497.81,09/20/2022 0:40:00,,
9/20/2022,1:00,15,26.48,33.39,1496.58,09/20/2022 1:00:00,,
9/20/2022,1:20,15,26.48,33.39,1496.58,09/20/2022 1:20:00,,
9/20/2022,1:40,15,26.35,33.24,1496.43,09/20/2022 1:40:00,,
9/20/2022,2:00,15,26.57,33.49,1496.69,09/20/2022 2:00:00,,
9/20/2022,2:20,14.97,26.67,33.59,1496.71,09/20/2022 2:20:00,,
9/20/2022,2:40,14.97,27.2,34.19,1497.34,09/20/2022 2:40:00,,
9/20/2022,3:00,14.94,26.69,33.59,1496.64,09/20/2022 3:00:00,,
9/20/2022,3:20,14.94,27,33.94,1497,09/20/2022 3:20:00,,
9/20/2022,3:40,14.94,26.41,33.27,1496.3,09/20/2022 3:40:00,,
9/20/2022,4:00,14.94,25.56,32.29,1495.29,09/20/2022 4:00:00,,
9/20/2022,4:20,14.91,26.45,33.29,1496.25,09/20/2022 4:20:00,,
9/20/2022,4:40,14.91,26.96,33.86,1496.85,09/20/2022 4:40:00,,
9/20/2022,5:00,14.91,26.58,33.44,1496.41,09/20/2022 5:00:00,,
9/20/2022,5:20,14.88,26.21,32.99,1495.86,09/20/2022 5:20:00,,
9/20/2022,5:40,14.88,26.51,33.34,1496.23,09/20/2022 5:40:00,,
9/20/2022,6:00,14.88,26.95,33.84,1496.75,09/20/2022 6:00:00,,
9/20/2022,6:20,14.88,26.78,33.64,1496.54,09/20/2022 6:20:00,,
9/20/2022,6:40,14.85,26.54,33.34,1496.15,09/20/2022 6:40:00,,
9/20/2022,7:00,14.85,27.15,34.04,1496.88,09/20/2022 7:00:00,,
9/20/2022,7:20,14.85,26.6,33.41,1496.23,09/20/2022 7:20:00,,
9/20/2022,7:40,14.82,26.8,33.61,1496.36,09/20/2022 7:40:00,,
9/20/2022,8:00,14.82,26.69,33.49,1496.23,09/20/2022 8:00:00,,
9/20/2022,8:20,14.82,27,33.84,1496.6,09/20/2022 8:20:00,,
9/20/2022,8:40,14.85,27.09,33.96,1496.8,09/20/2022 8:40:00,,
9/20/2022,9:00,14.88,27.2,34.11,1497.04,09/20/2022 9:00:00,,
9/20/2022,9:20,14.91,27.57,34.56,1497.58,09/20/2022 9:20:00,,
9/20/2022,9:40,14.97,29.19,36.43,1499.7,09/20/2022 9:40:00,,
9/20/2022,10:00,15,29.65,36.98,1500.35,09/20/2022 10:00:00,,
9/20/2022,10:20,15.03,29.05,36.34,1499.74,09/20/2022 10:20:00,,
9/20/2022,10:40,15.09,29.41,36.79,1500.35,09/20/2022 10:40:00,,
9/20/2022,11:00,15.09,28.88,36.19,1499.73,09/20/2022 11:00:00,,
9/20/2022,11:20,15.15,28.77,36.11,1499.79,09/20/2022 11:20:00,,
9/20/2022,11:40,15.21,28.81,36.22,1500.04,09/20/2022 11:40:00,,
9/20/2022,12:00,15.21,29.03,36.46,1500.3,09/20/2022 12:00:00,,
9/20/2022,12:20,15.28,29.69,37.26,1501.28,09/20/2022 12:20:00,,
9/20/2022,12:40,15.34,29.96,37.61,1501.79,09/20/2022 12:40:00,,
9/20/2022,13:00,15.43,29.32,36.97,1501.32,09/20/2022 13:00:00,,
9/20/2022,13:20,15.52,29.05,36.75,1501.3,09/20/2022 13:20:00,,
9/20/2022,13:40,15.58,29.01,36.75,1501.45,09/20/2022 13:40:00,,
9/20/2022,14:00,15.55,29.27,37.02,1501.66,09/20/2022 14:00:00,,
9/20/2022,14:20,15.52,28.99,36.67,1501.23,09/20/2022 14:20:00,,
9/20/2022,14:40,15.49,28.92,36.57,1501.05,09/20/2022 14:40:00,,
9/20/2022,15:00,15.49,29.36,37.07,1501.57,09/20/2022 15:00:00,,
9/20/2022,15:20,15.55,29.4,37.17,1501.81,09/20/2022 15:20:00,,
9/20/2022,15:40,15.55,29.51,37.3,1501.94,09/20/2022 15:40:00,,
9/20/2022,16:00,15.55,30.41,38.32,1503.01,09/20/2022 16:00:00,,
9/20/2022,16:20,15.58,30.21,38.12,1502.87,09/20/2022 16:20:00,,
9/20/2022,16:40,15.58,30.1,37.99,1502.74,09/20/2022 16:40:00,,
9/20/2022,17:00,15.58,30.24,38.14,1502.89,09/20/2022 17:00:00,,
9/20/2022,17:20,15.58,29.69,37.52,1502.25,09/20/2022 17:20:00,,
9/20/2022,17:40,15.58,30.32,38.24,1503,09/20/2022 17:40:00,,
9/20/2022,18:00,15.58,30.5,38.44,1503.21,09/20/2022 18:00:00,,
9/20/2022,18:20,15.58,30.7,38.67,1503.44,09/20/2022 18:20:00,,
9/20/2022,18:40,15.58,30.48,38.42,1503.18,09/20/2022 18:40:00,,
9/20/2022,19:00,15.55,29.89,37.72,1502.38,09/20/2022 19:00:00,,
9/20/2022,19:20,15.55,29.84,37.67,1502.33,09/20/2022 19:20:00,,
9/20/2022,19:40,15.52,30.77,38.69,1503.33,09/20/2022 19:40:00,,
9/20/2022,20:00,15.49,30.22,38.04,1502.58,09/20/2022 20:00:00,,
9/20/2022,20:20,15.49,29.6,37.34,1501.85,09/20/2022 20:20:00,,
9/20/2022,20:40,15.46,29.54,37.24,1501.68,09/20/2022 20:40:00,,
9/20/2022,21:00,15.46,28.77,36.37,1500.77,09/20/2022 21:00:00,,
9/20/2022,21:20,15.46,29.76,37.49,1501.94,09/20/2022 21:20:00,,
9/20/2022,21:40,15.43,29.84,37.57,1501.95,09/20/2022 21:40:00,,
9/20/2022,22:00,15.43,29.82,37.54,1501.92,09/20/2022 22:00:00,,
9/20/2022,22:20,15.46,29.62,37.34,1501.78,09/20/2022 22:20:00,,
9/20/2022,22:40,15.49,29.49,37.22,1501.72,09/20/2022 22:40:00,,
9/20/2022,23:00,15.49,29.51,37.24,1501.75,09/20/2022 23:00:00,,
9/20/2022,23:20,15.52,29.69,37.47,1502.05,09/20/2022 23:20:00,,
9/20/2022,23:40,15.55,29.62,37.42,1502.07,09/20/2022 23:40:00,,
9/20/2022,0:00,15.61,29.27,37.07,1501.85,09/20/2022 0:00:00,,
9/21/2022,0:20,15.64,29.34,37.17,1502.03,09/21/2022 0:20:00,,
9/21/2022,0:40,15.64,29.36,37.2,1502.05,09/21/2022 0:40:00,,
9/21/2022,1:00,15.64,28.66,36.4,1501.23,09/21/2022 1:00:00,,
9/21/2022,1:20,15.67,29.16,37,1501.92,09/21/2022 1:20:00,,
9/21/2022,1:40,15.67,29.21,37.05,1501.97,09/21/2022 1:40:00,,
9/21/2022,2:00,15.64,29.38,37.22,1502.08,09/21/2022 2:00:00,,
9/21/2022,2:20,15.58,28.92,36.65,1501.34,09/21/2022 2:20:00,,
9/21/2022,2:40,15.55,29.38,37.15,1501.79,09/21/2022 2:40:00,,
9/21/2022,3:00,15.52,29.45,37.19,1501.77,09/21/2022 3:00:00,,
9/21/2022,3:20,15.49,28.88,36.52,1501,09/21/2022 3:20:00,,
9/21/2022,3:40,15.46,29.32,36.99,1501.42,09/21/2022 3:40:00,,
9/21/2022,4:00,15.4,29.38,37.02,1501.3,09/21/2022 4:00:00,,
9/21/2022,4:20,15.37,29.23,36.82,1501.03,09/21/2022 4:20:00,,
9/21/2022,4:40,15.34,29.1,36.64,1500.77,09/21/2022 4:40:00,,
9/21/2022,5:00,15.31,29.38,36.94,1501.01,09/21/2022 5:00:00,,
9/21/2022,5:20,15.28,29.74,37.31,1501.33,09/21/2022 5:20:00,,
9/21/2022,5:40,15.25,29.56,37.09,1501.03,09/21/2022 5:40:00,,
9/21/2022,6:00,15.25,28.97,36.42,1500.32,09/21/2022 6:00:00,,
9/21/2022,6:20,15.21,29.27,36.74,1500.59,09/21/2022 6:20:00,,
9/21/2022,6:40,15.21,29.05,36.49,1500.33,09/21/2022 6:40:00,,
9/21/2022,7:00,15.18,28.68,36.04,1499.79,09/21/2022 7:00:00,,
9/21/2022,7:20,15.18,28.9,36.29,1500.05,09/21/2022 7:20:00,,
9/21/2022,7:40,15.18,28.24,35.54,1499.27,09/21/2022 7:40:00,,
9/21/2022,8:00,15.18,28.83,36.21,1499.97,09/21/2022 8:00:00,,
9/21/2022,8:20,15.15,28.5,35.82,1499.48,09/21/2022 8:20:00,,
9/21/2022,8:40,15.15,28.77,36.11,1499.79,09/21/2022 8:40:00,,
9/21/2022,9:00,15.12,28.33,35.59,1499.17,09/21/2022 9:00:00,,
9/21/2022,9:20,15.12,28.17,35.42,1498.99,09/21/2022 9:20:00,,
9/21/2022,9:40,15.09,28.24,35.46,1498.97,09/21/2022 9:40:00,,
9/21/2022,10:00,15.09,28.52,35.79,1499.31,09/21/2022 10:00:00,,
9/21/2022,10:20,15.09,28.37,35.61,1499.12,09/21/2022 10:20:00,,
9/21/2022,10:40,15.09,28.66,35.94,1499.46,09/21/2022 10:40:00,,
9/21/2022,11:00,15.06,29.12,36.44,1499.91,09/21/2022 11:00:00,,
9/21/2022,11:20,15.03,28.44,35.64,1499,09/21/2022 11:20:00,,
9/21/2022,11:40,15.03,28.55,35.76,1499.13,09/21/2022 11:40:00,,
9/21/2022,12:00,15.03,27.97,35.11,1498.45,09/21/2022 12:00:00,,
9/21/2022,12:20,15.03,28.46,35.66,1499.03,09/21/2022 12:20:00,,
9/21/2022,12:40,15.12,28.81,36.14,1499.75,09/21/2022 12:40:00,,
9/21/2022,13:00,15.25,28.48,35.87,1499.75,09/21/2022 13:00:00,,
9/21/2022,13:20,15.4,28.55,36.07,1500.32,09/21/2022 13:20:00,,
9/21/2022,13:40,15.55,28.62,36.27,1500.89,09/21/2022 13:40:00,,
9/21/2022,14:00,15.7,28.79,36.6,1501.58,09/21/2022 14:00:00,,
9/21/2022,14:20,15.76,28.64,36.48,1501.59,09/21/2022 14:20:00,,
9/21/2022,14:40,15.8,28.77,36.65,1501.84,09/21/2022 14:40:00,,
9/21/2022,15:00,15.83,28.29,36.13,1501.38,09/21/2022 15:00:00,,
9/21/2022,15:20,15.83,28.62,36.5,1501.76,09/21/2022 15:20:00,,
9/21/2022,15:40,15.86,28.36,36.23,1501.55,09/21/2022 15:40:00,,
9/21/2022,16:00,15.86,28.42,36.31,1501.63,09/21/2022 16:00:00,,
9/21/2022,16:20,16.01,28.88,36.96,1502.64,09/21/2022 16:20:00,,
9/21/2022,16:40,16.19,28.62,36.81,1502.91,09/21/2022 16:40:00,,
9/21/2022,17:00,16.25,29.05,37.36,1503.6,09/21/2022 17:00:00,,
9/21/2022,17:20,16.16,28.71,36.89,1502.91,09/21/2022 17:20:00,,
9/21/2022,17:40,16.16,28.06,36.14,1502.16,09/21/2022 17:40:00,,
9/21/2022,18:00,16.19,28.77,36.99,1503.09,09/21/2022 18:00:00,,
9/21/2022,18:20,16.19,28.32,36.46,1502.56,09/21/2022 18:20:00,,
9/21/2022,18:40,16.16,28.06,36.14,1502.16,09/21/2022 18:40:00,,
9/21/2022,19:00,16.07,28.28,36.31,1502.12,09/21/2022 19:00:00,,
9/21/2022,19:20,15.95,28.69,36.68,1502.22,09/21/2022 19:20:00,,
9/21/2022,19:40,15.86,28.97,36.93,1502.26,09/21/2022 19:40:00,,
9/21/2022,20:00,15.76,28.92,36.8,1501.92,09/21/2022 20:00:00,,
9/21/2022,20:20,15.67,29.05,36.87,1501.79,09/21/2022 20:20:00,,
9/21/2022,20:40,15.58,29.25,37.02,1501.73,09/21/2022 20:40:00,,
9/21/2022,21:00,15.55,29.08,36.8,1501.43,09/21/2022 21:00:00,,
9/21/2022,21:20,15.49,28.92,36.57,1501.05,09/21/2022 21:20:00,,
9/21/2022,21:40,15.43,29.19,36.82,1501.17,09/21/2022 21:40:00,,
9/21/2022,22:00,15.4,29.3,36.92,1501.2,09/21/2022 22:00:00,,
9/21/2022,22:20,15.37,28.81,36.34,1500.53,09/21/2022 22:20:00,,
9/21/2022,22:40,15.34,28.59,36.07,1500.17,09/21/2022 22:40:00,,
9/21/2022,23:00,15.37,28.55,36.04,1500.22,09/21/2022 23:00:00,,
9/21/2022,23:20,15.4,28.75,36.29,1500.55,09/21/2022 23:20:00,,
9/21/2022,23:40,15.43,28.53,36.07,1500.39,09/21/2022 23:40:00,,
9/21/2022,0:00,15.43,28.59,36.15,1500.47,09/21/2022 0:00:00,,
9/22/2022,0:20,15.46,28.86,36.47,1500.88,09/22/2022 0:20:00,,
9/22/2022,0:40,15.46,28.66,36.25,1500.64,09/22/2022 0:40:00,,
9/22/2022,1:00,15.43,28.46,36,1500.31,09/22/2022 1:00:00,,
9/22/2022,1:20,15.4,28,35.45,1499.67,09/22/2022 1:20:00,,
9/22/2022,1:40,15.37,27.72,35.1,1499.24,09/22/2022 1:40:00,,
9/22/2022,2:00,15.34,27.67,35.02,1499.09,09/22/2022 2:00:00,,
9/22/2022,2:20,15.31,28.18,35.57,1499.58,09/22/2022 2:20:00,,
9/22/2022,2:40,15.31,28.04,35.42,1499.43,09/22/2022 2:40:00,,
9/22/2022,3:00,15.28,28.15,35.52,1499.46,09/22/2022 3:00:00,,
9/22/2022,3:20,15.31,28.42,35.84,1499.87,09/22/2022 3:20:00,,
9/22/2022,3:40,15.4,28.35,35.85,1500.09,09/22/2022 3:40:00,,
9/22/2022,4:00,15.55,28.53,36.17,1500.78,09/22/2022 4:00:00,,
9/22/2022,4:20,15.67,28.25,35.95,1500.84,09/22/2022 4:20:00,,
9/22/2022,4:40,15.76,28.55,36.38,1501.49,09/22/2022 4:40:00,,
9/22/2022,5:00,15.86,28.16,36.01,1501.32,09/22/2022 5:00:00,,
9/22/2022,5:20,15.89,29.01,37,1502.41,09/22/2022 5:20:00,,
9/22/2022,5:40,15.86,28.47,36.36,1501.68,09/22/2022 5:40:00,,
9/22/2022,6:00,15.83,28.95,36.88,1502.14,09/22/2022 6:00:00,,
9/22/2022,6:20,15.76,28.62,36.45,1501.57,09/22/2022 6:20:00,,
9/22/2022,6:40,15.73,28.73,36.55,1501.6,09/22/2022 6:40:00,,
9/22/2022,7:00,15.67,28.84,36.63,1501.53,09/22/2022 7:00:00,,
9/22/2022,7:20,15.64,28.9,36.67,1501.51,09/22/2022 7:20:00,,
9/22/2022,7:40,15.58,29.05,36.8,1501.5,09/22/2022 7:40:00,,
9/22/2022,8:00,15.55,28.99,36.7,1501.32,09/22/2022 8:00:00,,
9/22/2022,8:20,15.55,28.92,36.62,1501.25,09/22/2022 8:20:00,,
9/22/2022,8:40,15.55,29.01,36.72,1501.35,09/22/2022 8:40:00,,
9/22/2022,9:00,15.52,29.56,37.32,1501.9,09/22/2022 9:00:00,,
9/22/2022,9:20,15.52,29.75,37.54,1502.13,09/22/2022 9:20:00,,
9/22/2022,9:40,15.49,29.51,37.24,1501.75,09/22/2022 9:40:00,,
9/22/2022,10:00,15.49,29.62,37.37,1501.88,09/22/2022 10:00:00,,
9/22/2022,10:20,15.49,29.36,37.07,1501.57,09/22/2022 10:20:00,,
9/22/2022,10:40,15.55,29.97,37.82,1502.49,09/22/2022 10:40:00,,
9/22/2022,11:00,15.58,30.15,38.04,1502.79,09/22/2022 11:00:00,,
9/22/2022,11:20,15.58,29.82,37.67,1502.4,09/22/2022 11:20:00,,
9/22/2022,11:40,15.64,29.53,37.4,1502.26,09/22/2022 11:40:00,,
9/22/2022,12:00,15.67,29.62,37.52,1502.46,09/22/2022 12:00:00,,
9/22/2022,12:20,15.76,29.86,37.87,1503.03,09/22/2022 12:20:00,,
9/22/2022,12:40,15.89,30.19,38.35,1503.79,09/22/2022 12:40:00,,
9/22/2022,13:00,16.01,30.25,38.53,1504.25,09/22/2022 13:00:00,,
9/22/2022,13:20,16.16,30.18,38.58,1504.64,09/22/2022 13:20:00,,
9/22/2022,13:40,16.25,30.29,38.78,1505.05,09/22/2022 13:40:00,,
9/22/2022,14:00,16.46,30.19,38.86,1505.6,09/22/2022 14:00:00,,
9/22/2022,14:20,16.65,29.85,38.62,1505.75,09/22/2022 14:20:00,,
9/22/2022,14:40,16.71,30.12,38.99,1506.26,09/22/2022 14:40:00,,
9/22/2022,15:00,16.77,29.72,38.57,1505.97,09/22/2022 15:00:00,,
9/22/2022,15:20,16.74,30.12,39.02,1506.35,09/22/2022 15:20:00,,
9/22/2022,15:40,16.65,29.8,38.57,1505.7,09/22/2022 15:40:00,,
9/22/2022,16:00,16.65,29.91,38.69,1505.83,09/22/2022 16:00:00,,
9/22/2022,16:20,16.43,29.94,38.54,1505.2,09/22/2022 16:20:00,,
9/22/2022,16:40,16.31,30.44,39.01,1505.41,09/22/2022 16:40:00,,
9/22/2022,17:00,16.22,29.87,38.28,1504.47,09/22/2022 17:00:00,,
9/22/2022,17:20,16.13,29.96,38.31,1504.29,09/22/2022 17:20:00,,
9/22/2022,17:40,16.07,29.57,37.81,1503.65,09/22/2022 17:40:00,,
9/22/2022,18:00,15.98,29.55,37.7,1503.34,09/22/2022 18:00:00,,
9/22/2022,18:20,15.86,29.05,37.03,1502.37,09/22/2022 18:20:00,,
9/22/2022,18:40,15.73,29.56,37.5,1502.57,09/22/2022 18:40:00,,
9/22/2022,19:00,15.55,29.95,37.79,1502.46,09/22/2022 19:00:00,,
9/22/2022,19:20,15.46,29.62,37.34,1501.78,09/22/2022 19:20:00,,
9/22/2022,19:40,15.4,29.38,37.02,1501.3,09/22/2022 19:40:00,,
9/22/2022,20:00,15.34,30.09,37.76,1501.94,09/22/2022 20:00:00,,
9/22/2022,20:20,15.31,29.76,37.36,1501.46,09/22/2022 20:20:00,,
9/22/2022,20:40,15.31,30,37.64,1501.74,09/22/2022 20:40:00,,
9/22/2022,21:00,15.37,29.43,37.04,1501.26,09/22/2022 21:00:00,,
9/22/2022,21:20,15.46,29.82,37.57,1502.02,09/22/2022 21:20:00,,
9/22/2022,21:40,15.52,29.93,37.74,1502.34,09/22/2022 21:40:00,,
9/22/2022,22:00,15.55,30.44,38.34,1503.03,09/22/2022 22:00:00,,
9/22/2022,22:20,15.58,30.28,38.19,1502.95,09/22/2022 22:20:00,,
9/22/2022,22:40,15.58,29.8,37.64,1502.38,09/22/2022 22:40:00,,
9/22/2022,23:00,15.58,29.32,37.1,1501.81,09/22/2022 23:00:00,,
9/22/2022,23:20,15.55,29.91,37.74,1502.41,09/22/2022 23:20:00,,
9/22/2022,23:40,15.55,29.78,37.59,1502.25,09/22/2022 23:40:00,,
9/22/2022,0:00,15.49,29.82,37.59,1502.11,09/22/2022 0:00:00,,
9/23/2022,0:20,15.49,29.67,37.42,1501.93,09/23/2022 0:20:00,,
9/23/2022,0:40,15.46,29.49,37.19,1501.63,09/23/2022 0:40:00,,
9/23/2022,1:00,15.4,29.65,37.32,1501.62,09/23/2022 1:00:00,,
9/23/2022,1:20,15.34,29.74,37.36,1501.53,09/23/2022 1:20:00,,
9/23/2022,1:40,15.28,29.08,36.57,1500.55,09/23/2022 1:40:00,,
9/23/2022,2:00,15.18,29.36,36.81,1500.6,09/23/2022 2:00:00,,
9/23/2022,2:20,15.12,29.67,37.11,1500.77,09/23/2022 2:20:00,,
9/23/2022,2:40,15.06,30.16,37.61,1501.15,09/23/2022 2:40:00,,
9/23/2022,3:00,15,29.76,37.11,1500.48,09/23/2022 3:00:00,,
9/23/2022,3:20,14.97,29.85,37.18,1500.49,09/23/2022 3:20:00,,
9/23/2022,3:40,14.97,30.39,37.78,1501.12,09/23/2022 3:40:00,,
9/23/2022,4:00,14.97,29.76,37.08,1500.38,09/23/2022 4:00:00,,
9/23/2022,4:20,14.97,29.34,36.61,1499.88,09/23/2022 4:20:00,,
9/23/2022,4:40,14.97,29.5,36.78,1500.07,09/23/2022 4:40:00,,
9/23/2022,5:00,14.94,29.32,36.56,1499.76,09/23/2022 5:00:00,,
9/23/2022,5:20,14.94,29.45,36.71,1499.91,09/23/2022 5:20:00,,
9/23/2022,5:40,14.94,29.1,36.31,1499.49,09/23/2022 5:40:00,,
9/23/2022,6:00,14.94,29.25,36.48,1499.68,09/23/2022 6:00:00,,
9/23/2022,6:20,14.97,28.63,35.81,1499.04,09/23/2022 6:20:00,,
9/23/2022,6:40,14.97,28.79,35.99,1499.22,09/23/2022 6:40:00,,
9/23/2022,7:00,14.94,29.36,36.61,1499.81,09/23/2022 7:00:00,,
9/23/2022,7:20,14.97,28.63,35.81,1499.04,09/23/2022 7:20:00,,
9/23/2022,7:40,14.94,29.59,36.86,1500.07,09/23/2022 7:40:00,,
9/23/2022,8:00,14.94,29.72,37.01,1500.23,09/23/2022 8:00:00,,
9/23/2022,8:20,14.94,29.61,36.88,1500.1,09/23/2022 8:20:00,,
9/23/2022,8:40,14.94,29.43,36.68,1499.89,09/23/2022 8:40:00,,
9/23/2022,9:00,14.97,29.41,36.68,1499.96,09/23/2022 9:00:00,,
9/23/2022,9:20,15,29.28,36.56,1499.9,09/23/2022 9:20:00,,
9/23/2022,9:40,15,29.74,37.08,1500.45,09/23/2022 9:40:00,,
9/23/2022,10:00,15.06,29.12,36.44,1499.91,09/23/2022 10:00:00,,
9/23/2022,10:20,15.09,29.54,36.94,1500.51,09/23/2022 10:20:00,,
9/23/2022,10:40,15.15,29.85,37.34,1501.07,09/23/2022 10:40:00,,
9/23/2022,11:00,15.21,30,37.56,1501.45,09/23/2022 11:00:00,,
9/23/2022,11:20,15.28,29.6,37.16,1501.18,09/23/2022 11:20:00,,
9/23/2022,11:40,15.34,29.08,36.62,1500.75,09/23/2022 11:40:00,,
9/23/2022,12:00,15.4,28.79,36.34,1500.6,09/23/2022 12:00:00,,
9/23/2022,12:20,15.43,29.67,37.37,1501.74,09/23/2022 12:20:00,,
9/23/2022,12:40,15.46,29.27,36.94,1501.37,09/23/2022 12:40:00,,
9/23/2022,13:00,15.61,29.84,37.72,1502.52,09/23/2022 13:00:00,,
9/23/2022,13:20,15.86,29.27,37.28,1502.62,09/23/2022 13:20:00,,
9/23/2022,13:40,16.19,29.42,37.73,1503.85,09/23/2022 13:40:00,,
9/23/2022,14:00,16.58,29.33,37.97,1504.96,09/23/2022 14:00:00,,
9/23/2022,14:20,16.92,29.44,38.37,1506.11,09/23/2022 14:20:00,,
9/23/2022,14:40,17.31,29.63,38.93,1507.52,09/23/2022 14:40:00,,
9/23/2022,15:00,17.67,29.33,38.89,1508.26,09/23/2022 15:00:00,,
9/23/2022,15:20,18.12,29.08,38.98,1509.3,09/23/2022 15:20:00,,
9/23/2022,15:40,18.24,28.9,38.85,1509.44,09/23/2022 15:40:00,,
9/23/2022,16:00,18.24,29.31,39.35,1509.92,09/23/2022 16:00:00,,
9/23/2022,16:20,18.15,29.43,39.43,1509.8,09/23/2022 16:20:00,,
9/23/2022,16:40,17.97,29.37,39.2,1509.2,09/23/2022 16:40:00,,
9/23/2022,17:00,17.52,29.48,38.94,1507.98,09/23/2022 17:00:00,,
9/23/2022,17:20,17.25,29.2,38.38,1506.84,09/23/2022 17:20:00,,
9/23/2022,17:40,17.1,29.18,38.23,1506.36,09/23/2022 17:40:00,,
9/23/2022,18:00,16.98,29.31,38.28,1506.14,09/23/2022 18:00:00,,
9/23/2022,18:20,16.92,29.12,38,1505.74,09/23/2022 18:20:00,,
9/23/2022,18:40,16.89,29.16,38.02,1505.69,09/23/2022 18:40:00,,
9/23/2022,19:00,16.83,29.2,38.02,1505.56,09/23/2022 19:00:00,,
9/23/2022,19:20,16.71,29.55,38.32,1505.59,09/23/2022 19:20:00,,
9/23/2022,19:40,16.49,29.33,37.89,1504.68,09/23/2022 19:40:00,,
9/23/2022,20:00,16.34,29.61,38.09,1504.54,09/23/2022 20:00:00,,
9/23/2022,20:20,16.16,29.4,37.68,1503.73,09/23/2022 20:20:00,,
9/23/2022,20:40,16.1,29.47,37.71,1503.61,09/23/2022 20:40:00,,
9/23/2022,21:00,15.98,29.25,37.35,1502.98,09/23/2022 21:00:00,,
9/23/2022,21:20,15.86,28.97,36.93,1502.26,09/23/2022 21:20:00,,
9/23/2022,21:40,15.76,28.62,36.45,1501.57,09/23/2022 21:40:00,,
9/23/2022,22:00,15.73,28.94,36.8,1501.85,09/23/2022 22:00:00,,
9/23/2022,22:20,15.8,29.01,36.93,1502.12,09/23/2022 22:20:00,,
9/23/2022,22:40,15.86,29.18,37.18,1502.52,09/23/2022 22:40:00,,
9/23/2022,23:00,15.89,29.03,37.03,1502.44,09/23/2022 23:00:00,,
9/23/2022,23:20,15.89,28.99,36.98,1502.39,09/23/2022 23:20:00,,
9/23/2022,23:40,15.86,29.18,37.18,1502.52,09/23/2022 23:40:00,,
9/23/2022,0:00,15.8,29.23,37.18,1502.38,09/23/2022 0:00:00,,
9/24/2022,0:20,15.76,29.21,37.13,1502.26,09/24/2022 0:20:00,,
9/24/2022,0:40,15.76,29.18,37.1,1502.23,09/24/2022 0:40:00,,
9/24/2022,1:00,15.73,28.79,36.63,1501.67,09/24/2022 1:00:00,,
9/24/2022,1:20,15.67,28.9,36.7,1501.61,09/24/2022 1:20:00,,
9/24/2022,1:40,15.61,28.7,36.42,1501.18,09/24/2022 1:40:00,,
9/24/2022,2:00,15.52,28.49,36.1,1500.63,09/24/2022 2:00:00,,
9/24/2022,2:20,15.46,28.29,35.82,1500.21,09/24/2022 2:20:00,,
9/24/2022,2:40,15.43,28.18,35.67,1499.98,09/24/2022 2:40:00,,
9/24/2022,3:00,15.4,28,35.45,1499.67,09/24/2022 3:00:00,,
9/24/2022,3:20,15.37,28.16,35.6,1499.76,09/24/2022 3:20:00,,
9/24/2022,3:40,15.31,28.07,35.44,1499.45,09/24/2022 3:40:00,,
9/24/2022,4:00,15.28,28.46,35.87,1499.82,09/24/2022 4:00:00,,
9/24/2022,4:20,15.21,28.22,35.54,1499.34,09/24/2022 4:20:00,,
9/24/2022,4:40,15.18,28.22,35.52,1499.24,09/24/2022 4:40:00,,
9/24/2022,5:00,15.18,28.37,35.69,1499.42,09/24/2022 5:00:00,,
9/24/2022,5:20,15.18,28.46,35.79,1499.53,09/24/2022 5:20:00,,
9/24/2022,5:40,15.18,29.01,36.41,1500.18,09/24/2022 5:40:00,,
9/24/2022,6:00,15.18,28.92,36.31,1500.07,09/24/2022 6:00:00,,
9/24/2022,6:20,15.18,28.42,35.74,1499.47,09/24/2022 6:20:00,,
9/24/2022,6:40,15.21,28.46,35.82,1499.62,09/24/2022 6:40:00,,
9/24/2022,7:00,15.21,28.24,35.57,1499.36,09/24/2022 7:00:00,,
9/24/2022,7:20,15.25,28.2,35.54,1499.41,09/24/2022 7:20:00,,
9/24/2022,7:40,15.25,27.74,35.02,1498.87,09/24/2022 7:40:00,,
9/24/2022,8:00,15.28,27.39,34.65,1498.55,09/24/2022 8:00:00,,
9/24/2022,8:20,15.31,27.37,34.65,1498.63,09/24/2022 8:20:00,,
9/24/2022,8:40,15.37,27.35,34.67,1498.8,09/24/2022 8:40:00,,
9/24/2022,9:00,15.4,27.09,34.4,1498.59,09/24/2022 9:00:00,,
9/24/2022,9:20,15.4,27.04,34.35,1498.54,09/24/2022 9:20:00,,
9/24/2022,9:40,15.4,27.22,34.55,1498.74,09/24/2022 9:40:00,,
9/24/2022,10:00,15.4,27.11,34.42,1498.62,09/24/2022 10:00:00,,
9/24/2022,10:20,15.43,27.07,34.4,1498.66,09/24/2022 10:20:00,,
9/24/2022,10:40,15.46,27.29,34.68,1499.02,09/24/2022 10:40:00,,
9/24/2022,11:00,15.49,27.81,35.3,1499.74,09/24/2022 11:00:00,,
9/24/2022,11:20,15.52,27.74,35.25,1499.76,09/24/2022 11:20:00,,
9/24/2022,11:40,15.61,27.86,35.45,1500.18,09/24/2022 11:40:00,,
9/24/2022,12:00,15.73,27.58,35.23,1500.24,09/24/2022 12:00:00,,
9/24/2022,12:20,15.83,27.77,35.53,1500.76,09/24/2022 12:20:00,,
9/24/2022,12:40,15.95,27.67,35.51,1501.03,09/24/2022 12:40:00,,
9/24/2022,13:00,15.95,27.69,35.53,1501.05,09/24/2022 13:00:00,,
9/24/2022,13:20,15.98,27.41,35.24,1500.82,09/24/2022 13:20:00,,
9/24/2022,13:40,16.01,27.56,35.44,1501.09,09/24/2022 13:40:00,,
9/24/2022,14:00,16.13,27.38,35.31,1501.25,09/24/2022 14:00:00,,
9/24/2022,14:20,16.25,27.08,35.07,1501.29,09/24/2022 14:20:00,,
9/24/2022,14:40,16.37,26.47,34.45,1500.95,09/24/2022 14:40:00,,
9/24/2022,15:00,16.43,26.75,34.82,1501.47,09/24/2022 15:00:00,,
9/24/2022,15:20,16.71,26.83,35.13,1502.41,09/24/2022 15:20:00,,
9/24/2022,15:40,16.92,26.71,35.16,1502.93,09/24/2022 15:40:00,,
9/24/2022,16:00,17.01,26.23,34.66,1502.65,09/24/2022 16:00:00,,
9/24/2022,16:20,17.1,26.07,34.54,1502.74,09/24/2022 16:20:00,,
9/24/2022,16:40,17.19,26.73,35.39,1503.78,09/24/2022 16:40:00,,
9/24/2022,17:00,17.19,26.54,35.16,1503.56,09/24/2022 17:00:00,,
9/24/2022,17:20,17.19,26.77,35.44,1503.82,09/24/2022 17:20:00,,
9/24/2022,17:40,17.13,26.89,35.54,1503.78,09/24/2022 17:40:00,,
9/24/2022,18:00,17.07,26.93,35.53,1503.64,09/24/2022 18:00:00,,
9/24/2022,18:20,17.01,26.97,35.53,1503.5,09/24/2022 18:20:00,,
9/24/2022,18:40,16.98,27.09,35.66,1503.56,09/24/2022 18:40:00,,
9/24/2022,19:00,16.95,27.07,35.61,1503.44,09/24/2022 19:00:00,,
9/24/2022,19:20,16.95,27.01,35.53,1503.36,09/24/2022 19:20:00,,
9/24/2022,19:40,16.92,26.9,35.38,1503.15,09/24/2022 19:40:00,,
9/24/2022,20:00,16.86,27,35.45,1503.08,09/24/2022 20:00:00,,
9/24/2022,20:20,16.83,26.6,34.95,1502.52,09/24/2022 20:20:00,,
9/24/2022,20:40,16.8,26.49,34.8,1502.3,09/24/2022 20:40:00,,
9/24/2022,21:00,16.77,26.26,34.5,1501.93,09/24/2022 21:00:00,,
9/24/2022,21:20,16.71,27.25,35.63,1502.9,09/24/2022 21:20:00,,
9/24/2022,21:40,16.71,26.57,34.83,1502.11,09/24/2022 21:40:00,,
9/24/2022,22:00,16.68,26.85,35.13,1502.34,09/24/2022 22:00:00,,
9/24/2022,22:20,16.68,26.53,34.75,1501.97,09/24/2022 22:20:00,,
9/24/2022,22:40,16.65,26.44,34.63,1501.77,09/24/2022 22:40:00,,
9/24/2022,23:00,16.61,27.12,35.4,1502.47,09/24/2022 23:00:00,,
9/24/2022,23:20,16.58,26.55,34.7,1501.7,09/24/2022 23:20:00,,
9/24/2022,23:40,16.58,26.91,35.12,1502.12,09/24/2022 23:40:00,,
9/24/2022,0:00,16.55,26.4,34.5,1501.43,09/24/2022 0:00:00,,
9/25/2022,0:20,16.52,26.86,35.02,1501.88,09/25/2022 0:20:00,,
9/25/2022,0:40,16.49,27.18,35.37,1502.16,09/25/2022 0:40:00,,
9/25/2022,1:00,16.46,27.22,35.4,1502.11,09/25/2022 1:00:00,,
9/25/2022,1:20,16.4,27.22,35.34,1501.92,09/25/2022 1:20:00,,
9/25/2022,1:40,16.34,27.15,35.22,1501.65,09/25/2022 1:40:00,,
9/25/2022,2:00,16.31,27.17,35.22,1501.58,09/25/2022 2:00:00,,
9/25/2022,2:20,16.25,26.68,34.59,1500.81,09/25/2022 2:20:00,,
9/25/2022,2:40,16.22,26.16,33.97,1500.12,09/25/2022 2:40:00,,
9/25/2022,3:00,16.19,27.14,35.09,1501.17,09/25/2022 3:00:00,,
9/25/2022,3:20,16.19,26.65,34.52,1500.59,09/25/2022 3:20:00,,
9/25/2022,3:40,16.19,26.89,34.79,1500.87,09/25/2022 3:40:00,,
9/25/2022,4:00,16.16,26.67,34.52,1500.52,09/25/2022 4:00:00,,
9/25/2022,4:20,16.16,27.4,35.36,1501.38,09/25/2022 4:20:00,,
9/25/2022,4:40,16.16,27.55,35.54,1501.55,09/25/2022 4:40:00,,
9/25/2022,5:00,16.16,27.46,35.44,1501.45,09/25/2022 5:00:00,,
9/25/2022,5:20,16.16,27.01,34.92,1500.92,09/25/2022 5:20:00,,
9/25/2022,5:40,16.16,27.08,34.99,1501,09/25/2022 5:40:00,,
9/25/2022,6:00,16.16,26.54,34.37,1500.37,09/25/2022 6:00:00,,
9/25/2022,6:20,16.19,26.87,34.77,1500.84,09/25/2022 6:20:00,,
9/25/2022,6:40,16.19,27.08,35.02,1501.1,09/25/2022 6:40:00,,
9/25/2022,7:00,16.19,26.2,33.99,1500.07,09/25/2022 7:00:00,,
9/25/2022,7:20,16.19,26.82,34.72,1500.79,09/25/2022 7:20:00,,
9/25/2022,7:40,16.19,26.05,33.82,1499.89,09/25/2022 7:40:00,,
9/25/2022,8:00,16.19,26.01,33.77,1499.84,09/25/2022 8:00:00,,
9/25/2022,8:20,16.22,26.29,34.12,1500.27,09/25/2022 8:20:00,,
9/25/2022,8:40,16.22,26.06,33.84,1499.99,09/25/2022 8:40:00,,
9/25/2022,9:00,16.22,27.27,35.27,1501.42,09/25/2022 9:00:00,,
9/25/2022,9:20,16.22,27.76,35.84,1502,09/25/2022 9:20:00,,
9/25/2022,9:40,16.22,27.36,35.37,1501.52,09/25/2022 9:40:00,,
9/25/2022,10:00,16.22,27.17,35.14,1501.29,09/25/2022 10:00:00,,
9/25/2022,10:20,16.22,27.53,35.57,1501.72,09/25/2022 10:20:00,,
9/25/2022,10:40,16.25,26.97,34.94,1501.16,09/25/2022 10:40:00,,
9/25/2022,11:00,16.28,28.26,36.46,1502.77,09/25/2022 11:00:00,,
9/25/2022,11:20,16.31,27.49,35.59,1501.96,09/25/2022 11:20:00,,
9/25/2022,11:40,16.34,29.1,37.49,1503.94,09/25/2022 11:40:00,,
9/25/2022,12:00,16.37,29.38,37.84,1504.36,09/25/2022 12:00:00,,
9/25/2022,12:20,16.37,28.99,37.39,1503.91,09/25/2022 12:20:00,,
9/25/2022,12:40,16.37,28.39,36.69,1503.2,09/25/2022 12:40:00,,
9/25/2022,13:00,16.4,28.5,36.84,1503.42,09/25/2022 13:00:00,,
9/25/2022,13:20,16.46,28.95,37.42,1504.14,09/25/2022 13:20:00,,
9/25/2022,13:40,16.46,29.59,38.16,1504.89,09/25/2022 13:40:00,,
9/25/2022,14:00,16.49,28.91,37.39,1504.18,09/25/2022 14:00:00,,
9/25/2022,14:20,16.52,28.76,37.24,1504.1,09/25/2022 14:20:00,,
9/25/2022,14:40,16.55,29.01,37.57,1504.49,09/25/2022 14:40:00,,
9/25/2022,15:00,16.52,28.82,37.32,1504.18,09/25/2022 15:00:00,,
9/25/2022,15:20,16.49,27.62,35.9,1502.68,09/25/2022 15:20:00,,
9/25/2022,15:40,16.49,28.01,36.34,1503.13,09/25/2022 15:40:00,,
9/25/2022,16:00,16.52,27.28,35.52,1502.38,09/25/2022 16:00:00,,
9/25/2022,16:20,16.55,27.58,35.9,1502.82,09/25/2022 16:20:00,,
9/25/2022,16:40,16.52,28.03,36.4,1503.25,09/25/2022 16:40:00,,
9/25/2022,17:00,16.49,27.13,35.32,1502.11,09/25/2022 17:00:00,,
9/25/2022,17:20,16.46,26.54,34.6,1501.32,09/25/2022 17:20:00,,
9/25/2022,17:40,16.49,25.67,33.6,1500.4,09/25/2022 17:40:00,,
9/25/2022,18:00,16.49,25.72,33.65,1500.45,09/25/2022 18:00:00,,
9/25/2022,18:20,16.52,26.06,34.07,1500.94,09/25/2022 18:20:00,,
9/25/2022,18:40,16.55,25.68,33.65,1500.59,09/25/2022 18:40:00,,
9/25/2022,19:00,16.58,25.85,33.88,1500.89,09/25/2022 19:00:00,,
9/25/2022,19:20,16.58,25.91,33.95,1500.96,09/25/2022 19:20:00,,
9/25/2022,19:40,16.55,25.4,33.33,1500.27,09/25/2022 19:40:00,,
9/25/2022,20:00,16.55,24.73,32.53,1499.48,09/25/2022 20:00:00,,
9/25/2022,20:20,16.52,25.06,32.9,1499.78,09/25/2022 20:20:00,,
9/25/2022,20:40,16.49,26.03,34.02,1500.82,09/25/2022 20:40:00,,
9/25/2022,21:00,16.46,26.28,34.3,1501.02,09/25/2022 21:00:00,,
9/25/2022,21:20,16.37,26.17,34.1,1500.6,09/25/2022 21:20:00,,
9/25/2022,21:40,16.31,25.85,33.67,1500.04,09/25/2022 21:40:00,,
9/25/2022,22:00,16.25,25.78,33.54,1499.76,09/25/2022 22:00:00,,
9/25/2022,22:20,16.22,25.55,33.24,1499.39,09/25/2022 22:20:00,,
9/25/2022,22:40,16.16,24.86,32.39,1498.4,09/25/2022 22:40:00,,
9/25/2022,23:00,16.13,25.41,33.02,1498.95,09/25/2022 23:00:00,,
9/25/2022,23:20,16.13,26.09,33.82,1499.75,09/25/2022 23:20:00,,
9/25/2022,23:40,16.1,25.75,33.39,1499.25,09/25/2022 23:40:00,,
9/25/2022,0:00,16.1,25.35,32.92,1498.77,09/25/2022 0:00:00,,
9/26/2022,0:20,16.16,25.75,33.44,1499.44,09/26/2022 0:20:00,,
9/26/2022,0:40,16.19,25.59,33.27,1499.34,09/26/2022 0:40:00,,
9/26/2022,1:00,16.22,25.06,32.67,1498.82,09/26/2022 1:00:00,,
9/26/2022,1:20,16.19,26.69,34.57,1500.64,09/26/2022 1:20:00,,
9/26/2022,1:40,16.19,27.61,35.64,1501.72,09/26/2022 1:40:00,,
9/26/2022,2:00,16.19,27.59,35.61,1501.7,09/26/2022 2:00:00,,
9/26/2022,2:20,16.22,26.97,34.92,1501.07,09/26/2022 2:20:00,,
9/26/2022,2:40,16.22,27.29,35.29,1501.44,09/26/2022 2:40:00,,
9/26/2022,3:00,16.25,27.17,35.17,1501.39,09/26/2022 3:00:00,,
9/26/2022,3:20,16.25,27.23,35.24,1501.46,09/26/2022 3:20:00,,
9/26/2022,3:40,16.25,26.68,34.59,1500.81,09/26/2022 3:40:00,,
9/26/2022,4:00,16.25,26.51,34.39,1500.61,09/26/2022 4:00:00,,
9/26/2022,4:20,16.25,27.23,35.24,1501.46,09/26/2022 4:20:00,,
9/26/2022,4:40,16.28,26.89,34.87,1501.16,09/26/2022 4:40:00,,
9/26/2022,5:00,16.28,26.51,34.42,1500.71,09/26/2022 5:00:00,,
9/26/2022,5:20,16.28,27.08,35.09,1501.39,09/26/2022 5:20:00,,
9/26/2022,5:40,16.28,27.7,35.82,1502.11,09/26/2022 5:40:00,,
9/26/2022,6:00,16.28,27.83,35.97,1502.26,09/26/2022 6:00:00,,
9/26/2022,6:20,16.28,27.85,35.99,1502.29,09/26/2022 6:20:00,,
9/26/2022,6:40,16.28,28.67,36.94,1503.24,09/26/2022 6:40:00,,
9/26/2022,7:00,16.28,27.87,36.02,1502.31,09/26/2022 7:00:00,,
9/26/2022,7:20,16.28,27.94,36.09,1502.39,09/26/2022 7:20:00,,
9/26/2022,7:40,16.28,27.34,35.39,1501.69,09/26/2022 7:40:00,,
9/26/2022,8:00,16.25,26.85,34.79,1501.01,09/26/2022 8:00:00,,
9/26/2022,8:20,16.25,26.48,34.37,1500.59,09/26/2022 8:20:00,,
9/26/2022,8:40,16.25,25.1,32.74,1498.97,09/26/2022 8:40:00,,
9/26/2022,9:00,16.25,25.57,33.29,1499.52,09/26/2022 9:00:00,,
9/26/2022,9:20,16.25,25.4,33.09,1499.32,09/26/2022 9:20:00,,
9/26/2022,9:40,16.22,26.33,34.17,1500.32,09/26/2022 9:40:00,,
9/26/2022,10:00,16.22,27.23,35.22,1501.37,09/26/2022 10:00:00,,
9/26/2022,10:20,16.19,28.45,36.61,1502.71,09/26/2022 10:20:00,,
9/26/2022,10:40,16.13,27.98,36.01,1501.96,09/26/2022 10:40:00,,
9/26/2022,11:00,16.07,27.76,35.71,1501.51,09/26/2022 11:00:00,,
9/26/2022,11:20,16.07,28,35.99,1501.79,09/26/2022 11:20:00,,
9/26/2022,11:40,16.04,28.1,36.08,1501.82,09/26/2022 11:40:00,,
9/26/2022,12:00,16.01,28.75,36.81,1502.49,09/26/2022 12:00:00,,
9/26/2022,12:20,16.01,28.88,36.96,1502.64,09/26/2022 12:20:00,,
9/26/2022,12:40,15.89,29.44,37.5,1502.92,09/26/2022 12:40:00,,
9/26/2022,13:00,15.73,29.53,37.47,1502.55,09/26/2022 13:00:00,,
9/26/2022,13:20,15.67,28.88,36.67,1501.58,09/26/2022 13:20:00,,
9/26/2022,13:40,15.76,29.82,37.82,1502.98,09/26/2022 13:40:00,,
9/26/2022,14:00,15.86,29.99,38.1,1503.47,09/26/2022 14:00:00,,
9/26/2022,14:20,15.98,30.07,38.3,1503.95,09/26/2022 14:20:00,,
9/26/2022,14:40,16.1,30.22,38.58,1504.5,09/26/2022 14:40:00,,
9/26/2022,15:00,16.22,29.83,38.23,1504.42,09/26/2022 15:00:00,,
9/26/2022,15:20,16.28,29.57,37.99,1504.31,09/26/2022 15:20:00,,
9/26/2022,15:40,16.34,28.95,37.31,1503.76,09/26/2022 15:40:00,,
9/26/2022,16:00,16.34,28.67,36.99,1503.43,09/26/2022 16:00:00,,
9/26/2022,16:20,16.34,28.75,37.09,1503.53,09/26/2022 16:20:00,,
9/26/2022,16:40,16.34,28.69,37.01,1503.46,09/26/2022 16:40:00,,
9/26/2022,17:00,16.31,27.66,35.79,1502.16,09/26/2022 17:00:00,,
9/26/2022,17:20,16.31,28.11,36.32,1502.69,09/26/2022 17:20:00,,
9/26/2022,17:40,16.22,28.49,36.69,1502.85,09/26/2022 17:40:00,,
9/26/2022,18:00,16.16,29.21,37.46,1503.5,09/26/2022 18:00:00,,
9/26/2022,18:20,16.13,27.61,35.59,1501.53,09/26/2022 18:20:00,,
9/26/2022,18:40,16.1,28.64,36.76,1502.65,09/26/2022 18:40:00,,
9/26/2022,19:00,16.1,29.31,37.53,1503.43,09/26/2022 19:00:00,,
9/26/2022,19:20,16.1,29.1,37.28,1503.18,09/26/2022 19:20:00,,
9/26/2022,19:40,16.1,28.88,37.03,1502.93,09/26/2022 19:40:00,,
9/26/2022,20:00,16.1,28.43,36.51,1502.39,09/26/2022 20:00:00,,
9/26/2022,20:20,16.1,27.93,35.94,1501.81,09/26/2022 20:20:00,,
9/26/2022,20:40,16.07,27.95,35.94,1501.74,09/26/2022 20:40:00,,
9/26/2022,21:00,16.04,27.89,35.84,1501.57,09/26/2022 21:00:00,,
9/26/2022,21:20,16.04,28.15,36.13,1501.87,09/26/2022 21:20:00,,
9/26/2022,21:40,16.01,28.17,36.13,1501.8,09/26/2022 21:40:00,,
9/26/2022,22:00,15.95,28.4,36.36,1501.89,09/26/2022 22:00:00,,
9/26/2022,22:20,15.89,28.04,35.88,1501.26,09/26/2022 22:20:00,,
9/26/2022,22:40,15.86,28.14,35.98,1501.29,09/26/2022 22:40:00,,
9/26/2022,23:00,15.86,27.62,35.38,1500.68,09/26/2022 23:00:00,,
9/26/2022,23:20,15.86,27.95,35.76,1501.06,09/26/2022 23:20:00,,
9/26/2022,23:40,15.86,27.93,35.73,1501.04,09/26/2022 23:40:00,,
9/26/2022,0:00,15.86,28.53,36.43,1501.75,09/26/2022 0:00:00,,
9/27/2022,0:20,15.89,28.49,36.41,1501.8,09/27/2022 0:20:00,,
9/27/2022,0:40,15.89,28.08,35.93,1501.31,09/27/2022 0:40:00,,
9/27/2022,1:00,15.89,27.78,35.58,1500.96,09/27/2022 1:00:00,,
9/27/2022,1:20,15.89,28.21,36.08,1501.47,09/27/2022 1:20:00,,
9/27/2022,1:40,15.92,28.12,36.01,1501.46,09/27/2022 1:40:00,,
9/27/2022,2:00,15.92,29.12,37.15,1502.63,09/27/2022 2:00:00,,
9/27/2022,2:20,15.92,29.08,37.1,1502.58,09/27/2022 2:20:00,,
9/27/2022,2:40,15.92,29.16,37.2,1502.69,09/27/2022 2:40:00,,
9/27/2022,3:00,15.95,29.14,37.2,1502.76,09/27/2022 3:00:00,,
9/27/2022,3:20,15.95,28.69,36.68,1502.22,09/27/2022 3:20:00,,
9/27/2022,3:40,15.95,28.75,36.76,1502.3,09/27/2022 3:40:00,,
9/27/2022,4:00,15.98,26.75,34.46,1500.04,09/27/2022 4:00:00,,
9/27/2022,4:20,15.98,27.95,35.86,1501.45,09/27/2022 4:20:00,,
9/27/2022,4:40,15.98,27,34.76,1500.34,09/27/2022 4:40:00,,
9/27/2022,5:00,16.01,28.21,36.18,1501.85,09/27/2022 5:00:00,,
9/27/2022,5:20,16.01,28.19,36.16,1501.83,09/27/2022 5:20:00,,
9/27/2022,5:40,16.01,28.23,36.21,1501.88,09/27/2022 5:40:00,,
9/27/2022,6:00,15.98,28.23,36.18,1501.78,09/27/2022 6:00:00,,
9/27/2022,6:20,15.98,28.25,36.21,1501.81,09/27/2022 6:20:00,,
9/27/2022,6:40,15.95,28.36,36.31,1501.84,09/27/2022 6:40:00,,
9/27/2022,7:00,15.95,27.46,35.26,1500.77,09/27/2022 7:00:00,,
9/27/2022,7:20,15.95,27.54,35.36,1500.87,09/27/2022 7:20:00,,
9/27/2022,7:40,15.95,27.33,35.11,1500.62,09/27/2022 7:40:00,,
9/27/2022,8:00,15.98,27.48,35.31,1500.89,09/27/2022 8:00:00,,
9/27/2022,8:20,15.98,27.84,35.73,1501.33,09/27/2022 8:20:00,,
9/27/2022,8:40,15.98,27.97,35.88,1501.48,09/27/2022 8:40:00,,
9/27/2022,9:00,15.98,27.82,35.71,1501.3,09/27/2022 9:00:00,,
9/27/2022,9:20,15.98,28.32,36.28,1501.88,09/27/2022 9:20:00,,
9/27/2022,9:40,15.95,27.71,35.56,1501.08,09/27/2022 9:40:00,,
9/27/2022,10:00,15.95,27.91,35.78,1501.3,09/27/2022 10:00:00,,
9/27/2022,10:20,15.92,27.89,35.73,1501.18,09/27/2022 10:20:00,,
9/27/2022,10:40,15.92,28.36,36.28,1501.74,09/27/2022 10:40:00,,
9/27/2022,11:00,15.92,27.52,35.31,1500.75,09/27/2022 11:00:00,,
9/27/2022,11:20,15.92,28.4,36.33,1501.79,09/27/2022 11:20:00,,
9/27/2022,11:40,15.92,28.62,36.58,1502.05,09/27/2022 11:40:00,,
9/27/2022,12:00,15.95,28.21,36.13,1501.66,09/27/2022 12:00:00,,
9/27/2022,12:20,15.98,28.19,36.13,1501.73,09/27/2022 12:20:00,,
9/27/2022,12:40,16.04,28.04,36.01,1501.75,09/27/2022 12:40:00,,
9/27/2022,13:00,16.07,28.02,36.01,1501.82,09/27/2022 13:00:00,,
9/27/2022,13:20,16.13,28.19,36.26,1502.21,09/27/2022 13:20:00,,
9/27/2022,13:40,16.16,28.8,36.99,1503.02,09/27/2022 13:40:00,,
9/27/2022,14:00,16.19,28.47,36.64,1502.73,09/27/2022 14:00:00,,
9/27/2022,14:20,16.22,28.93,37.19,1503.36,09/27/2022 14:20:00,,
9/27/2022,14:40,16.22,28.95,37.21,1503.38,09/27/2022 14:40:00,,
9/27/2022,15:00,16.25,28.69,36.94,1503.17,09/27/2022 15:00:00,,
9/27/2022,15:20,16.28,28.84,37.14,1503.45,09/27/2022 15:20:00,,
9/27/2022,15:40,16.34,30.05,38.58,1505.05,09/27/2022 15:40:00,,
9/27/2022,16:00,16.34,27.43,35.54,1501.98,09/27/2022 16:00:00,,
9/27/2022,16:20,16.37,27.9,36.12,1502.63,09/27/2022 16:20:00,,
9/27/2022,16:40,16.4,28.5,36.84,1503.42,09/27/2022 16:40:00,,
9/27/2022,17:00,16.34,28.28,36.54,1502.98,09/27/2022 17:00:00,,
9/27/2022,17:20,16.31,28.5,36.76,1503.14,09/27/2022 17:20:00,,
9/27/2022,17:40,16.34,28.22,36.47,1502.91,09/27/2022 17:40:00,,
9/27/2022,18:00,16.37,28.75,37.11,1503.63,09/27/2022 18:00:00,,
9/27/2022,18:20,16.4,28.71,37.09,1503.67,09/27/2022 18:20:00,,
9/27/2022,18:40,16.37,28.97,37.36,1503.88,09/27/2022 18:40:00,,
9/27/2022,19:00,16.37,28.3,36.59,1503.1,09/27/2022 19:00:00,,
9/27/2022,19:20,16.34,28.86,37.21,1503.66,09/27/2022 19:20:00,,
9/27/2022,19:40,16.31,28.95,37.29,1503.67,09/27/2022 19:40:00,,
9/27/2022,20:00,16.28,28.86,37.16,1503.47,09/27/2022 20:00:00,,
9/27/2022,20:20,16.25,29.57,37.96,1504.21,09/27/2022 20:20:00,,
9/27/2022,20:40,16.22,28.93,37.19,1503.36,09/27/2022 20:40:00,,
9/27/2022,21:00,16.25,28.67,36.91,1503.15,09/27/2022 21:00:00,,
9/27/2022,21:20,16.22,28.26,36.41,1502.58,09/27/2022 21:20:00,,
9/27/2022,21:40,16.25,28.43,36.64,1502.87,09/27/2022 21:40:00,,
9/27/2022,22:00,16.22,28.24,36.39,1502.55,09/27/2022 22:00:00,,
9/27/2022,22:20,16.22,28.52,36.71,1502.88,09/27/2022 22:20:00,,
9/27/2022,22:40,16.22,28.71,36.94,1503.11,09/27/2022 22:40:00,,
9/27/2022,23:00,16.19,28.54,36.71,1502.81,09/27/2022 23:00:00,,
9/27/2022,23:20,16.19,28.84,37.06,1503.16,09/27/2022 23:20:00,,
9/27/2022,23:40,16.19,28.73,36.94,1503.04,09/27/2022 23:40:00,,
9/27/2022,0:00,16.19,28.56,36.74,1502.83,09/27/2022 0:00:00,,
9/28/2022,0:20,16.22,29.23,37.54,1503.71,09/28/2022 0:20:00,,
9/28/2022,0:40,16.22,29.98,38.41,1504.6,09/28/2022 0:40:00,,
9/28/2022,1:00,16.22,30.11,38.56,1504.75,09/28/2022 1:00:00,,
9/28/2022,1:20,16.22,30.22,38.68,1504.88,09/28/2022 1:20:00,,
9/28/2022,1:40,16.22,29.4,37.73,1503.91,09/28/2022 1:40:00,,
9/28/2022,2:00,16.22,29.7,38.08,1504.27,09/28/2022 2:00:00,,
9/28/2022,2:20,16.19,29.12,37.38,1503.49,09/28/2022 2:20:00,,
9/28/2022,2:40,16.1,29.47,37.71,1503.61,09/28/2022 2:40:00,,
9/28/2022,3:00,16.07,28.43,36.48,1502.3,09/28/2022 3:00:00,,
9/28/2022,3:20,16.01,29.27,37.41,1503.1,09/28/2022 3:20:00,,
9/28/2022,3:40,15.98,28.99,37.06,1502.67,09/28/2022 3:40:00,,
9/28/2022,4:00,15.98,29.1,37.18,1502.8,09/28/2022 4:00:00,,
9/28/2022,4:20,15.95,29.68,37.83,1503.39,09/28/2022 4:20:00,,
9/28/2022,4:40,15.95,29.27,37.35,1502.91,09/28/2022 4:40:00,,
9/28/2022,5:00,15.95,28.47,36.43,1501.97,09/28/2022 5:00:00,,
9/28/2022,5:20,15.95,29.03,37.08,1502.63,09/28/2022 5:20:00,,
9/28/2022,5:40,15.95,28.66,36.66,1502.19,09/28/2022 5:40:00,,
9/28/2022,6:00,15.92,28.97,36.98,1502.46,09/28/2022 6:00:00,,
9/28/2022,6:20,15.92,27.89,35.73,1501.18,09/28/2022 6:20:00,,
9/28/2022,6:40,15.92,29.31,37.38,1502.86,09/28/2022 6:40:00,,
9/28/2022,7:00,15.95,29.03,37.08,1502.63,09/28/2022 7:00:00,,
9/28/2022,7:20,15.95,28.88,36.91,1502.45,09/28/2022 7:20:00,,
9/28/2022,7:40,15.98,29.21,37.31,1502.93,09/28/2022 7:40:00,,
9/28/2022,8:00,16.01,29.18,37.31,1503,09/28/2022 8:00:00,,
9/28/2022,8:20,16.04,29.03,37.16,1502.91,09/28/2022 8:20:00,,
9/28/2022,8:40,16.04,28.86,36.96,1502.71,09/28/2022 8:40:00,,
9/28/2022,9:00,16.07,29.1,37.26,1503.09,09/28/2022 9:00:00,,
9/28/2022,9:20,16.1,29.1,37.28,1503.18,09/28/2022 9:20:00,,
9/28/2022,9:40,16.1,28.9,37.06,1502.95,09/28/2022 9:40:00,,
9/28/2022,10:00,16.13,28.64,36.79,1502.74,09/28/2022 10:00:00,,
9/28/2022,10:20,16.13,29.03,37.23,1503.2,09/28/2022 10:20:00,,
9/28/2022,10:40,16.13,28.82,36.98,1502.95,09/28/2022 10:40:00,,
9/28/2022,11:00,16.13,28.9,37.08,1503.05,09/28/2022 11:00:00,,
9/28/2022,11:20,16.13,28.82,36.98,1502.95,09/28/2022 11:20:00,,
9/28/2022,11:40,16.13,28.86,37.03,1503,09/28/2022 11:40:00,,
9/28/2022,12:00,16.16,28.88,37.09,1503.12,09/28/2022 12:00:00,,
9/28/2022,12:20,16.19,28.56,36.74,1502.83,09/28/2022 12:20:00,,
9/28/2022,12:40,16.19,28.67,36.86,1502.96,09/28/2022 12:40:00,,
9/28/2022,13:00,16.25,28.73,36.99,1503.23,09/28/2022 13:00:00,,
9/28/2022,13:20,16.28,28.39,36.61,1502.92,09/28/2022 13:20:00,,
9/28/2022,13:40,16.34,29.05,37.44,1503.89,09/28/2022 13:40:00,,
9/28/2022,14:00,16.37,29.38,37.84,1504.36,09/28/2022 14:00:00,,
9/28/2022,14:20,16.4,29.08,37.51,1504.1,09/28/2022 14:20:00,,
9/28/2022,14:40,16.37,29.21,37.64,1504.16,09/28/2022 14:40:00,,
9/28/2022,15:00,16.28,28.39,36.61,1502.92,09/28/2022 15:00:00,,
9/28/2022,15:20,16.19,28.47,36.64,1502.73,09/28/2022 15:20:00,,
9/28/2022,15:40,16.16,28.43,36.56,1502.59,09/28/2022 15:40:00,,
9/28/2022,16:00,16.1,28.45,36.54,1502.42,09/28/2022 16:00:00,,
9/28/2022,16:20,15.92,28.56,36.51,1501.97,09/28/2022 16:20:00,,
9/28/2022,16:40,15.83,28.79,36.7,1501.96,09/28/2022 16:40:00,,
9/28/2022,17:00,15.76,29.36,37.3,1502.44,09/28/2022 17:00:00,,
9/28/2022,17:20,15.7,28.71,36.5,1501.47,09/28/2022 17:20:00,,
9/28/2022,17:40,15.61,28.57,36.27,1501.03,09/28/2022 17:40:00,,
9/28/2022,18:00,15.64,29.18,37,1501.85,09/28/2022 18:00:00,,
9/28/2022,18:20,15.7,28.29,36.03,1500.99,09/28/2022 18:20:00,,
9/28/2022,18:40,15.76,29.29,37.23,1502.36,09/28/2022 18:40:00,,
9/28/2022,19:00,15.89,29.34,37.38,1502.79,09/28/2022 19:00:00,,
9/28/2022,19:20,15.98,29.21,37.31,1502.93,09/28/2022 19:20:00,,
9/28/2022,19:40,16.07,28.62,36.71,1502.53,09/28/2022 19:40:00,,
9/28/2022,20:00,16.07,28.77,36.88,1502.7,09/28/2022 20:00:00,,
9/28/2022,20:20,16.01,28.25,36.23,1501.9,09/28/2022 20:20:00,,
9/28/2022,20:40,15.95,29.05,37.11,1502.65,09/28/2022 20:40:00,,
9/28/2022,21:00,15.95,28.75,36.76,1502.3,09/28/2022 21:00:00,,
9/28/2022,21:20,15.95,28.56,36.53,1502.07,09/28/2022 21:20:00,,
9/28/2022,21:40,15.92,28.58,36.53,1502,09/28/2022 21:40:00,,
9/28/2022,22:00,15.92,29.16,37.2,1502.69,09/28/2022 22:00:00,,
9/28/2022,22:20,15.92,28.86,36.86,1502.33,09/28/2022 22:20:00,,
9/28/2022,22:40,15.92,28.77,36.76,1502.23,09/28/2022 22:40:00,,
9/28/2022,23:00,15.89,28.1,35.96,1501.34,09/28/2022 23:00:00,,
9/28/2022,23:20,15.89,28.62,36.56,1501.95,09/28/2022 23:20:00,,
9/28/2022,23:40,15.86,26.23,33.76,1499.04,09/28/2022 23:40:00,,
9/28/2022,0:00,15.86,27.45,35.18,1500.48,09/28/2022 0:00:00,,
9/29/2022,0:20,15.86,27.6,35.36,1500.66,09/29/2022 0:20:00,,
9/29/2022,0:40,15.89,27.28,35.01,1500.37,09/29/2022 0:40:00,,
9/29/2022,1:00,15.86,27.13,34.81,1500.1,09/29/2022 1:00:00,,
9/29/2022,1:20,15.86,26.74,34.36,1499.64,09/29/2022 1:20:00,,
9/29/2022,1:40,15.76,27.19,34.81,1499.88,09/29/2022 1:40:00,,
9/29/2022,2:00,15.7,27.53,35.15,1500.09,09/29/2022 2:00:00,,
9/29/2022,2:20,15.49,26.53,33.83,1498.22,09/29/2022 2:20:00,,
9/29/2022,2:40,15.28,25.84,32.87,1496.72,09/29/2022 2:40:00,,
9/29/2022,3:00,15.09,25.52,32.37,1495.75,09/29/2022 3:00:00,,
9/29/2022,3:20,15.03,26.44,33.37,1496.63,09/29/2022 3:20:00,,
9/29/2022,3:40,15,27.14,34.14,1497.36,09/29/2022 3:40:00,,
9/29/2022,4:00,15.06,25.32,32.12,1495.41,09/29/2022 4:00:00,,
9/29/2022,4:20,15.06,25.37,32.17,1495.47,09/29/2022 4:20:00,,
9/29/2022,4:40,15.03,23.82,30.37,1493.53,09/29/2022 4:40:00,,
9/29/2022,5:00,15.06,23.83,30.39,1493.64,09/29/2022 5:00:00,,
9/29/2022,5:20,15.12,23.23,29.74,1493.13,09/29/2022 5:20:00,,
9/29/2022,5:40,15.12,22.45,28.84,1492.21,09/29/2022 5:40:00,,
9/29/2022,6:00,15.06,23.29,29.77,1493,09/29/2022 6:00:00,,
9/29/2022,6:20,15.03,22.53,28.86,1492,09/29/2022 6:20:00,,
9/29/2022,6:40,14.88,22.31,28.51,1491.23,09/29/2022 6:40:00,,
9/29/2022,7:00,14.85,21.68,27.76,1490.38,09/29/2022 7:00:00,,
9/29/2022,7:20,15.06,21.07,27.18,1490.37,09/29/2022 7:20:00,,
9/29/2022,7:40,15.31,21.48,27.82,1491.66,09/29/2022 7:40:00,,
9/29/2022,8:00,15.49,21.06,27.44,1491.77,09/29/2022 8:00:00,,
9/29/2022,8:20,15.61,22.5,29.23,1493.87,09/29/2022 8:20:00,,
9/29/2022,8:40,15.61,22.8,29.58,1494.22,09/29/2022 8:40:00,,
9/29/2022,9:00,15.58,24.47,31.51,1496.08,09/29/2022 9:00:00,,
9/29/2022,9:20,15.58,23.89,30.83,1495.4,09/29/2022 9:20:00,,
9/29/2022,9:40,15.58,25.69,32.93,1497.53,09/29/2022 9:40:00,,
9/29/2022,10:00,15.58,25.78,33.03,1497.63,09/29/2022 10:00:00,,
9/29/2022,10:20,15.58,26.9,34.33,1498.96,09/29/2022 10:20:00,,
9/29/2022,10:40,15.43,26.24,33.45,1497.69,09/29/2022 10:40:00,,
9/29/2022,11:00,15.34,25.98,33.08,1497.08,09/29/2022 11:00:00,,
9/29/2022,11:20,15.37,25.74,32.83,1496.9,09/29/2022 11:20:00,,
9/29/2022,11:40,15.43,25.92,33.08,1497.31,09/29/2022 11:40:00,,
9/29/2022,12:00,15.43,25.46,32.55,1496.77,09/29/2022 12:00:00,,
9/29/2022,12:20,15.49,25.73,32.9,1497.28,09/29/2022 12:20:00,,
9/29/2022,12:40,15.64,25.57,32.83,1497.58,09/29/2022 12:40:00,,
9/29/2022,13:00,15.76,26.61,34.13,1499.19,09/29/2022 13:00:00,,
9/29/2022,13:20,15.98,26.17,33.79,1499.36,09/29/2022 13:20:00,,
9/29/2022,13:40,16.19,25.71,33.42,1499.49,09/29/2022 13:40:00,,
9/29/2022,14:00,16.43,26.24,34.22,1500.87,09/29/2022 14:00:00,,
9/29/2022,14:20,16.55,25.83,33.83,1500.77,09/29/2022 14:20:00,,
9/29/2022,14:40,16.61,25.54,33.53,1500.61,09/29/2022 14:40:00,,
9/29/2022,15:00,16.58,24.82,32.65,1499.68,09/29/2022 15:00:00,,
9/29/2022,15:20,16.43,25.69,33.57,1500.23,09/29/2022 15:20:00,,
9/29/2022,15:40,16.34,25.66,33.47,1499.91,09/29/2022 15:40:00,,
9/29/2022,16:00,16.31,26.04,33.9,1500.26,09/29/2022 16:00:00,,
9/29/2022,16:20,16.4,25.03,32.77,1499.36,09/29/2022 16:20:00,,
9/29/2022,16:40,16.49,25.02,32.82,1499.63,09/29/2022 16:40:00,,
9/29/2022,17:00,16.37,25.71,33.55,1500.06,09/29/2022 17:00:00,,
9/29/2022,17:20,16.19,25.57,33.24,1499.32,09/29/2022 17:20:00,,
9/29/2022,17:40,16.16,25.27,32.87,1498.87,09/29/2022 17:40:00,,
9/29/2022,18:00,16.04,25.19,32.69,1498.4,09/29/2022 18:00:00,,
9/29/2022,18:20,15.76,25.1,32.38,1497.42,09/29/2022 18:20:00,,
9/29/2022,18:40,15.64,24.86,32.01,1496.74,09/29/2022 18:40:00,,
9/29/2022,19:00,15.67,24.5,31.61,1496.41,09/29/2022 19:00:00,,
9/29/2022,19:20,15.7,23.96,31.01,1495.89,09/29/2022 19:20:00,,
9/29/2022,19:40,15.76,23.91,30.98,1496.01,09/29/2022 19:40:00,,
9/29/2022,20:00,15.89,24.05,31.24,1496.57,09/29/2022 20:00:00,,
9/29/2022,20:20,15.92,23.82,30.99,1496.4,09/29/2022 20:20:00,,
9/29/2022,20:40,15.92,24.05,31.26,1496.67,09/29/2022 20:40:00,,
9/29/2022,21:00,15.98,23.83,31.04,1496.6,09/29/2022 21:00:00,,
9/29/2022,21:20,15.89,23.9,31.06,1496.4,09/29/2022 21:20:00,,
9/29/2022,21:40,15.76,23.35,30.33,1495.36,09/29/2022 21:40:00,,
9/29/2022,22:00,15.64,23.47,30.38,1495.1,09/29/2022 22:00:00,,
9/29/2022,22:20,15.55,22.73,29.45,1493.94,09/29/2022 22:20:00,,
9/29/2022,22:40,15.46,22.76,29.43,1493.67,09/29/2022 22:40:00,,
9/29/2022,23:00,15.37,22.58,29.15,1493.16,09/29/2022 23:00:00,,
9/29/2022,23:20,15.37,22.34,28.87,1492.88,09/29/2022 23:20:00,,
9/29/2022,23:40,15.4,22.3,28.85,1492.93,09/29/2022 23:40:00,,
9/29/2022,0:00,15.4,21.7,28.14,1492.23,09/29/2022 0:00:00,,
9/30/2022,0:20,15.4,22.05,28.55,1492.63,09/30/2022 0:20:00,,
9/30/2022,0:40,15.4,21.85,28.32,1492.4,09/30/2022 0:40:00,,
9/30/2022,1:00,15.46,23.02,29.73,1493.98,09/30/2022 1:00:00,,
9/30/2022,1:20,15.46,24.02,30.9,1495.17,09/30/2022 1:20:00,,
9/30/2022,1:40,15.46,24.07,30.95,1495.22,09/30/2022 1:40:00,,
9/30/2022,2:00,15.46,23.42,30.2,1494.46,09/30/2022 2:00:00,,
9/30/2022,2:20,15.4,23.78,30.58,1494.68,09/30/2022 2:20:00,,
9/30/2022,2:40,15.21,23.91,30.6,1494.24,09/30/2022 2:40:00,,
9/30/2022,3:00,14.88,23.55,29.94,1492.7,09/30/2022 3:00:00,,
9/30/2022,3:20,14.45,23.21,29.25,1490.87,09/30/2022 3:20:00,,
9/30/2022,3:40,14.26,22.9,28.77,1489.88,09/30/2022 3:40:00,,
9/30/2022,4:00,14.17,22.86,28.67,1489.53,09/30/2022 4:00:00,,
9/30/2022,4:20,14.04,22.34,27.99,1488.48,09/30/2022 4:20:00,,
9/30/2022,4:40,13.98,22.42,28.04,1488.37,09/30/2022 4:40:00,,
9/30/2022,5:00,13.95,22.48,28.09,1488.34,09/30/2022 5:00:00,,
9/30/2022,5:20,13.95,22.26,27.84,1488.07,09/30/2022 5:20:00,,
9/30/2022,5:40,13.95,22.26,27.84,1488.07,09/30/2022 5:40:00,,
9/30/2022,6:00,13.95,22.04,27.59,1487.81,09/30/2022 6:00:00,,
9/30/2022,6:20,13.95,21.9,27.44,1487.65,09/30/2022 6:20:00,,
9/30/2022,6:40,14.04,21.61,27.16,1487.61,09/30/2022 6:40:00,,
9/30/2022,7:00,14.2,21.7,27.37,1488.25,09/30/2022 7:00:00,,
9/30/2022,7:20,14.26,21.12,26.74,1487.76,09/30/2022 7:20:00,,
9/30/2022,7:40,14.26,21.1,26.71,1487.73,09/30/2022 7:40:00,,
9/30/2022,8:00,14.29,20.67,26.24,1487.32,09/30/2022 8:00:00,,
9/30/2022,8:20,14.38,20.49,26.09,1487.42,09/30/2022 8:20:00,,
9/30/2022,8:40,14.45,20.44,26.06,1487.57,09/30/2022 8:40:00,,
9/30/2022,9:00,14.48,20.36,25.99,1487.58,09/30/2022 9:00:00,,
9/30/2022,9:20,14.51,20.32,25.96,1487.63,09/30/2022 9:20:00,,
9/30/2022,9:40,14.57,20.03,25.66,1487.5,09/30/2022 9:40:00,,
9/30/2022,10:00,14.69,20.12,25.84,1488.01,09/30/2022 10:00:00,,
9/30/2022,10:20,14.85,20.15,25.97,1488.56,09/30/2022 10:20:00,,
9/30/2022,10:40,15.09,20.01,25.95,1489.21,09/30/2022 10:40:00,,
9/30/2022,11:00,15.43,19.84,25.95,1490.12,09/30/2022 11:00:00,,
9/30/2022,11:20,15.61,19.75,25.96,1490.62,09/30/2022 11:20:00,,
9/30/2022,11:40,15.7,19.96,26.26,1491.16,09/30/2022 11:40:00,,
9/30/2022,12:00,15.76,20.14,26.51,1491.57,09/30/2022 12:00:00,,
9/30/2022,12:20,15.92,20.02,26.47,1491.93,09/30/2022 12:20:00,,
9/30/2022,12:40,16.07,20.6,27.25,1493.1,09/30/2022 12:40:00,,
9/30/2022,13:00,16.16,20.91,27.68,1493.75,09/30/2022 13:00:00,,
9/30/2022,13:20,16.22,21.06,27.91,1494.13,09/30/2022 13:20:00,,
9/30/2022,13:40,16.22,20.94,27.76,1493.98,09/30/2022 13:40:00,,
9/30/2022,14:00,16.25,20.94,27.78,1494.09,09/30/2022 14:00:00,,
9/30/2022,14:20,16.28,20.93,27.78,1494.17,09/30/2022 14:20:00,,
9/30/2022,14:40,16.28,20.62,27.41,1493.8,09/30/2022 14:40:00,,
9/30/2022,15:00,16.22,20.44,27.15,1493.4,09/30/2022 15:00:00,,
9/30/2022,15:20,16.16,20.51,27.2,1493.29,09/30/2022 15:20:00,,
9/30/2022,15:40,16.16,22.08,29.09,1495.13,09/30/2022 15:40:00,,
9/30/2022,16:00,16.16,21.81,28.76,1494.81,09/30/2022 16:00:00,,
9/30/2022,16:20,16.07,21.69,28.56,1494.38,09/30/2022 16:20:00,,
9/30/2022,16:40,15.89,22.25,29.11,1494.45,09/30/2022 16:40:00,,
9/30/2022,17:00,15.7,21.71,28.35,1493.23,09/30/2022 17:00:00,,
9/30/2022,17:20,15.49,21.72,28.22,1492.54,09/30/2022 17:20:00,,
9/30/2022,17:40,15.37,21.64,28.04,1492.05,09/30/2022 17:40:00,,
9/30/2022,18:00,15.28,21.19,27.46,1491.22,09/30/2022 18:00:00,,
9/30/2022,18:20,15.37,21.32,27.67,1491.67,09/30/2022 18:20:00,,
9/30/2022,18:40,15.4,20.79,27.06,1491.15,09/30/2022 18:40:00,,
9/30/2022,19:00,15.46,21.44,27.87,1492.11,09/30/2022 19:00:00,,
9/30/2022,19:20,15.52,21.45,27.92,1492.32,09/30/2022 19:20:00,,
9/30/2022,19:40,15.55,21.71,28.25,1492.73,09/30/2022 19:40:00,,
9/30/2022,20:00,15.58,21.78,28.35,1492.91,09/30/2022 20:00:00,,
9/30/2022,20:20,15.61,21.59,28.15,1492.79,09/30/2022 20:20:00,,
9/30/2022,20:40,15.64,21.49,28.05,1492.77,09/30/2022 20:40:00,,
9/30/2022,21:00,15.67,22.32,29.05,1493.85,09/30/2022 21:00:00,,
9/30/2022,21:20,15.73,22.44,29.23,1494.18,09/30/2022 21:20:00,,
9/30/2022,21:40,15.76,22.34,29.13,1494.16,09/30/2022 21:40:00,,
9/30/2022,22:00,15.8,24.62,31.84,1496.94,09/30/2022 22:00:00,,
9/30/2022,22:20,15.8,25.17,32.49,1497.6,09/30/2022 22:20:00,,
9/30/2022,22:40,15.8,26.16,33.63,1498.76,09/30/2022 22:40:00,,
9/30/2022,23:00,15.83,26.48,34.03,1499.24,09/30/2022 23:00:00,,
9/30/2022,23:20,15.92,27.05,34.76,1500.19,09/30/2022 23:20:00,,
9/30/2022,23:40,15.92,26.85,34.54,1499.97,09/30/2022 23:40:00,,
9/30/2022,0:00,15.95,27.82,35.68,1501.2,09/30/2022 0:00:00,,
10/1/2022,0:20,16.01,28.62,36.66,1502.34,10/01/2022 0:20:00,,
10/1/2022,0:40,16.01,28.73,36.78,1502.46,10/01/2022 0:40:00,,
10/1/2022,1:00,16.04,27.89,35.84,1501.57,10/01/2022 1:00:00,,
10/1/2022,1:20,16.1,28.64,36.76,1502.65,10/01/2022 1:20:00,,
10/1/2022,1:40,16.1,28.34,36.41,1502.29,10/01/2022 1:40:00,,
10/1/2022,2:00,16.13,28.86,37.03,1503,10/01/2022 2:00:00,,
10/1/2022,2:20,16.13,28.77,36.93,1502.9,10/01/2022 2:20:00,,
10/1/2022,2:40,16.13,28.6,36.74,1502.69,10/01/2022 2:40:00,,
10/1/2022,3:00,16.1,29.1,37.28,1503.18,10/01/2022 3:00:00,,
10/1/2022,3:20,16.04,28.28,36.28,1502.03,10/01/2022 3:20:00,,
10/1/2022,3:40,15.86,28.38,36.26,1501.57,10/01/2022 3:40:00,,
10/1/2022,4:00,15.67,29.03,36.85,1501.76,10/01/2022 4:00:00,,
10/1/2022,4:20,15.52,29.01,36.7,1501.25,10/01/2022 4:20:00,,
10/1/2022,4:40,15.46,29.16,36.82,1501.24,10/01/2022 4:40:00,,
10/1/2022,5:00,15.4,29.12,36.72,1500.99,10/01/2022 5:00:00,,
10/1/2022,5:20,15.37,28.77,36.29,1500.48,10/01/2022 5:20:00,,
10/1/2022,5:40,15.37,29.01,36.57,1500.77,10/01/2022 5:40:00,,
10/1/2022,6:00,15.43,29.38,37.04,1501.4,10/01/2022 6:00:00,,
10/1/2022,6:20,15.55,29.21,36.95,1501.58,10/01/2022 6:20:00,,
10/1/2022,6:40,15.61,28.25,35.9,1500.64,10/01/2022 6:40:00,,
10/1/2022,7:00,15.7,29.23,37.1,1502.09,10/01/2022 7:00:00,,
10/1/2022,7:20,15.76,28.66,36.5,1501.62,10/01/2022 7:20:00,,
10/1/2022,7:40,15.76,28.1,35.85,1500.95,10/01/2022 7:40:00,,
10/1/2022,8:00,15.8,28.47,36.3,1501.48,10/01/2022 8:00:00,,
10/1/2022,8:20,15.86,28.25,36.11,1501.42,10/01/2022 8:20:00,,
10/1/2022,8:40,15.92,28.32,36.23,1501.69,10/01/2022 8:40:00,,
10/1/2022,9:00,15.95,27.69,35.53,1501.05,10/01/2022 9:00:00,,
10/1/2022,9:20,16.01,28.49,36.51,1502.18,10/01/2022 9:20:00,,
10/1/2022,9:40,16.04,29.21,37.36,1503.12,10/01/2022 9:40:00,,
10/1/2022,10:00,16.07,28.38,36.43,1502.25,10/01/2022 10:00:00,,
10/1/2022,10:20,16.1,28.3,36.36,1502.24,10/01/2022 10:20:00,,
10/1/2022,10:40,16.16,28.39,36.51,1502.54,10/01/2022 10:40:00,,
10/1/2022,11:00,16.19,28.8,37.01,1503.11,10/01/2022 11:00:00,,
10/1/2022,11:20,16.22,28.24,36.39,1502.55,10/01/2022 11:20:00,,
10/1/2022,11:40,16.28,28.35,36.56,1502.87,10/01/2022 11:40:00,,
10/1/2022,12:00,16.31,28.47,36.74,1503.11,10/01/2022 12:00:00,,
10/1/2022,12:20,16.34,28.26,36.52,1502.96,10/01/2022 12:20:00,,
10/1/2022,12:40,16.37,28.54,36.87,1503.38,10/01/2022 12:40:00,,
10/1/2022,13:00,16.37,28.05,36.29,1502.8,10/01/2022 13:00:00,,
10/1/2022,13:20,16.4,28.63,36.99,1503.57,10/01/2022 13:20:00,,
10/1/2022,13:40,16.46,28.26,36.62,1503.34,10/01/2022 13:40:00,,
10/1/2022,14:00,16.49,28.5,36.92,1503.71,10/01/2022 14:00:00,,
10/1/2022,14:20,16.49,28.58,37.02,1503.81,10/01/2022 14:20:00,,
10/1/2022,14:40,16.49,28.46,36.87,1503.66,10/01/2022 14:40:00,,
10/1/2022,15:00,16.52,29.01,37.54,1504.4,10/01/2022 15:00:00,,
10/1/2022,15:20,16.55,28.82,37.34,1504.27,10/01/2022 15:20:00,,
10/1/2022,15:40,16.55,28.99,37.54,1504.47,10/01/2022 15:40:00,,
10/1/2022,16:00,16.55,28.84,37.37,1504.29,10/01/2022 16:00:00,,
10/1/2022,16:20,16.55,28.71,37.22,1504.14,10/01/2022 16:20:00,,
10/1/2022,16:40,16.52,28.18,36.57,1503.43,10/01/2022 16:40:00,,
10/1/2022,17:00,16.49,28.11,36.47,1503.26,10/01/2022 17:00:00,,
10/1/2022,17:20,16.49,28.67,37.12,1503.91,10/01/2022 17:20:00,,
10/1/2022,17:40,16.46,28.48,36.87,1503.59,10/01/2022 17:40:00,,
10/1/2022,18:00,16.46,29.1,37.59,1504.31,10/01/2022 18:00:00,,
10/1/2022,18:20,16.46,28.78,37.22,1503.94,10/01/2022 18:20:00,,
10/1/2022,18:40,16.43,28.03,36.32,1502.97,10/01/2022 18:40:00,,
10/1/2022,19:00,16.43,27.37,35.55,1502.19,10/01/2022 19:00:00,,
10/1/2022,19:20,16.4,28.33,36.64,1503.22,10/01/2022 19:20:00,,
10/1/2022,19:40,16.4,27.79,36.02,1502.6,10/01/2022 19:40:00,,
10/1/2022,20:00,16.37,28.88,37.26,1503.78,10/01/2022 20:00:00,,
10/1/2022,20:20,16.34,27.6,35.74,1502.18,10/01/2022 20:20:00,,
10/1/2022,20:40,16.34,27.45,35.57,1502,10/01/2022 20:40:00,,
10/1/2022,21:00,16.34,27.7,35.87,1502.3,10/01/2022 21:00:00,,
10/1/2022,21:20,16.34,29.12,37.51,1503.96,10/01/2022 21:20:00,,
10/1/2022,21:40,16.34,29.44,37.89,1504.34,10/01/2022 21:40:00,,
10/1/2022,22:00,16.31,29.57,38.01,1504.4,10/01/2022 22:00:00,,
10/1/2022,22:20,16.31,29.51,37.94,1504.32,10/01/2022 22:20:00,,
10/1/2022,22:40,16.31,29.55,37.99,1504.37,10/01/2022 22:40:00,,
10/1/2022,23:00,16.31,29.33,37.74,1504.12,10/01/2022 23:00:00,,
10/1/2022,23:20,16.31,28.24,36.47,1502.84,10/01/2022 23:20:00,,
10/1/2022,23:40,16.31,28.58,36.86,1503.24,10/01/2022 23:40:00,,
10/1/2022,0:00,16.31,29.42,37.84,1504.22,10/01/2022 0:00:00,,
10/2/2022,0:20,16.31,28.28,36.52,1502.89,10/02/2022 0:20:00,,
10/2/2022,0:40,16.31,29.4,37.81,1504.2,10/02/2022 0:40:00,,
10/2/2022,1:00,16.31,29.16,37.54,1503.92,10/02/2022 1:00:00,,
10/2/2022,1:20,16.31,28.8,37.11,1503.49,10/02/2022 1:20:00,,
10/2/2022,1:40,16.31,28.99,37.34,1503.72,10/02/2022 1:40:00,,
10/2/2022,2:00,16.31,28.86,37.19,1503.57,10/02/2022 2:00:00,,
10/2/2022,2:20,16.31,29.05,37.41,1503.79,10/02/2022 2:20:00,,
10/2/2022,2:40,16.31,28.58,36.86,1503.24,10/02/2022 2:40:00,,
10/2/2022,3:00,16.31,28.78,37.09,1503.47,10/02/2022 3:00:00,,
10/2/2022,3:20,16.31,28.52,36.79,1503.16,10/02/2022 3:20:00,,
10/2/2022,3:40,16.31,28.35,36.59,1502.96,10/02/2022 3:40:00,,
10/2/2022,4:00,16.28,27.92,36.07,1502.36,10/02/2022 4:00:00,,
10/2/2022,4:20,16.25,28.41,36.61,1502.85,10/02/2022 4:20:00,,
10/2/2022,4:40,16.16,27.93,35.99,1502.01,10/02/2022 4:40:00,,
10/2/2022,5:00,16.07,27.98,35.96,1501.77,10/02/2022 5:00:00,,
10/2/2022,5:20,15.98,27.91,35.81,1501.4,10/02/2022 5:20:00,,
10/2/2022,5:40,15.95,28.12,36.03,1501.56,10/02/2022 5:40:00,,
10/2/2022,6:00,15.92,28.4,36.33,1501.79,10/02/2022 6:00:00,,
10/2/2022,6:20,15.92,27.6,35.41,1500.85,10/02/2022 6:20:00,,
10/2/2022,6:40,15.92,27.67,35.48,1500.93,10/02/2022 6:40:00,,
10/2/2022,7:00,15.92,27.84,35.68,1501.13,10/02/2022 7:00:00,,
10/2/2022,7:20,15.92,27.99,35.86,1501.31,10/02/2022 7:20:00,,
10/2/2022,7:40,15.92,27.2,34.93,1500.37,10/02/2022 7:40:00,,
10/2/2022,8:00,15.95,28.45,36.41,1501.94,10/02/2022 8:00:00,,
10/2/2022,8:20,15.95,28.19,36.11,1501.63,10/02/2022 8:20:00,,
10/2/2022,8:40,15.98,27.52,35.36,1500.95,10/02/2022 8:40:00,,
10/2/2022,9:00,16.01,27.76,35.66,1501.32,10/02/2022 9:00:00,,
10/2/2022,9:20,16.01,28.51,36.53,1502.21,10/02/2022 9:20:00,,
10/2/2022,9:40,16.04,27.67,35.59,1501.32,10/02/2022 9:40:00,,
10/2/2022,10:00,16.07,28.34,36.38,1502.2,10/02/2022 10:00:00,,
10/2/2022,10:20,16.07,28,35.99,1501.79,10/02/2022 10:20:00,,
10/2/2022,10:40,16.1,28.62,36.73,1502.62,10/02/2022 10:40:00,,
10/2/2022,11:00,16.13,27.46,35.41,1501.35,10/02/2022 11:00:00,,
10/2/2022,11:20,16.16,28.11,36.19,1502.21,10/02/2022 11:20:00,,
10/2/2022,11:40,16.19,27.85,35.91,1502,10/02/2022 11:40:00,,
10/2/2022,12:00,16.28,28.15,36.34,1502.64,10/02/2022 12:00:00,,
10/2/2022,12:20,16.31,27.96,36.14,1502.51,10/02/2022 12:20:00,,
10/2/2022,12:40,16.4,28.56,36.92,1503.5,10/02/2022 12:40:00,,
10/2/2022,13:00,16.43,27.37,35.55,1502.19,10/02/2022 13:00:00,,
10/2/2022,13:20,16.46,27.54,35.77,1502.49,10/02/2022 13:20:00,,
10/2/2022,13:40,16.49,28.09,36.44,1503.23,10/02/2022 13:40:00,,
10/2/2022,14:00,16.49,28.31,36.69,1503.48,10/02/2022 14:00:00,,
10/2/2022,14:20,16.46,27.92,36.22,1502.94,10/02/2022 14:20:00,,
10/2/2022,14:40,16.46,28.11,36.44,1503.16,10/02/2022 14:40:00,,
10/2/2022,15:00,16.46,28.05,36.37,1503.09,10/02/2022 15:00:00,,
10/2/2022,15:20,16.46,27.99,36.29,1503.01,10/02/2022 15:20:00,,
10/2/2022,15:40,16.49,27.96,36.29,1503.08,10/02/2022 15:40:00,,
10/2/2022,16:00,16.49,28.86,37.34,1504.13,10/02/2022 16:00:00,,
10/2/2022,16:20,16.46,28.69,37.12,1503.84,10/02/2022 16:20:00,,
10/2/2022,16:40,16.49,28.29,36.67,1503.46,10/02/2022 16:40:00,,
10/2/2022,17:00,16.52,28.18,36.57,1503.43,10/02/2022 17:00:00,,
10/2/2022,17:20,16.52,28.05,36.42,1503.28,10/02/2022 17:20:00,,
10/2/2022,17:40,16.46,28.37,36.74,1503.46,10/02/2022 17:40:00,,
10/2/2022,18:00,16.43,27.9,36.17,1502.82,10/02/2022 18:00:00,,
10/2/2022,18:20,16.34,28.45,36.74,1503.18,10/02/2022 18:20:00,,
10/2/2022,18:40,16.31,28.56,36.84,1503.21,10/02/2022 18:40:00,,
10/2/2022,19:00,16.34,29.14,37.54,1503.99,10/02/2022 19:00:00,,
10/2/2022,19:20,16.34,28.28,36.54,1502.98,10/02/2022 19:20:00,,
10/2/2022,19:40,16.37,28.65,36.99,1503.5,10/02/2022 19:40:00,,
10/2/2022,20:00,16.37,28.67,37.02,1503.53,10/02/2022 20:00:00,,
10/2/2022,20:20,16.43,27.75,35.99,1502.64,10/02/2022 20:20:00,,
10/2/2022,20:40,16.4,28.26,36.57,1503.15,10/02/2022 20:40:00,,
10/2/2022,21:00,16.34,27.51,35.64,1502.08,10/02/2022 21:00:00,,
10/2/2022,21:20,16.34,27.7,35.87,1502.3,10/02/2022 21:20:00,,
10/2/2022,21:40,16.34,27.62,35.77,1502.2,10/02/2022 21:40:00,,
10/2/2022,22:00,16.31,27.4,35.49,1501.86,10/02/2022 22:00:00,,
10/2/2022,22:20,16.28,27.4,35.47,1501.76,10/02/2022 22:20:00,,
10/2/2022,22:40,16.28,26.74,34.69,1500.99,10/02/2022 22:40:00,,
10/2/2022,23:00,16.25,27.7,35.79,1502.02,10/02/2022 23:00:00,,
10/2/2022,23:20,16.25,27.44,35.49,1501.72,10/02/2022 23:20:00,,
10/2/2022,23:40,16.25,27.64,35.72,1501.94,10/02/2022 23:40:00,,
10/2/2022,0:00,16.28,28.26,36.46,1502.77,10/02/2022 0:00:00,,
10/3/2022,0:20,16.31,27.62,35.74,1502.11,10/03/2022 0:20:00,,
10/3/2022,0:40,16.28,28.56,36.81,1503.12,10/03/2022 0:40:00,,
10/3/2022,1:00,16.28,28.11,36.29,1502.59,10/03/2022 1:00:00,,
10/3/2022,1:20,16.25,28.52,36.74,1502.97,10/03/2022 1:20:00,,
10/3/2022,1:40,16.25,28.07,36.21,1502.44,10/03/2022 1:40:00,,
10/3/2022,2:00,16.25,28.41,36.61,1502.85,10/03/2022 2:00:00,,
10/3/2022,2:20,16.25,28.17,36.34,1502.57,10/03/2022 2:20:00,,
10/3/2022,2:40,16.25,28.11,36.26,1502.49,10/03/2022 2:40:00,,
10/3/2022,3:00,16.22,27.44,35.47,1501.62,10/03/2022 3:00:00,,
10/3/2022,3:20,16.22,27.83,35.91,1502.07,10/03/2022 3:20:00,,
10/3/2022,3:40,16.22,26.76,34.67,1500.82,10/03/2022 3:40:00,,
10/3/2022,4:00,16.22,27.21,35.19,1501.34,10/03/2022 4:00:00,,
10/3/2022,4:20,16.25,28.37,36.56,1502.8,10/03/2022 4:20:00,,
10/3/2022,4:40,16.25,28,36.14,1502.37,10/03/2022 4:40:00,,
10/3/2022,5:00,16.22,28.32,36.49,1502.65,10/03/2022 5:00:00,,
10/3/2022,5:20,16.19,28.06,36.16,1502.25,10/03/2022 5:20:00,,
10/3/2022,5:40,16.1,27.68,35.64,1501.51,10/03/2022 5:40:00,,
10/3/2022,6:00,15.95,27.3,35.09,1500.59,10/03/2022 6:00:00,,
10/3/2022,6:20,15.8,27.75,35.48,1500.64,10/03/2022 6:20:00,,
10/3/2022,6:40,15.67,27.01,34.53,1499.38,10/03/2022 6:40:00,,
10/3/2022,7:00,15.55,28.2,35.8,1500.4,10/03/2022 7:00:00,,
10/3/2022,7:20,15.49,27.48,34.93,1499.35,10/03/2022 7:20:00,,
10/3/2022,7:40,15.46,27.61,35.05,1499.41,10/03/2022 7:40:00,,
10/3/2022,8:00,15.46,26.87,34.2,1498.53,10/03/2022 8:00:00,,
10/3/2022,8:20,15.49,27.2,34.6,1499.02,10/03/2022 8:20:00,,
10/3/2022,8:40,15.52,26.98,34.38,1498.86,10/03/2022 8:40:00,,
10/3/2022,9:00,15.58,25.65,32.88,1497.48,10/03/2022 9:00:00,,
10/3/2022,9:20,15.64,27.23,34.75,1499.54,10/03/2022 9:20:00,,
10/3/2022,9:40,15.7,27.17,34.73,1499.66,10/03/2022 9:40:00,,
10/3/2022,10:00,15.76,26.35,33.83,1498.89,10/03/2022 10:00:00,,
10/3/2022,10:20,15.89,26.4,33.99,1499.34,10/03/2022 10:20:00,,
10/3/2022,10:40,15.98,26.79,34.51,1500.09,10/03/2022 10:40:00,,
10/3/2022,11:00,16.07,27.24,35.11,1500.91,10/03/2022 11:00:00,,
10/3/2022,11:20,16.16,26.78,34.64,1500.65,10/03/2022 11:20:00,,
10/3/2022,11:40,16.25,26.87,34.82,1501.04,10/03/2022 11:40:00,,
10/3/2022,12:00,16.34,26.81,34.82,1501.25,10/03/2022 12:00:00,,
10/3/2022,12:20,16.4,27.22,35.34,1501.92,10/03/2022 12:20:00,,
10/3/2022,12:40,16.46,26.58,34.65,1501.37,10/03/2022 12:40:00,,
10/3/2022,13:00,16.52,25.51,33.43,1500.3,10/03/2022 13:00:00,,
10/3/2022,13:20,16.58,27.31,35.6,1502.6,10/03/2022 13:20:00,,
10/3/2022,13:40,16.65,26.85,35.1,1502.24,10/03/2022 13:40:00,,
10/3/2022,14:00,16.68,27.08,35.4,1502.61,10/03/2022 14:00:00,,
10/3/2022,14:20,16.71,26.55,34.8,1502.09,10/03/2022 14:20:00,,
10/3/2022,14:40,16.74,27.59,36.05,1503.39,10/03/2022 14:40:00,,
10/3/2022,15:00,16.74,26.72,35.03,1502.38,10/03/2022 15:00:00,,
10/3/2022,15:20,16.74,27.15,35.53,1502.87,10/03/2022 15:20:00,,
10/3/2022,15:40,16.71,27.36,35.75,1503.03,10/03/2022 15:40:00,,
10/3/2022,16:00,16.68,27.42,35.8,1503,10/03/2022 16:00:00,,
10/3/2022,16:20,16.65,26.63,34.85,1501.99,10/03/2022 16:20:00,,
10/3/2022,16:40,16.58,26.48,34.63,1501.63,10/03/2022 16:40:00,,
10/3/2022,17:00,16.52,25.8,33.77,1500.64,10/03/2022 17:00:00,,
10/3/2022,17:20,16.46,27.18,35.35,1502.06,10/03/2022 17:20:00,,
10/3/2022,17:40,16.49,26.75,34.87,1501.66,10/03/2022 17:40:00,,
10/3/2022,18:00,16.52,27.18,35.4,1502.25,10/03/2022 18:00:00,,
10/3/2022,18:20,16.58,27.35,35.65,1502.64,10/03/2022 18:20:00,,
10/3/2022,18:40,16.68,28.5,37.07,1504.27,10/03/2022 18:40:00,,
10/3/2022,19:00,16.77,27.74,36.25,1503.66,10/03/2022 19:00:00,,
10/3/2022,19:20,16.92,27.6,36.2,1503.96,10/03/2022 19:20:00,,
10/3/2022,19:40,16.98,26.88,35.41,1503.31,10/03/2022 19:40:00,,
10/3/2022,20:00,17.01,27.89,36.63,1504.58,10/03/2022 20:00:00,,
10/3/2022,20:20,17.01,27.01,35.58,1503.55,10/03/2022 20:20:00,,
10/3/2022,20:40,17.04,28.13,36.93,1504.95,10/03/2022 20:40:00,,
10/3/2022,21:00,17.07,27.35,36.03,1504.13,10/03/2022 21:00:00,,
10/3/2022,21:20,17.1,26.99,35.63,1503.81,10/03/2022 21:20:00,,
10/3/2022,21:40,17.07,26.51,35.04,1503.16,10/03/2022 21:40:00,,
10/3/2022,22:00,17.07,26.36,34.86,1502.98,10/03/2022 22:00:00,,
10/3/2022,22:20,17.01,25.75,34.08,1502.09,10/03/2022 22:20:00,,
10/3/2022,22:40,16.98,26.27,34.68,1502.6,10/03/2022 22:40:00,,
10/3/2022,23:00,16.98,26.23,34.63,1502.55,10/03/2022 23:00:00,,
10/3/2022,23:20,17.01,25.96,34.33,1502.33,10/03/2022 23:20:00,,
10/3/2022,23:40,17.1,27.52,36.26,1504.42,10/03/2022 23:40:00,,
10/3/2022,0:00,17.13,28.99,38.03,1506.23,10/03/2022 0:00:00,,
10/4/2022,0:20,17.19,28.61,37.63,1505.97,10/04/2022 0:20:00,,
10/4/2022,0:40,17.16,28.36,37.31,1505.59,10/04/2022 0:40:00,,
10/4/2022,1:00,17.13,27.96,36.81,1505.03,10/04/2022 1:00:00,,
10/4/2022,1:20,17.16,29.01,38.08,1506.35,10/04/2022 1:20:00,,
10/4/2022,1:40,17.13,29.08,38.13,1506.33,10/04/2022 1:40:00,,
10/4/2022,2:00,17.1,29.52,38.63,1506.76,10/04/2022 2:00:00,,
10/4/2022,2:20,17.1,28.57,37.51,1505.65,10/04/2022 2:20:00,,
10/4/2022,2:40,17.04,28.4,37.26,1505.27,10/04/2022 2:40:00,,
10/4/2022,3:00,17.04,27.54,36.23,1504.26,10/04/2022 3:00:00,,
10/4/2022,3:20,17.01,27.43,36.08,1504.04,10/04/2022 3:20:00,,
10/4/2022,3:40,16.98,28.51,37.33,1505.2,10/04/2022 3:40:00,,
10/4/2022,4:00,16.98,28.51,37.33,1505.2,10/04/2022 4:00:00,,
10/4/2022,4:20,16.98,27.6,36.26,1504.15,10/04/2022 4:20:00,,
10/4/2022,4:40,17.01,26.95,35.51,1503.48,10/04/2022 4:40:00,,
10/4/2022,5:00,16.98,27.37,35.98,1503.88,10/04/2022 5:00:00,,
10/4/2022,5:20,17.01,26.82,35.36,1503.33,10/04/2022 5:20:00,,
10/4/2022,5:40,17.01,27.43,36.08,1504.04,10/04/2022 5:40:00,,
10/4/2022,6:00,16.98,27.26,35.86,1503.75,10/04/2022 6:00:00,,
10/4/2022,6:20,16.95,27.62,36.26,1504.08,10/04/2022 6:20:00,,
10/4/2022,6:40,16.74,27.36,35.78,1503.12,10/04/2022 6:40:00,,
10/4/2022,7:00,16.43,26.3,34.3,1500.95,10/04/2022 7:00:00,,
10/4/2022,7:20,16.19,27.16,35.12,1501.2,10/04/2022 7:20:00,,
10/4/2022,7:40,16.07,27.22,35.09,1500.88,10/04/2022 7:40:00,,
10/4/2022,8:00,16.01,27.63,35.51,1501.17,10/04/2022 8:00:00,,
10/4/2022,8:20,16.1,26.73,34.54,1500.4,10/04/2022 8:20:00,,
10/4/2022,8:40,16.07,27.16,35.01,1500.81,10/04/2022 8:40:00,,
10/4/2022,9:00,15.95,27.05,34.79,1500.29,10/04/2022 9:00:00,,
10/4/2022,9:20,15.86,26.46,34.04,1499.31,10/04/2022 9:20:00,,
10/4/2022,9:40,15.73,27.27,34.88,1499.88,10/04/2022 9:40:00,,
10/4/2022,10:00,15.64,26.69,34.13,1498.9,10/04/2022 10:00:00,,
10/4/2022,10:20,15.55,26.25,33.55,1498.09,10/04/2022 10:20:00,,
10/4/2022,10:40,15.49,26.57,33.88,1498.27,10/04/2022 10:40:00,,
10/4/2022,11:00,15.55,26.27,33.58,1498.12,10/04/2022 11:00:00,,
10/4/2022,11:20,15.55,26.57,33.93,1498.47,10/04/2022 11:20:00,,
10/4/2022,11:40,15.49,26.72,34.05,1498.45,10/04/2022 11:40:00,,
10/4/2022,12:00,15.37,26.48,33.67,1497.77,10/04/2022 12:00:00,,
10/4/2022,12:20,15.31,26.47,33.62,1497.57,10/04/2022 12:20:00,,
10/4/2022,12:40,15.28,26.56,33.7,1497.57,10/04/2022 12:40:00,,
10/4/2022,13:00,15.34,26.41,33.57,1497.59,10/04/2022 13:00:00,,
10/4/2022,13:20,15.4,25.63,32.73,1496.87,10/04/2022 13:20:00,,
10/4/2022,13:40,15.4,26.07,33.23,1497.38,10/04/2022 13:40:00,,
10/4/2022,14:00,15.43,26.33,33.55,1497.79,10/04/2022 14:00:00,,
10/4/2022,14:20,15.43,26.09,33.28,1497.51,10/04/2022 14:20:00,,
10/4/2022,14:40,15.46,25.55,32.68,1496.97,10/04/2022 14:40:00,,
10/4/2022,15:00,15.55,26.81,34.2,1498.75,10/04/2022 15:00:00,,
10/4/2022,15:20,15.67,26.65,34.11,1498.95,10/04/2022 15:20:00,,
10/4/2022,15:40,15.8,27.32,34.98,1500.13,10/04/2022 15:40:00,,
10/4/2022,16:00,15.86,27.19,34.88,1500.17,10/04/2022 16:00:00,,
10/4/2022,16:20,15.95,26.64,34.31,1499.81,10/04/2022 16:20:00,,
10/4/2022,16:40,16.01,26.83,34.59,1500.23,10/04/2022 16:40:00,,
10/4/2022,17:00,16.07,26.75,34.54,1500.33,10/04/2022 17:00:00,,
10/4/2022,17:20,16.16,27.29,35.24,1501.25,10/04/2022 17:20:00,,
10/4/2022,17:40,16.25,27.72,35.82,1502.04,10/04/2022 17:40:00,,
10/4/2022,18:00,16.37,26.68,34.7,1501.2,10/04/2022 18:00:00,,
10/4/2022,18:20,16.49,27.88,36.2,1502.98,10/04/2022 18:20:00,,
10/4/2022,18:40,16.52,28.22,36.62,1503.48,10/04/2022 18:40:00,,
10/4/2022,19:00,16.52,27.41,35.67,1502.53,10/04/2022 19:00:00,,
10/4/2022,19:20,16.55,27.54,35.85,1502.77,10/04/2022 19:20:00,,
10/4/2022,19:40,16.58,28.8,37.34,1504.34,10/04/2022 19:40:00,,
10/4/2022,20:00,16.52,28.07,36.45,1503.3,10/04/2022 20:00:00,,
10/4/2022,20:20,16.46,28.37,36.74,1503.46,10/04/2022 20:20:00,,
10/4/2022,20:40,16.43,27.98,36.27,1502.92,10/04/2022 20:40:00,,
10/4/2022,21:00,16.37,27.62,35.79,1502.3,10/04/2022 21:00:00,,
10/4/2022,21:20,16.34,28.45,36.74,1503.18,10/04/2022 21:20:00,,
10/4/2022,21:40,16.34,28.48,36.77,1503.21,10/04/2022 21:40:00,,
10/4/2022,22:00,16.34,27.3,35.39,1501.83,10/04/2022 22:00:00,,
10/4/2022,22:20,16.31,27.34,35.42,1501.78,10/04/2022 22:20:00,,
10/4/2022,22:40,16.25,27.17,35.17,1501.39,10/04/2022 22:40:00,,
10/4/2022,23:00,16.22,27.12,35.09,1501.24,10/04/2022 23:00:00,,
10/4/2022,23:20,16.22,27.21,35.19,1501.34,10/04/2022 23:20:00,,
10/4/2022,23:40,16.19,26.84,34.74,1500.82,10/04/2022 23:40:00,,
10/4/2022,0:00,16.19,26.74,34.62,1500.69,10/04/2022 0:00:00,,
10/5/2022,0:20,16.19,27.53,35.54,1501.62,10/05/2022 0:20:00,,
10/5/2022,0:40,16.19,27.76,35.81,1501.9,10/05/2022 0:40:00,,
10/5/2022,1:00,16.22,28.3,36.46,1502.63,10/05/2022 1:00:00,,
10/5/2022,1:20,16.19,28.84,37.06,1503.16,10/05/2022 1:20:00,,
10/5/2022,1:40,16.19,28.99,37.24,1503.34,10/05/2022 1:40:00,,
10/5/2022,2:00,16.16,28.11,36.19,1502.21,10/05/2022 2:00:00,,
10/5/2022,2:20,16.16,27.76,35.79,1501.8,10/05/2022 2:20:00,,
10/5/2022,2:40,16.13,28.99,37.18,1503.15,10/05/2022 2:40:00,,
10/5/2022,3:00,16.04,28.79,36.88,1502.63,10/05/2022 3:00:00,,
10/5/2022,3:20,15.98,28.79,36.83,1502.44,10/05/2022 3:20:00,,
10/5/2022,3:40,15.98,28.82,36.86,1502.47,10/05/2022 3:40:00,,
10/5/2022,4:00,16.07,26.37,34.09,1499.88,10/05/2022 4:00:00,,
10/5/2022,4:20,16.1,28.17,36.21,1502.09,10/05/2022 4:20:00,,
10/5/2022,4:40,16.16,27.63,35.64,1501.65,10/05/2022 4:40:00,,
10/5/2022,5:00,16.22,28.39,36.56,1502.73,10/05/2022 5:00:00,,
10/5/2022,5:20,16.22,27.76,35.84,1502,10/05/2022 5:20:00,,
10/5/2022,5:40,16.22,27.89,35.99,1502.15,10/05/2022 5:40:00,,
10/5/2022,6:00,16.16,27.12,35.04,1501.05,10/05/2022 6:00:00,,
10/5/2022,6:20,16.07,27.95,35.94,1501.74,10/05/2022 6:20:00,,
10/5/2022,6:40,15.89,28.23,36.11,1501.49,10/05/2022 6:40:00,,
10/5/2022,7:00,15.58,27.9,35.48,1500.13,10/05/2022 7:00:00,,
10/5/2022,7:20,15.4,27.68,35.07,1499.29,10/05/2022 7:20:00,,
10/5/2022,7:40,14.91,27.75,34.76,1497.79,10/05/2022 7:40:00,,
10/5/2022,8:00,14.69,29.23,36.25,1498.86,10/05/2022 8:00:00,,
10/5/2022,8:20,14.57,28.27,35.08,1497.31,10/05/2022 8:20:00,,
10/5/2022,8:40,14.54,27.87,34.6,1496.73,10/05/2022 8:40:00,,
10/5/2022,9:00,14.51,28.56,35.35,1497.46,10/05/2022 9:00:00,,
10/5/2022,9:20,14.51,28.67,35.48,1497.59,10/05/2022 9:20:00,,
10/5/2022,9:40,14.45,28.99,35.77,1497.76,10/05/2022 9:40:00,,
10/5/2022,10:00,14.38,28.67,35.37,1497.18,10/05/2022 10:00:00,,
10/5/2022,10:20,14.38,28.81,35.52,1497.34,10/05/2022 10:20:00,,
10/5/2022,10:40,14.41,28.03,34.68,1496.51,10/05/2022 10:40:00,,
10/5/2022,11:00,14.38,28.16,34.8,1496.57,10/05/2022 11:00:00,,
10/5/2022,11:20,14.45,28.05,34.73,1496.64,10/05/2022 11:20:00,,
10/5/2022,11:40,14.48,28.36,35.1,1497.11,10/05/2022 11:40:00,,
10/5/2022,12:00,14.51,28.47,35.25,1497.35,10/05/2022 12:00:00,,
10/5/2022,12:20,14.54,27.74,34.45,1496.57,10/05/2022 12:20:00,,
10/5/2022,12:40,14.57,27.7,34.43,1496.62,10/05/2022 12:40:00,,
10/5/2022,13:00,14.6,27.43,34.16,1496.41,10/05/2022 13:00:00,,
10/5/2022,13:20,14.6,27.74,34.51,1496.78,10/05/2022 13:20:00,,
10/5/2022,13:40,14.63,27.05,33.76,1496.06,10/05/2022 13:40:00,,
10/5/2022,14:00,14.69,27.28,34.06,1496.53,10/05/2022 14:00:00,,
10/5/2022,14:20,14.78,26.05,32.74,1495.37,10/05/2022 14:20:00,,
10/5/2022,14:40,14.88,26.49,33.31,1496.2,10/05/2022 14:40:00,,
10/5/2022,15:00,14.91,26.74,33.61,1496.59,10/05/2022 15:00:00,,
10/5/2022,15:20,15,26.89,33.87,1497.08,10/05/2022 15:20:00,,
10/5/2022,15:40,15.06,27.6,34.72,1498.11,10/05/2022 15:40:00,,
10/5/2022,16:00,15.06,27.71,34.84,1498.24,10/05/2022 16:00:00,,
10/5/2022,16:20,15.03,27.42,34.49,1497.8,10/05/2022 16:20:00,,
10/5/2022,16:40,15,27.36,34.39,1497.62,10/05/2022 16:40:00,,
10/5/2022,17:00,14.94,27.79,34.84,1497.94,10/05/2022 17:00:00,,
10/5/2022,17:20,14.88,27.06,33.96,1496.88,10/05/2022 17:20:00,,
10/5/2022,17:40,14.78,27.77,34.68,1497.41,10/05/2022 17:40:00,,
10/5/2022,18:00,14.75,27.83,34.73,1497.39,10/05/2022 18:00:00,,
10/5/2022,18:20,14.72,27.72,34.58,1497.16,10/05/2022 18:20:00,,
10/5/2022,18:40,14.82,27.95,34.91,1497.73,10/05/2022 18:40:00,,
10/5/2022,19:00,15.06,27.29,34.37,1497.75,10/05/2022 19:00:00,,
10/5/2022,19:20,15.31,27.41,34.7,1498.68,10/05/2022 19:20:00,,
10/5/2022,19:40,15.52,27.96,35.5,1500.02,10/05/2022 19:40:00,,
10/5/2022,20:00,15.67,26.56,34.01,1498.85,10/05/2022 20:00:00,,
10/5/2022,20:20,15.7,28.73,36.53,1501.5,10/05/2022 20:20:00,,
10/5/2022,20:40,15.7,28.86,36.68,1501.65,10/05/2022 20:40:00,,
10/5/2022,21:00,15.89,28.01,35.86,1501.24,10/05/2022 21:00:00,,
10/5/2022,21:20,16.07,28.62,36.71,1502.53,10/05/2022 21:20:00,,
10/5/2022,21:40,16.16,27.7,35.71,1501.73,10/05/2022 21:40:00,,
10/5/2022,22:00,16.13,28.82,36.98,1502.95,10/05/2022 22:00:00,,
10/5/2022,22:20,16.07,29.03,37.18,1503.01,10/05/2022 22:20:00,,
10/5/2022,22:40,15.95,28.69,36.68,1502.22,10/05/2022 22:40:00,,
10/5/2022,23:00,15.8,28.64,36.5,1501.69,10/05/2022 23:00:00,,
10/5/2022,23:20,15.67,28.36,36.08,1500.97,10/05/2022 23:20:00,,
10/5/2022,23:40,15.55,28.01,35.58,1500.16,10/05/2022 23:40:00,,
10/5/2022,0:00,15.43,27.24,34.6,1498.87,10/05/2022 0:00:00,,
10/6/2022,0:20,15.31,27.15,34.4,1498.37,10/06/2022 0:20:00,,
10/6/2022,0:40,15.25,27.96,35.27,1499.13,10/06/2022 0:40:00,,
10/6/2022,1:00,15.15,28.24,35.52,1499.17,10/06/2022 1:00:00,,
10/6/2022,1:20,15.15,28.9,36.26,1499.95,10/06/2022 1:20:00,,
10/6/2022,1:40,15.18,28.09,35.37,1499.08,10/06/2022 1:40:00,,
10/6/2022,2:00,15.25,28.64,36.04,1499.93,10/06/2022 2:00:00,,
10/6/2022,2:20,15.28,28.09,35.44,1499.38,10/06/2022 2:20:00,,
10/6/2022,2:40,15.31,0.64,1.04,1467.01,10/06/2022 2:40:00,,
10/6/2022,3:00,15.37,29.1,36.67,1500.87,10/06/2022 3:00:00,,
10/6/2022,3:20,15.37,29.1,36.67,1500.87,10/06/2022 3:20:00,,
10/6/2022,3:40,15.4,28.29,35.77,1500.01,10/06/2022 3:40:00,,
10/6/2022,4:00,15.4,29.21,36.82,1501.1,10/06/2022 4:00:00,,
10/6/2022,4:20,15.34,29.67,37.29,1501.45,10/06/2022 4:20:00,,
10/6/2022,4:40,15.25,29.08,36.54,1500.45,10/06/2022 4:40:00,,
10/6/2022,5:00,15.18,28.39,35.72,1499.45,10/06/2022 5:00:00,,
10/6/2022,5:20,15.12,28.17,35.42,1498.99,10/06/2022 5:20:00,,
10/6/2022,5:40,15.06,29.1,36.41,1499.89,10/06/2022 5:40:00,,
10/6/2022,6:00,15.06,29.01,36.31,1499.78,10/06/2022 6:00:00,,
10/6/2022,6:20,15.06,28.19,35.39,1498.82,10/06/2022 6:20:00,,
10/6/2022,6:40,15.06,27.42,34.52,1497.9,10/06/2022 6:40:00,,
10/6/2022,7:00,15.06,28.06,35.24,1498.66,10/06/2022 7:00:00,,
10/6/2022,7:20,15.03,26.98,33.99,1497.28,10/06/2022 7:20:00,,
10/6/2022,7:40,14.97,27.29,34.29,1497.44,10/06/2022 7:40:00,,
10/6/2022,8:00,15,27.66,34.74,1497.99,10/06/2022 8:00:00,,
10/6/2022,8:20,14.97,26.89,33.84,1496.98,10/06/2022 8:20:00,,
10/6/2022,8:40,14.88,27.53,34.49,1497.43,10/06/2022 8:40:00,,
10/6/2022,9:00,14.69,27.81,34.66,1497.16,10/06/2022 9:00:00,,
10/6/2022,9:20,14.45,27.22,33.8,1495.66,10/06/2022 9:20:00,,
10/6/2022,9:40,14.17,26.81,33.12,1494.24,10/06/2022 9:40:00,,
10/6/2022,10:00,13.98,27.79,34.07,1494.8,10/06/2022 10:00:00,,
10/6/2022,10:20,13.82,26.89,32.94,1493.19,10/06/2022 10:20:00,,
10/6/2022,10:40,13.89,28.08,34.32,1494.84,10/06/2022 10:40:00,,
10/6/2022,11:00,14.14,27.21,33.55,1494.62,10/06/2022 11:00:00,,
10/6/2022,11:20,14.35,27.69,34.25,1495.91,10/06/2022 11:20:00,,
10/6/2022,11:40,14.48,27.89,34.58,1496.56,10/06/2022 11:40:00,,
10/6/2022,12:00,14.57,27.41,34.11,1496.28,10/06/2022 12:00:00,,
10/6/2022,12:20,14.6,28.47,35.33,1497.65,10/06/2022 12:20:00,,
10/6/2022,12:40,14.6,27.72,34.48,1496.75,10/06/2022 12:40:00,,
10/6/2022,13:00,14.57,27.47,34.18,1496.36,10/06/2022 13:00:00,,
10/6/2022,13:20,14.6,27.25,33.96,1496.2,10/06/2022 13:20:00,,
10/6/2022,13:40,14.6,26.94,33.61,1495.83,10/06/2022 13:40:00,,
10/6/2022,14:00,14.57,26.98,33.63,1495.78,10/06/2022 14:00:00,,
10/6/2022,14:20,14.6,27.43,34.16,1496.41,10/06/2022 14:20:00,,
10/6/2022,14:40,14.66,27.06,33.78,1496.17,10/06/2022 14:40:00,,
10/6/2022,15:00,14.78,26.82,33.61,1496.29,10/06/2022 15:00:00,,
10/6/2022,15:20,14.91,26.78,33.66,1496.64,10/06/2022 15:20:00,,
10/6/2022,15:40,15.09,26.5,33.49,1496.91,10/06/2022 15:40:00,,
10/6/2022,16:00,15.21,26.75,33.87,1497.6,10/06/2022 16:00:00,,
10/6/2022,16:20,15.34,27.94,35.32,1499.4,10/06/2022 16:20:00,,
10/6/2022,16:40,15.4,27.35,34.7,1498.9,10/06/2022 16:40:00,,
10/6/2022,17:00,15.43,27,34.33,1498.59,10/06/2022 17:00:00,,
10/6/2022,17:20,15.43,28.05,35.52,1499.82,10/06/2022 17:20:00,,
10/6/2022,17:40,15.43,27.81,35.25,1499.54,10/06/2022 17:40:00,,
10/6/2022,18:00,15.4,27.07,34.37,1498.56,10/06/2022 18:00:00,,
10/6/2022,18:20,15.31,28.09,35.47,1499.48,10/06/2022 18:20:00,,
10/6/2022,18:40,15.18,27.06,34.19,1497.86,10/06/2022 18:40:00,,
10/6/2022,19:00,15.06,27.93,35.09,1498.5,10/06/2022 19:00:00,,
10/6/2022,19:20,15.03,27.66,34.77,1498.09,10/06/2022 19:20:00,,
10/6/2022,19:40,15.03,27.99,35.14,1498.48,10/06/2022 19:40:00,,
10/6/2022,20:00,15.03,28.1,35.26,1498.61,10/06/2022 20:00:00,,
10/6/2022,20:20,15.21,28.35,35.69,1499.49,10/06/2022 20:20:00,,
10/6/2022,20:40,15.34,29.03,36.57,1500.69,10/06/2022 20:40:00,,
10/6/2022,21:00,15.46,28.05,35.55,1499.92,10/06/2022 21:00:00,,
10/6/2022,21:20,15.55,28.53,36.17,1500.78,10/06/2022 21:20:00,,
10/6/2022,21:40,15.61,28.36,36.03,1500.77,10/06/2022 21:40:00,,
10/6/2022,22:00,15.7,28.44,36.2,1501.17,10/06/2022 22:00:00,,
10/6/2022,22:20,15.73,27.75,35.43,1500.45,10/06/2022 22:20:00,,
10/6/2022,22:40,15.73,28.47,36.25,1501.29,10/06/2022 22:40:00,,
10/6/2022,23:00,15.73,29.08,36.95,1502.01,10/06/2022 23:00:00,,
10/6/2022,23:20,15.73,28.6,36.4,1501.44,10/06/2022 23:20:00,,
10/6/2022,23:40,15.73,29.49,37.42,1502.5,10/06/2022 23:40:00,,
10/6/2022,0:00,15.73,27.84,35.53,1500.55,10/06/2022 0:00:00,,
10/7/2022,0:20,15.7,28.47,36.23,1501.19,10/07/2022 0:20:00,,
10/7/2022,0:40,15.64,27.88,35.5,1500.31,10/07/2022 0:40:00,,
10/7/2022,1:00,15.61,27.99,35.6,1500.34,10/07/2022 1:00:00,,
10/7/2022,1:20,15.52,28.11,35.67,1500.2,10/07/2022 1:20:00,,
10/7/2022,1:40,15.43,27.98,35.45,1499.75,10/07/2022 1:40:00,,
10/7/2022,2:00,15.37,27.65,35.02,1499.16,10/07/2022 2:00:00,,
10/7/2022,2:20,15.31,28.2,35.59,1499.61,10/07/2022 2:20:00,,
10/7/2022,2:40,15.25,29.12,36.59,1500.5,10/07/2022 2:40:00,,
10/7/2022,3:00,15.25,28.06,35.39,1499.26,10/07/2022 3:00:00,,
10/7/2022,3:20,15.25,28.11,35.44,1499.31,10/07/2022 3:20:00,,
10/7/2022,3:40,15.25,27.65,34.92,1498.76,10/07/2022 3:40:00,,
10/7/2022,4:00,15.28,28.33,35.72,1499.67,10/07/2022 4:00:00,,
10/7/2022,4:20,15.31,27.69,35.02,1499.01,10/07/2022 4:20:00,,
10/7/2022,4:40,15.31,29.23,36.77,1500.83,10/07/2022 4:40:00,,
10/7/2022,5:00,15.31,28.68,36.14,1500.18,10/07/2022 5:00:00,,
10/7/2022,5:20,15.34,27.96,35.35,1499.42,10/07/2022 5:20:00,,
10/7/2022,5:40,15.37,27.67,35.05,1499.19,10/07/2022 5:40:00,,
10/7/2022,6:00,15.4,28.2,35.67,1499.91,10/07/2022 6:00:00,,
10/7/2022,6:20,15.43,27.35,34.72,1499,10/07/2022 6:20:00,,
10/7/2022,6:40,15.4,27.52,34.9,1499.11,10/07/2022 6:40:00,,
10/7/2022,7:00,15.43,26.74,34.03,1498.28,10/07/2022 7:00:00,,
10/7/2022,7:20,15.4,27.78,35.2,1499.41,10/07/2022 7:20:00,,
10/7/2022,7:40,15.4,27.28,34.62,1498.82,10/07/2022 7:40:00,,
10/7/2022,8:00,15.37,27.39,34.72,1498.85,10/07/2022 8:00:00,,
10/7/2022,8:20,15.37,28.37,35.85,1500.01,10/07/2022 8:20:00,,
10/7/2022,8:40,15.4,27.7,35.1,1499.31,10/07/2022 8:40:00,,
10/7/2022,9:00,15.43,27.31,34.67,1498.95,10/07/2022 9:00:00,,
10/7/2022,9:20,15.43,28.27,35.77,1500.08,10/07/2022 9:20:00,,
10/7/2022,9:40,15.37,27.63,35,1499.14,10/07/2022 9:40:00,,
10/7/2022,10:00,15.15,27.6,34.79,1498.41,10/07/2022 10:00:00,,
10/7/2022,10:20,14.82,28.14,35.13,1497.96,10/07/2022 10:20:00,,
10/7/2022,10:40,14.57,28.81,35.68,1497.95,10/07/2022 10:40:00,,
10/7/2022,11:00,14.38,27.87,34.48,1496.22,10/07/2022 11:00:00,,
10/7/2022,11:20,14.29,28.34,34.92,1496.48,10/07/2022 11:20:00,,
10/7/2022,11:40,14.23,29.08,35.69,1497.16,10/07/2022 11:40:00,,
10/7/2022,12:00,14.23,29.57,36.24,1497.75,10/07/2022 12:00:00,,
10/7/2022,12:20,14.26,28.99,35.62,1497.15,10/07/2022 12:20:00,,
10/7/2022,12:40,14.35,29.44,36.2,1497.99,10/07/2022 12:40:00,,
10/7/2022,13:00,14.41,29.12,35.9,1497.82,10/07/2022 13:00:00,,
10/7/2022,13:20,14.38,29.64,36.45,1498.33,10/07/2022 13:20:00,,
10/7/2022,13:40,14.38,28.45,35.12,1496.92,10/07/2022 13:40:00,,
10/7/2022,14:00,14.41,28.2,34.88,1496.72,10/07/2022 14:00:00,,
10/7/2022,14:20,14.78,28.97,36.03,1498.84,10/07/2022 14:20:00,,
10/7/2022,14:40,15.34,29.05,36.59,1500.72,10/07/2022 14:40:00,,
10/7/2022,15:00,15.64,29.25,37.07,1501.92,10/07/2022 15:00:00,,
10/7/2022,15:20,15.7,27.88,35.55,1500.5,10/07/2022 15:20:00,,
10/7/2022,15:40,15.64,27.96,35.6,1500.41,10/07/2022 15:40:00,,
10/7/2022,16:00,15.55,28.38,36,1500.6,10/07/2022 16:00:00,,
10/7/2022,16:20,15.61,27.96,35.58,1500.31,10/07/2022 16:20:00,,
10/7/2022,16:40,15.64,28.2,35.88,1500.69,10/07/2022 16:40:00,,
10/7/2022,17:00,15.61,27.16,34.65,1499.36,10/07/2022 17:00:00,,
10/7/2022,17:20,15.58,27.42,34.93,1499.57,10/07/2022 17:20:00,,
10/7/2022,17:40,15.52,28.38,35.97,1500.5,10/07/2022 17:40:00,,
10/7/2022,18:00,15.49,28.16,35.7,1500.15,10/07/2022 18:00:00,,
10/7/2022,18:20,15.55,28.4,36.02,1500.63,10/07/2022 18:20:00,,
10/7/2022,18:40,15.55,28.66,36.32,1500.94,10/07/2022 18:40:00,,
10/7/2022,19:00,15.58,29.4,37.2,1501.91,10/07/2022 19:00:00,,
10/7/2022,19:20,15.55,28.29,35.9,1500.5,10/07/2022 19:20:00,,
10/7/2022,19:40,15.49,27.96,35.47,1499.92,10/07/2022 19:40:00,,
10/7/2022,20:00,15.43,27.33,34.7,1498.97,10/07/2022 20:00:00,,
10/7/2022,20:20,15.43,27.76,35.2,1499.49,10/07/2022 20:20:00,,
10/7/2022,20:40,15.52,28.2,35.77,1500.3,10/07/2022 20:40:00,,
10/7/2022,21:00,15.58,28.49,36.15,1500.83,10/07/2022 21:00:00,,
10/7/2022,21:20,15.64,28.01,35.65,1500.46,10/07/2022 21:20:00,,
10/7/2022,21:40,15.7,28.21,35.93,1500.88,10/07/2022 21:40:00,,
10/7/2022,22:00,15.73,27.6,35.25,1500.27,10/07/2022 22:00:00,,
10/7/2022,22:20,15.8,27.54,35.23,1500.39,10/07/2022 22:20:00,,
10/7/2022,22:40,15.86,28.36,36.23,1501.55,10/07/2022 22:40:00,,
10/7/2022,23:00,15.89,27.84,35.66,1501.03,10/07/2022 23:00:00,,
10/7/2022,23:20,15.92,27.99,35.86,1501.31,10/07/2022 23:20:00,,
10/7/2022,23:40,15.92,27.89,35.73,1501.18,10/07/2022 23:40:00,,
10/7/2022,0:00,15.89,27.99,35.83,1501.21,10/07/2022 0:00:00,,
10/8/2022,0:20,15.83,27.84,35.61,1500.84,10/08/2022 0:20:00,,
10/8/2022,0:40,15.8,28.29,36.1,1501.28,10/08/2022 0:40:00,,
10/8/2022,1:00,15.7,28.05,35.75,1500.71,10/08/2022 1:00:00,,
10/8/2022,1:20,15.58,27.64,35.18,1499.83,10/08/2022 1:20:00,,
10/8/2022,1:40,15.49,26.94,34.3,1498.71,10/08/2022 1:40:00,,
10/8/2022,2:00,15.37,27.74,35.12,1499.26,10/08/2022 2:00:00,,
10/8/2022,2:20,15.28,27.96,35.29,1499.23,10/08/2022 2:20:00,,
10/8/2022,2:40,15.18,27.36,34.54,1498.23,10/08/2022 2:40:00,,
10/8/2022,3:00,15.15,27.87,35.09,1498.72,10/08/2022 3:00:00,,
10/8/2022,3:20,15.12,27.16,34.27,1497.79,10/08/2022 3:20:00,,
10/8/2022,3:40,15.12,27.51,34.67,1498.21,10/08/2022 3:40:00,,
10/8/2022,4:00,15.12,28.28,35.54,1499.12,10/08/2022 4:00:00,,
10/8/2022,4:20,15.18,27.54,34.74,1498.43,10/08/2022 4:20:00,,
10/8/2022,4:40,15.21,28.59,35.97,1499.78,10/08/2022 4:40:00,,
10/8/2022,5:00,15.21,27.95,35.24,1499.03,10/08/2022 5:00:00,,
10/8/2022,5:20,15.21,27.8,35.07,1498.85,10/08/2022 5:20:00,,
10/8/2022,5:40,15.18,27.06,34.19,1497.86,10/08/2022 5:40:00,,
10/8/2022,6:00,15.09,27.45,34.57,1498.03,10/08/2022 6:00:00,,
10/8/2022,6:20,15.03,26.33,33.24,1496.5,10/08/2022 6:20:00,,
10/8/2022,6:40,14.94,26.74,33.64,1496.69,10/08/2022 6:40:00,,
10/8/2022,7:00,14.91,26.63,33.49,1496.46,10/08/2022 7:00:00,,
10/8/2022,7:20,14.88,26.45,33.26,1496.15,10/08/2022 7:20:00,,
10/8/2022,7:40,14.88,27.11,34.01,1496.93,10/08/2022 7:40:00,,
10/8/2022,8:00,14.94,27.88,34.94,1498.05,10/08/2022 8:00:00,,
10/8/2022,8:20,15.09,28.83,36.14,1499.67,10/08/2022 8:20:00,,
10/8/2022,8:40,15.21,28.9,36.32,1500.15,10/08/2022 8:40:00,,
10/8/2022,9:00,15.31,28.83,36.32,1500.36,10/08/2022 9:00:00,,
10/8/2022,9:20,15.31,28.15,35.54,1499.56,10/08/2022 9:20:00,,
10/8/2022,9:40,15.31,28.92,36.42,1500.47,10/08/2022 9:40:00,,
10/8/2022,10:00,15.21,28.26,35.59,1499.39,10/08/2022 10:00:00,,
10/8/2022,10:20,15.06,28.9,36.19,1499.65,10/08/2022 10:20:00,,
10/8/2022,10:40,14.82,28.97,36.06,1498.94,10/08/2022 10:40:00,,
10/8/2022,11:00,14.45,29.08,35.87,1497.87,10/08/2022 11:00:00,,
10/8/2022,11:20,14.17,28.97,35.52,1496.82,10/08/2022 11:20:00,,
10/8/2022,11:40,14.01,28.83,35.24,1496.14,10/08/2022 11:40:00,,
10/8/2022,12:00,13.82,28.88,35.14,1495.58,10/08/2022 12:00:00,,
10/8/2022,12:20,13.76,28.92,35.14,1495.43,10/08/2022 12:20:00,,
10/8/2022,12:40,13.79,28.44,34.64,1494.96,10/08/2022 12:40:00,,
10/8/2022,13:00,13.86,28.74,35.01,1495.52,10/08/2022 13:00:00,,
10/8/2022,13:20,13.95,28.04,34.32,1494.99,10/08/2022 13:20:00,,
10/8/2022,13:40,14.17,28.27,34.75,1495.98,10/08/2022 13:40:00,,
10/8/2022,14:00,14.38,28.02,34.65,1496.41,10/08/2022 14:00:00,,
10/8/2022,14:20,14.57,27.76,34.51,1496.7,10/08/2022 14:20:00,,
10/8/2022,14:40,14.69,27.32,34.11,1496.58,10/08/2022 14:40:00,,
10/8/2022,15:00,14.78,27.37,34.24,1496.94,10/08/2022 15:00:00,,
10/8/2022,15:20,14.82,27.15,34.01,1496.78,10/08/2022 15:20:00,,
10/8/2022,15:40,14.85,26.93,33.79,1496.62,10/08/2022 15:40:00,,
10/8/2022,16:00,14.94,27.2,34.16,1497.24,10/08/2022 16:00:00,,
10/8/2022,16:20,15.09,26.96,34.02,1497.46,10/08/2022 16:20:00,,
10/8/2022,16:40,15.25,27.12,34.32,1498.14,10/08/2022 16:40:00,,
10/8/2022,17:00,15.37,26.96,34.22,1498.34,10/08/2022 17:00:00,,
10/8/2022,17:20,15.49,26.46,33.75,1498.15,10/08/2022 17:20:00,,
10/8/2022,17:40,15.55,27.2,34.65,1499.22,10/08/2022 17:40:00,,
10/8/2022,18:00,15.55,26.57,33.93,1498.47,10/08/2022 18:00:00,,
10/8/2022,18:20,15.58,26.99,34.43,1499.06,10/08/2022 18:20:00,,
10/8/2022,18:40,15.58,28.25,35.87,1500.55,10/08/2022 18:40:00,,
10/8/2022,19:00,15.61,27.62,35.18,1499.9,10/08/2022 19:00:00,,
10/8/2022,19:20,15.58,28.18,35.8,1500.47,10/08/2022 19:20:00,,
10/8/2022,19:40,15.55,27.64,35.15,1499.73,10/08/2022 19:40:00,,
10/8/2022,20:00,15.52,27.55,35.03,1499.53,10/08/2022 20:00:00,,
10/8/2022,20:20,15.52,28.03,35.57,1500.09,10/08/2022 20:20:00,,
10/8/2022,20:40,15.49,28.62,36.22,1500.69,10/08/2022 20:40:00,,
10/8/2022,21:00,15.43,28.79,36.37,1500.7,10/08/2022 21:00:00,,
10/8/2022,21:20,15.43,28.59,36.15,1500.47,10/08/2022 21:20:00,,
10/8/2022,21:40,15.46,28.99,36.62,1501.03,10/08/2022 21:40:00,,
10/8/2022,22:00,15.46,29.03,36.67,1501.08,10/08/2022 22:00:00,,
10/8/2022,22:20,15.46,28.55,36.12,1500.52,10/08/2022 22:20:00,,
10/8/2022,22:40,15.46,28.83,36.45,1500.85,10/08/2022 22:40:00,,
10/8/2022,23:00,15.4,28.62,36.15,1500.4,10/08/2022 23:00:00,,
10/8/2022,23:20,15.15,29.12,36.51,1500.21,10/08/2022 23:20:00,,
10/8/2022,23:40,14.94,29.12,36.33,1499.52,10/08/2022 23:40:00,,
10/8/2022,0:00,14.78,29.1,36.18,1499,10/08/2022 0:00:00,,
10/9/2022,0:20,14.75,29.32,36.4,1499.16,10/09/2022 0:20:00,,
10/9/2022,0:40,14.75,28.97,36.01,1498.74,10/09/2022 0:40:00,,
10/9/2022,1:00,14.78,29.01,36.08,1498.89,10/09/2022 1:00:00,,
10/9/2022,1:20,14.82,28.94,36.03,1498.91,10/09/2022 1:20:00,,
10/9/2022,1:40,14.88,29.21,36.38,1499.43,10/09/2022 1:40:00,,
10/9/2022,2:00,15,28.77,35.99,1499.3,10/09/2022 2:00:00,,
10/9/2022,2:20,14.97,29.08,36.31,1499.57,10/09/2022 2:20:00,,
10/9/2022,2:40,15,28.88,36.11,1499.43,10/09/2022 2:40:00,,
10/9/2022,3:00,15.03,28.77,36.01,1499.4,10/09/2022 3:00:00,,
10/9/2022,3:20,15.06,28.74,36.01,1499.47,10/09/2022 3:20:00,,
10/9/2022,3:40,15.09,28.97,36.29,1499.83,10/09/2022 3:40:00,,
10/9/2022,4:00,15.12,28.24,35.49,1499.07,10/09/2022 4:00:00,,
10/9/2022,4:20,15.12,28.83,36.16,1499.77,10/09/2022 4:20:00,,
10/9/2022,4:40,15.15,28.94,36.31,1500,10/09/2022 4:40:00,,
10/9/2022,5:00,15.15,29.05,36.44,1500.13,10/09/2022 5:00:00,,
10/9/2022,5:20,15.15,29.03,36.41,1500.11,10/09/2022 5:20:00,,
10/9/2022,5:40,15.15,29.16,36.56,1500.26,10/09/2022 5:40:00,,
10/9/2022,6:00,15.18,28.72,36.09,1499.84,10/09/2022 6:00:00,,
10/9/2022,6:20,15.18,29.03,36.44,1500.2,10/09/2022 6:20:00,,
10/9/2022,6:40,15.18,29.03,36.44,1500.2,10/09/2022 6:40:00,,
10/9/2022,7:00,15.18,28.31,35.62,1499.34,10/09/2022 7:00:00,,
10/9/2022,7:20,15.21,28.48,35.84,1499.65,10/09/2022 7:20:00,,
10/9/2022,7:40,15.18,28.81,36.19,1499.94,10/09/2022 7:40:00,,
10/9/2022,8:00,15.18,28.94,36.34,1500.1,10/09/2022 8:00:00,,
10/9/2022,8:20,15.18,28.66,36.02,1499.76,10/09/2022 8:20:00,,
10/9/2022,8:40,15.21,28.83,36.24,1500.07,10/09/2022 8:40:00,,
10/9/2022,9:00,15.21,29.21,36.66,1500.51,10/09/2022 9:00:00,,
10/9/2022,9:20,15.15,29.08,36.46,1500.16,10/09/2022 9:20:00,,
10/9/2022,9:40,15.12,29.03,36.39,1500.01,10/09/2022 9:40:00,,
10/9/2022,10:00,15.09,27.67,34.82,1498.29,10/09/2022 10:00:00,,
10/9/2022,10:20,15.09,29.23,36.59,1500.14,10/09/2022 10:20:00,,
10/9/2022,10:40,15.12,29.16,36.54,1500.16,10/09/2022 10:40:00,,
10/9/2022,11:00,15.12,29.16,36.54,1500.16,10/09/2022 11:00:00,,
10/9/2022,11:20,15.09,29.01,36.34,1499.88,10/09/2022 11:20:00,,
10/9/2022,11:40,14.91,29.25,36.46,1499.58,10/09/2022 11:40:00,,
10/9/2022,12:00,14.63,29.46,36.45,1498.92,10/09/2022 12:00:00,,
10/9/2022,12:20,14.32,29.37,36.09,1497.81,10/09/2022 12:20:00,,
10/9/2022,12:40,14.17,29.03,35.59,1496.9,10/09/2022 12:40:00,,
10/9/2022,13:00,14.1,29.46,36.02,1497.21,10/09/2022 13:00:00,,
10/9/2022,13:20,14.14,29.76,36.36,1497.66,10/09/2022 13:20:00,,
10/9/2022,13:40,14.45,29.28,36.1,1498.11,10/09/2022 13:40:00,,
10/9/2022,14:00,14.69,29.52,36.58,1499.2,10/09/2022 14:00:00,,
10/9/2022,14:20,14.88,29.36,36.56,1499.61,10/09/2022 14:20:00,,
10/9/2022,14:40,15.06,28.81,36.09,1499.55,10/09/2022 14:40:00,,
10/9/2022,15:00,15.18,28.53,35.87,1499.6,10/09/2022 15:00:00,,
10/9/2022,15:20,15.28,28.31,35.69,1499.64,10/09/2022 15:20:00,,
10/9/2022,15:40,15.28,28.48,35.89,1499.85,10/09/2022 15:40:00,,
10/9/2022,16:00,15.31,27.91,35.27,1499.27,10/09/2022 16:00:00,,
10/9/2022,16:20,15.34,28.7,36.19,1500.3,10/09/2022 16:20:00,,
10/9/2022,16:40,15.37,28.07,35.5,1499.65,10/09/2022 16:40:00,,
10/9/2022,17:00,15.43,29.14,36.77,1501.12,10/09/2022 17:00:00,,
10/9/2022,17:20,15.46,28.66,36.25,1500.64,10/09/2022 17:20:00,,
10/9/2022,17:40,15.46,28.48,36.05,1500.44,10/09/2022 17:40:00,,
10/9/2022,18:00,15.49,29.05,36.72,1501.21,10/09/2022 18:00:00,,
10/9/2022,18:20,15.46,28.75,36.35,1500.75,10/09/2022 18:20:00,,
10/9/2022,18:40,15.46,28.59,36.17,1500.57,10/09/2022 18:40:00,,
10/9/2022,19:00,15.46,29.12,36.77,1501.19,10/09/2022 19:00:00,,
10/9/2022,19:20,15.43,29.25,36.89,1501.25,10/09/2022 19:20:00,,
10/9/2022,19:40,15.43,28.81,36.39,1500.73,10/09/2022 19:40:00,,
10/9/2022,20:00,15.43,28.29,35.8,1500.11,10/09/2022 20:00:00,,
10/9/2022,20:20,15.43,29.19,36.82,1501.17,10/09/2022 20:20:00,,
10/9/2022,20:40,15.43,29.21,36.84,1501.19,10/09/2022 20:40:00,,
10/9/2022,21:00,15.4,29.23,36.84,1501.12,10/09/2022 21:00:00,,
10/9/2022,21:20,15.4,29.65,37.32,1501.62,10/09/2022 21:20:00,,
10/9/2022,21:40,15.4,29.47,37.12,1501.41,10/09/2022 21:40:00,,
10/9/2022,22:00,15.4,29.12,36.72,1500.99,10/09/2022 22:00:00,,
10/9/2022,22:20,15.4,29.32,36.94,1501.23,10/09/2022 22:20:00,,
10/9/2022,22:40,15.31,29.43,36.99,1501.06,10/09/2022 22:40:00,,
10/9/2022,23:00,15.21,29.08,36.51,1500.35,10/09/2022 23:00:00,,
10/9/2022,23:20,15.09,29.05,36.39,1499.93,10/09/2022 23:20:00,,
10/9/2022,23:40,14.88,29.23,36.41,1499.45,10/09/2022 23:40:00,,
10/9/2022,0:00,14.69,29.52,36.58,1499.2,10/09/2022 0:00:00,,
10/10/2022,0:20,14.66,29.21,36.2,1498.73,10/10/2022 0:20:00,,
10/10/2022,0:40,14.63,29.32,36.3,1498.76,10/10/2022 0:40:00,,
10/10/2022,1:00,14.57,29.59,36.55,1498.88,10/10/2022 1:00:00,,
10/10/2022,1:20,14.54,29.59,36.52,1498.78,10/10/2022 1:20:00,,
10/10/2022,1:40,14.54,29.73,36.67,1498.94,10/10/2022 1:40:00,,
10/10/2022,2:00,14.54,29.28,36.17,1498.41,10/10/2022 2:00:00,,
10/10/2022,2:20,14.51,28.83,35.65,1497.77,10/10/2022 2:20:00,,
10/10/2022,2:40,14.45,29.28,36.1,1498.11,10/10/2022 2:40:00,,
10/10/2022,3:00,14.38,29.53,36.32,1498.2,10/10/2022 3:00:00,,
10/10/2022,3:20,14.35,29.77,36.57,1498.39,10/10/2022 3:20:00,,
10/10/2022,3:40,14.32,29.64,36.39,1498.13,10/10/2022 3:40:00,,
10/10/2022,4:00,14.29,29.42,36.12,1497.76,10/10/2022 4:00:00,,
10/10/2022,4:20,14.2,29.19,35.79,1497.19,10/10/2022 4:20:00,,
10/10/2022,4:40,14.14,29.37,35.94,1497.2,10/10/2022 4:40:00,,
10/10/2022,5:00,14.1,29.49,36.04,1497.24,10/10/2022 5:00:00,,
10/10/2022,5:20,14.14,29.58,36.17,1497.45,10/10/2022 5:20:00,,
10/10/2022,5:40,14.2,29.55,36.19,1497.62,10/10/2022 5:40:00,,
10/10/2022,6:00,14.26,29.39,36.07,1497.64,10/10/2022 6:00:00,,
10/10/2022,6:20,14.32,29.37,36.09,1497.81,10/10/2022 6:20:00,,
10/10/2022,6:40,14.45,29.3,36.12,1498.13,10/10/2022 6:40:00,,
10/10/2022,7:00,14.57,29.28,36.2,1498.51,10/10/2022 7:00:00,,
10/10/2022,7:20,14.63,29.5,36.5,1498.97,10/10/2022 7:20:00,,
10/10/2022,7:40,14.72,28.83,35.83,1498.48,10/10/2022 7:40:00,,
10/10/2022,8:00,14.78,28.74,35.78,1498.57,10/10/2022 8:00:00,,
10/10/2022,8:20,14.82,29.41,36.56,1499.47,10/10/2022 8:20:00,,
10/10/2022,8:40,14.82,29.5,36.65,1499.57,10/10/2022 8:40:00,,
10/10/2022,9:00,14.88,29.34,36.53,1499.58,10/10/2022 9:00:00,,
10/10/2022,9:20,14.91,28.66,35.78,1498.87,10/10/2022 9:20:00,,
10/10/2022,9:40,14.94,29.54,36.81,1500.02,10/10/2022 9:40:00,,
10/10/2022,10:00,14.97,29.1,36.33,1499.59,10/10/2022 10:00:00,,
10/10/2022,10:20,14.97,29.14,36.38,1499.64,10/10/2022 10:20:00,,
10/10/2022,10:40,14.97,28.28,35.41,1498.62,10/10/2022 10:40:00,,
10/10/2022,11:00,14.97,28.61,35.79,1499.01,10/10/2022 11:00:00,,
10/10/2022,11:20,14.97,29.25,36.51,1499.78,10/10/2022 11:20:00,,
10/10/2022,11:40,14.97,29.19,36.43,1499.7,10/10/2022 11:40:00,,
10/10/2022,12:00,14.91,29.59,36.83,1499.97,10/10/2022 12:00:00,,
10/10/2022,12:20,14.78,29.39,36.5,1499.34,10/10/2022 12:20:00,,
10/10/2022,12:40,14.54,29.59,36.52,1498.78,10/10/2022 12:40:00,,
10/10/2022,13:00,14.29,29.33,36.02,1497.66,10/10/2022 13:00:00,,
10/10/2022,13:20,14.14,29.26,35.82,1497.07,10/10/2022 13:20:00,,
10/10/2022,13:40,14.1,29.49,36.04,1497.24,10/10/2022 13:40:00,,
10/10/2022,14:00,14.14,29.44,36.02,1497.28,10/10/2022 14:00:00,,
10/10/2022,14:20,14.35,29.64,36.42,1498.23,10/10/2022 14:20:00,,
10/10/2022,14:40,14.6,29.55,36.53,1498.93,10/10/2022 14:40:00,,
10/10/2022,15:00,14.85,29.28,36.43,1499.41,10/10/2022 15:00:00,,
10/10/2022,15:20,15,29.01,36.26,1499.59,10/10/2022 15:20:00,,
10/10/2022,15:40,15.03,29.32,36.63,1500.05,10/10/2022 15:40:00,,
10/10/2022,16:00,15.03,28.79,36.04,1499.42,10/10/2022 16:00:00,,
10/10/2022,16:20,15.06,29.1,36.41,1499.89,10/10/2022 16:20:00,,
10/10/2022,16:40,15.03,29.19,36.49,1499.89,10/10/2022 16:40:00,,
10/10/2022,17:00,15,29.01,36.26,1499.59,10/10/2022 17:00:00,,
10/10/2022,17:20,15.03,29.12,36.41,1499.82,10/10/2022 17:20:00,,
10/10/2022,17:40,15.09,28.5,35.76,1499.28,10/10/2022 17:40:00,,
10/10/2022,18:00,15.09,28.74,36.04,1499.57,10/10/2022 18:00:00,,
10/10/2022,18:20,15.12,28.72,36.04,1499.64,10/10/2022 18:20:00,,
10/10/2022,18:40,15.12,28.5,35.79,1499.38,10/10/2022 18:40:00,,
10/10/2022,19:00,15.12,29.05,36.41,1500.03,10/10/2022 19:00:00,,
10/10/2022,19:20,15.12,28.63,35.94,1499.54,10/10/2022 19:20:00,,
10/10/2022,19:40,15.12,28.7,36.01,1499.61,10/10/2022 19:40:00,,
10/10/2022,20:00,15.12,28.5,35.79,1499.38,10/10/2022 20:00:00,,
10/10/2022,20:20,15.12,28.61,35.91,1499.51,10/10/2022 20:20:00,,
10/10/2022,20:40,15.12,28.55,35.84,1499.43,10/10/2022 20:40:00,,
10/10/2022,21:00,15.09,29.05,36.39,1499.93,10/10/2022 21:00:00,,
10/10/2022,21:20,15.06,29.03,36.34,1499.81,10/10/2022 21:20:00,,
10/10/2022,21:40,15.03,28.55,35.76,1499.13,10/10/2022 21:40:00,,
10/10/2022,22:00,15,29.01,36.26,1499.59,10/10/2022 22:00:00,,
10/10/2022,22:20,15,29.63,36.96,1500.32,10/10/2022 22:20:00,,
10/10/2022,22:40,14.94,28.9,36.08,1499.26,10/10/2022 22:40:00,,
10/10/2022,23:00,14.85,28.26,35.28,1498.19,10/10/2022 23:00:00,,
10/10/2022,23:20,14.75,28.94,35.98,1498.71,10/10/2022 23:20:00,,
10/10/2022,23:40,14.72,28.68,35.66,1498.29,10/10/2022 23:40:00,,
10/10/2022,0:00,14.69,29.68,36.75,1499.39,10/10/2022 0:00:00,,
10/11/2022,0:20,14.69,29.32,36.35,1498.96,10/11/2022 0:20:00,,
10/11/2022,0:40,14.6,29.41,36.38,1498.77,10/11/2022 0:40:00,,
10/11/2022,1:00,14.48,29.23,36.07,1498.15,10/11/2022 1:00:00,,
10/11/2022,1:20,14.29,29.06,35.72,1497.33,10/11/2022 1:20:00,,
10/11/2022,1:40,14.17,29.3,35.89,1497.22,10/11/2022 1:40:00,,
10/11/2022,2:00,14.07,29.26,35.77,1496.86,10/11/2022 2:00:00,,
10/11/2022,2:20,14.14,29.58,36.17,1497.45,10/11/2022 2:20:00,,
10/11/2022,2:40,14.2,29.53,36.17,1497.59,10/11/2022 2:40:00,,
10/11/2022,3:00,14.23,29.33,35.97,1497.45,10/11/2022 3:00:00,,
10/11/2022,3:20,14.26,29.57,36.27,1497.85,10/11/2022 3:20:00,,
10/11/2022,3:40,14.26,29.53,36.22,1497.8,10/11/2022 3:40:00,,
10/11/2022,4:00,14.23,29.24,35.87,1497.35,10/11/2022 4:00:00,,
10/11/2022,4:20,14.23,29.17,35.79,1497.26,10/11/2022 4:20:00,,
10/11/2022,4:40,14.23,29.35,35.99,1497.48,10/11/2022 4:40:00,,
10/11/2022,5:00,14.23,29.12,35.74,1497.21,10/11/2022 5:00:00,,
10/11/2022,5:20,14.2,29.19,35.79,1497.19,10/11/2022 5:20:00,,
10/11/2022,5:40,14.17,29.44,36.04,1497.39,10/11/2022 5:40:00,,
10/11/2022,6:00,14.14,29.12,35.67,1496.91,10/11/2022 6:00:00,,
10/11/2022,6:20,14.14,29.12,35.67,1496.91,10/11/2022 6:20:00,,
10/11/2022,6:40,14.1,28.94,35.44,1496.59,10/11/2022 6:40:00,,
10/11/2022,7:00,14.1,29.33,35.87,1497.05,10/11/2022 7:00:00,,
10/11/2022,7:20,14.1,29.4,35.94,1497.13,10/11/2022 7:20:00,,
10/11/2022,7:40,14.14,29.17,35.72,1496.96,10/11/2022 7:40:00,,
10/11/2022,8:00,14.17,28.88,35.42,1496.71,10/11/2022 8:00:00,,
10/11/2022,8:20,14.23,29.06,35.67,1497.13,10/11/2022 8:20:00,,
10/11/2022,8:40,14.29,29.12,35.8,1497.41,10/11/2022 8:40:00,,
10/11/2022,9:00,14.32,29.01,35.7,1497.38,10/11/2022 9:00:00,,
10/11/2022,9:20,14.35,29.3,36.05,1497.83,10/11/2022 9:20:00,,
10/11/2022,9:40,14.35,29.19,35.92,1497.7,10/11/2022 9:40:00,,
10/11/2022,10:00,14.38,29.1,35.85,1497.69,10/11/2022 10:00:00,,
10/11/2022,10:20,14.45,29.17,35.97,1497.97,10/11/2022 10:20:00,,
10/11/2022,10:40,14.45,29.23,36.05,1498.05,10/11/2022 10:40:00,,
10/11/2022,11:00,14.45,29.21,36.02,1498.03,10/11/2022 11:00:00,,
10/11/2022,11:20,14.38,29.23,36,1497.85,10/11/2022 11:20:00,,
10/11/2022,11:40,14.35,28.81,35.5,1497.24,10/11/2022 11:40:00,,
10/11/2022,12:00,14.32,28.99,35.67,1497.35,10/11/2022 12:00:00,,
10/11/2022,12:20,14.32,29.35,36.07,1497.78,10/11/2022 12:20:00,,
10/11/2022,12:40,14.41,29.37,36.17,1498.11,10/11/2022 12:40:00,,
10/11/2022,13:00,14.38,29.14,35.9,1497.74,10/11/2022 13:00:00,,
10/11/2022,13:20,14.35,29.12,35.85,1497.62,10/11/2022 13:20:00,,
10/11/2022,13:40,14.51,29.14,36,1498.15,10/11/2022 13:40:00,,
10/11/2022,14:00,14.69,29.3,36.33,1498.94,10/11/2022 14:00:00,,
10/11/2022,14:20,14.82,29.34,36.48,1499.39,10/11/2022 14:20:00,,
10/11/2022,14:40,14.91,29.28,36.48,1499.6,10/11/2022 14:40:00,,
10/11/2022,15:00,15.03,29.01,36.29,1499.68,10/11/2022 15:00:00,,
10/11/2022,15:20,15.15,29.3,36.71,1500.42,10/11/2022 15:20:00,,
10/11/2022,15:40,15.21,28.7,36.09,1499.91,10/11/2022 15:40:00,,
10/11/2022,16:00,15.25,28.42,35.79,1499.67,10/11/2022 16:00:00,,
10/11/2022,16:20,15.25,28.2,35.54,1499.41,10/11/2022 16:20:00,,
10/11/2022,16:40,15.21,27.14,34.32,1498.07,10/11/2022 16:40:00,,
10/11/2022,17:00,15.21,28.22,35.54,1499.34,10/11/2022 17:00:00,,
10/11/2022,17:20,15.15,28.52,35.84,1499.51,10/11/2022 17:20:00,,
10/11/2022,17:40,15.09,29.03,36.36,1499.91,10/11/2022 17:40:00,,
10/11/2022,18:00,15.03,28.72,35.96,1499.34,10/11/2022 18:00:00,,
10/11/2022,18:20,15,28.68,35.89,1499.19,10/11/2022 18:20:00,,
10/11/2022,18:40,14.97,29.05,36.28,1499.54,10/11/2022 18:40:00,,
10/11/2022,19:00,14.94,28.63,35.79,1498.94,10/11/2022 19:00:00,,
10/11/2022,19:20,14.94,29.16,36.38,1499.57,10/11/2022 19:20:00,,
10/11/2022,19:40,14.94,28.94,36.13,1499.31,10/11/2022 19:40:00,,
10/11/2022,20:00,14.94,28.83,36.01,1499.18,10/11/2022 20:00:00,,
10/11/2022,20:20,14.94,28.83,36.01,1499.18,10/11/2022 20:20:00,,
10/11/2022,20:40,14.97,28.72,35.91,1499.15,10/11/2022 20:40:00,,
10/11/2022,21:00,14.97,28.43,35.59,1498.8,10/11/2022 21:00:00,,
10/11/2022,21:20,15,28.52,35.71,1499.01,10/11/2022 21:20:00,,
10/11/2022,21:40,15,28.68,35.89,1499.19,10/11/2022 21:40:00,,
10/11/2022,22:00,15,28.83,36.06,1499.38,10/11/2022 22:00:00,,
10/11/2022,22:20,15,28.28,35.44,1498.72,10/11/2022 22:20:00,,
10/11/2022,22:40,15,28.43,35.61,1498.9,10/11/2022 22:40:00,,
10/11/2022,23:00,15,28.32,35.49,1498.77,10/11/2022 23:00:00,,
10/11/2022,23:20,15,28.41,35.59,1498.88,10/11/2022 23:20:00,,
10/11/2022,23:40,14.97,28.41,35.56,1498.78,10/11/2022 23:40:00,,
10/11/2022,0:00,14.97,28.46,35.61,1498.83,10/11/2022 0:00:00,,
10/12/2022,0:20,14.94,28.61,35.76,1498.91,10/12/2022 0:20:00,,
10/12/2022,0:40,14.94,28.63,35.79,1498.94,10/12/2022 0:40:00,,
10/12/2022,1:00,14.91,28.52,35.64,1498.71,10/12/2022 1:00:00,,
10/12/2022,1:20,14.88,28.85,35.98,1499,10/12/2022 1:20:00,,
10/12/2022,1:40,14.85,28.59,35.66,1498.59,10/12/2022 1:40:00,,
10/12/2022,2:00,14.85,28.61,35.68,1498.62,10/12/2022 2:00:00,,
10/12/2022,2:20,14.82,28.63,35.68,1498.54,10/12/2022 2:20:00,,
10/12/2022,2:40,14.82,28.68,35.73,1498.59,10/12/2022 2:40:00,,
10/12/2022,3:00,14.82,29.17,36.28,1499.17,10/12/2022 3:00:00,,
10/12/2022,3:20,14.82,29.23,36.36,1499.25,10/12/2022 3:20:00,,
10/12/2022,3:40,14.78,29.08,36.16,1498.97,10/12/2022 3:40:00,,
10/12/2022,4:00,14.78,28.92,35.98,1498.78,10/12/2022 4:00:00,,
10/12/2022,4:20,14.78,29.03,36.11,1498.92,10/12/2022 4:20:00,,
10/12/2022,4:40,14.78,28.83,35.88,1498.68,10/12/2022 4:40:00,,
10/12/2022,5:00,14.78,28.99,36.06,1498.86,10/12/2022 5:00:00,,
10/12/2022,5:20,14.78,28.94,36.01,1498.81,10/12/2022 5:20:00,,
10/12/2022,5:40,14.78,28.81,35.86,1498.65,10/12/2022 5:40:00,,
10/12/2022,6:00,14.78,28.65,35.68,1498.47,10/12/2022 6:00:00,,
10/12/2022,6:20,14.78,29.17,36.26,1499.08,10/12/2022 6:20:00,,
10/12/2022,6:40,14.78,28.92,35.98,1498.78,10/12/2022 6:40:00,,
10/12/2022,7:00,14.78,29.01,36.08,1498.89,10/12/2022 7:00:00,,
10/12/2022,7:20,14.78,28.88,35.93,1498.73,10/12/2022 7:20:00,,
10/12/2022,7:40,14.78,28.54,35.56,1498.34,10/12/2022 7:40:00,,
10/12/2022,8:00,14.78,29.03,36.11,1498.92,10/12/2022 8:00:00,,
10/12/2022,8:20,14.78,28.7,35.73,1498.52,10/12/2022 8:20:00,,
10/12/2022,8:40,14.82,28.81,35.88,1498.75,10/12/2022 8:40:00,,
10/12/2022,9:00,14.82,29.41,36.56,1499.47,10/12/2022 9:00:00,,
10/12/2022,9:20,14.82,28.92,36.01,1498.88,10/12/2022 9:20:00,,
10/12/2022,9:40,14.85,28.88,35.98,1498.93,10/12/2022 9:40:00,,
10/12/2022,10:00,14.85,28.68,35.76,1498.69,10/12/2022 10:00:00,,
10/12/2022,10:20,14.85,28.52,35.58,1498.51,10/12/2022 10:20:00,,
10/12/2022,10:40,14.88,28.72,35.83,1498.85,10/12/2022 10:40:00,,
10/12/2022,11:00,14.88,28.99,36.13,1499.16,10/12/2022 11:00:00,,
10/12/2022,11:20,14.91,29.1,36.28,1499.39,10/12/2022 11:20:00,,
10/12/2022,11:40,14.94,28.79,35.96,1499.12,10/12/2022 11:40:00,,
10/12/2022,12:00,14.97,28.85,36.06,1499.3,10/12/2022 12:00:00,,
10/12/2022,12:20,14.97,28.63,35.81,1499.04,10/12/2022 12:20:00,,
10/12/2022,12:40,15,29.08,36.34,1499.66,10/12/2022 12:40:00,,
10/12/2022,13:00,15.06,29.08,36.39,1499.86,10/12/2022 13:00:00,,
10/12/2022,13:20,15.09,29.3,36.66,1500.22,10/12/2022 13:20:00,,
10/12/2022,13:40,15.15,28.63,35.96,1499.64,10/12/2022 13:40:00,,
10/12/2022,14:00,15.21,28.9,36.32,1500.15,10/12/2022 14:00:00,,
10/12/2022,14:20,15.28,28.33,35.72,1499.67,10/12/2022 14:20:00,,
10/12/2022,14:40,15.37,28.64,36.14,1500.32,10/12/2022 14:40:00,,
10/12/2022,15:00,15.46,28.4,35.95,1500.33,10/12/2022 15:00:00,,
10/12/2022,15:20,15.55,29.01,36.72,1501.35,10/12/2022 15:20:00,,
10/12/2022,15:40,15.61,28.94,36.7,1501.47,10/12/2022 15:40:00,,
10/12/2022,16:00,15.61,28.2,35.85,1500.59,10/12/2022 16:00:00,,
10/12/2022,16:20,15.61,28.29,35.95,1500.69,10/12/2022 16:20:00,,
10/12/2022,16:40,15.58,28.12,35.73,1500.39,10/12/2022 16:40:00,,
10/12/2022,17:00,15.58,27.51,35.03,1499.67,10/12/2022 17:00:00,,
10/12/2022,17:20,15.55,27.77,35.3,1499.88,10/12/2022 17:20:00,,
10/12/2022,17:40,15.52,27.59,35.08,1499.58,10/12/2022 17:40:00,,
10/12/2022,18:00,15.49,27.24,34.65,1499.07,10/12/2022 18:00:00,,
10/12/2022,18:20,15.46,27.42,34.82,1499.17,10/12/2022 18:20:00,,
10/12/2022,18:40,15.43,27.94,35.4,1499.69,10/12/2022 18:40:00,,
10/12/2022,19:00,15.43,27.55,34.95,1499.23,10/12/2022 19:00:00,,
10/12/2022,19:20,15.4,27.63,35.02,1499.23,10/12/2022 19:20:00,,
10/12/2022,19:40,15.43,27.61,35.02,1499.31,10/12/2022 19:40:00,,
10/12/2022,20:00,15.4,27.96,35.4,1499.62,10/12/2022 20:00:00,,
10/12/2022,20:20,15.4,27.87,35.3,1499.52,10/12/2022 20:20:00,,
10/12/2022,20:40,15.4,27.89,35.32,1499.54,10/12/2022 20:40:00,,
10/12/2022,21:00,15.4,27.54,34.92,1499.13,10/12/2022 21:00:00,,
10/12/2022,21:20,15.4,27.3,34.65,1498.85,10/12/2022 21:20:00,,
10/12/2022,21:40,15.4,28,35.45,1499.67,10/12/2022 21:40:00,,
10/12/2022,22:00,15.4,28.09,35.55,1499.78,10/12/2022 22:00:00,,
10/12/2022,22:20,15.4,28,35.45,1499.67,10/12/2022 22:20:00,,
10/12/2022,22:40,15.4,27.81,35.22,1499.44,10/12/2022 22:40:00,,
10/12/2022,23:00,15.4,28.18,35.65,1499.88,10/12/2022 23:00:00,,
10/12/2022,23:20,15.37,28.16,35.6,1499.76,10/12/2022 23:20:00,,
10/12/2022,23:40,15.37,27.78,35.17,1499.32,10/12/2022 23:40:00,,
10/12/2022,0:00,15.37,28.29,35.75,1499.91,10/12/2022 0:00:00,,
10/13/2022,0:20,15.37,28.33,35.8,1499.96,10/13/2022 0:20:00,,
10/13/2022,0:40,15.34,28.7,36.19,1500.3,10/13/2022 0:40:00,,
10/13/2022,1:00,15.34,28.55,36.02,1500.12,10/13/2022 1:00:00,,
10/13/2022,1:20,15.31,28.37,35.79,1499.82,10/13/2022 1:20:00,,
10/13/2022,1:40,15.31,28.7,36.17,1500.21,10/13/2022 1:40:00,,
10/13/2022,2:00,15.28,28.64,36.07,1500.03,10/13/2022 2:00:00,,
10/13/2022,2:20,15.18,28.61,35.97,1499.71,10/13/2022 2:20:00,,
10/13/2022,2:40,15.12,28.72,36.04,1499.64,10/13/2022 2:40:00,,
10/13/2022,3:00,15.06,28.52,35.76,1499.21,10/13/2022 3:00:00,,
10/13/2022,3:20,15.03,28.35,35.54,1498.9,10/13/2022 3:20:00,,
10/13/2022,3:40,15,28.3,35.46,1498.75,10/13/2022 3:40:00,,
10/13/2022,4:00,15,27.99,35.11,1498.38,10/13/2022 4:00:00,,
10/13/2022,4:20,15,28.97,36.21,1499.53,10/13/2022 4:20:00,,
10/13/2022,4:40,15,28.81,36.04,1499.35,10/13/2022 4:40:00,,
10/13/2022,5:00,14.97,28.66,35.84,1499.07,10/13/2022 5:00:00,,
10/13/2022,5:20,14.97,28.85,36.06,1499.3,10/13/2022 5:20:00,,
10/13/2022,5:40,14.97,27.99,35.09,1498.28,10/13/2022 5:40:00,,
10/13/2022,6:00,14.94,28.28,35.39,1498.52,10/13/2022 6:00:00,,
10/13/2022,6:20,14.94,26.94,33.87,1496.93,10/13/2022 6:20:00,,
10/13/2022,6:40,14.91,28.21,35.29,1498.34,10/13/2022 6:40:00,,
10/13/2022,7:00,14.91,28.59,35.71,1498.79,10/13/2022 7:00:00,,
10/13/2022,7:20,14.88,28.34,35.41,1498.4,10/13/2022 7:20:00,,
10/13/2022,7:40,14.88,26.8,33.66,1496.57,10/13/2022 7:40:00,,
10/13/2022,8:00,14.88,26.87,33.74,1496.64,10/13/2022 8:00:00,,
10/13/2022,8:20,14.91,27.29,34.24,1497.24,10/13/2022 8:20:00,,
10/13/2022,8:40,14.91,27.46,34.44,1497.45,10/13/2022 8:40:00,,
10/13/2022,9:00,14.94,27.57,34.59,1497.68,10/13/2022 9:00:00,,
10/13/2022,9:20,14.97,27.46,34.49,1497.65,10/13/2022 9:20:00,,
10/13/2022,9:40,14.97,27.24,34.24,1497.39,10/13/2022 9:40:00,,
10/13/2022,10:00,15.03,27.12,34.14,1497.44,10/13/2022 10:00:00,,
10/13/2022,10:20,15.03,27.25,34.29,1497.59,10/13/2022 10:20:00,,
10/13/2022,10:40,15.06,27.89,35.04,1498.45,10/13/2022 10:40:00,,
10/13/2022,11:00,15.06,27.91,35.07,1498.48,10/13/2022 11:00:00,,
10/13/2022,11:20,15.06,28.15,35.34,1498.76,10/13/2022 11:20:00,,
10/13/2022,11:40,15.09,28.66,35.94,1499.46,10/13/2022 11:40:00,,
10/13/2022,12:00,15.09,28.85,36.16,1499.7,10/13/2022 12:00:00,,
10/13/2022,12:20,15.06,27.51,34.62,1498.01,10/13/2022 12:20:00,,
10/13/2022,12:40,15.06,28.24,35.44,1498.87,10/13/2022 12:40:00,,
10/13/2022,13:00,15.06,27.71,34.84,1498.24,10/13/2022 13:00:00,,
10/13/2022,13:20,15.09,28.17,35.39,1498.89,10/13/2022 13:20:00,,
10/13/2022,13:40,15.09,28.35,35.59,1499.1,10/13/2022 13:40:00,,
10/13/2022,14:00,15.15,28.63,35.96,1499.64,10/13/2022 14:00:00,,
10/13/2022,14:20,15.15,28.35,35.64,1499.3,10/13/2022 14:20:00,,
10/13/2022,14:40,15.18,28.5,35.84,1499.58,10/13/2022 14:40:00,,
10/13/2022,15:00,15.18,28.57,35.92,1499.66,10/13/2022 15:00:00,,
10/13/2022,15:20,15.21,27.6,34.84,1498.61,10/13/2022 15:20:00,,
10/13/2022,15:40,15.21,27.76,35.02,1498.79,10/13/2022 15:40:00,,
10/13/2022,16:00,15.21,27.3,34.5,1498.25,10/13/2022 16:00:00,,
10/13/2022,16:20,15.21,27.65,34.89,1498.66,10/13/2022 16:20:00,,
10/13/2022,16:40,15.21,27.06,34.22,1497.96,10/13/2022 16:40:00,,
10/13/2022,17:00,15.18,27.36,34.54,1498.23,10/13/2022 17:00:00,,
10/13/2022,17:20,15.18,27.03,34.17,1497.84,10/13/2022 17:20:00,,
10/13/2022,17:40,15.15,27.82,35.04,1498.67,10/13/2022 17:40:00,,
10/13/2022,18:00,15.12,27.32,34.44,1497.97,10/13/2022 18:00:00,,
10/13/2022,18:20,15.09,28,35.19,1498.68,10/13/2022 18:20:00,,
10/13/2022,18:40,15.06,28.41,35.64,1499.08,10/13/2022 18:40:00,,
10/13/2022,19:00,15.06,27.58,34.69,1498.09,10/13/2022 19:00:00,,
10/13/2022,19:20,15.06,28.46,35.69,1499.13,10/13/2022 19:20:00,,
10/13/2022,19:40,15.03,28.41,35.61,1498.98,10/13/2022 19:40:00,,
10/13/2022,20:00,15.03,28.26,35.44,1498.79,10/13/2022 20:00:00,,
10/13/2022,20:20,15.03,28.44,35.64,1499,10/13/2022 20:20:00,,
10/13/2022,20:40,15.03,28.41,35.61,1498.98,10/13/2022 20:40:00,,
10/13/2022,21:00,15.06,28.02,35.19,1498.61,10/13/2022 21:00:00,,
10/13/2022,21:20,15.06,27.49,34.59,1497.98,10/13/2022 21:20:00,,
10/13/2022,21:40,15.03,26.98,33.99,1497.28,10/13/2022 21:40:00,,
10/13/2022,22:00,15.03,27.47,34.54,1497.85,10/13/2022 22:00:00,,
10/13/2022,22:20,15,28.3,35.46,1498.75,10/13/2022 22:20:00,,
10/13/2022,22:40,15,28.19,35.34,1498.62,10/13/2022 22:40:00,,
10/13/2022,23:00,15,27.42,34.47,1497.7,10/13/2022 23:00:00,,
10/13/2022,23:20,15,27.86,34.96,1498.22,10/13/2022 23:20:00,,
10/13/2022,23:40,14.97,28.57,35.74,1498.96,10/13/2022 23:40:00,,
10/13/2022,0:00,14.97,27.73,34.79,1497.97,10/13/2022 0:00:00,,
10/14/2022,0:20,14.97,27.75,34.81,1497.99,10/14/2022 0:20:00,,
10/14/2022,0:40,14.94,27.99,35.06,1498.18,10/14/2022 0:40:00,,
10/14/2022,1:00,14.94,28.26,35.36,1498.49,10/14/2022 1:00:00,,
10/14/2022,1:20,14.94,28.52,35.66,1498.81,10/14/2022 1:20:00,,
10/14/2022,1:40,14.94,28.59,35.74,1498.89,10/14/2022 1:40:00,,
10/14/2022,2:00,14.94,28.61,35.76,1498.91,10/14/2022 2:00:00,,
10/14/2022,2:20,14.91,28.63,35.76,1498.84,10/14/2022 2:20:00,,
10/14/2022,2:40,14.82,28.88,35.96,1498.83,10/14/2022 2:40:00,,
10/14/2022,3:00,14.72,28.63,35.61,1498.24,10/14/2022 3:00:00,,
10/14/2022,3:20,14.48,28.09,34.8,1496.8,10/14/2022 3:20:00,,
10/14/2022,3:40,14.32,28.99,35.67,1497.35,10/14/2022 3:40:00,,
10/14/2022,4:00,14.23,29.06,35.67,1497.13,10/14/2022 4:00:00,,
10/14/2022,4:20,14.2,28.88,35.44,1496.81,10/14/2022 4:20:00,,
10/14/2022,4:40,14.2,29.03,35.62,1497,10/14/2022 4:40:00,,
10/14/2022,5:00,14.2,28.63,35.17,1496.52,10/14/2022 5:00:00,,
10/14/2022,5:20,14.26,29.01,35.65,1497.18,10/14/2022 5:20:00,,
10/14/2022,5:40,14.35,28.92,35.62,1497.38,10/14/2022 5:40:00,,
10/14/2022,6:00,14.38,29.01,35.75,1497.58,10/14/2022 6:00:00,,
10/14/2022,6:20,14.38,28.23,34.88,1496.65,10/14/2022 6:20:00,,
10/14/2022,6:40,14.38,27.69,34.28,1496.01,10/14/2022 6:40:00,,
10/14/2022,7:00,14.35,27.98,34.58,1496.25,10/14/2022 7:00:00,,
10/14/2022,7:20,14.32,27.76,34.3,1495.88,10/14/2022 7:20:00,,
10/14/2022,7:40,14.29,27.64,34.15,1495.65,10/14/2022 7:40:00,,
10/14/2022,8:00,14.26,27.6,34.07,1495.49,10/14/2022 8:00:00,,
10/14/2022,8:20,14.26,27.96,34.47,1495.92,10/14/2022 8:20:00,,
10/14/2022,8:40,14.23,27.93,34.42,1495.79,10/14/2022 8:40:00,,
10/14/2022,9:00,14.26,28.63,35.22,1496.72,10/14/2022 9:00:00,,
10/14/2022,9:20,14.29,28.14,34.7,1496.24,10/14/2022 9:20:00,,
10/14/2022,9:40,14.38,28.65,35.35,1497.16,10/14/2022 9:40:00,,
10/14/2022,10:00,14.48,28.12,34.83,1496.82,10/14/2022 10:00:00,,
10/14/2022,10:20,14.57,28.41,35.23,1497.47,10/14/2022 10:20:00,,
10/14/2022,10:40,14.63,27.08,33.78,1496.09,10/14/2022 10:40:00,,
10/14/2022,11:00,14.66,27.39,34.16,1496.56,10/14/2022 11:00:00,,
10/14/2022,11:20,14.66,28.43,35.33,1497.8,10/14/2022 11:20:00,,
10/14/2022,11:40,14.66,28.25,35.13,1497.59,10/14/2022 11:40:00,,
10/14/2022,12:00,14.63,28.27,35.13,1497.52,10/14/2022 12:00:00,,
10/14/2022,12:20,14.63,27.72,34.51,1496.85,10/14/2022 12:20:00,,
10/14/2022,12:40,14.6,27.45,34.18,1496.44,10/14/2022 12:40:00,,
10/14/2022,13:00,14.6,28.07,34.88,1497.18,10/14/2022 13:00:00,,
10/14/2022,13:20,14.57,27.25,33.93,1496.1,10/14/2022 13:20:00,,
10/14/2022,13:40,14.54,28.32,35.1,1497.26,10/14/2022 13:40:00,,
10/14/2022,14:00,14.48,27.27,33.88,1495.81,10/14/2022 14:00:00,,
10/14/2022,14:20,14.41,27.78,34.4,1496.22,10/14/2022 14:20:00,,
10/14/2022,14:40,14.38,28.09,34.73,1496.49,10/14/2022 14:40:00,,
10/14/2022,15:00,14.35,28.16,34.77,1496.47,10/14/2022 15:00:00,,
10/14/2022,15:20,14.38,28.74,35.45,1497.26,10/14/2022 15:20:00,,
10/14/2022,15:40,14.45,28.05,34.73,1496.64,10/14/2022 15:40:00,,
10/14/2022,16:00,14.51,27.38,34.03,1496.05,10/14/2022 16:00:00,,
10/14/2022,16:20,14.54,27.03,33.66,1495.73,10/14/2022 16:20:00,,
10/14/2022,16:40,14.6,27.27,33.98,1496.22,10/14/2022 16:40:00,,
10/14/2022,17:00,14.72,27.85,34.73,1497.32,10/14/2022 17:00:00,,
10/14/2022,17:20,14.85,28.43,35.48,1498.4,10/14/2022 17:20:00,,
10/14/2022,17:40,14.91,28.15,35.21,1498.26,10/14/2022 17:40:00,,
10/14/2022,18:00,14.94,27.9,34.96,1498.08,10/14/2022 18:00:00,,
10/14/2022,18:20,14.94,27.99,35.06,1498.18,10/14/2022 18:20:00,,
10/14/2022,18:40,14.94,27.57,34.59,1497.68,10/14/2022 18:40:00,,
10/14/2022,19:00,14.91,27.59,34.59,1497.61,10/14/2022 19:00:00,,
10/14/2022,19:20,14.88,27.84,34.84,1497.8,10/14/2022 19:20:00,,
10/14/2022,19:40,14.85,27.86,34.84,1497.72,10/14/2022 19:40:00,,
10/14/2022,20:00,14.85,27.06,33.94,1496.78,10/14/2022 20:00:00,,
10/14/2022,20:20,14.85,27.9,34.89,1497.77,10/14/2022 20:20:00,,
10/14/2022,20:40,14.85,27.79,34.76,1497.64,10/14/2022 20:40:00,,
10/14/2022,21:00,14.85,27.48,34.41,1497.28,10/14/2022 21:00:00,,
10/14/2022,21:20,14.88,27.51,34.46,1497.4,10/14/2022 21:20:00,,
10/14/2022,21:40,14.88,27.51,34.46,1497.4,10/14/2022 21:40:00,,
10/14/2022,22:00,14.88,27.55,34.51,1497.46,10/14/2022 22:00:00,,
10/14/2022,22:20,14.88,27.48,34.44,1497.38,10/14/2022 22:20:00,,
10/14/2022,22:40,14.88,28.15,35.19,1498.16,10/14/2022 22:40:00,,
10/14/2022,23:00,14.91,28.63,35.76,1498.84,10/14/2022 23:00:00,,
10/14/2022,23:20,14.91,28.57,35.68,1498.76,10/14/2022 23:20:00,,
10/14/2022,23:40,14.88,28.68,35.78,1498.79,10/14/2022 23:40:00,,
10/14/2022,0:00,14.88,28.48,35.56,1498.56,10/14/2022 0:00:00,,
10/15/2022,0:20,14.88,28.72,35.83,1498.85,10/15/2022 0:20:00,,
10/15/2022,0:40,14.88,27.88,34.89,1497.85,10/15/2022 0:40:00,,
10/15/2022,1:00,14.88,28.59,35.68,1498.69,10/15/2022 1:00:00,,
10/15/2022,1:20,14.88,28.41,35.48,1498.48,10/15/2022 1:20:00,,
10/15/2022,1:40,14.85,27.33,34.24,1497.09,10/15/2022 1:40:00,,
10/15/2022,2:00,14.82,28.59,35.63,1498.49,10/15/2022 2:00:00,,
10/15/2022,2:20,14.75,27.39,34.24,1496.87,10/15/2022 2:20:00,,
10/15/2022,2:40,14.69,28.45,35.38,1497.93,10/15/2022 2:40:00,,
10/15/2022,3:00,14.6,28.47,35.33,1497.65,10/15/2022 3:00:00,,
10/15/2022,3:20,14.48,28.41,35.15,1497.17,10/15/2022 3:20:00,,
10/15/2022,3:40,14.32,28.4,35.02,1496.66,10/15/2022 3:40:00,,
10/15/2022,4:00,14.2,28.79,35.34,1496.71,10/15/2022 4:00:00,,
10/15/2022,4:20,14.07,28.36,34.77,1495.78,10/15/2022 4:20:00,,
10/15/2022,4:40,13.92,28.85,35.19,1495.86,10/15/2022 4:40:00,,
10/15/2022,5:00,13.82,28.4,34.61,1495.01,10/15/2022 5:00:00,,
10/15/2022,5:20,13.73,28.33,34.46,1494.61,10/15/2022 5:20:00,,
10/15/2022,5:40,13.7,28.76,34.91,1495.03,10/15/2022 5:40:00,,
10/15/2022,6:00,13.67,28.99,35.13,1495.2,10/15/2022 6:00:00,,
10/15/2022,6:20,13.7,28.69,34.83,1494.95,10/15/2022 6:20:00,,
10/15/2022,6:40,13.76,28.83,35.04,1495.32,10/15/2022 6:40:00,,
10/15/2022,7:00,13.79,28.9,35.14,1495.5,10/15/2022 7:00:00,,
10/15/2022,7:20,13.86,28.13,34.34,1494.79,10/15/2022 7:20:00,,
10/15/2022,7:40,13.95,28.63,34.97,1495.69,10/15/2022 7:40:00,,
10/15/2022,8:00,14.01,28.9,35.32,1496.23,10/15/2022 8:00:00,,
10/15/2022,8:20,14.04,28.06,34.42,1495.33,10/15/2022 8:20:00,,
10/15/2022,8:40,14.1,27.53,33.87,1494.89,10/15/2022 8:40:00,,
10/15/2022,9:00,14.17,27.68,34.1,1495.29,10/15/2022 9:00:00,,
10/15/2022,9:20,14.23,27.71,34.17,1495.52,10/15/2022 9:20:00,,
10/15/2022,9:40,14.26,27.53,34,1495.41,10/15/2022 9:40:00,,
10/15/2022,10:00,14.29,28,34.55,1496.07,10/15/2022 10:00:00,,
10/15/2022,10:20,14.32,27.73,34.28,1495.86,10/15/2022 10:20:00,,
10/15/2022,10:40,14.35,28.18,34.8,1496.49,10/15/2022 10:40:00,,
10/15/2022,11:00,14.38,26.98,33.48,1495.16,10/15/2022 11:00:00,,
10/15/2022,11:20,14.45,27.71,34.35,1496.24,10/15/2022 11:20:00,,
10/15/2022,11:40,14.48,27.92,34.6,1496.58,10/15/2022 11:40:00,,
10/15/2022,12:00,14.51,27.94,34.65,1496.71,10/15/2022 12:00:00,,
10/15/2022,12:20,14.54,27.74,34.45,1496.57,10/15/2022 12:20:00,,
10/15/2022,12:40,14.57,26.76,33.38,1495.51,10/15/2022 12:40:00,,
10/15/2022,13:00,14.63,28.25,35.11,1497.49,10/15/2022 13:00:00,,
10/15/2022,13:20,14.63,27.81,34.61,1496.96,10/15/2022 13:20:00,,
10/15/2022,13:40,14.63,27.83,34.63,1496.99,10/15/2022 13:40:00,,
10/15/2022,14:00,14.66,27.41,34.18,1496.59,10/15/2022 14:00:00,,
10/15/2022,14:20,14.66,27.59,34.38,1496.8,10/15/2022 14:20:00,,
10/15/2022,14:40,14.69,27.28,34.06,1496.53,10/15/2022 14:40:00,,
10/15/2022,15:00,14.69,27.61,34.43,1496.93,10/15/2022 15:00:00,,
10/15/2022,15:20,14.72,27.66,34.51,1497.08,10/15/2022 15:20:00,,
10/15/2022,15:40,14.72,27.3,34.11,1496.66,10/15/2022 15:40:00,,
10/15/2022,16:00,14.75,27.7,34.58,1497.23,10/15/2022 16:00:00,,
10/15/2022,16:20,14.75,27.59,34.46,1497.1,10/15/2022 16:20:00,,
10/15/2022,16:40,14.75,27.46,34.31,1496.94,10/15/2022 16:40:00,,
10/15/2022,17:00,14.78,27.7,34.61,1497.34,10/15/2022 17:00:00,,
10/15/2022,17:20,14.78,27.61,34.51,1497.23,10/15/2022 17:20:00,,
10/15/2022,17:40,14.78,27.94,34.88,1497.62,10/15/2022 17:40:00,,
10/15/2022,18:00,14.75,27.99,34.91,1497.58,10/15/2022 18:00:00,,
10/15/2022,18:20,14.75,27.74,34.63,1497.29,10/15/2022 18:20:00,,
10/15/2022,18:40,14.75,27.15,33.96,1496.58,10/15/2022 18:40:00,,
10/15/2022,19:00,14.75,28.3,35.26,1497.95,10/15/2022 19:00:00,,
10/15/2022,19:20,14.75,28.08,35.01,1497.68,10/15/2022 19:20:00,,
10/15/2022,19:40,14.78,27.48,34.36,1497.07,10/15/2022 19:40:00,,
10/15/2022,20:00,14.78,28.06,35.01,1497.76,10/15/2022 20:00:00,,
10/15/2022,20:20,14.78,28.17,35.13,1497.89,10/15/2022 20:20:00,,
10/15/2022,20:40,14.78,28.48,35.48,1498.26,10/15/2022 20:40:00,,
10/15/2022,21:00,14.78,28.39,35.38,1498.15,10/15/2022 21:00:00,,
10/15/2022,21:20,14.78,27.79,34.71,1497.44,10/15/2022 21:20:00,,
10/15/2022,21:40,14.78,28.19,35.16,1497.91,10/15/2022 21:40:00,,
10/15/2022,22:00,14.78,28.59,35.61,1498.39,10/15/2022 22:00:00,,
10/15/2022,22:20,14.78,28.14,35.11,1497.86,10/15/2022 22:20:00,,
10/15/2022,22:40,14.78,27.9,34.83,1497.57,10/15/2022 22:40:00,,
10/15/2022,23:00,14.78,27.57,34.46,1497.18,10/15/2022 23:00:00,,
10/15/2022,23:20,14.78,27.72,34.64,1497.36,10/15/2022 23:20:00,,
10/15/2022,23:40,14.78,27.99,34.93,1497.68,10/15/2022 23:40:00,,
10/15/2022,0:00,14.78,28.19,35.16,1497.91,10/15/2022 0:00:00,,
10/16/2022,0:20,14.78,28.59,35.61,1498.39,10/16/2022 0:20:00,,
10/16/2022,0:40,14.78,28.17,35.13,1497.89,10/16/2022 0:40:00,,
10/16/2022,1:00,14.78,28.32,35.31,1498.07,10/16/2022 1:00:00,,
10/16/2022,1:20,14.78,27.75,34.66,1497.39,10/16/2022 1:20:00,,
10/16/2022,1:40,14.78,28.03,34.98,1497.73,10/16/2022 1:40:00,,
10/16/2022,2:00,14.78,27.61,34.51,1497.23,10/16/2022 2:00:00,,
10/16/2022,2:20,14.75,27.48,34.34,1496.97,10/16/2022 2:20:00,,
10/16/2022,2:40,14.75,27.55,34.41,1497.05,10/16/2022 2:40:00,,
10/16/2022,3:00,14.72,27.61,34.46,1497.03,10/16/2022 3:00:00,,
10/16/2022,3:20,14.69,27.72,34.56,1497.06,10/16/2022 3:20:00,,
10/16/2022,3:40,14.69,27.72,34.56,1497.06,10/16/2022 3:40:00,,
10/16/2022,4:00,14.69,27.9,34.76,1497.27,10/16/2022 4:00:00,,
10/16/2022,4:20,14.69,27.54,34.36,1496.85,10/16/2022 4:20:00,,
10/16/2022,4:40,14.69,27.94,34.81,1497.32,10/16/2022 4:40:00,,
10/16/2022,5:00,14.69,27.41,34.21,1496.69,10/16/2022 5:00:00,,
10/16/2022,5:20,14.66,27.43,34.21,1496.61,10/16/2022 5:20:00,,
10/16/2022,5:40,14.66,28.3,35.18,1497.64,10/16/2022 5:40:00,,
10/16/2022,6:00,14.66,28.59,35.5,1497.99,10/16/2022 6:00:00,,
10/16/2022,6:20,14.63,28.68,35.58,1497.99,10/16/2022 6:20:00,,
10/16/2022,6:40,14.63,27.7,34.48,1496.83,10/16/2022 6:40:00,,
10/16/2022,7:00,14.63,28.14,34.98,1497.36,10/16/2022 7:00:00,,
10/16/2022,7:20,14.6,28.25,35.08,1497.39,10/16/2022 7:20:00,,
10/16/2022,7:40,14.57,28.27,35.08,1497.31,10/16/2022 7:40:00,,
10/16/2022,8:00,14.57,28.41,35.23,1497.47,10/16/2022 8:00:00,,
10/16/2022,8:20,14.54,28.16,34.93,1497.08,10/16/2022 8:20:00,,
10/16/2022,8:40,14.54,28.34,35.13,1497.29,10/16/2022 8:40:00,,
10/16/2022,9:00,14.51,28.16,34.9,1496.98,10/16/2022 9:00:00,,
10/16/2022,9:20,14.51,27.69,34.38,1496.42,10/16/2022 9:20:00,,
10/16/2022,9:40,14.51,27.92,34.63,1496.68,10/16/2022 9:40:00,,
10/16/2022,10:00,14.51,27.63,34.3,1496.34,10/16/2022 10:00:00,,
10/16/2022,10:20,14.48,28.05,34.75,1496.74,10/16/2022 10:20:00,,
10/16/2022,10:40,14.48,28.41,35.15,1497.17,10/16/2022 10:40:00,,
10/16/2022,11:00,14.51,28.3,35.05,1497.14,10/16/2022 11:00:00,,
10/16/2022,11:20,14.51,28.16,34.9,1496.98,10/16/2022 11:20:00,,
10/16/2022,11:40,14.51,27.52,34.18,1496.21,10/16/2022 11:40:00,,
10/16/2022,12:00,14.54,27.69,34.41,1496.52,10/16/2022 12:00:00,,
10/16/2022,12:20,14.57,27.65,34.38,1496.57,10/16/2022 12:20:00,,
10/16/2022,12:40,14.6,27.39,34.11,1496.36,10/16/2022 12:40:00,,
10/16/2022,13:00,14.63,27.5,34.26,1496.59,10/16/2022 13:00:00,,
10/16/2022,13:20,14.63,27.74,34.53,1496.88,10/16/2022 13:20:00,,
10/16/2022,13:40,14.63,27.63,34.41,1496.75,10/16/2022 13:40:00,,
10/16/2022,14:00,14.69,27.7,34.53,1497.03,10/16/2022 14:00:00,,
10/16/2022,14:20,14.72,26.82,33.56,1496.08,10/16/2022 14:20:00,,
10/16/2022,14:40,14.72,27.63,34.48,1497.05,10/16/2022 14:40:00,,
10/16/2022,15:00,14.72,28.1,35.01,1497.61,10/16/2022 15:00:00,,
10/16/2022,15:20,14.72,27.5,34.33,1496.9,10/16/2022 15:20:00,,
10/16/2022,15:40,14.72,27.08,33.86,1496.4,10/16/2022 15:40:00,,
10/16/2022,16:00,14.72,26.97,33.74,1496.26,10/16/2022 16:00:00,,
10/16/2022,16:20,14.72,27.52,34.36,1496.92,10/16/2022 16:20:00,,
10/16/2022,16:40,14.72,27.59,34.43,1497,10/16/2022 16:40:00,,
10/16/2022,17:00,14.75,28.41,35.38,1498.08,10/16/2022 17:00:00,,
10/16/2022,17:20,14.72,27.72,34.58,1497.16,10/16/2022 17:20:00,,
10/16/2022,17:40,14.69,28.52,35.46,1498.01,10/16/2022 17:40:00,,
10/16/2022,18:00,14.69,28.45,35.38,1497.93,10/16/2022 18:00:00,,
10/16/2022,18:20,14.66,28.48,35.38,1497.85,10/16/2022 18:20:00,,
10/16/2022,18:40,14.63,28.43,35.3,1497.7,10/16/2022 18:40:00,,
10/16/2022,19:00,14.63,28.45,35.33,1497.73,10/16/2022 19:00:00,,
10/16/2022,19:20,14.63,28.47,35.35,1497.75,10/16/2022 19:20:00,,
10/16/2022,19:40,14.69,28.63,35.58,1498.14,10/16/2022 19:40:00,,
10/16/2022,20:00,14.69,27.12,33.88,1496.35,10/16/2022 20:00:00,,
10/16/2022,20:20,14.66,27.74,34.56,1496.98,10/16/2022 20:20:00,,
10/16/2022,20:40,14.66,28.54,35.45,1497.93,10/16/2022 20:40:00,,
10/16/2022,21:00,14.66,27.52,34.31,1496.72,10/16/2022 21:00:00,,
10/16/2022,21:20,14.66,28.05,34.91,1497.35,10/16/2022 21:20:00,,
10/16/2022,21:40,14.63,28.34,35.21,1497.59,10/16/2022 21:40:00,,
10/16/2022,22:00,14.66,27.76,34.58,1497.01,10/16/2022 22:00:00,,
10/16/2022,22:20,14.66,27.3,34.06,1496.45,10/16/2022 22:20:00,,
10/16/2022,22:40,14.63,27.39,34.13,1496.46,10/16/2022 22:40:00,,
10/16/2022,23:00,14.6,27.23,33.93,1496.17,10/16/2022 23:00:00,,
10/16/2022,23:20,14.57,28.36,35.18,1497.42,10/16/2022 23:20:00,,
10/16/2022,23:40,14.57,27.61,34.33,1496.52,10/16/2022 23:40:00,,
10/16/2022,0:00,14.54,27.96,34.7,1496.84,10/16/2022 0:00:00,,
10/17/2022,0:20,14.54,28.07,34.83,1496.97,10/17/2022 0:20:00,,
10/17/2022,0:40,14.54,27.87,34.6,1496.73,10/17/2022 0:40:00,,
10/17/2022,1:00,14.54,27.85,34.58,1496.71,10/17/2022 1:00:00,,
10/17/2022,1:20,14.51,27.27,33.91,1495.92,10/17/2022 1:20:00,,
10/17/2022,1:40,14.51,27.47,34.13,1496.15,10/17/2022 1:40:00,,
10/17/2022,2:00,14.51,27.69,34.38,1496.42,10/17/2022 2:00:00,,
10/17/2022,2:20,14.51,27.49,34.15,1496.18,10/17/2022 2:20:00,,
10/17/2022,2:40,14.48,26.98,33.56,1495.47,10/17/2022 2:40:00,,
10/17/2022,3:00,14.51,27.38,34.03,1496.05,10/17/2022 3:00:00,,
10/17/2022,3:20,14.48,27.83,34.5,1496.48,10/17/2022 3:20:00,,
10/17/2022,3:40,14.48,27.23,33.83,1495.76,10/17/2022 3:40:00,,
10/17/2022,4:00,14.45,27.42,34.03,1495.9,10/17/2022 4:00:00,,
10/17/2022,4:20,14.45,27.91,34.58,1496.48,10/17/2022 4:20:00,,
10/17/2022,4:40,14.45,27.09,33.65,1495.5,10/17/2022 4:40:00,,
10/17/2022,5:00,14.41,28,34.65,1496.48,10/17/2022 5:00:00,,
10/17/2022,5:20,14.41,28.07,34.73,1496.56,10/17/2022 5:20:00,,
10/17/2022,5:40,14.41,27.65,34.25,1496.06,10/17/2022 5:40:00,,
10/17/2022,6:00,14.41,27.49,34.08,1495.87,10/17/2022 6:00:00,,
10/17/2022,6:20,14.41,28.2,34.88,1496.72,10/17/2022 6:20:00,,
10/17/2022,6:40,14.38,27.58,34.15,1495.88,10/17/2022 6:40:00,,
10/17/2022,7:00,14.38,27.69,34.28,1496.01,10/17/2022 7:00:00,,
10/17/2022,7:20,14.38,26.91,33.4,1495.08,10/17/2022 7:20:00,,
10/17/2022,7:40,14.38,27.24,33.78,1495.48,10/17/2022 7:40:00,,
10/17/2022,8:00,14.38,27.09,33.6,1495.29,10/17/2022 8:00:00,,
10/17/2022,8:20,14.41,27.38,33.95,1495.74,10/17/2022 8:20:00,,
10/17/2022,8:40,14.41,27,33.53,1495.29,10/17/2022 8:40:00,,
10/17/2022,9:00,14.41,27.31,33.88,1495.66,10/17/2022 9:00:00,,
10/17/2022,9:20,14.45,27.2,33.78,1495.63,10/17/2022 9:20:00,,
10/17/2022,9:40,14.48,27.05,33.63,1495.55,10/17/2022 9:40:00,,
10/17/2022,10:00,14.54,27.23,33.88,1495.97,10/17/2022 10:00:00,,
10/17/2022,10:20,14.57,27.27,33.96,1496.12,10/17/2022 10:20:00,,
10/17/2022,10:40,14.63,27.32,34.06,1496.38,10/17/2022 10:40:00,,
10/17/2022,11:00,14.69,27.03,33.78,1496.24,10/17/2022 11:00:00,,
10/17/2022,11:20,14.75,27.02,33.81,1496.42,10/17/2022 11:20:00,,
10/17/2022,11:40,14.88,26.76,33.61,1496.51,10/17/2022 11:40:00,,
10/17/2022,12:00,14.97,26.45,33.34,1496.45,10/17/2022 12:00:00,,
10/17/2022,12:20,15,26.76,33.72,1496.92,10/17/2022 12:20:00,,
10/17/2022,12:40,15.09,26.92,33.97,1497.41,10/17/2022 12:40:00,,
10/17/2022,13:00,15.12,26.27,33.25,1496.73,10/17/2022 13:00:00,,
10/17/2022,13:20,15.18,27.36,34.54,1498.23,10/17/2022 13:20:00,,
10/17/2022,13:40,15.25,27.5,34.75,1498.58,10/17/2022 13:40:00,,
10/17/2022,14:00,15.25,27.36,34.6,1498.43,10/17/2022 14:00:00,,
10/17/2022,14:20,15.28,27.26,34.5,1498.4,10/17/2022 14:20:00,,
10/17/2022,14:40,15.28,27.17,34.4,1498.29,10/17/2022 14:40:00,,
10/17/2022,15:00,15.31,27.15,34.4,1498.37,10/17/2022 15:00:00,,
10/17/2022,15:20,15.37,27.7,35.07,1499.21,10/17/2022 15:20:00,,
10/17/2022,15:40,15.37,27.39,34.72,1498.85,10/17/2022 15:40:00,,
10/17/2022,16:00,15.34,27.61,34.95,1499.01,10/17/2022 16:00:00,,
10/17/2022,16:20,15.37,27.19,34.5,1498.62,10/17/2022 16:20:00,,
10/17/2022,16:40,15.46,27.26,34.65,1498.99,10/17/2022 16:40:00,,
10/17/2022,17:00,15.49,28.53,36.12,1500.59,10/17/2022 17:00:00,,
10/17/2022,17:20,15.52,28.05,35.6,1500.12,10/17/2022 17:20:00,,
10/17/2022,17:40,15.49,28.09,35.62,1500.07,10/17/2022 17:40:00,,
10/17/2022,18:00,15.49,28.07,35.6,1500.05,10/17/2022 18:00:00,,
10/17/2022,18:20,15.43,27.46,34.85,1499.13,10/17/2022 18:20:00,,
10/17/2022,18:40,15.4,28.59,36.12,1500.37,10/17/2022 18:40:00,,
10/17/2022,19:00,15.37,28.66,36.17,1500.35,10/17/2022 19:00:00,,
10/17/2022,19:20,15.34,28.31,35.74,1499.84,10/17/2022 19:20:00,,
10/17/2022,19:40,15.31,28.18,35.57,1499.58,10/17/2022 19:40:00,,
10/17/2022,20:00,15.28,28.53,35.94,1499.9,10/17/2022 20:00:00,,
10/17/2022,20:20,15.25,28.33,35.69,1499.57,10/17/2022 20:20:00,,
10/17/2022,20:40,15.21,27.98,35.27,1499.05,10/17/2022 20:40:00,,
10/17/2022,21:00,15.18,28.17,35.47,1499.19,10/17/2022 21:00:00,,
10/17/2022,21:20,15.18,28.04,35.32,1499.03,10/17/2022 21:20:00,,
10/17/2022,21:40,15.15,28.52,35.84,1499.51,10/17/2022 21:40:00,,
10/17/2022,22:00,15.09,28.15,35.37,1498.86,10/17/2022 22:00:00,,
10/17/2022,22:20,15.06,28.39,35.61,1499.05,10/17/2022 22:20:00,,
10/17/2022,22:40,15.06,28.06,35.24,1498.66,10/17/2022 22:40:00,,
10/17/2022,23:00,15.03,27.91,35.04,1498.38,10/17/2022 23:00:00,,
10/17/2022,23:20,15.06,27.75,34.89,1498.29,10/17/2022 23:20:00,,
10/17/2022,23:40,15.06,27.97,35.14,1498.55,10/17/2022 23:40:00,,
10/17/2022,0:00,15.09,26.99,34.04,1497.48,10/17/2022 0:00:00,,
10/18/2022,0:20,15.15,27.16,34.29,1497.89,10/18/2022 0:20:00,,
10/18/2022,0:40,15.18,26.92,34.05,1497.71,10/18/2022 0:40:00,,
10/18/2022,1:00,15.21,26.66,33.77,1497.5,10/18/2022 1:00:00,,
10/18/2022,1:20,15.21,27.34,34.54,1498.3,10/18/2022 1:20:00,,
10/18/2022,1:40,15.21,26.66,33.77,1497.5,10/18/2022 1:40:00,,
10/18/2022,2:00,15.21,26.88,34.02,1497.76,10/18/2022 2:00:00,,
10/18/2022,2:20,15.18,27.34,34.52,1498.2,10/18/2022 2:20:00,,
10/18/2022,2:40,15.18,26.86,33.97,1497.63,10/18/2022 2:40:00,,
10/18/2022,3:00,15.15,26.01,32.97,1496.52,10/18/2022 3:00:00,,
10/18/2022,3:20,15.12,26.99,34.07,1497.58,10/18/2022 3:20:00,,
10/18/2022,3:40,15.12,27.54,34.69,1498.23,10/18/2022 3:40:00,,
10/18/2022,4:00,15.06,26.46,33.42,1496.76,10/18/2022 4:00:00,,
10/18/2022,4:20,15.03,26.57,33.52,1496.79,10/18/2022 4:20:00,,
10/18/2022,4:40,15.03,26.68,33.64,1496.92,10/18/2022 4:40:00,,
10/18/2022,5:00,15,26.19,33.07,1496.25,10/18/2022 5:00:00,,
10/18/2022,5:20,14.94,26.39,33.24,1496.27,10/18/2022 5:20:00,,
10/18/2022,5:40,14.94,27.2,34.16,1497.24,10/18/2022 5:40:00,,
10/18/2022,6:00,14.91,26.8,33.69,1496.67,10/18/2022 6:00:00,,
10/18/2022,6:20,14.85,26.95,33.81,1496.65,10/18/2022 6:20:00,,
10/18/2022,6:40,14.82,27.13,33.99,1496.75,10/18/2022 6:40:00,,
10/18/2022,7:00,14.75,26.82,33.59,1496.18,10/18/2022 7:00:00,,
10/18/2022,7:20,14.75,26.51,33.24,1495.82,10/18/2022 7:20:00,,
10/18/2022,7:40,14.69,26.46,33.14,1495.56,10/18/2022 7:40:00,,
10/18/2022,8:00,14.63,27.3,34.03,1496.35,10/18/2022 8:00:00,,
10/18/2022,8:20,14.57,26.32,32.88,1494.99,10/18/2022 8:20:00,,
10/18/2022,8:40,14.48,26.4,32.91,1494.78,10/18/2022 8:40:00,,
10/18/2022,9:00,14.38,25.91,32.28,1493.89,10/18/2022 9:00:00,,
10/18/2022,9:20,14.29,27,33.43,1494.87,10/18/2022 9:20:00,,
10/18/2022,9:40,14.29,26.37,32.73,1494.13,10/18/2022 9:40:00,,
10/18/2022,10:00,14.26,25.9,32.18,1493.47,10/18/2022 10:00:00,,
10/18/2022,10:20,14.23,26.57,32.9,1494.16,10/18/2022 10:20:00,,
10/18/2022,10:40,14.2,27.17,33.55,1494.78,10/18/2022 10:40:00,,
10/18/2022,11:00,14.23,26.81,33.18,1494.45,10/18/2022 11:00:00,,
10/18/2022,11:20,14.23,26.81,33.18,1494.45,10/18/2022 11:20:00,,
10/18/2022,11:40,14.23,26.19,32.48,1493.71,10/18/2022 11:40:00,,
10/18/2022,12:00,14.2,27.1,33.47,1494.7,10/18/2022 12:00:00,,
10/18/2022,12:20,14.2,25.99,32.23,1493.36,10/18/2022 12:20:00,,
10/18/2022,12:40,14.23,27.01,33.4,1494.69,10/18/2022 12:40:00,,
10/18/2022,13:00,14.23,26.88,33.25,1494.53,10/18/2022 13:00:00,,
10/18/2022,13:20,14.23,26.59,32.93,1494.19,10/18/2022 13:20:00,,
10/18/2022,13:40,14.2,26.37,32.65,1493.82,10/18/2022 13:40:00,,
10/18/2022,14:00,14.23,26.64,32.98,1494.24,10/18/2022 14:00:00,,
10/18/2022,14:20,14.23,26.79,33.15,1494.43,10/18/2022 14:20:00,,
10/18/2022,14:40,14.26,26.08,32.38,1493.68,10/18/2022 14:40:00,,
10/18/2022,15:00,14.29,26.82,33.23,1494.66,10/18/2022 15:00:00,,
10/18/2022,15:20,14.38,26.75,33.23,1494.89,10/18/2022 15:20:00,,
10/18/2022,15:40,14.45,26.8,33.33,1495.15,10/18/2022 15:40:00,,
10/18/2022,16:00,14.57,26.83,33.46,1495.59,10/18/2022 16:00:00,,
10/18/2022,16:20,14.69,26.73,33.44,1495.87,10/18/2022 16:20:00,,
10/18/2022,16:40,14.72,26.44,33.14,1495.64,10/18/2022 16:40:00,,
10/18/2022,17:00,14.72,26.48,33.19,1495.69,10/18/2022 17:00:00,,
10/18/2022,17:20,14.75,26.42,33.14,1495.71,10/18/2022 17:20:00,,
10/18/2022,17:40,14.72,26.22,32.89,1495.37,10/18/2022 17:40:00,,
10/18/2022,18:00,14.66,26.08,32.69,1495.01,10/18/2022 18:00:00,,
10/18/2022,18:20,14.63,25.75,32.29,1494.51,10/18/2022 18:20:00,,
10/18/2022,18:40,14.6,25.9,32.43,1494.59,10/18/2022 18:40:00,,
10/18/2022,19:00,14.6,26.23,32.81,1494.99,10/18/2022 19:00:00,,
10/18/2022,19:20,14.66,25.38,31.89,1494.17,10/18/2022 19:20:00,,
10/18/2022,19:40,14.66,26.46,33.11,1495.46,10/18/2022 19:40:00,,
10/18/2022,20:00,14.63,26.74,33.41,1495.69,10/18/2022 20:00:00,,
10/18/2022,20:20,14.6,26.79,33.43,1495.64,10/18/2022 20:20:00,,
10/18/2022,20:40,14.54,27.74,34.45,1496.57,10/18/2022 20:40:00,,
10/18/2022,21:00,14.51,27.32,33.96,1495.97,10/18/2022 21:00:00,,
10/18/2022,21:20,14.45,27.87,34.53,1496.43,10/18/2022 21:20:00,,
10/18/2022,21:40,14.38,24.83,31.06,1492.6,10/18/2022 21:40:00,,
10/18/2022,22:00,14.35,24.21,30.33,1491.75,10/18/2022 22:00:00,,
10/18/2022,22:20,14.32,26.22,32.58,1494.05,10/18/2022 22:20:00,,
10/18/2022,22:40,14.32,25.77,32.08,1493.52,10/18/2022 22:40:00,,
10/18/2022,23:00,14.29,24.47,30.58,1491.86,10/18/2022 23:00:00,,
10/18/2022,23:20,14.29,24.53,30.65,1491.93,10/18/2022 23:20:00,,
10/18/2022,23:40,14.26,23.1,29,1490.12,10/18/2022 23:40:00,,
10/18/2022,0:00,14.2,22.8,28.62,1489.56,10/18/2022 0:00:00,,
10/19/2022,0:20,14.23,22.74,28.57,1489.59,10/19/2022 0:20:00,,
10/19/2022,0:40,14.26,21.38,27.04,1488.07,10/19/2022 0:40:00,,
10/19/2022,1:00,14.32,21.13,26.79,1487.98,10/19/2022 1:00:00,,
10/19/2022,1:20,14.29,21.87,27.62,1488.76,10/19/2022 1:20:00,,
10/19/2022,1:40,14.26,20.73,26.29,1487.29,10/19/2022 1:40:00,,
10/19/2022,2:00,14.2,20.72,26.23,1487.07,10/19/2022 2:00:00,,
10/19/2022,2:20,14.04,20.45,25.83,1486.22,10/19/2022 2:20:00,,
10/19/2022,2:40,13.95,20.94,26.33,1486.49,10/19/2022 2:40:00,,
10/19/2022,3:00,13.89,21.01,26.38,1486.37,10/19/2022 3:00:00,,
10/19/2022,3:20,13.82,20.45,25.7,1485.48,10/19/2022 3:20:00,,
10/19/2022,3:40,13.79,19.47,24.56,1484.21,10/19/2022 3:40:00,,
10/19/2022,4:00,13.73,20.81,26.05,1485.59,10/19/2022 4:00:00,,
10/19/2022,4:20,13.7,20.89,26.12,1485.58,10/19/2022 4:20:00,,
10/19/2022,4:40,13.67,21.77,27.11,1486.54,10/19/2022 4:40:00,,
10/19/2022,5:00,13.67,21.46,26.75,1486.16,10/19/2022 5:00:00,,
10/19/2022,5:20,13.67,22.22,27.61,1487.07,10/19/2022 5:20:00,,
10/19/2022,5:40,13.67,22.3,27.71,1487.18,10/19/2022 5:40:00,,
10/19/2022,6:00,13.7,21.73,27.08,1486.6,10/19/2022 6:00:00,,
10/19/2022,6:20,13.73,20.9,26.15,1485.7,10/19/2022 6:20:00,,
10/19/2022,6:40,13.79,20.71,25.97,1485.69,10/19/2022 6:40:00,,
10/19/2022,7:00,13.79,20.69,25.95,1485.66,10/19/2022 7:00:00,,
10/19/2022,7:20,13.76,19.6,24.68,1484.25,10/19/2022 7:20:00,,
10/19/2022,7:40,13.76,20.39,25.59,1485.2,10/19/2022 7:40:00,,
10/19/2022,8:00,13.76,20.44,25.65,1485.26,10/19/2022 8:00:00,,
10/19/2022,8:20,13.76,20.99,26.28,1485.92,10/19/2022 8:20:00,,
10/19/2022,8:40,13.76,20.24,25.42,1485.02,10/19/2022 8:40:00,,
10/19/2022,9:00,13.76,20.06,25.22,1484.81,10/19/2022 9:00:00,,
10/19/2022,9:20,13.76,20.64,25.87,1485.49,10/19/2022 9:20:00,,
10/19/2022,9:40,13.79,20.51,25.75,1485.45,10/19/2022 9:40:00,,
10/19/2022,10:00,13.86,21.47,26.88,1486.81,10/19/2022 10:00:00,,
10/19/2022,10:20,13.89,20.06,25.29,1485.23,10/19/2022 10:20:00,,
10/19/2022,10:40,13.79,20.93,26.23,1485.95,10/19/2022 10:40:00,,
10/19/2022,11:00,13.64,20.68,25.85,1485.12,10/19/2022 11:00:00,,
10/19/2022,11:20,13.57,21.07,26.25,1485.37,10/19/2022 11:20:00,,
10/19/2022,11:40,13.51,22.42,27.73,1486.78,10/19/2022 11:40:00,,
10/19/2022,12:00,13.54,22.46,27.81,1486.94,10/19/2022 12:00:00,,
10/19/2022,12:20,13.51,21.01,26.15,1485.09,10/19/2022 12:20:00,,
10/19/2022,12:40,13.51,21.08,26.22,1485.17,10/19/2022 12:40:00,,
10/19/2022,13:00,13.61,22.32,27.68,1486.98,10/19/2022 13:00:00,,
10/19/2022,13:20,13.57,22.65,28.03,1487.27,10/19/2022 13:20:00,,
10/19/2022,13:40,13.54,23.69,29.19,1488.42,10/19/2022 13:40:00,,
10/19/2022,14:00,13.54,22.17,27.48,1486.59,10/19/2022 14:00:00,,
10/19/2022,14:20,13.57,26.85,32.71,1492.32,10/19/2022 14:20:00,,
10/19/2022,14:40,13.61,27.49,33.44,1493.19,10/19/2022 14:40:00,,
10/19/2022,15:00,13.67,27.83,33.86,1493.81,10/19/2022 15:00:00,,
10/19/2022,15:20,13.7,27.88,33.94,1493.97,10/19/2022 15:20:00,,
10/19/2022,15:40,13.7,27.67,33.71,1493.72,10/19/2022 15:40:00,,
10/19/2022,16:00,13.7,27.79,33.84,1493.86,10/19/2022 16:00:00,,
10/19/2022,16:20,13.73,27.76,33.84,1493.93,10/19/2022 16:20:00,,
10/19/2022,16:40,13.7,27.9,33.96,1493.99,10/19/2022 16:40:00,,
10/19/2022,17:00,13.7,26.97,32.94,1492.88,10/19/2022 17:00:00,,
10/19/2022,17:20,13.67,26.81,32.74,1492.58,10/19/2022 17:20:00,,
10/19/2022,17:40,13.61,26.72,32.59,1492.26,10/19/2022 17:40:00,,
10/19/2022,18:00,13.61,26.79,32.66,1492.34,10/19/2022 18:00:00,,
10/19/2022,18:20,13.54,27.1,32.96,1492.51,10/19/2022 18:20:00,,
10/19/2022,18:40,13.48,26.69,32.46,1491.81,10/19/2022 18:40:00,,
10/19/2022,19:00,13.48,27.12,32.93,1492.32,10/19/2022 19:00:00,,
10/19/2022,19:20,13.54,28.56,34.56,1494.26,10/19/2022 19:20:00,,
10/19/2022,19:40,13.57,27.87,33.83,1493.54,10/19/2022 19:40:00,,
10/19/2022,20:00,13.61,27.65,33.61,1493.38,10/19/2022 20:00:00,,
10/19/2022,20:20,13.64,27.28,33.24,1493.05,10/19/2022 20:20:00,,
10/19/2022,20:40,13.64,26.76,32.66,1492.42,10/19/2022 20:40:00,,
10/19/2022,21:00,13.67,27.08,33.04,1492.91,10/19/2022 21:00:00,,
10/19/2022,21:20,13.67,27.69,33.71,1493.64,10/19/2022 21:20:00,,
10/19/2022,21:40,13.67,26.86,32.79,1492.64,10/19/2022 21:40:00,,
10/19/2022,22:00,13.67,27.4,33.39,1493.29,10/19/2022 22:00:00,,
10/19/2022,22:20,13.67,27.58,33.59,1493.51,10/19/2022 22:20:00,,
10/19/2022,22:40,13.67,27.06,33.01,1492.88,10/19/2022 22:40:00,,
10/19/2022,23:00,13.7,27.42,33.44,1493.42,10/19/2022 23:00:00,,
10/19/2022,23:20,13.79,26.86,32.89,1493.06,10/19/2022 23:20:00,,
10/19/2022,23:40,13.86,27.16,33.27,1493.62,10/19/2022 23:40:00,,
10/19/2022,0:00,13.89,27.36,33.52,1493.97,10/19/2022 0:00:00,,
10/20/2022,0:20,13.89,26.91,33.02,1493.43,10/20/2022 0:20:00,,
10/20/2022,0:40,13.86,26.41,32.44,1492.73,10/20/2022 0:40:00,,
10/20/2022,1:00,13.82,26.64,32.67,1492.9,10/20/2022 1:00:00,,
10/20/2022,1:20,13.82,27.86,34.01,1494.36,10/20/2022 1:20:00,,
10/20/2022,1:40,13.86,26.35,32.37,1492.65,10/20/2022 1:40:00,,
10/20/2022,2:00,13.92,26.66,32.77,1493.24,10/20/2022 2:00:00,,
10/20/2022,2:20,14.07,27.19,33.47,1494.39,10/20/2022 2:20:00,,
10/20/2022,2:40,14.23,26.72,33.08,1494.35,10/20/2022 2:40:00,,
10/20/2022,3:00,14.32,26.82,33.25,1494.77,10/20/2022 3:00:00,,
10/20/2022,3:20,14.38,27.4,33.95,1495.66,10/20/2022 3:20:00,,
10/20/2022,3:40,14.41,27.07,33.6,1495.37,10/20/2022 3:40:00,,
10/20/2022,4:00,14.45,25.43,31.78,1493.52,10/20/2022 4:00:00,,
10/20/2022,4:20,14.45,27.11,33.68,1495.52,10/20/2022 4:20:00,,
10/20/2022,4:40,14.45,26.65,33.16,1494.97,10/20/2022 4:40:00,,
10/20/2022,5:00,14.41,26.84,33.35,1495.1,10/20/2022 5:00:00,,
10/20/2022,5:20,14.38,26.73,33.2,1494.87,10/20/2022 5:20:00,,
10/20/2022,5:40,14.35,27.27,33.78,1495.4,10/20/2022 5:40:00,,
10/20/2022,6:00,14.29,27.17,33.63,1495.09,10/20/2022 6:00:00,,
10/20/2022,6:20,14.26,27.62,34.1,1495.52,10/20/2022 6:20:00,,
10/20/2022,6:40,14.23,27.62,34.07,1495.41,10/20/2022 6:40:00,,
10/20/2022,7:00,14.2,27.33,33.72,1494.96,10/20/2022 7:00:00,,
10/20/2022,7:20,14.14,27.53,33.9,1495,10/20/2022 7:20:00,,
10/20/2022,7:40,14.07,27.37,33.67,1494.6,10/20/2022 7:40:00,,
10/20/2022,8:00,14.01,26.92,33.12,1493.85,10/20/2022 8:00:00,,
10/20/2022,8:20,13.95,26.87,33.02,1493.59,10/20/2022 8:20:00,,
10/20/2022,8:40,13.92,26.64,32.74,1493.22,10/20/2022 8:40:00,,
10/20/2022,9:00,13.89,26.82,32.92,1493.33,10/20/2022 9:00:00,,
10/20/2022,9:20,13.86,27.04,33.14,1493.49,10/20/2022 9:20:00,,
10/20/2022,9:40,13.79,26.5,32.49,1492.63,10/20/2022 9:40:00,,
10/20/2022,10:00,13.73,25.75,31.62,1491.53,10/20/2022 10:00:00,,
10/20/2022,10:20,13.7,27.35,33.36,1493.34,10/20/2022 10:20:00,,
10/20/2022,10:40,13.67,26.86,32.79,1492.64,10/20/2022 10:40:00,,
10/20/2022,11:00,13.67,26.47,32.37,1492.18,10/20/2022 11:00:00,,
10/20/2022,11:20,13.67,27.24,33.21,1493.1,10/20/2022 11:20:00,,
10/20/2022,11:40,13.7,26.97,32.94,1492.88,10/20/2022 11:40:00,,
10/20/2022,12:00,13.73,26.9,32.89,1492.9,10/20/2022 12:00:00,,
10/20/2022,12:20,13.76,27,33.02,1493.12,10/20/2022 12:20:00,,
10/20/2022,12:40,13.76,27.56,33.64,1493.8,10/20/2022 12:40:00,,
10/20/2022,13:00,13.79,26.52,32.52,1492.66,10/20/2022 13:00:00,,
10/20/2022,13:20,13.86,26.21,32.22,1492.49,10/20/2022 13:20:00,,
10/20/2022,13:40,13.86,26.37,32.39,1492.68,10/20/2022 13:40:00,,
10/20/2022,14:00,13.89,25.52,31.47,1491.77,10/20/2022 14:00:00,,
10/20/2022,14:20,13.92,26.44,32.52,1492.97,10/20/2022 14:20:00,,
10/20/2022,14:40,13.95,27.57,33.79,1494.42,10/20/2022 14:40:00,,
10/20/2022,15:00,13.98,26.73,32.9,1493.53,10/20/2022 15:00:00,,
10/20/2022,15:20,14.01,26.31,32.45,1493.13,10/20/2022 15:20:00,,
10/20/2022,15:40,14.07,26.2,32.37,1493.21,10/20/2022 15:40:00,,
10/20/2022,16:00,14.14,26.61,32.87,1493.9,10/20/2022 16:00:00,,
10/20/2022,16:20,14.2,27.48,33.9,1495.15,10/20/2022 16:20:00,,
10/20/2022,16:40,14.2,26.83,33.18,1494.38,10/20/2022 16:40:00,,
10/20/2022,17:00,14.2,26.79,33.13,1494.32,10/20/2022 17:00:00,,
10/20/2022,17:20,14.14,26.99,33.3,1494.35,10/20/2022 17:20:00,,
10/20/2022,17:40,14.1,26.58,32.82,1493.77,10/20/2022 17:40:00,,
10/20/2022,18:00,14.1,26.5,32.72,1493.66,10/20/2022 18:00:00,,
10/20/2022,18:20,14.1,27.03,33.32,1494.3,10/20/2022 18:20:00,,
10/20/2022,18:40,14.1,27.79,34.17,1495.21,10/20/2022 18:40:00,,
10/20/2022,19:00,14.07,26.99,33.25,1494.14,10/20/2022 19:00:00,,
10/20/2022,19:20,14.07,26.83,33.07,1493.96,10/20/2022 19:20:00,,
10/20/2022,19:40,14.07,26.09,32.25,1493.07,10/20/2022 19:40:00,,
10/20/2022,20:00,14.07,26.18,32.35,1493.18,10/20/2022 20:00:00,,
10/20/2022,20:20,14.07,25.93,32.07,1492.89,10/20/2022 20:20:00,,
10/20/2022,20:40,14.04,25.11,31.12,1491.79,10/20/2022 20:40:00,,
10/20/2022,21:00,14.04,26.29,32.45,1493.21,10/20/2022 21:00:00,,
10/20/2022,21:20,14.01,25.19,31.2,1491.79,10/20/2022 21:20:00,,
10/20/2022,21:40,13.98,24.99,30.95,1491.45,10/20/2022 21:40:00,,
10/20/2022,22:00,13.95,24.12,29.95,1490.3,10/20/2022 22:00:00,,
10/20/2022,22:20,13.92,22.21,27.76,1487.91,10/20/2022 22:20:00,,
10/20/2022,22:40,13.86,26.23,32.24,1492.52,10/20/2022 22:40:00,,
10/20/2022,23:00,13.82,25.72,31.64,1491.79,10/20/2022 23:00:00,,
10/20/2022,23:20,13.82,25.22,31.09,1491.2,10/20/2022 23:20:00,,
10/20/2022,23:40,13.82,25.74,31.67,1491.82,10/20/2022 23:40:00,,
10/20/2022,0:00,13.82,20.63,25.9,1485.69,10/20/2022 0:00:00,,
10/21/2022,0:20,13.86,21.98,27.46,1487.42,10/21/2022 0:20:00,,
10/21/2022,0:40,13.89,26.01,32.02,1492.36,10/21/2022 0:40:00,,
10/21/2022,1:00,13.89,24.54,30.37,1490.59,10/21/2022 1:00:00,,
10/21/2022,1:20,13.92,27.38,33.57,1494.1,10/21/2022 1:20:00,,
10/21/2022,1:40,13.95,25.99,32.05,1492.54,10/21/2022 1:40:00,,
10/21/2022,2:00,13.95,26.42,32.52,1493.05,10/21/2022 2:00:00,,
10/21/2022,2:20,13.98,27.27,33.49,1494.18,10/21/2022 2:20:00,,
10/21/2022,2:40,14.01,26.56,32.72,1493.43,10/21/2022 2:40:00,,
10/21/2022,3:00,14.04,26.69,32.9,1493.69,10/21/2022 3:00:00,,
10/21/2022,3:20,14.04,26.2,32.35,1493.1,10/21/2022 3:20:00,,
10/21/2022,3:40,14.04,26.47,32.65,1493.42,10/21/2022 3:40:00,,
10/21/2022,4:00,14.07,27.03,33.3,1494.2,10/21/2022 4:00:00,,
10/21/2022,4:20,14.1,26.7,32.95,1493.9,10/21/2022 4:20:00,,
10/21/2022,4:40,14.14,27.21,33.55,1494.62,10/21/2022 4:40:00,,
10/21/2022,5:00,14.14,26.32,32.55,1493.55,10/21/2022 5:00:00,,
10/21/2022,5:20,14.17,26.81,33.12,1494.24,10/21/2022 5:20:00,,
10/21/2022,5:40,14.2,27.37,33.77,1495.02,10/21/2022 5:40:00,,
10/21/2022,6:00,14.2,27.08,33.45,1494.67,10/21/2022 6:00:00,,
10/21/2022,6:20,14.23,26.64,32.98,1494.24,10/21/2022 6:20:00,,
10/21/2022,6:40,14.23,26.21,32.5,1493.73,10/21/2022 6:40:00,,
10/21/2022,7:00,14.26,26.93,33.33,1494.69,10/21/2022 7:00:00,,
10/21/2022,7:20,14.26,27.15,33.58,1494.96,10/21/2022 7:20:00,,
10/21/2022,7:40,14.26,26.48,32.83,1494.16,10/21/2022 7:40:00,,
10/21/2022,8:00,14.26,26.37,32.7,1494.03,10/21/2022 8:00:00,,
10/21/2022,8:20,14.23,26.93,33.3,1494.59,10/21/2022 8:20:00,,
10/21/2022,8:40,14.23,26.95,33.33,1494.61,10/21/2022 8:40:00,,
10/21/2022,9:00,14.17,26.95,33.27,1494.4,10/21/2022 9:00:00,,
10/21/2022,9:20,14.07,27.25,33.55,1494.47,10/21/2022 9:20:00,,
10/21/2022,9:40,13.95,26.64,32.77,1493.32,10/21/2022 9:40:00,,
10/21/2022,10:00,13.76,26.81,32.82,1492.9,10/21/2022 10:00:00,,
10/21/2022,10:20,13.61,27.4,33.34,1493.08,10/21/2022 10:20:00,,
10/21/2022,10:40,13.51,27.64,33.53,1493.06,10/21/2022 10:40:00,,
10/21/2022,11:00,13.51,27.37,33.23,1492.73,10/21/2022 11:00:00,,
10/21/2022,11:20,13.51,26.58,32.36,1491.78,10/21/2022 11:20:00,,
10/21/2022,11:40,13.57,26.47,32.29,1491.85,10/21/2022 11:40:00,,
10/21/2022,12:00,13.61,26.29,32.11,1491.75,10/21/2022 12:00:00,,
10/21/2022,12:20,13.64,26.22,32.06,1491.77,10/21/2022 12:20:00,,
10/21/2022,12:40,13.67,26.47,32.37,1492.18,10/21/2022 12:40:00,,
10/21/2022,13:00,13.76,26.88,32.89,1492.98,10/21/2022 13:00:00,,
10/21/2022,13:20,13.89,26.39,32.44,1492.81,10/21/2022 13:20:00,,
10/21/2022,13:40,13.95,26.04,32.1,1492.6,10/21/2022 13:40:00,,
10/21/2022,14:00,14.07,26.27,32.45,1493.29,10/21/2022 14:00:00,,
10/21/2022,14:20,14.17,25.96,32.18,1493.23,10/21/2022 14:20:00,,
10/21/2022,14:40,14.17,26.3,32.55,1493.63,10/21/2022 14:40:00,,
10/21/2022,15:00,14.2,26.43,32.73,1493.9,10/21/2022 15:00:00,,
10/21/2022,15:20,14.23,26.57,32.9,1494.16,10/21/2022 15:20:00,,
10/21/2022,15:40,14.29,26.3,32.65,1494.05,10/21/2022 15:40:00,,
10/21/2022,16:00,14.38,26.53,32.98,1494.63,10/21/2022 16:00:00,,
10/21/2022,16:20,14.41,26.67,33.15,1494.89,10/21/2022 16:20:00,,
10/21/2022,16:40,14.48,26.14,32.61,1494.47,10/21/2022 16:40:00,,
10/21/2022,17:00,14.54,25.79,32.26,1494.25,10/21/2022 17:00:00,,
10/21/2022,17:20,14.6,26.32,32.91,1495.09,10/21/2022 17:20:00,,
10/21/2022,17:40,14.57,26.45,33.03,1495.15,10/21/2022 17:40:00,,
10/21/2022,18:00,14.57,26.32,32.88,1494.99,10/21/2022 18:00:00,,
10/21/2022,18:20,14.51,26.41,32.93,1494.89,10/21/2022 18:20:00,,
10/21/2022,18:40,14.51,27.14,33.76,1495.76,10/21/2022 18:40:00,,
10/21/2022,19:00,14.51,26.89,33.48,1495.47,10/21/2022 19:00:00,,
10/21/2022,19:20,14.48,27.36,33.98,1495.92,10/21/2022 19:20:00,,
10/21/2022,19:40,14.45,27.27,33.85,1495.71,10/21/2022 19:40:00,,
10/21/2022,20:00,14.45,27.11,33.68,1495.52,10/21/2022 20:00:00,,
10/21/2022,20:20,14.45,27.25,33.83,1495.68,10/21/2022 20:20:00,,
10/21/2022,20:40,14.41,27.2,33.75,1495.53,10/21/2022 20:40:00,,
10/21/2022,21:00,14.41,27.76,34.38,1496.19,10/21/2022 21:00:00,,
10/21/2022,21:20,14.41,28.47,35.18,1497.04,10/21/2022 21:20:00,,
10/21/2022,21:40,14.41,26.87,33.38,1495.13,10/21/2022 21:40:00,,
10/21/2022,22:00,14.38,26.95,33.45,1495.13,10/21/2022 22:00:00,,
10/21/2022,22:20,14.41,27.58,34.18,1495.98,10/21/2022 22:20:00,,
10/21/2022,22:40,14.41,27.04,33.58,1495.34,10/21/2022 22:40:00,,
10/21/2022,23:00,14.38,27.04,33.55,1495.24,10/21/2022 23:00:00,,
10/21/2022,23:20,14.35,26.6,33.03,1494.6,10/21/2022 23:20:00,,
10/21/2022,23:40,14.35,26.6,33.03,1494.6,10/21/2022 23:40:00,,
10/21/2022,0:00,14.35,24.56,30.73,1492.17,10/21/2022 0:00:00,,
10/22/2022,0:20,14.38,26.31,32.73,1494.36,10/22/2022 0:20:00,,
10/22/2022,0:40,14.38,26.35,32.78,1494.42,10/22/2022 0:40:00,,
10/22/2022,1:00,14.41,26.09,32.51,1494.2,10/22/2022 1:00:00,,
10/22/2022,1:20,14.45,27.29,33.88,1495.74,10/22/2022 1:20:00,,
10/22/2022,1:40,14.45,26.94,33.48,1495.31,10/22/2022 1:40:00,,
10/22/2022,2:00,14.48,26.18,32.66,1494.52,10/22/2022 2:00:00,,
10/22/2022,2:20,14.48,27.05,33.63,1495.55,10/22/2022 2:20:00,,
10/22/2022,2:40,14.51,25.96,32.43,1494.36,10/22/2022 2:40:00,,
10/22/2022,3:00,14.51,26.41,32.93,1494.89,10/22/2022 3:00:00,,
10/22/2022,3:20,14.51,26.34,32.86,1494.81,10/22/2022 3:20:00,,
10/22/2022,3:40,14.51,26.74,33.31,1495.28,10/22/2022 3:40:00,,
10/22/2022,4:00,14.51,26.1,32.58,1494.52,10/22/2022 4:00:00,,
10/22/2022,4:20,14.51,26.1,32.58,1494.52,10/22/2022 4:20:00,,
10/22/2022,4:40,14.54,26.16,32.68,1494.7,10/22/2022 4:40:00,,
10/22/2022,5:00,14.54,26.54,33.11,1495.15,10/22/2022 5:00:00,,
10/22/2022,5:20,14.51,26.34,32.86,1494.81,10/22/2022 5:20:00,,
10/22/2022,5:40,14.51,26.16,32.66,1494.6,10/22/2022 5:40:00,,
10/22/2022,6:00,14.51,26.41,32.93,1494.89,10/22/2022 6:00:00,,
10/22/2022,6:20,14.48,26.25,32.73,1494.6,10/22/2022 6:20:00,,
10/22/2022,6:40,14.45,25.89,32.31,1494.07,10/22/2022 6:40:00,,
10/22/2022,7:00,14.45,26.54,33.03,1494.84,10/22/2022 7:00:00,,
10/22/2022,7:20,14.45,25.98,32.41,1494.18,10/22/2022 7:20:00,,
10/22/2022,7:40,14.45,26.51,33.01,1494.81,10/22/2022 7:40:00,,
10/22/2022,8:00,14.45,26.49,32.98,1494.78,10/22/2022 8:00:00,,
10/22/2022,8:20,14.45,27.49,34.1,1495.98,10/22/2022 8:20:00,,
10/22/2022,8:40,14.45,26.85,33.38,1495.21,10/22/2022 8:40:00,,
10/22/2022,9:00,14.45,26.85,33.38,1495.21,10/22/2022 9:00:00,,
10/22/2022,9:20,14.45,26.23,32.68,1494.47,10/22/2022 9:20:00,,
10/22/2022,9:40,14.45,25.98,32.41,1494.18,10/22/2022 9:40:00,,
10/22/2022,10:00,14.48,25.5,31.88,1493.7,10/22/2022 10:00:00,,
10/22/2022,10:20,14.48,25.72,32.13,1493.96,10/22/2022 10:20:00,,
10/22/2022,10:40,14.51,26.76,33.33,1495.31,10/22/2022 10:40:00,,
10/22/2022,11:00,14.54,26.56,33.13,1495.17,10/22/2022 11:00:00,,
10/22/2022,11:20,14.57,25.17,31.58,1493.62,10/22/2022 11:20:00,,
10/22/2022,11:40,14.6,26.48,33.08,1495.28,10/22/2022 11:40:00,,
10/22/2022,12:00,14.63,25.88,32.44,1494.67,10/22/2022 12:00:00,,
10/22/2022,12:20,14.66,24.98,31.44,1493.7,10/22/2022 12:20:00,,
10/22/2022,12:40,14.69,24.48,30.89,1493.21,10/22/2022 12:40:00,,
10/22/2022,13:00,14.72,26.04,32.69,1495.16,10/22/2022 13:00:00,,
10/22/2022,13:20,14.75,25.34,31.91,1494.43,10/22/2022 13:20:00,,
10/22/2022,13:40,14.75,24.36,30.79,1493.26,10/22/2022 13:40:00,,
10/22/2022,14:00,14.78,24.58,31.06,1493.63,10/22/2022 14:00:00,,
10/22/2022,14:20,14.78,25.61,32.24,1494.85,10/22/2022 14:20:00,,
10/22/2022,14:40,14.75,25.8,32.44,1494.98,10/22/2022 14:40:00,,
10/22/2022,15:00,14.75,26.53,33.26,1495.84,10/22/2022 15:00:00,,
10/22/2022,15:20,14.75,26.46,33.19,1495.76,10/22/2022 15:20:00,,
10/22/2022,15:40,14.75,25.58,32.19,1494.72,10/22/2022 15:40:00,,
10/22/2022,16:00,14.75,26.02,32.69,1495.24,10/22/2022 16:00:00,,
10/22/2022,16:20,14.75,25.67,32.29,1494.82,10/22/2022 16:20:00,,
10/22/2022,16:40,14.75,25.56,32.16,1494.69,10/22/2022 16:40:00,,
10/22/2022,17:00,14.75,25.94,32.59,1495.14,10/22/2022 17:00:00,,
10/22/2022,17:20,14.75,26.6,33.34,1495.92,10/22/2022 17:20:00,,
10/22/2022,17:40,14.72,26.09,32.74,1495.22,10/22/2022 17:40:00,,
10/22/2022,18:00,14.72,25.49,32.06,1494.51,10/22/2022 18:00:00,,
10/22/2022,18:20,14.72,26.64,33.36,1495.87,10/22/2022 18:20:00,,
10/22/2022,18:40,14.69,25.69,32.26,1494.64,10/22/2022 18:40:00,,
10/22/2022,19:00,14.69,26.13,32.76,1495.17,10/22/2022 19:00:00,,
10/22/2022,19:20,14.69,26.2,32.84,1495.24,10/22/2022 19:20:00,,
10/22/2022,19:40,14.78,25.81,32.46,1495.08,10/22/2022 19:40:00,,
10/22/2022,20:00,14.82,25.37,31.99,1494.67,10/22/2022 20:00:00,,
10/22/2022,20:20,14.82,25.55,32.19,1494.87,10/22/2022 20:20:00,,
10/22/2022,20:40,14.82,25.81,32.49,1495.19,10/22/2022 20:40:00,,
10/22/2022,21:00,14.78,25.17,31.74,1494.33,10/22/2022 21:00:00,,
10/22/2022,21:20,14.75,25.19,31.74,1494.25,10/22/2022 21:20:00,,
10/22/2022,21:40,14.75,25.01,31.54,1494.04,10/22/2022 21:40:00,,
10/22/2022,22:00,14.75,24.66,31.14,1493.63,10/22/2022 22:00:00,,
10/22/2022,22:20,14.75,24.47,30.91,1493.39,10/22/2022 22:20:00,,
10/22/2022,22:40,14.72,25.23,31.76,1494.2,10/22/2022 22:40:00,,
10/22/2022,23:00,14.72,25.58,32.16,1494.62,10/22/2022 23:00:00,,
10/22/2022,23:20,14.69,25.23,31.74,1494.09,10/22/2022 23:20:00,,
10/22/2022,23:40,14.69,24.88,31.34,1493.68,10/22/2022 23:40:00,,
10/22/2022,0:00,14.69,25.49,32.04,1494.41,10/22/2022 0:00:00,,
10/23/2022,0:20,14.69,24.05,30.39,1492.69,10/23/2022 0:20:00,,
10/23/2022,0:40,14.66,24.24,30.59,1492.82,10/23/2022 0:40:00,,
10/23/2022,1:00,14.66,24.72,31.14,1493.39,10/23/2022 1:00:00,,
10/23/2022,1:20,14.63,24.61,30.99,1493.15,10/23/2022 1:20:00,,
10/23/2022,1:40,14.63,24.43,30.79,1492.94,10/23/2022 1:40:00,,
10/23/2022,2:00,14.6,23.66,29.88,1491.93,10/23/2022 2:00:00,,
10/23/2022,2:20,14.57,23.84,30.06,1492.03,10/23/2022 2:20:00,,
10/23/2022,2:40,14.54,23.24,29.36,1491.22,10/23/2022 2:40:00,,
10/23/2022,3:00,14.54,24.38,30.66,1492.58,10/23/2022 3:00:00,,
10/23/2022,3:20,14.51,23.94,30.13,1491.95,10/23/2022 3:20:00,,
10/23/2022,3:40,14.48,23.91,30.08,1491.81,10/23/2022 3:40:00,,
10/23/2022,4:00,14.51,23.17,29.26,1491.03,10/23/2022 4:00:00,,
10/23/2022,4:20,14.51,24.33,30.58,1492.42,10/23/2022 4:20:00,,
10/23/2022,4:40,14.51,24.33,30.58,1492.42,10/23/2022 4:40:00,,
10/23/2022,5:00,14.51,23.98,30.18,1492,10/23/2022 5:00:00,,
10/23/2022,5:20,14.51,24.18,30.41,1492.23,10/23/2022 5:20:00,,
10/23/2022,5:40,14.51,24.27,30.51,1492.34,10/23/2022 5:40:00,,
10/23/2022,6:00,14.51,24.47,30.73,1492.57,10/23/2022 6:00:00,,
10/23/2022,6:20,14.51,25.19,31.56,1493.44,10/23/2022 6:20:00,,
10/23/2022,6:40,14.51,24.95,31.28,1493.15,10/23/2022 6:40:00,,
10/23/2022,7:00,14.51,23.46,29.58,1491.37,10/23/2022 7:00:00,,
10/23/2022,7:20,14.51,24.66,30.96,1492.81,10/23/2022 7:20:00,,
10/23/2022,7:40,14.51,24.47,30.73,1492.57,10/23/2022 7:40:00,,
10/23/2022,8:00,14.51,24.75,31.06,1492.91,10/23/2022 8:00:00,,
10/23/2022,8:20,14.51,25.63,32.06,1493.96,10/23/2022 8:20:00,,
10/23/2022,8:40,14.54,26.36,32.91,1494.94,10/23/2022 8:40:00,,
10/23/2022,9:00,14.54,25.08,31.46,1493.41,10/23/2022 9:00:00,,
10/23/2022,9:20,14.54,26.19,32.71,1494.73,10/23/2022 9:20:00,,
10/23/2022,9:40,14.54,25.83,32.31,1494.31,10/23/2022 9:40:00,,
10/23/2022,10:00,14.57,25.86,32.36,1494.44,10/23/2022 10:00:00,,
10/23/2022,10:20,14.57,25.84,32.33,1494.41,10/23/2022 10:20:00,,
10/23/2022,10:40,14.6,25.33,31.79,1493.91,10/23/2022 10:40:00,,
10/23/2022,11:00,14.63,25.2,31.66,1493.86,10/23/2022 11:00:00,,
10/23/2022,11:20,14.66,26.11,32.71,1495.04,10/23/2022 11:20:00,,
10/23/2022,11:40,14.69,25.56,32.11,1494.49,10/23/2022 11:40:00,,
10/23/2022,12:00,14.69,25.58,32.14,1494.51,10/23/2022 12:00:00,,
10/23/2022,12:20,14.72,25.87,32.49,1494.95,10/23/2022 12:20:00,,
10/23/2022,12:40,14.75,25.63,32.24,1494.77,10/23/2022 12:40:00,,
10/23/2022,13:00,14.75,25.65,32.26,1494.8,10/23/2022 13:00:00,,
10/23/2022,13:20,14.78,25.92,32.59,1495.21,10/23/2022 13:20:00,,
10/23/2022,13:40,14.82,25.26,31.86,1494.54,10/23/2022 13:40:00,,
10/23/2022,14:00,14.88,26.1,32.87,1495.73,10/23/2022 14:00:00,,
10/23/2022,14:20,14.88,25.16,31.79,1494.61,10/23/2022 14:20:00,,
10/23/2022,14:40,14.88,25.16,31.79,1494.61,10/23/2022 14:40:00,,
10/23/2022,15:00,14.88,25.07,31.69,1494.51,10/23/2022 15:00:00,,
10/23/2022,15:20,14.88,24.61,31.17,1493.97,10/23/2022 15:20:00,,
10/23/2022,15:40,14.88,25.29,31.94,1494.77,10/23/2022 15:40:00,,
10/23/2022,16:00,14.88,26.23,33.02,1495.89,10/23/2022 16:00:00,,
10/23/2022,16:20,14.85,26.03,32.76,1495.55,10/23/2022 16:20:00,,
10/23/2022,16:40,14.75,26.57,33.31,1495.9,10/23/2022 16:40:00,,
10/23/2022,17:00,14.69,26.37,33.04,1495.45,10/23/2022 17:00:00,,
10/23/2022,17:20,14.63,26.3,32.91,1495.17,10/23/2022 17:20:00,,
10/23/2022,17:40,14.63,26.5,33.13,1495.4,10/23/2022 17:40:00,,
10/23/2022,18:00,14.63,26.61,33.26,1495.54,10/23/2022 18:00:00,,
10/23/2022,18:20,14.63,26.59,33.23,1495.51,10/23/2022 18:20:00,,
10/23/2022,18:40,14.66,25.23,31.71,1493.99,10/23/2022 18:40:00,,
10/23/2022,19:00,14.69,25.51,32.06,1494.43,10/23/2022 19:00:00,,
10/23/2022,19:20,14.69,26.04,32.66,1495.06,10/23/2022 19:20:00,,
10/23/2022,19:40,14.72,25.34,31.89,1494.33,10/23/2022 19:40:00,,
10/23/2022,20:00,14.72,25.87,32.49,1494.95,10/23/2022 20:00:00,,
10/23/2022,20:20,14.75,26.38,33.09,1495.66,10/23/2022 20:20:00,,
10/23/2022,20:40,14.75,26.68,33.44,1496.03,10/23/2022 20:40:00,,
10/23/2022,21:00,14.75,26.29,32.99,1495.55,10/23/2022 21:00:00,,
10/23/2022,21:20,14.75,26.73,33.49,1496.08,10/23/2022 21:20:00,,
10/23/2022,21:40,14.72,26.99,33.76,1496.29,10/23/2022 21:40:00,,
10/23/2022,22:00,14.69,26.81,33.54,1495.98,10/23/2022 22:00:00,,
10/23/2022,22:20,14.66,26.68,33.36,1495.72,10/23/2022 22:20:00,,
10/23/2022,22:40,14.63,26.7,33.36,1495.64,10/23/2022 22:40:00,,
10/23/2022,23:00,14.6,25.86,32.39,1494.54,10/23/2022 23:00:00,,
10/23/2022,23:20,14.6,26.96,33.63,1495.85,10/23/2022 23:20:00,,
10/23/2022,23:40,14.54,26.1,32.61,1494.62,10/23/2022 23:40:00,,
10/23/2022,0:00,14.48,26.47,32.98,1494.86,10/23/2022 0:00:00,,
10/24/2022,0:20,14.38,26.69,33.15,1494.81,10/24/2022 0:20:00,,
10/24/2022,0:40,14.23,27.06,33.45,1494.75,10/24/2022 0:40:00,,
10/24/2022,1:00,14.04,27.25,33.52,1494.36,10/24/2022 1:00:00,,
10/24/2022,1:20,13.89,26.62,32.69,1493.08,10/24/2022 1:20:00,,
10/24/2022,1:40,13.76,26.54,32.52,1492.58,10/24/2022 1:40:00,,
10/24/2022,2:00,13.64,26.63,32.51,1492.26,10/24/2022 2:00:00,,
10/24/2022,2:20,13.64,26.38,32.24,1491.96,10/24/2022 2:20:00,,
10/24/2022,2:40,13.64,25.91,31.72,1491.39,10/24/2022 2:40:00,,
10/24/2022,3:00,13.61,26.29,32.11,1491.75,10/24/2022 3:00:00,,
10/24/2022,3:20,13.61,26.22,32.04,1491.66,10/24/2022 3:20:00,,
10/24/2022,3:40,13.64,26.42,32.29,1492.02,10/24/2022 3:40:00,,
10/24/2022,4:00,13.67,26.2,32.07,1491.85,10/24/2022 4:00:00,,
10/24/2022,4:20,13.7,26.61,32.54,1492.45,10/24/2022 4:20:00,,
10/24/2022,4:40,13.79,26.28,32.24,1492.36,10/24/2022 4:40:00,,
10/24/2022,5:00,13.82,25.16,31.02,1491.12,10/24/2022 5:00:00,,
10/24/2022,5:20,13.82,25.92,31.87,1492.04,10/24/2022 5:20:00,,
10/24/2022,5:40,13.82,25.94,31.89,1492.06,10/24/2022 5:40:00,,
10/24/2022,6:00,13.79,25.8,31.72,1491.79,10/24/2022 6:00:00,,
10/24/2022,6:20,13.76,26.03,31.94,1491.96,10/24/2022 6:20:00,,
10/24/2022,6:40,13.76,25.89,31.79,1491.8,10/24/2022 6:40:00,,
10/24/2022,7:00,13.7,26.43,32.34,1492.23,10/24/2022 7:00:00,,
10/24/2022,7:20,13.64,26.76,32.66,1492.42,10/24/2022 7:20:00,,
10/24/2022,7:40,13.61,27.31,33.24,1492.97,10/24/2022 7:40:00,,
10/24/2022,8:00,13.57,27.55,33.49,1493.16,10/24/2022 8:00:00,,
10/24/2022,8:20,13.57,26.76,32.61,1492.21,10/24/2022 8:20:00,,
10/24/2022,8:40,13.57,27.51,33.44,1493.11,10/24/2022 8:40:00,,
10/24/2022,9:00,13.61,26.6,32.46,1492.13,10/24/2022 9:00:00,,
10/24/2022,9:20,13.64,27.42,33.39,1493.21,10/24/2022 9:20:00,,
10/24/2022,9:40,13.7,27.15,33.14,1493.1,10/24/2022 9:40:00,,
10/24/2022,10:00,13.73,27.33,33.36,1493.42,10/24/2022 10:00:00,,
10/24/2022,10:20,13.51,27.46,33.33,1492.84,10/24/2022 10:20:00,,
10/24/2022,10:40,13.17,27.52,33.13,1491.75,10/24/2022 10:40:00,,
10/24/2022,11:00,12.95,27.75,33.2,1491.27,10/24/2022 11:00:00,,
10/24/2022,11:20,12.76,27.56,32.84,1490.39,10/24/2022 11:20:00,,
10/24/2022,11:40,12.54,27.81,32.94,1489.93,10/24/2022 11:40:00,,
10/24/2022,12:00,12.47,27.2,32.24,1488.98,10/24/2022 12:00:00,,
10/24/2022,12:20,12.47,27.15,32.19,1488.92,10/24/2022 12:20:00,,
10/24/2022,12:40,12.47,26.8,31.81,1488.5,10/24/2022 12:40:00,,
10/24/2022,13:00,12.54,27.11,32.19,1489.09,10/24/2022 13:00:00,,
10/24/2022,13:20,12.54,27.18,32.27,1489.17,10/24/2022 13:20:00,,
10/24/2022,13:40,12.57,27.16,32.27,1489.25,10/24/2022 13:40:00,,
10/24/2022,14:00,12.6,26.93,32.04,1489.08,10/24/2022 14:00:00,,
10/24/2022,14:20,12.63,26.9,32.04,1489.17,10/24/2022 14:20:00,,
10/24/2022,14:40,12.69,26.86,32.04,1489.33,10/24/2022 14:40:00,,
10/24/2022,15:00,12.69,26.79,31.97,1489.25,10/24/2022 15:00:00,,
10/24/2022,15:20,12.73,26.4,31.57,1488.88,10/24/2022 15:20:00,,
10/24/2022,15:40,12.88,27.37,32.75,1490.6,10/24/2022 15:40:00,,
10/24/2022,16:00,13.36,26.5,32.16,1491.16,10/24/2022 16:00:00,,
10/24/2022,16:20,13.76,26.07,31.99,1492.01,10/24/2022 16:20:00,,
10/24/2022,16:40,14.1,27.08,33.37,1494.36,10/24/2022 16:40:00,,
10/24/2022,17:00,14.29,27.91,34.45,1495.97,10/24/2022 17:00:00,,
10/24/2022,17:20,14.38,27.96,34.58,1496.33,10/24/2022 17:20:00,,
10/24/2022,17:40,14.38,27.96,34.58,1496.33,10/24/2022 17:40:00,,
10/24/2022,18:00,14.35,27.35,33.88,1495.51,10/24/2022 18:00:00,,
10/24/2022,18:20,14.32,27.93,34.5,1496.1,10/24/2022 18:20:00,,
10/24/2022,18:40,14.29,27.53,34.03,1495.51,10/24/2022 18:40:00,,
10/24/2022,19:00,14.29,27.15,33.6,1495.06,10/24/2022 19:00:00,,
10/24/2022,19:20,14.26,27.31,33.75,1495.14,10/24/2022 19:20:00,,
10/24/2022,19:40,14.29,27.22,33.68,1495.14,10/24/2022 19:40:00,,
10/24/2022,20:00,14.29,27.6,34.1,1495.59,10/24/2022 20:00:00,,
10/24/2022,20:20,14.32,27.24,33.73,1495.27,10/24/2022 20:20:00,,
10/24/2022,20:40,14.32,27.51,34.03,1495.59,10/24/2022 20:40:00,,
10/24/2022,21:00,14.35,26.91,33.38,1494.98,10/24/2022 21:00:00,,
10/24/2022,21:20,14.35,27,33.48,1495.08,10/24/2022 21:20:00,,
10/24/2022,21:40,14.38,26.53,32.98,1494.63,10/24/2022 21:40:00,,
10/24/2022,22:00,14.45,27.71,34.35,1496.24,10/24/2022 22:00:00,,
10/24/2022,22:20,14.48,28.07,34.78,1496.77,10/24/2022 22:20:00,,
10/24/2022,22:40,14.41,28.07,34.73,1496.56,10/24/2022 22:40:00,,
10/24/2022,23:00,14.23,28.13,34.65,1496.03,10/24/2022 23:00:00,,
10/24/2022,23:20,13.98,28.02,34.32,1495.07,10/24/2022 23:20:00,,
10/24/2022,23:40,13.82,28.51,34.74,1495.14,10/24/2022 23:40:00,,
10/24/2022,0:00,13.67,28.26,34.34,1494.32,10/24/2022 0:00:00,,
10/25/2022,0:20,13.54,28.19,34.16,1493.82,10/25/2022 0:20:00,,
10/25/2022,0:40,13.51,28.17,34.11,1493.69,10/25/2022 0:40:00,,
10/25/2022,1:00,13.54,28.01,33.96,1493.6,10/25/2022 1:00:00,,
10/25/2022,1:20,13.51,27.6,33.48,1493,10/25/2022 1:20:00,,
10/25/2022,1:40,13.48,27.76,33.63,1493.09,10/25/2022 1:40:00,,
10/25/2022,2:00,13.51,27.74,33.63,1493.17,10/25/2022 2:00:00,,
10/25/2022,2:20,13.57,27.42,33.34,1493,10/25/2022 2:20:00,,
10/25/2022,2:40,13.57,27.08,32.96,1492.59,10/25/2022 2:40:00,,
10/25/2022,3:00,13.57,27.26,33.16,1492.81,10/25/2022 3:00:00,,
10/25/2022,3:20,13.57,27.03,32.91,1492.53,10/25/2022 3:20:00,,
10/25/2022,3:40,13.61,27.4,33.34,1493.08,10/25/2022 3:40:00,,
10/25/2022,4:00,13.54,27.15,33.01,1492.56,10/25/2022 4:00:00,,
10/25/2022,4:20,13.54,27.1,32.96,1492.51,10/25/2022 4:20:00,,
10/25/2022,4:40,13.57,27.01,32.89,1492.51,10/25/2022 4:40:00,,
10/25/2022,5:00,13.61,26.74,32.61,1492.29,10/25/2022 5:00:00,,
10/25/2022,5:20,13.7,27.35,33.36,1493.34,10/25/2022 5:20:00,,
10/25/2022,5:40,13.76,27.15,33.19,1493.31,10/25/2022 5:40:00,,
10/25/2022,6:00,13.82,26.91,32.97,1493.22,10/25/2022 6:00:00,,
10/25/2022,6:20,13.95,26.35,32.45,1492.97,10/25/2022 6:20:00,,
10/25/2022,6:40,14.04,27.46,33.75,1494.6,10/25/2022 6:40:00,,
10/25/2022,7:00,14.07,26.56,32.77,1493.64,10/25/2022 7:00:00,,
10/25/2022,7:20,14.14,25.81,31.98,1492.94,10/25/2022 7:20:00,,
10/25/2022,7:40,14.17,25.16,31.28,1492.27,10/25/2022 7:40:00,,
10/25/2022,8:00,14.14,26.61,32.87,1493.9,10/25/2022 8:00:00,,
10/25/2022,8:20,14.04,26.27,32.42,1493.18,10/25/2022 8:20:00,,
10/25/2022,8:40,13.89,23.56,29.27,1489.42,10/25/2022 8:40:00,,
10/25/2022,9:00,13.86,26.77,32.84,1493.17,10/25/2022 9:00:00,,
10/25/2022,9:20,13.95,26.42,32.52,1493.05,10/25/2022 9:20:00,,
10/25/2022,9:40,13.98,25.84,31.9,1492.46,10/25/2022 9:40:00,,
10/25/2022,10:00,14.01,26.4,32.55,1493.24,10/25/2022 10:00:00,,
10/25/2022,10:20,14.04,27.39,33.67,1494.52,10/25/2022 10:20:00,,
10/25/2022,10:40,14.04,27.28,33.55,1494.39,10/25/2022 10:40:00,,
10/25/2022,11:00,14.01,27.86,34.17,1494.98,10/25/2022 11:00:00,,
10/25/2022,11:20,13.98,27.77,34.04,1494.77,10/25/2022 11:20:00,,
10/25/2022,11:40,13.95,27.5,33.72,1494.34,10/25/2022 11:40:00,,
10/25/2022,12:00,13.89,25.86,31.85,1492.17,10/25/2022 12:00:00,,
10/25/2022,12:20,13.76,26.14,32.07,1492.09,10/25/2022 12:20:00,,
10/25/2022,12:40,13.7,26.52,32.44,1492.34,10/25/2022 12:40:00,,
10/25/2022,13:00,13.67,26.43,32.32,1492.12,10/25/2022 13:00:00,,
10/25/2022,13:20,13.61,26.13,31.94,1491.56,10/25/2022 13:20:00,,
10/25/2022,13:40,13.57,25.63,31.36,1490.85,10/25/2022 13:40:00,,
10/25/2022,14:00,13.57,25.23,30.91,1490.36,10/25/2022 14:00:00,,
10/25/2022,14:20,13.64,25.41,31.17,1490.8,10/25/2022 14:20:00,,
10/25/2022,14:40,13.67,25.77,31.59,1491.34,10/25/2022 14:40:00,,
10/25/2022,15:00,13.7,25.55,31.37,1491.18,10/25/2022 15:00:00,,
10/25/2022,15:20,13.76,24.97,30.77,1490.69,10/25/2022 15:20:00,,
10/25/2022,15:40,13.7,25.42,31.22,1491.01,10/25/2022 15:40:00,,
10/25/2022,16:00,13.73,25.6,31.44,1491.34,10/25/2022 16:00:00,,
10/25/2022,16:20,14.01,25.73,31.8,1492.43,10/25/2022 16:20:00,,
10/25/2022,16:40,14.23,25.39,31.58,1492.75,10/25/2022 16:40:00,,
10/25/2022,17:00,14.35,25.62,31.93,1493.44,10/25/2022 17:00:00,,
10/25/2022,17:20,14.29,1.4,2.14,1464.33,10/25/2022 17:20:00,,
10/25/2022,17:40,14.23,26.61,32.95,1494.21,10/25/2022 17:40:00,,
10/25/2022,18:00,14.14,26.68,32.95,1493.98,10/25/2022 18:00:00,,
10/25/2022,18:20,14.07,25.93,32.07,1492.89,10/25/2022 18:20:00,,
10/25/2022,18:40,14.04,26.02,32.15,1492.89,10/25/2022 18:40:00,,
10/25/2022,19:00,14.04,26.63,32.82,1493.61,10/25/2022 19:00:00,,
10/25/2022,19:20,14.01,26.47,32.62,1493.32,10/25/2022 19:20:00,,
10/25/2022,19:40,14.07,26.2,32.37,1493.21,10/25/2022 19:40:00,,
10/25/2022,20:00,14.14,25.89,32.08,1493.05,10/25/2022 20:00:00,,
10/25/2022,20:20,14.17,25.87,32.08,1493.13,10/25/2022 20:20:00,,
10/25/2022,20:40,14.2,25.9,32.13,1493.26,10/25/2022 20:40:00,,
10/25/2022,21:00,14.2,25.94,32.18,1493.31,10/25/2022 21:00:00,,
10/25/2022,21:20,14.23,25.21,31.38,1492.54,10/25/2022 21:20:00,,
10/25/2022,21:40,14.23,25.48,31.68,1492.86,10/25/2022 21:40:00,,
10/25/2022,22:00,14.26,24.79,30.93,1492.14,10/25/2022 22:00:00,,
10/25/2022,22:20,14.23,24.86,30.98,1492.12,10/25/2022 22:20:00,,
10/25/2022,22:40,14.23,25.08,31.23,1492.38,10/25/2022 22:40:00,,
10/25/2022,23:00,14.23,25.59,31.8,1492.99,10/25/2022 23:00:00,,
10/25/2022,23:20,14.2,25.77,31.98,1493.1,10/25/2022 23:20:00,,
10/25/2022,23:40,14.2,25.68,31.88,1492.99,10/25/2022 23:40:00,,
10/25/2022,0:00,14.17,25.41,31.55,1492.57,10/25/2022 0:00:00,,
10/26/2022,0:20,14.14,25.14,31.23,1492.14,10/26/2022 0:20:00,,
10/26/2022,0:40,14.1,25.96,32.12,1493.02,10/26/2022 0:40:00,,
10/26/2022,1:00,14.07,25.8,31.92,1492.73,10/26/2022 1:00:00,,
10/26/2022,1:20,14.07,25.36,31.42,1492.19,10/26/2022 1:20:00,,
10/26/2022,1:40,14.01,25.6,31.65,1492.27,10/26/2022 1:40:00,,
10/26/2022,2:00,13.92,25.12,31.05,1491.39,10/26/2022 2:00:00,,
10/26/2022,2:20,13.89,25.52,31.47,1491.77,10/26/2022 2:20:00,,
10/26/2022,2:40,13.89,24.16,29.95,1490.14,10/26/2022 2:40:00,,
10/26/2022,3:00,13.86,24.94,30.8,1490.96,10/26/2022 3:00:00,,
10/26/2022,3:20,13.79,23.9,29.59,1489.52,10/26/2022 3:20:00,,
10/26/2022,3:40,13.73,23.58,29.19,1488.92,10/26/2022 3:40:00,,
10/26/2022,4:00,13.7,24.27,29.94,1489.64,10/26/2022 4:00:00,,
10/26/2022,4:20,13.7,24.45,30.14,1489.86,10/26/2022 4:20:00,,
10/26/2022,4:40,13.73,24.1,29.77,1489.54,10/26/2022 4:40:00,,
10/26/2022,5:00,13.73,24.66,30.39,1490.21,10/26/2022 5:00:00,,
10/26/2022,5:20,13.67,24.11,29.74,1489.34,10/26/2022 5:20:00,,
10/26/2022,5:40,13.54,23.83,29.34,1488.58,10/26/2022 5:40:00,,
10/26/2022,6:00,13.51,24.93,30.54,1489.79,10/26/2022 6:00:00,,
10/26/2022,6:20,13.54,24.28,29.84,1489.12,10/26/2022 6:20:00,,
10/26/2022,6:40,13.61,23.77,29.31,1488.72,10/26/2022 6:40:00,,
10/26/2022,7:00,13.64,25.52,31.29,1490.93,10/26/2022 7:00:00,,
10/26/2022,7:20,13.64,24.67,30.34,1489.91,10/26/2022 7:20:00,,
10/26/2022,7:40,13.61,25.36,31.09,1490.64,10/26/2022 7:40:00,,
10/26/2022,8:00,13.54,22.35,27.68,1486.81,10/26/2022 8:00:00,,
10/26/2022,8:20,13.51,22.06,27.33,1486.35,10/26/2022 8:20:00,,
10/26/2022,8:40,13.48,22.01,27.25,1486.18,10/26/2022 8:40:00,,
10/26/2022,9:00,13.54,21.82,27.08,1486.17,10/26/2022 9:00:00,,
10/26/2022,9:20,13.51,21.88,27.13,1486.13,10/26/2022 9:20:00,,
10/26/2022,9:40,13.51,21.7,26.93,1485.92,10/26/2022 9:40:00,,
10/26/2022,10:00,13.51,22.68,28.03,1487.1,10/26/2022 10:00:00,,
10/26/2022,10:20,13.45,21.83,27.03,1485.85,10/26/2022 10:20:00,,
10/26/2022,10:40,13.45,22.67,27.98,1486.87,10/26/2022 10:40:00,,
10/26/2022,11:00,13.48,21.83,27.05,1485.97,10/26/2022 11:00:00,,
10/26/2022,11:20,13.36,25,30.51,1489.36,10/26/2022 11:20:00,,
10/26/2022,11:40,12.98,25.59,30.88,1488.77,10/26/2022 11:40:00,,
10/26/2022,12:00,12.73,25.8,30.92,1488.16,10/26/2022 12:00:00,,
10/26/2022,12:20,12.44,25.25,30.12,1486.5,10/26/2022 12:20:00,,
10/26/2022,12:40,12.16,26.35,31.08,1486.84,10/26/2022 12:40:00,,
10/26/2022,13:00,12.09,25.41,30.03,1485.47,10/26/2022 13:00:00,,
10/26/2022,13:20,12.06,25.57,30.18,1485.56,10/26/2022 13:20:00,,
10/26/2022,13:40,12.06,25.22,29.81,1485.13,10/26/2022 13:40:00,,
10/26/2022,14:00,12.28,24.45,29.14,1484.98,10/26/2022 14:00:00,,
10/26/2022,14:20,12.73,21.48,26.18,1482.93,10/26/2022 14:20:00,,
10/26/2022,14:40,13.1,20.31,25.1,1482.84,10/26/2022 14:40:00,,
10/26/2022,15:00,13.2,20.13,24.95,1482.94,10/26/2022 15:00:00,,
10/26/2022,15:20,13.36,20.78,25.79,1484.28,10/26/2022 15:20:00,,
10/26/2022,15:40,13.45,21.02,26.12,1484.89,10/26/2022 15:40:00,,
10/26/2022,16:00,13.42,20.77,25.82,1484.48,10/26/2022 16:00:00,,
10/26/2022,16:20,13.39,19.54,24.4,1482.89,10/26/2022 16:20:00,,
10/26/2022,16:40,13.36,19.62,24.47,1482.88,10/26/2022 16:40:00,,
10/26/2022,17:00,13.32,19.95,24.83,1483.17,10/26/2022 17:00:00,,
,,,,,,,,
,,,,,,,,
,,,,,,,,
,,,,,,,,
,,,,,,,,
,,,,,,,,
,,,,,,,,
,,,,,,,,
10/26/2022,20:00,13.42,23.57,28.96,1487.84,10/26/2022 20:00:00,,
10/26/2022,20:20,13.45,23.93,29.39,1488.38,10/26/2022 20:20:00,,
10/26/2022,20:40,13.48,23.96,29.44,1488.52,10/26/2022 20:40:00,,
10/26/2022,21:00,13.51,22.71,28.06,1487.13,10/26/2022 21:00:00,,
10/26/2022,21:20,13.51,23.15,28.56,1487.66,10/26/2022 21:20:00,,
10/26/2022,21:40,13.48,21.58,26.77,1485.67,10/26/2022 21:40:00,,
10/26/2022,22:00,13.45,20.53,25.56,1484.3,10/26/2022 22:00:00,,
10/26/2022,22:20,13.42,21.22,26.32,1485.01,10/26/2022 22:20:00,,
10/26/2022,22:40,13.39,20.54,25.54,1484.1,10/26/2022 22:40:00,,
10/26/2022,23:00,13.39,19.47,24.32,1482.81,10/26/2022 23:00:00,,
10/26/2022,23:20,13.39,23.7,29.08,1487.89,10/26/2022 23:20:00,,
10/26/2022,23:40,13.39,25.48,31.06,1490.04,10/26/2022 23:40:00,,
10/26/2022,0:00,13.39,26.23,31.88,1490.94,10/26/2022 0:00:00,,
10/27/2022,0:20,13.36,26.59,32.26,1491.27,10/27/2022 0:20:00,,
10/27/2022,0:40,13.32,26.5,32.13,1491.05,10/27/2022 0:40:00,,
10/27/2022,1:00,13.32,26.32,31.93,1490.83,10/27/2022 1:00:00,,
10/27/2022,1:20,13.32,26.77,32.43,1491.38,10/27/2022 1:20:00,,
10/27/2022,1:40,13.32,26.27,31.88,1490.77,10/27/2022 1:40:00,,
10/27/2022,2:00,13.23,26.36,31.91,1490.56,10/27/2022 2:00:00,,
10/27/2022,2:20,13.01,25.7,31.03,1489.02,10/27/2022 2:20:00,,
10/27/2022,2:40,12.76,25.23,30.32,1487.58,10/27/2022 2:40:00,,
10/27/2022,3:00,12.47,25.97,30.92,1487.49,10/27/2022 3:00:00,,
10/27/2022,3:20,12.38,25.64,30.49,1486.75,10/27/2022 3:20:00,,
10/27/2022,3:40,12.25,26.42,31.24,1487.26,10/27/2022 3:40:00,,
10/27/2022,4:00,12.12,26.42,31.13,1486.81,10/27/2022 4:00:00,,
10/27/2022,4:20,12.12,26.06,30.76,1486.38,10/27/2022 4:20:00,,
10/27/2022,4:40,12.09,25.48,30.11,1485.56,10/27/2022 4:40:00,,
10/27/2022,5:00,11.96,26.48,31.08,1486.33,10/27/2022 5:00:00,,
10/27/2022,5:20,11.8,23.96,28.27,1482.69,10/27/2022 5:20:00,,
10/27/2022,5:40,11.74,23.41,27.65,1481.8,10/27/2022 5:40:00,,
10/27/2022,6:00,11.74,22.81,26.99,1481.06,10/27/2022 6:00:00,,
10/27/2022,6:20,11.93,22.92,27.25,1481.89,10/27/2022 6:20:00,,
10/27/2022,6:40,12.19,22.75,27.23,1482.58,10/27/2022 6:40:00,,
10/27/2022,7:00,12.31,21.82,26.3,1481.9,10/27/2022 7:00:00,,
10/27/2022,7:20,12.38,22.04,26.58,1482.39,10/27/2022 7:20:00,,
10/27/2022,7:40,12.41,22.21,26.78,1482.7,10/27/2022 7:40:00,,
10/27/2022,8:00,12.38,25.85,30.71,1487.01,10/27/2022 8:00:00,,
10/27/2022,8:20,12.35,24.69,29.44,1485.49,10/27/2022 8:20:00,,
10/27/2022,8:40,12.35,24.69,29.44,1485.49,10/27/2022 8:40:00,,
10/27/2022,9:00,12.31,25.84,30.66,1486.78,10/27/2022 9:00:00,,
10/27/2022,9:20,12.35,25.4,30.21,1486.36,10/27/2022 9:20:00,,
10/27/2022,9:40,12.38,24.92,29.71,1485.88,10/27/2022 9:40:00,,
10/27/2022,10:00,12.41,24.83,29.64,1485.89,10/27/2022 10:00:00,,
10/27/2022,10:20,12.44,24.99,29.84,1486.2,10/27/2022 10:20:00,,
10/27/2022,10:40,12.44,25.97,30.89,1487.37,10/27/2022 10:40:00,,
10/27/2022,11:00,12.41,25.92,30.81,1487.21,10/27/2022 11:00:00,,
10/27/2022,11:20,12.38,25.62,30.46,1486.73,10/27/2022 11:20:00,,
10/27/2022,11:40,12.44,26.22,31.17,1487.68,10/27/2022 11:40:00,,
10/27/2022,12:00,12.51,26.3,31.29,1487.99,10/27/2022 12:00:00,,
10/27/2022,12:20,12.6,25.77,30.79,1487.68,10/27/2022 12:20:00,,
10/27/2022,12:40,12.66,25.45,30.5,1487.52,10/27/2022 12:40:00,,
10/27/2022,13:00,12.69,24.56,29.55,1486.55,10/27/2022 13:00:00,,
10/27/2022,13:20,12.73,23.71,28.64,1485.63,10/27/2022 13:20:00,,
10/27/2022,13:40,12.63,24.34,29.27,1486.07,10/27/2022 13:40:00,,
10/27/2022,14:00,12.57,23.81,28.64,1485.2,10/27/2022 14:00:00,,
10/27/2022,14:20,12.44,22.76,27.41,1483.49,10/27/2022 14:20:00,,
10/27/2022,14:40,12.35,23.3,27.93,1483.81,10/27/2022 14:40:00,,
10/27/2022,15:00,12.28,23.71,28.33,1484.08,10/27/2022 15:00:00,,
10/27/2022,15:20,12.25,23.43,28.01,1483.63,10/27/2022 15:20:00,,
10/27/2022,15:40,12.25,22.25,26.73,1482.2,10/27/2022 15:40:00,,
10/27/2022,16:00,12.38,24.07,28.79,1484.85,10/27/2022 16:00:00,,
10/27/2022,16:20,12.51,24.63,29.49,1485.98,10/27/2022 16:20:00,,
10/27/2022,16:40,12.66,25.45,30.5,1487.52,10/27/2022 16:40:00,,
10/27/2022,17:00,12.85,25.37,30.55,1488.08,10/27/2022 17:00:00,,
10/27/2022,17:20,13.04,24.95,30.23,1488.22,10/27/2022 17:20:00,,
,,,,,,,,
,,,,,,,,
10/29/2022,0:00,13.14,29.6,35.35,1494.15,10/29/2022 0:00:00,,
10/29/2022,0:30,13.17,29.69,35.48,1494.36,10/29/2022 0:30:00,,
10/29/2022,1:00,13.14,29.67,35.43,1494.23,10/29/2022 1:00:00,,
10/29/2022,1:30,12.95,29.65,35.25,1493.57,10/29/2022 1:30:00,,
10/29/2022,2:00,12.6,29.23,34.51,1491.88,10/29/2022 2:00:00,,
10/29/2022,2:30,12.47,29.87,35.09,1492.22,10/29/2022 2:30:00,,
10/29/2022,3:00,12.47,29.85,35.06,1492.19,10/29/2022 3:00:00,,
10/29/2022,3:30,12.41,29.76,34.91,1491.86,10/29/2022 3:30:00,,
10/29/2022,4:00,12.44,29.66,34.83,1491.85,10/29/2022 4:00:00,,
10/29/2022,4:30,12.47,29.49,34.69,1491.76,10/29/2022 4:30:00,,
10/29/2022,5:00,12.47,29.87,35.09,1492.22,10/29/2022 5:00:00,,
10/29/2022,5:30,12.47,29.87,35.09,1492.22,10/29/2022 5:30:00,,
10/29/2022,6:00,12.44,29.9,35.09,1492.14,10/29/2022 6:00:00,,
10/29/2022,6:30,12.35,29.88,34.98,1491.79,10/29/2022 6:30:00,,
10/29/2022,7:00,12.35,29.88,34.98,1491.79,10/29/2022 7:00:00,,
10/29/2022,7:30,12.31,29.78,34.86,1491.56,10/29/2022 7:30:00,,
10/29/2022,8:00,12.38,29.87,35.01,1491.89,10/29/2022 8:00:00,,
10/29/2022,8:30,12.41,26.25,31.17,1487.61,10/29/2022 8:30:00,,
10/29/2022,9:00,12.44,29.9,35.09,1492.14,10/29/2022 9:00:00,,
10/29/2022,9:30,12.51,29.87,35.11,1492.33,10/29/2022 9:30:00,,
10/29/2022,10:00,12.51,29.78,35.01,1492.21,10/29/2022 10:00:00,,
10/29/2022,10:30,12.51,29.71,34.94,1492.13,10/29/2022 10:30:00,,
10/29/2022,11:00,12.51,29.09,34.28,1491.38,10/29/2022 11:00:00,,
10/29/2022,11:30,12.57,29.89,35.19,1492.57,10/29/2022 11:30:00,,
10/29/2022,12:00,12.6,29.7,35.01,1492.45,10/29/2022 12:00:00,,
10/29/2022,12:30,12.6,29.63,34.94,1492.36,10/29/2022 12:30:00,,
10/29/2022,13:00,12.63,29.8,35.14,1492.67,10/29/2022 13:00:00,,
10/29/2022,13:30,12.6,29.28,34.56,1491.94,10/29/2022 13:30:00,,
10/29/2022,14:00,12.57,29.7,34.99,1492.34,10/29/2022 14:00:00,,
10/29/2022,14:30,12.73,26.94,32.16,1489.54,10/29/2022 14:30:00,,
10/29/2022,15:00,13.14,29.55,35.3,1494.09,10/29/2022 15:00:00,,
10/29/2022,15:30,13.39,29.74,35.71,1495.15,10/29/2022 15:30:00,,
10/29/2022,16:00,13.48,29.92,35.99,1495.69,10/29/2022 16:00:00,,
10/29/2022,16:30,13.32,29.74,35.66,1494.94,10/29/2022 16:30:00,,
10/29/2022,17:00,13.1,29.9,35.65,1494.41,10/29/2022 17:00:00,,
,,,,,,,,
,,,,,,,,
,,,,,,,,
,,,,,,,,
,,,,,,,,
,,,,,,,,
,,,,,,,,
10/29/2022,21:00,13.17,0.73,1.12,1459.46,10/29/2022 21:00:00,,
10/29/2022,21:30,13.2,29.2,34.98,1493.88,10/29/2022 21:30:00,,
10/29/2022,22:00,13.29,27.59,33.3,1492.25,10/29/2022 22:00:00,,
10/29/2022,22:30,13.39,16.42,20.81,1479.13,10/29/2022 22:30:00,,
10/29/2022,23:00,13.42,8.28,11.08,1469.45,10/29/2022 23:00:00,,
10/29/2022,23:30,13.45,11.02,14.45,1472.86,10/29/2022 23:30:00,,
10/30/2022,0:00,13.45,19.11,23.95,1482.59,10/30/2022 0:00:00,,
10/30/2022,0:30,13.45,13.95,17.94,1476.38,10/30/2022 0:30:00,,
10/30/2022,1:00,13.42,29.87,35.89,1495.42,10/30/2022 1:00:00,,
10/30/2022,1:30,13.39,29.71,35.68,1495.13,10/30/2022 1:30:00,,
10/30/2022,2:00,13.26,29.02,34.83,1493.87,10/30/2022 2:00:00,,
10/30/2022,2:30,12.98,29.25,34.85,1493.19,10/30/2022 2:30:00,,
10/30/2022,3:00,12.66,28.88,34.19,1491.67,10/30/2022 3:00:00,,
10/30/2022,3:30,12.47,27.96,33.06,1489.9,10/30/2022 3:30:00,,
10/30/2022,4:00,12.38,29.05,34.13,1490.89,10/30/2022 4:00:00,,
10/30/2022,4:30,12.38,29.78,34.91,1491.78,10/30/2022 4:30:00,,
10/30/2022,5:00,12.63,29.44,34.76,1492.24,10/30/2022 5:00:00,,
10/30/2022,5:30,12.82,29.89,35.39,1493.43,10/30/2022 5:30:00,,
10/30/2022,6:00,12.76,29.84,35.29,1493.16,10/30/2022 6:00:00,,
10/30/2022,6:30,12.69,29.82,35.22,1492.91,10/30/2022 6:30:00,,
10/30/2022,7:00,12.63,27.94,33.16,1490.42,10/30/2022 7:00:00,,
10/30/2022,7:30,12.47,29.87,35.09,1492.22,10/30/2022 7:30:00,,
10/30/2022,8:00,12.51,19.99,24.39,1480.35,10/30/2022 8:00:00,,
10/30/2022,8:30,12.54,28.48,33.66,1490.75,10/30/2022 8:30:00,,
10/30/2022,9:00,12.47,23.07,27.77,1483.97,10/30/2022 9:00:00,,
10/30/2022,9:30,12.44,23.97,28.73,1484.95,10/30/2022 9:30:00,,
10/30/2022,10:00,12.44,24.69,29.51,1485.82,10/30/2022 10:00:00,,
10/30/2022,10:30,12.51,20.38,24.82,1480.83,10/30/2022 10:30:00,,
10/30/2022,11:00,12.69,21.1,25.74,1482.37,10/30/2022 11:00:00,,
10/30/2022,11:30,12.69,21.33,26,1482.65,10/30/2022 11:30:00,,
10/30/2022,12:00,12.73,20.72,25.34,1482.02,10/30/2022 12:00:00,,
10/30/2022,12:30,12.73,20.93,25.57,1482.27,10/30/2022 12:30:00,,
10/30/2022,13:00,12.66,20.16,24.67,1481.12,10/30/2022 13:00:00,,
10/30/2022,13:30,12.6,20.4,24.9,1481.18,10/30/2022 13:30:00,,
10/30/2022,14:00,12.54,20.27,24.72,1480.81,10/30/2022 14:00:00,,
10/30/2022,14:30,12.54,20.5,24.98,1481.08,10/30/2022 14:30:00,,
10/30/2022,15:00,12.57,20.49,24.98,1481.17,10/30/2022 15:00:00,,
10/30/2022,15:30,12.6,20.49,25,1481.29,10/30/2022 15:30:00,,
10/30/2022,16:00,12.73,20.27,24.83,1481.46,10/30/2022 16:00:00,,
10/30/2022,16:30,12.88,19.91,24.52,1481.59,10/30/2022 16:30:00,,
10/30/2022,17:00,12.95,19.47,24.07,1481.28,10/30/2022 17:00:00,,
10/30/2022,17:30,13.04,20.26,25.01,1482.56,10/30/2022 17:30:00,,
10/30/2022,18:00,12.98,18.62,23.12,1480.36,10/30/2022 18:00:00,,
,,,,,,,,
,,,,,,,,
,,,,,,,,
,,,,,,,,
,,,,,,,,
,,,,,,,,
10/30/2022,21:30,12.76,26.5,31.71,1489.12,10/30/2022 21:30:00,,
10/30/2022,22:00,12.82,27.15,32.46,1490.12,10/30/2022 22:00:00,,
10/30/2022,22:30,12.82,28.18,33.56,1491.36,10/30/2022 22:30:00,,
10/30/2022,23:00,12.79,28.3,33.66,1491.39,10/30/2022 23:00:00,,
10/30/2022,23:30,12.76,21.76,26.51,1483.38,10/30/2022 23:30:00,,
10/31/2022,0:00,12.79,11.14,14.36,1470.65,10/31/2022 0:00:00,,
10/31/2022,0:30,12.79,5.22,7.11,1463.5,10/31/2022 0:30:00,,
10/31/2022,1:00,12.82,16.93,21.11,1477.76,10/31/2022 1:00:00,,
10/31/2022,1:30,12.82,14.8,18.67,1475.19,10/31/2022 1:30:00,,
10/31/2022,2:00,12.85,27.9,33.29,1491.13,10/31/2022 2:00:00,,
10/31/2022,2:30,12.82,29.14,34.59,1492.52,10/31/2022 2:30:00,,
10/31/2022,3:00,12.69,28.72,34.04,1491.58,10/31/2022 3:00:00,,
10/31/2022,3:30,12.38,27.61,32.6,1489.14,10/31/2022 3:30:00,,
10/31/2022,4:00,12,28.79,33.55,1489.25,10/31/2022 4:00:00,,
10/31/2022,4:30,11.87,29.6,34.29,1489.8,10/31/2022 4:30:00,,
10/31/2022,5:00,11.87,29.41,34.09,1489.56,10/31/2022 5:00:00,,
10/31/2022,5:30,11.93,29.55,34.3,1489.96,10/31/2022 5:30:00,,
10/31/2022,6:00,12.09,29.64,34.53,1490.62,10/31/2022 6:00:00,,
10/31/2022,6:30,12.12,29.07,33.95,1490.04,10/31/2022 6:30:00,,
10/31/2022,7:00,12.16,29.1,34,1490.18,10/31/2022 7:00:00,,
10/31/2022,7:30,12.28,28.95,33.95,1490.45,10/31/2022 7:30:00,,
10/31/2022,8:00,12.31,27.75,32.7,1489.09,10/31/2022 8:00:00,,
10/31/2022,8:30,12.28,29.09,34.1,1490.62,10/31/2022 8:30:00,,
10/31/2022,9:00,12.22,26.24,31.01,1486.93,10/31/2022 9:00:00,,
10/31/2022,9:30,12.19,27.58,32.42,1488.45,10/31/2022 9:30:00,,
10/31/2022,10:00,12.19,28.79,33.7,1489.91,10/31/2022 10:00:00,,
10/31/2022,10:30,12.22,28.76,33.7,1490,10/31/2022 10:30:00,,
10/31/2022,11:00,12.25,28.88,33.85,1490.25,10/31/2022 11:00:00,,
10/31/2022,11:30,12.25,27.93,32.85,1489.1,10/31/2022 11:30:00,,
10/31/2022,12:00,12.31,28.15,33.13,1489.58,10/31/2022 12:00:00,,
10/31/2022,12:30,12.44,26.93,31.92,1488.54,10/31/2022 12:30:00,,
10/31/2022,13:00,12.51,25.35,30.27,1486.84,10/31/2022 13:00:00,,
10/31/2022,13:30,12.54,28.81,34.01,1491.15,10/31/2022 13:30:00,,
10/31/2022,14:00,12.6,24.8,29.74,1486.51,10/31/2022 14:00:00,,
10/31/2022,14:30,12.66,28.39,33.66,1491.07,10/31/2022 14:30:00,,
10/31/2022,15:00,12.69,29.58,34.97,1492.63,10/31/2022 15:00:00,,
10/31/2022,15:30,12.69,23.56,28.45,1485.34,10/31/2022 15:30:00,,
10/31/2022,16:00,12.73,29.28,34.67,1492.37,10/31/2022 16:00:00,,
10/31/2022,16:30,12.76,30.01,35.47,1493.35,10/31/2022 16:30:00,,
10/31/2022,17:00,12.82,28.69,34.12,1491.98,10/31/2022 17:00:00,,
10/31/2022,17:30,12.79,29.23,34.67,1492.52,10/31/2022 17:30:00,,
10/31/2022,18:00,12.79,28.02,33.36,1491.05,10/31/2022 18:00:00,,
10/31/2022,18:30,12.85,26.23,31.48,1489.11,10/31/2022 18:30:00,,
10/31/2022,19:00,12.88,25.91,31.15,1488.83,10/31/2022 19:00:00,,
10/31/2022,19:30,12.88,23.22,28.21,1485.58,10/31/2022 19:30:00,,
10/31/2022,20:00,12.88,23.86,28.91,1486.36,10/31/2022 20:00:00,,
10/31/2022,20:30,12.88,22.26,27.14,1484.42,10/31/2022 20:30:00,,
10/31/2022,21:00,12.88,27.18,32.54,1490.37,10/31/2022 21:00:00,,
10/31/2022,21:30,12.92,27.37,32.76,1490.7,10/31/2022 21:30:00,,
10/31/2022,22:00,12.95,27.02,32.41,1490.39,10/31/2022 22:00:00,,
10/31/2022,22:30,12.95,24.55,29.72,1487.41,10/31/2022 22:30:00,,
10/31/2022,23:00,12.92,23.84,28.91,1486.44,10/31/2022 23:00:00,,
10/31/2022,23:30,12.92,20.69,25.42,1482.64,10/31/2022 23:30:00,,
11/1/2022,0:00,12.88,28.02,33.44,1491.38,11/01/2022 0:00:00,,
11/1/2022,0:30,12.85,27.5,32.86,1490.65,11/01/2022 0:30:00,,
11/1/2022,1:00,12.82,2.55,3.64,1460.39,11/01/2022 1:00:00,,
11/1/2022,1:30,12.82,27.97,33.34,1491.11,11/01/2022 1:30:00,,
11/1/2022,2:00,12.85,26.99,32.31,1490.04,11/01/2022 2:00:00,,
11/1/2022,2:30,12.85,28.86,34.32,1492.29,11/01/2022 2:30:00,,
11/1/2022,3:00,12.82,24.5,29.57,1486.91,11/01/2022 3:00:00,,
11/1/2022,3:30,12.85,29.42,34.92,1492.97,11/01/2022 3:30:00,,
11/1/2022,4:00,12.85,28.86,34.32,1492.29,11/01/2022 4:00:00,,
11/1/2022,4:30,12.85,28.86,34.32,1492.29,11/01/2022 4:30:00,,
11/1/2022,5:00,12.85,25.33,30.5,1488.02,11/01/2022 5:00:00,,
11/1/2022,5:30,12.79,24.77,29.84,1487.13,11/01/2022 5:30:00,,
11/1/2022,6:00,12.76,22.21,27.01,1483.93,11/01/2022 6:00:00,,
11/1/2022,6:30,12.73,22.92,27.77,1484.68,11/01/2022 6:30:00,,
11/1/2022,7:00,12.69,23.42,28.3,1485.17,11/01/2022 7:00:00,,
11/1/2022,7:30,12.69,25.76,30.85,1488,11/01/2022 7:30:00,,
11/1/2022,8:00,12.73,24.72,29.74,1486.85,11/01/2022 8:00:00,,
11/1/2022,8:30,12.76,29.02,34.42,1492.16,11/01/2022 8:30:00,,
11/1/2022,9:00,12.66,29.37,34.71,1492.26,11/01/2022 9:00:00,,
11/1/2022,9:30,12.69,26.38,31.53,1488.75,11/01/2022 9:30:00,,
11/1/2022,10:00,12.6,27.45,32.61,1489.72,11/01/2022 10:00:00,,
11/1/2022,10:30,12.54,26.68,31.73,1488.56,11/01/2022 10:30:00,,
11/1/2022,11:00,12.51,29.68,34.91,1492.1,11/01/2022 11:00:00,,
11/1/2022,11:30,12.54,24.26,29.11,1485.63,11/01/2022 11:30:00,,
11/1/2022,12:00,12.57,23.24,28.02,1484.52,11/01/2022 12:00:00,,
11/1/2022,12:30,12.6,23.34,28.15,1484.74,11/01/2022 12:30:00,,
11/1/2022,13:00,12.66,26.59,31.73,1488.9,11/01/2022 13:00:00,,
11/1/2022,13:30,12.73,22.46,27.27,1484.12,11/01/2022 13:30:00,,
11/1/2022,14:00,12.76,24.67,29.72,1486.91,11/01/2022 14:00:00,,
11/1/2022,14:30,12.88,18.82,23.3,1480.27,11/01/2022 14:30:00,,
11/1/2022,15:00,12.92,21.83,26.69,1484.01,11/01/2022 15:00:00,,
11/1/2022,15:30,12.92,17.16,21.42,1478.37,11/01/2022 15:30:00,,
11/1/2022,16:00,12.88,26.18,31.46,1489.17,11/01/2022 16:00:00,,
11/1/2022,16:30,12.88,21.09,25.85,1483.02,11/01/2022 16:30:00,,
11/1/2022,17:00,12.85,20.45,25.11,1482.13,11/01/2022 17:00:00,,
11/1/2022,17:30,12.88,22.55,27.47,1484.78,11/01/2022 17:30:00,,
11/1/2022,18:00,12.95,23.82,28.91,1486.53,11/01/2022 18:00:00,,
11/1/2022,18:30,12.98,24.1,29.24,1486.97,11/01/2022 18:30:00,,
11/1/2022,19:00,12.98,23.62,28.71,1486.39,11/01/2022 19:00:00,,
11/1/2022,19:30,12.95,26.4,31.73,1489.64,11/01/2022 19:30:00,,
11/1/2022,20:00,12.92,22.12,27.02,1484.37,11/01/2022 20:00:00,,
11/1/2022,20:30,12.85,17.61,21.91,1478.7,11/01/2022 20:30:00,,
11/1/2022,21:00,12.85,21.61,26.41,1483.53,11/01/2022 21:00:00,,
11/1/2022,21:30,12.82,19.56,24.09,1480.94,11/01/2022 21:30:00,,
11/1/2022,22:00,12.79,17.21,21.42,1477.99,11/01/2022 22:00:00,,
11/1/2022,22:30,12.79,16.74,20.88,1477.42,11/01/2022 22:30:00,,
11/1/2022,23:00,12.79,16.06,20.1,1476.6,11/01/2022 23:00:00,,
11/1/2022,23:30,12.76,16.02,20.05,1476.45,11/01/2022 23:30:00,,
11/2/2022,0:00,12.76,16.05,20.07,1476.47,11/02/2022 0:00:00,,
11/2/2022,0:30,12.76,16,20.02,1476.42,11/02/2022 0:30:00,,
11/2/2022,1:00,12.73,15.79,19.76,1476.05,11/02/2022 1:00:00,,
11/2/2022,1:30,12.69,16.44,20.49,1476.72,11/02/2022 1:30:00,,
11/2/2022,2:00,12.69,16.05,20.05,1476.25,11/02/2022 2:00:00,,
11/2/2022,2:30,12.69,16.03,20.02,1476.23,11/02/2022 2:30:00,,
11/2/2022,3:00,12.66,15.9,19.86,1475.97,11/02/2022 3:00:00,,
11/2/2022,3:30,12.66,15.77,19.71,1475.8,11/02/2022 3:30:00,,
11/2/2022,4:00,12.69,17.59,21.8,1478.12,11/02/2022 4:00:00,,
11/2/2022,4:30,12.69,19.73,24.22,1480.71,11/02/2022 4:30:00,,
11/2/2022,5:00,12.73,21.52,26.23,1482.98,11/02/2022 5:00:00,,
11/2/2022,5:30,12.76,19.34,23.81,1480.45,11/02/2022 5:30:00,,
11/2/2022,6:00,12.69,19.78,24.27,1480.77,11/02/2022 6:00:00,,
11/2/2022,6:30,12.63,25.73,30.77,1487.74,11/02/2022 6:30:00,,
11/2/2022,7:00,12.6,23.11,27.9,1484.46,11/02/2022 7:00:00,,
11/2/2022,7:30,12.6,21.2,25.79,1482.15,11/02/2022 7:30:00,,
11/2/2022,8:00,12.57,20.3,24.77,1480.95,11/02/2022 8:00:00,,
11/2/2022,8:30,12.51,20.73,25.21,1481.24,11/02/2022 8:30:00,,
11/2/2022,9:00,12.51,22.04,26.65,1482.83,11/02/2022 9:00:00,,
11/2/2022,9:30,12.47,22.68,27.34,1483.5,11/02/2022 9:30:00,,
11/2/2022,10:00,12.47,22.1,26.7,1482.8,11/02/2022 10:00:00,,
11/2/2022,10:30,12.51,22.47,27.14,1483.36,11/02/2022 10:30:00,,
11/2/2022,11:00,12.51,19.78,24.16,1480.1,11/02/2022 11:00:00,,
11/2/2022,11:30,12.54,29.85,35.11,1492.41,11/02/2022 11:30:00,,
11/2/2022,12:00,12.54,29.78,35.04,1492.32,11/02/2022 12:00:00,,
11/2/2022,12:30,12.54,27.26,32.35,1489.27,11/02/2022 12:30:00,,
11/2/2022,13:00,12.57,29.45,34.71,1492.03,11/02/2022 13:00:00,,
11/2/2022,13:30,12.63,29.82,35.16,1492.7,11/02/2022 13:30:00,,
11/2/2022,14:00,12.66,29.3,34.64,1492.18,11/02/2022 14:00:00,,
11/2/2022,14:30,12.66,29.75,35.12,1492.72,11/02/2022 14:30:00,,
11/2/2022,15:00,12.69,29.91,35.32,1493.03,11/02/2022 15:00:00,,
11/2/2022,15:30,12.69,30.03,35.44,1493.17,11/02/2022 15:30:00,,
11/2/2022,16:00,12.69,29.87,35.27,1492.97,11/02/2022 16:00:00,,
11/2/2022,16:30,12.69,29.3,34.67,1492.29,11/02/2022 16:30:00,,
11/2/2022,17:00,12.66,29.66,35.02,1492.61,11/02/2022 17:00:00,,
11/2/2022,17:30,12.66,29.66,35.02,1492.61,11/02/2022 17:30:00,,
11/2/2022,18:00,12.6,29.85,35.16,1492.62,11/02/2022 18:00:00,,
11/2/2022,18:30,12.6,30.08,35.41,1492.91,11/02/2022 18:30:00,,
11/2/2022,19:00,12.63,30.15,35.52,1493.1,11/02/2022 19:00:00,,
11/2/2022,19:30,12.79,29.96,35.44,1493.4,11/02/2022 19:30:00,,
11/2/2022,20:00,12.88,30.03,35.6,1493.81,11/02/2022 20:00:00,,
11/2/2022,20:30,12.88,29.7,35.25,1493.41,11/02/2022 20:30:00,,
11/2/2022,21:00,12.88,22.87,27.83,1485.17,11/02/2022 21:00:00,,
11/2/2022,21:30,12.82,21.36,26.1,1483.11,11/02/2022 21:30:00,,
11/2/2022,22:00,12.76,29.63,35.07,1492.9,11/02/2022 22:00:00,,
11/2/2022,22:30,12.79,29.94,35.42,1493.38,11/02/2022 22:30:00,,
11/2/2022,23:00,12.76,29.98,35.44,1493.33,11/02/2022 23:00:00,,
11/2/2022,23:30,12.82,30,35.52,1493.57,11/02/2022 23:30:00,,
11/3/2022,0:00,12.92,25.31,30.53,1488.22,11/03/2022 0:00:00,,
11/3/2022,0:30,12.82,25,30.12,1487.52,11/03/2022 0:30:00,,
11/3/2022,1:00,12.88,24.78,29.92,1487.47,11/03/2022 1:00:00,,
11/3/2022,1:30,12.88,24.73,29.87,1487.41,11/03/2022 1:30:00,,
11/3/2022,2:00,12.88,25.91,31.15,1488.83,11/03/2022 2:00:00,,
11/3/2022,2:30,12.92,27.88,33.32,1491.32,11/03/2022 2:30:00,,
11/3/2022,3:00,12.88,27.32,32.69,1490.54,11/03/2022 3:00:00,,
11/3/2022,3:30,12.85,19.06,23.55,1480.46,11/03/2022 3:30:00,,
11/3/2022,4:00,12.85,20.06,24.68,1481.66,11/03/2022 4:00:00,,
11/3/2022,4:30,12.79,18.39,22.76,1479.42,11/03/2022 4:30:00,,
11/3/2022,5:00,12.76,29.44,34.87,1492.67,11/03/2022 5:00:00,,
11/3/2022,5:30,12.76,29.21,34.62,1492.39,11/03/2022 5:30:00,,
11/3/2022,6:00,12.79,29.16,34.59,1492.44,11/03/2022 6:00:00,,
11/3/2022,6:30,12.82,29.21,34.67,1492.6,11/03/2022 6:30:00,,
11/3/2022,7:00,12.82,28.97,34.42,1492.32,11/03/2022 7:00:00,,
11/3/2022,7:30,12.82,29.07,34.52,1492.43,11/03/2022 7:30:00,,
11/3/2022,8:00,12.82,29.16,34.62,1492.55,11/03/2022 8:00:00,,
11/3/2022,8:30,12.79,29.3,34.74,1492.61,11/03/2022 8:30:00,,
11/3/2022,9:00,12.73,29.33,34.72,1492.42,11/03/2022 9:00:00,,
11/3/2022,9:30,12.66,28.9,34.21,1491.7,11/03/2022 9:30:00,,
11/3/2022,10:00,12.63,29.28,34.59,1492.04,11/03/2022 10:00:00,,
11/3/2022,10:30,12.63,29.14,34.44,1491.87,11/03/2022 10:30:00,,
11/3/2022,11:00,12.6,29.28,34.56,1491.94,11/03/2022 11:00:00,,
11/3/2022,11:30,12.57,29.37,34.64,1491.94,11/03/2022 11:30:00,,
11/3/2022,12:00,12.6,29.37,34.66,1492.05,11/03/2022 12:00:00,,
11/3/2022,12:30,12.66,29,34.31,1491.81,11/03/2022 12:30:00,,
11/3/2022,13:00,12.6,29.19,34.46,1491.82,11/03/2022 13:00:00,,
11/3/2022,13:30,12.57,29.23,34.49,1491.77,11/03/2022 13:30:00,,
11/3/2022,14:00,12.6,29.47,34.76,1492.16,11/03/2022 14:00:00,,
11/3/2022,14:30,12.76,29.11,34.52,1492.28,11/03/2022 14:30:00,,
11/3/2022,15:00,12.76,29.35,34.77,1492.56,11/03/2022 15:00:00,,
11/3/2022,15:30,12.82,29.18,34.64,1492.57,11/03/2022 15:30:00,,
11/3/2022,16:00,12.85,29.09,34.57,1492.57,11/03/2022 16:00:00,,
11/3/2022,16:30,12.85,29.14,34.62,1492.63,11/03/2022 16:30:00,,
11/3/2022,17:00,12.82,29.07,34.52,1492.43,11/03/2022 17:00:00,,
11/3/2022,17:30,12.79,30.01,35.49,1493.46,11/03/2022 17:30:00,,
11/3/2022,18:00,12.73,29.47,34.87,1492.59,11/03/2022 18:00:00,,
11/3/2022,18:30,12.73,29.16,34.54,1492.22,11/03/2022 18:30:00,,
11/3/2022,19:00,12.73,29.7,35.12,1492.88,11/03/2022 19:00:00,,
11/3/2022,19:30,12.73,29.11,34.49,1492.17,11/03/2022 19:30:00,,
11/3/2022,20:00,12.76,29.14,34.54,1492.3,11/03/2022 20:00:00,,
11/3/2022,20:30,12.88,29.21,34.72,1492.82,11/03/2022 20:30:00,,
11/3/2022,21:00,12.95,29.25,34.82,1493.09,11/03/2022 21:00:00,,
11/3/2022,21:30,12.92,29.23,34.77,1492.95,11/03/2022 21:30:00,,
11/3/2022,22:00,12.88,28.83,34.32,1492.37,11/03/2022 22:00:00,,
11/3/2022,22:30,12.85,28.9,34.37,1492.34,11/03/2022 22:30:00,,
11/3/2022,23:00,12.82,30.12,35.65,1493.71,11/03/2022 23:00:00,,
11/3/2022,23:30,12.79,30.1,35.59,1493.57,11/03/2022 23:30:00,,
11/4/2022,0:00,12.73,30.1,35.54,1493.36,11/04/2022 0:00:00,,
11/4/2022,0:30,12.69,29.94,35.34,1493.06,11/04/2022 0:30:00,,
11/4/2022,1:00,12.66,29.82,35.19,1492.81,11/04/2022 1:00:00,,
11/4/2022,1:30,12.6,29.82,35.14,1492.59,11/04/2022 1:30:00,,
11/4/2022,2:00,12.6,29.8,35.11,1492.56,11/04/2022 2:00:00,,
11/4/2022,2:30,12.57,29.8,35.09,1492.46,11/04/2022 2:30:00,,
11/4/2022,3:00,12.57,29.73,35.01,1492.37,11/04/2022 3:00:00,,
11/4/2022,3:30,12.63,29.56,34.89,1492.39,11/04/2022 3:30:00,,
11/4/2022,4:00,12.63,29.7,35.04,1492.56,11/04/2022 4:00:00,,
11/4/2022,4:30,12.63,29.92,35.27,1492.81,11/04/2022 4:30:00,,
11/4/2022,5:00,12.66,29.94,35.32,1492.95,11/04/2022 5:00:00,,
11/4/2022,5:30,12.66,23.56,28.43,1485.22,11/04/2022 5:30:00,,
11/4/2022,6:00,12.63,20.64,25.18,1481.58,11/04/2022 6:00:00,,
11/4/2022,6:30,12.63,30.1,35.47,1493.04,11/04/2022 6:30:00,,
11/4/2022,7:00,12.63,30.03,35.39,1492.96,11/04/2022 7:00:00,,
11/4/2022,7:30,12.63,30.08,35.44,1493.01,11/04/2022 7:30:00,,
11/4/2022,8:00,12.63,30.08,35.44,1493.01,11/04/2022 8:00:00,,
11/4/2022,8:30,12.54,30.08,35.36,1492.69,11/04/2022 8:30:00,,
11/4/2022,9:00,12.41,30.13,35.31,1492.32,11/04/2022 9:00:00,,
11/4/2022,9:30,12.38,30.14,35.28,1492.21,11/04/2022 9:30:00,,
11/4/2022,10:00,12.38,30.14,35.28,1492.21,11/04/2022 10:00:00,,
11/4/2022,10:30,12.38,30.11,35.26,1492.18,11/04/2022 10:30:00,,
11/4/2022,11:00,12.38,30.14,35.28,1492.21,11/04/2022 11:00:00,,
11/4/2022,11:30,12.41,30.16,35.34,1492.35,11/04/2022 11:30:00,,
11/4/2022,12:00,12.41,30.16,35.34,1492.35,11/04/2022 12:00:00,,
11/4/2022,12:30,12.44,30.13,35.34,1492.43,11/04/2022 12:30:00,,
11/4/2022,13:00,12.51,29.99,35.24,1492.47,11/04/2022 13:00:00,,
11/4/2022,13:30,12.54,29.92,35.19,1492.49,11/04/2022 13:30:00,,
11/4/2022,14:00,12.6,29.94,35.26,1492.73,11/04/2022 14:00:00,,
11/4/2022,14:30,12.6,29.92,35.24,1492.71,11/04/2022 14:30:00,,
11/4/2022,15:00,12.63,29.82,35.16,1492.7,11/04/2022 15:00:00,,
11/4/2022,15:30,12.79,29.68,35.14,1493.06,11/04/2022 15:30:00,,
11/4/2022,16:00,12.92,29.77,35.35,1493.6,11/04/2022 16:00:00,,
11/4/2022,16:30,13.01,29.72,35.37,1493.86,11/04/2022 16:30:00,,
11/4/2022,17:00,13.1,29.74,35.48,1494.21,11/04/2022 17:00:00,,
11/4/2022,17:30,13.17,29.72,35.5,1494.39,11/04/2022 17:30:00,,
11/4/2022,18:00,13.2,29.69,35.5,1494.47,11/04/2022 18:00:00,,
11/4/2022,18:30,13.2,29.9,35.73,1494.72,11/04/2022 18:30:00,,
11/4/2022,19:00,13.2,30,35.83,1494.83,11/04/2022 19:00:00,,
11/4/2022,19:30,13.17,30,35.8,1494.73,11/04/2022 19:30:00,,
11/4/2022,20:00,13.17,28.76,34.48,1493.24,11/04/2022 20:00:00,,
11/4/2022,20:30,13.14,28.69,34.37,1493.05,11/04/2022 20:30:00,,
11/4/2022,21:00,13.14,29.48,35.23,1494.01,11/04/2022 21:00:00,,
11/4/2022,21:30,13.1,29.48,35.2,1493.9,11/04/2022 21:30:00,,
11/4/2022,22:00,13.1,29.39,35.1,1493.79,11/04/2022 22:00:00,,
11/4/2022,22:30,13.1,29.41,35.13,1493.82,11/04/2022 22:30:00,,
11/4/2022,23:00,13.1,29.18,34.88,1493.54,11/04/2022 23:00:00,,
11/4/2022,23:30,13.1,28.86,34.52,1493.14,11/04/2022 23:30:00,,
11/5/2022,0:00,13.1,28.65,34.3,1492.89,11/05/2022 0:00:00,,
11/5/2022,0:30,13.1,28.86,34.52,1493.14,11/05/2022 0:30:00,,
11/5/2022,1:00,13.1,28.32,33.95,1492.5,11/05/2022 1:00:00,,
11/5/2022,1:30,13.07,29.95,35.68,1494.36,11/05/2022 1:30:00,,
11/5/2022,2:00,13.04,29.93,35.63,1494.22,11/05/2022 2:00:00,,
11/5/2022,2:30,13.01,30,35.68,1494.2,11/05/2022 2:30:00,,
11/5/2022,3:00,12.98,29.98,35.62,1494.07,11/05/2022 3:00:00,,
11/5/2022,3:30,13.01,29.23,34.85,1493.27,11/05/2022 3:30:00,,
11/5/2022,4:00,13.01,29.28,34.9,1493.33,11/05/2022 4:00:00,,
11/5/2022,4:30,13.01,29.42,35.05,1493.5,11/05/2022 4:30:00,,
11/5/2022,5:00,13.04,30.05,35.75,1494.36,11/05/2022 5:00:00,,
11/5/2022,5:30,13.04,29.91,35.6,1494.2,11/05/2022 5:30:00,,
11/5/2022,6:00,13.04,30.07,35.78,1494.39,11/05/2022 6:00:00,,
11/5/2022,6:30,13.04,30.05,35.75,1494.36,11/05/2022 6:30:00,,
11/5/2022,7:00,13.07,30.07,35.8,1494.5,11/05/2022 7:00:00,,
11/5/2022,7:30,13.04,29.09,34.72,1493.21,11/05/2022 7:30:00,,
11/5/2022,8:00,12.95,30.1,35.72,1494.1,11/05/2022 8:00:00,,
11/5/2022,8:30,12.95,30.1,35.72,1494.1,11/05/2022 8:30:00,,
11/5/2022,9:00,12.98,30.09,35.75,1494.21,11/05/2022 9:00:00,,
11/5/2022,9:30,12.98,30.09,35.75,1494.21,11/05/2022 9:30:00,,
11/5/2022,10:00,12.98,30.05,35.7,1494.15,11/05/2022 10:00:00,,
11/5/2022,10:30,12.95,30.07,35.7,1494.08,11/05/2022 10:30:00,,
11/5/2022,11:00,12.82,30.08,35.6,1493.65,11/05/2022 11:00:00,,
11/5/2022,11:30,12.82,30.08,35.6,1493.65,11/05/2022 11:30:00,,
11/5/2022,12:00,12.85,30.03,35.57,1493.7,11/05/2022 12:00:00,,
11/5/2022,12:30,12.88,29.89,35.45,1493.64,11/05/2022 12:30:00,,
11/5/2022,13:00,12.95,29.67,35.27,1493.6,11/05/2022 13:00:00,,
11/5/2022,13:30,12.98,29.09,34.67,1493,11/05/2022 13:30:00,,
11/5/2022,14:00,12.98,27.88,33.37,1491.54,11/05/2022 14:00:00,,
11/5/2022,14:30,13.1,26.24,31.69,1489.99,11/05/2022 14:30:00,,
11/5/2022,15:00,13.17,27.75,33.37,1492.02,11/05/2022 15:00:00,,
11/5/2022,15:30,13.2,7.38,9.9,1467.59,11/05/2022 15:30:00,,
11/5/2022,16:00,13.26,30.04,35.93,1495.1,11/05/2022 16:00:00,,
11/5/2022,16:30,13.26,29.78,35.66,1494.79,11/05/2022 16:30:00,,
11/5/2022,17:00,13.26,29.95,35.83,1494.99,11/05/2022 17:00:00,,
11/5/2022,17:30,13.26,29.99,35.88,1495.04,11/05/2022 17:30:00,,
11/5/2022,18:00,13.26,29.95,35.83,1494.99,11/05/2022 18:00:00,,
11/5/2022,18:30,13.26,29.99,35.88,1495.04,11/05/2022 18:30:00,,
11/5/2022,19:00,13.26,30.18,36.08,1495.27,11/05/2022 19:00:00,,
11/5/2022,19:30,13.26,30.2,36.11,1495.29,11/05/2022 19:30:00,,
11/5/2022,20:00,13.26,30.11,36.01,1495.18,11/05/2022 20:00:00,,
11/5/2022,20:30,13.26,30.18,36.08,1495.27,11/05/2022 20:30:00,,
11/5/2022,21:00,13.26,30.16,36.06,1495.24,11/05/2022 21:00:00,,
11/5/2022,21:30,13.26,30.13,36.03,1495.21,11/05/2022 21:30:00,,
11/5/2022,22:00,13.26,30.11,36.01,1495.18,11/05/2022 22:00:00,,
11/5/2022,22:30,13.29,30.06,35.98,1495.23,11/05/2022 22:30:00,,
11/5/2022,23:00,13.26,30.02,35.91,1495.07,11/05/2022 23:00:00,,
11/5/2022,23:30,13.26,30.09,35.98,1495.15,11/05/2022 23:30:00,,
11/6/2022,0:00,13.23,30.11,35.98,1495.08,11/06/2022 0:00:00,,
11/6/2022,0:30,13.23,30.13,36.01,1495.11,11/06/2022 0:30:00,,
11/6/2022,1:00,13.23,30.13,36.01,1495.11,11/06/2022 1:00:00,,
11/6/2022,1:30,13.23,30.09,35.96,1495.05,11/06/2022 1:30:00,,
11/6/2022,2:00,13.23,30.02,35.88,1494.97,11/06/2022 2:00:00,,
11/6/2022,2:30,13.14,30.07,35.85,1494.71,11/06/2022 2:30:00,,
11/6/2022,3:00,13.1,29.97,35.73,1494.49,11/06/2022 3:00:00,,
11/6/2022,3:30,13.1,29.95,35.7,1494.46,11/06/2022 3:30:00,,
11/6/2022,4:00,13.1,29.95,35.7,1494.46,11/06/2022 4:00:00,,
11/6/2022,4:30,13.07,29.93,35.65,1494.33,11/06/2022 4:30:00,,
11/6/2022,5:00,13.07,29.88,35.6,1494.27,11/06/2022 5:00:00,,
11/6/2022,5:30,13.07,30.07,35.8,1494.5,11/06/2022 5:30:00,,
11/6/2022,6:00,13.1,30.09,35.85,1494.63,11/06/2022 6:00:00,,
11/6/2022,6:30,13.1,30.14,35.9,1494.69,11/06/2022 6:30:00,,
11/6/2022,7:00,13.1,30.14,35.9,1494.69,11/06/2022 7:00:00,,
11/6/2022,7:30,13.1,30,35.75,1494.52,11/06/2022 7:30:00,,
11/6/2022,8:00,13.1,30.09,35.85,1494.63,11/06/2022 8:00:00,,
11/6/2022,8:30,13.1,29.95,35.7,1494.46,11/06/2022 8:30:00,,
11/6/2022,9:00,13.1,30.09,35.85,1494.63,11/06/2022 9:00:00,,
11/6/2022,9:30,13.1,30.11,35.88,1494.66,11/06/2022 9:30:00,,
11/6/2022,10:00,13.14,30.09,35.88,1494.74,11/06/2022 10:00:00,,
11/6/2022,10:30,13.17,30.07,35.88,1494.81,11/06/2022 10:30:00,,
11/6/2022,11:00,13.17,30.07,35.88,1494.81,11/06/2022 11:00:00,,
11/6/2022,11:30,13.17,29.55,35.33,1494.2,11/06/2022 11:30:00,,
11/6/2022,12:00,13.17,26.94,32.49,1491.04,11/06/2022 12:00:00,,
11/6/2022,12:30,13.2,30.07,35.91,1494.92,11/06/2022 12:30:00,,
11/6/2022,13:00,13.2,30.09,35.93,1494.95,11/06/2022 13:00:00,,
11/6/2022,13:30,13.2,30.02,35.85,1494.86,11/06/2022 13:30:00,,
11/6/2022,14:00,13.2,30,35.83,1494.83,11/06/2022 14:00:00,,
11/6/2022,14:30,13.17,30.04,35.85,1494.78,11/06/2022 14:30:00,,
11/6/2022,15:00,13.23,29.76,35.61,1494.66,11/06/2022 15:00:00,,
11/6/2022,15:30,13.23,29.81,35.66,1494.71,11/06/2022 15:30:00,,
11/6/2022,16:00,13.23,29.74,35.58,1494.63,11/06/2022 16:00:00,,
11/6/2022,16:30,13.23,29.72,35.56,1494.6,11/06/2022 16:30:00,,
11/6/2022,17:00,13.23,29.6,35.43,1494.46,11/06/2022 17:00:00,,
11/6/2022,17:30,13.23,29.02,34.8,1493.76,11/06/2022 17:30:00,,
11/6/2022,18:00,13.26,29.71,35.58,1494.71,11/06/2022 18:00:00,,
11/6/2022,18:30,13.17,29.67,35.45,1494.34,11/06/2022 18:30:00,,
11/6/2022,19:00,12.98,29.81,35.45,1493.87,11/06/2022 19:00:00,,
11/6/2022,19:30,12.88,30.1,35.67,1493.89,11/06/2022 19:30:00,,
11/6/2022,20:00,12.92,30.1,35.7,1494,11/06/2022 20:00:00,,
11/6/2022,20:30,12.92,30.17,35.77,1494.08,11/06/2022 20:30:00,,
11/6/2022,21:00,12.88,30.14,35.72,1493.95,11/06/2022 21:00:00,,
11/6/2022,21:30,12.85,30.14,35.7,1493.84,11/06/2022 21:30:00,,
11/6/2022,22:00,12.85,30.03,35.57,1493.7,11/06/2022 22:00:00,,
11/6/2022,22:30,12.85,30.12,35.67,1493.82,11/06/2022 22:30:00,,
11/6/2022,23:00,12.88,29.72,35.27,1493.44,11/06/2022 23:00:00,,
11/6/2022,23:30,12.92,30.14,35.75,1494.06,11/06/2022 23:30:00,,
11/7/2022,0:00,12.85,30.17,35.72,1493.87,11/07/2022 0:00:00,,
11/7/2022,0:30,12.85,30.17,35.72,1493.87,11/07/2022 0:30:00,,
11/7/2022,1:00,12.85,30.19,35.75,1493.9,11/07/2022 1:00:00,,
11/7/2022,1:30,12.82,30.15,35.67,1493.74,11/07/2022 1:30:00,,
11/7/2022,2:00,12.82,30.15,35.67,1493.74,11/07/2022 2:00:00,,
11/7/2022,2:30,12.82,30.08,35.6,1493.65,11/07/2022 2:30:00,,
11/7/2022,3:00,12.79,30.17,35.67,1493.66,11/07/2022 3:00:00,,
11/7/2022,3:30,12.88,30.07,35.65,1493.86,11/07/2022 3:30:00,,
11/7/2022,4:00,12.95,30.07,35.7,1494.08,11/07/2022 4:00:00,,
11/7/2022,4:30,12.92,30.07,35.67,1493.97,11/07/2022 4:30:00,,
11/7/2022,5:00,12.88,30.03,35.6,1493.81,11/07/2022 5:00:00,,
11/7/2022,5:30,12.82,30.12,35.65,1493.71,11/07/2022 5:30:00,,
11/7/2022,6:00,12.69,30.2,35.62,1493.37,11/07/2022 6:00:00,,
11/7/2022,6:30,12.63,30.2,35.57,1493.16,11/07/2022 6:30:00,,
11/7/2022,7:00,12.57,30.18,35.49,1492.91,11/07/2022 7:00:00,,
11/7/2022,7:30,12.54,30.15,35.44,1492.78,11/07/2022 7:30:00,,
11/7/2022,8:00,12.51,30.16,35.41,1492.67,11/07/2022 8:00:00,,
11/7/2022,8:30,12.51,30.18,35.44,1492.7,11/07/2022 8:30:00,,
11/7/2022,9:00,12.54,30.18,35.46,1492.81,11/07/2022 9:00:00,,
11/7/2022,9:30,12.54,30.18,35.46,1492.81,11/07/2022 9:30:00,,
11/7/2022,10:00,12.57,30.11,35.41,1492.83,11/07/2022 10:00:00,,
11/7/2022,10:30,12.6,30.2,35.54,1493.05,11/07/2022 10:30:00,,
11/7/2022,11:00,12.6,30.03,35.36,1492.85,11/07/2022 11:00:00,,
11/7/2022,11:30,12.63,30.06,35.42,1492.98,11/07/2022 11:30:00,,
11/7/2022,12:00,12.63,29.61,34.94,1492.44,11/07/2022 12:00:00,,
11/7/2022,12:30,12.66,30.17,35.57,1493.23,11/07/2022 12:30:00,,
11/7/2022,13:00,12.69,30.08,35.49,1493.23,11/07/2022 13:00:00,,
11/7/2022,13:30,12.69,30.1,35.52,1493.26,11/07/2022 13:30:00,,
11/7/2022,14:00,12.69,30.2,35.62,1493.37,11/07/2022 14:00:00,,
11/7/2022,14:30,12.69,30.15,35.57,1493.31,11/07/2022 14:30:00,,
11/7/2022,15:00,12.69,30.13,35.54,1493.28,11/07/2022 15:00:00,,
11/7/2022,15:30,12.73,30.03,35.47,1493.28,11/07/2022 15:30:00,,
11/7/2022,16:00,12.73,30.08,35.52,1493.33,11/07/2022 16:00:00,,
11/7/2022,16:30,12.69,29.77,35.17,1492.86,11/07/2022 16:30:00,,
11/7/2022,17:00,12.69,29.96,35.37,1493.08,11/07/2022 17:00:00,,
11/7/2022,17:30,12.69,29.89,35.29,1493,11/07/2022 17:30:00,,
11/7/2022,18:00,12.66,29.04,34.36,1491.87,11/07/2022 18:00:00,,
11/7/2022,18:30,12.63,30.01,35.37,1492.93,11/07/2022 18:30:00,,
11/7/2022,19:00,12.63,29.94,35.29,1492.84,11/07/2022 19:00:00,,
11/7/2022,19:30,12.6,29.85,35.16,1492.62,11/07/2022 19:30:00,,
11/7/2022,20:00,12.57,30.15,35.46,1492.88,11/07/2022 20:00:00,,
11/7/2022,20:30,12.57,30.2,35.51,1492.94,11/07/2022 20:30:00,,
11/7/2022,21:00,12.57,30.08,35.39,1492.8,11/07/2022 21:00:00,,
11/7/2022,21:30,12.57,30.13,35.44,1492.86,11/07/2022 21:30:00,,
11/7/2022,22:00,12.54,29.94,35.21,1492.52,11/07/2022 22:00:00,,
11/7/2022,22:30,12.54,20.07,24.49,1480.56,11/07/2022 22:30:00,,
11/7/2022,23:00,12.54,30.11,35.39,1492.72,11/07/2022 23:00:00,,
11/7/2022,23:30,12.57,30.04,35.34,1492.74,11/07/2022 23:30:00,,
11/8/2022,0:00,12.51,29.82,35.06,1492.27,11/08/2022 0:00:00,,
11/8/2022,0:30,12.54,30.08,35.36,1492.69,11/08/2022 0:30:00,,
11/8/2022,1:00,12.51,20.11,24.52,1480.49,11/08/2022 1:00:00,,
11/8/2022,1:30,12.35,30.11,35.23,1492.07,11/08/2022 1:30:00,,
11/8/2022,2:00,12.44,30.06,35.26,1492.34,11/08/2022 2:00:00,,
11/8/2022,2:30,12.35,29.73,34.83,1491.61,11/08/2022 2:30:00,,
11/8/2022,3:00,12.31,27.77,32.73,1489.12,11/08/2022 3:00:00,,
11/8/2022,3:30,12.28,29.64,34.68,1491.28,11/08/2022 3:30:00,,
11/8/2022,4:00,12.28,29.45,34.48,1491.05,11/08/2022 4:00:00,,
11/8/2022,4:30,12.35,30.16,35.28,1492.13,11/08/2022 4:30:00,,
11/8/2022,5:00,12.35,29.8,34.91,1491.7,11/08/2022 5:00:00,,
11/8/2022,5:30,12.31,29.66,34.73,1491.42,11/08/2022 5:30:00,,
11/8/2022,6:00,12.28,23.67,28.29,1484.03,11/08/2022 6:00:00,,
11/8/2022,6:30,12.28,30.21,35.28,1491.97,11/08/2022 6:30:00,,
11/8/2022,7:00,12.28,30.07,35.13,1491.8,11/08/2022 7:00:00,,
11/8/2022,7:30,12.28,30.16,35.23,1491.92,11/08/2022 7:30:00,,
11/8/2022,8:00,12.28,30.16,35.23,1491.92,11/08/2022 8:00:00,,
11/8/2022,8:30,12.28,25.35,30.11,1486.07,11/08/2022 8:30:00,,
11/8/2022,9:00,12.28,30.26,35.33,1492.03,11/08/2022 9:00:00,,
11/8/2022,9:30,12.28,23.16,27.74,1483.41,11/08/2022 9:30:00,,
11/8/2022,10:00,12.28,19.81,24.05,1479.34,11/08/2022 10:00:00,,
11/8/2022,10:30,12.28,24.04,28.7,1484.49,11/08/2022 10:30:00,,
11/8/2022,11:00,12.25,29.28,34.28,1490.74,11/08/2022 11:00:00,,
11/8/2022,11:30,12.28,27.53,32.45,1488.72,11/08/2022 11:30:00,,
11/8/2022,12:00,12.25,24.53,29.2,1484.97,11/08/2022 12:00:00,,
11/8/2022,12:30,12.25,30.26,35.31,1491.92,11/08/2022 12:30:00,,
11/8/2022,13:00,12.28,30.23,35.31,1492,11/08/2022 13:00:00,,
11/8/2022,13:30,12.31,29.66,34.73,1491.42,11/08/2022 13:30:00,,
11/8/2022,14:00,12.31,30.28,35.38,1492.17,11/08/2022 14:00:00,,
11/8/2022,14:30,12.35,30.23,35.36,1492.22,11/08/2022 14:30:00,,
11/8/2022,15:00,12.35,29.61,34.71,1491.47,11/08/2022 15:00:00,,
,,,,,,,,
,,,,,,,,
,,,,,,,,
,,,,,,,,
,,,,,,,,
,,,,,,,,
11/8/2022,18:30,12.28,29.69,34.73,1491.34,11/08/2022 18:30:00,,
11/8/2022,19:00,12.28,26.95,31.82,1488.01,11/08/2022 19:00:00,,
11/8/2022,19:30,12.31,28.48,33.48,1489.98,11/08/2022 19:30:00,,
11/8/2022,20:00,12.31,29.64,34.71,1491.39,11/08/2022 20:00:00,,
11/8/2022,20:30,12.28,29.64,34.68,1491.28,11/08/2022 20:30:00,,
11/8/2022,21:00,12.28,24.95,29.68,1485.59,11/08/2022 21:00:00,,
11/8/2022,21:30,12.28,29.9,34.96,1491.6,11/08/2022 21:30:00,,
11/8/2022,22:00,12.28,30.14,35.21,1491.89,11/08/2022 22:00:00,,
11/8/2022,22:30,12.28,30.19,35.26,1491.94,11/08/2022 22:30:00,,
11/8/2022,23:00,12.28,28.88,33.88,1490.36,11/08/2022 23:00:00,,
11/8/2022,23:30,12.25,30.04,35.08,1491.66,11/08/2022 23:30:00,,
11/9/2022,0:00,12.25,30.26,35.31,1491.92,11/09/2022 0:00:00,,
11/9/2022,0:30,12.25,30.09,35.13,1491.72,11/09/2022 0:30:00,,
11/9/2022,1:00,12.25,30.12,35.16,1491.75,11/09/2022 1:00:00,,
11/9/2022,1:30,12.25,29.97,35.01,1491.58,11/09/2022 1:30:00,,
11/9/2022,2:00,12.25,30.21,35.26,1491.87,11/09/2022 2:00:00,,
11/9/2022,2:30,12.25,30.16,35.21,1491.81,11/09/2022 2:30:00,,
11/9/2022,3:00,12.25,30.19,35.23,1491.84,11/09/2022 3:00:00,,
11/9/2022,3:30,12.25,29.93,34.96,1491.52,11/09/2022 3:30:00,,
11/9/2022,4:00,12.22,30.24,35.26,1491.79,11/09/2022 4:00:00,,
11/9/2022,4:30,12.22,29.97,34.98,1491.47,11/09/2022 4:30:00,,
11/9/2022,5:00,12.22,30.16,35.18,1491.7,11/09/2022 5:00:00,,
11/9/2022,5:30,12.19,30.24,35.23,1491.68,11/09/2022 5:30:00,,
11/9/2022,6:00,12.22,30.07,35.08,1491.58,11/09/2022 6:00:00,,
11/9/2022,6:30,12.22,30.02,35.03,1491.53,11/09/2022 6:30:00,,
11/9/2022,7:00,12.19,30.29,35.28,1491.74,11/09/2022 7:00:00,,
11/9/2022,7:30,12.19,30.24,35.23,1491.68,11/09/2022 7:30:00,,
11/9/2022,8:00,12.19,30.07,35.05,1491.47,11/09/2022 8:00:00,,
11/9/2022,8:30,12.19,29.98,34.95,1491.36,11/09/2022 8:30:00,,
11/9/2022,9:00,12.16,29.93,34.88,1491.19,11/09/2022 9:00:00,,
11/9/2022,9:30,12.16,30.19,35.15,1491.51,11/09/2022 9:30:00,,
11/9/2022,10:00,12.19,29.86,34.83,1491.21,11/09/2022 10:00:00,,
11/9/2022,10:30,12.19,30,34.98,1491.39,11/09/2022 10:30:00,,
11/9/2022,11:00,12.22,29.76,34.75,1491.21,11/09/2022 11:00:00,,
11/9/2022,11:30,12.25,30.21,35.26,1491.87,11/09/2022 11:30:00,,
11/9/2022,12:00,12.25,30.19,35.23,1491.84,11/09/2022 12:00:00,,
11/9/2022,12:30,12.28,30.02,35.08,1491.74,11/09/2022 12:30:00,,
11/9/2022,13:00,12.28,30.09,35.16,1491.83,11/09/2022 13:00:00,,
11/9/2022,13:30,12.28,30.28,35.36,1492.06,11/09/2022 13:30:00,,
11/9/2022,14:00,12.35,26.46,31.34,1487.64,11/09/2022 14:00:00,,
11/9/2022,14:30,12.38,30.14,35.28,1492.21,11/09/2022 14:30:00,,
11/9/2022,15:00,12.38,30.23,35.38,1492.33,11/09/2022 15:00:00,,
11/9/2022,15:30,12.44,30.16,35.36,1492.46,11/09/2022 15:30:00,,
,,,,,,,,
,,,,,,,,
,,,,,,,,
,,,,,,,,
,,,,,,,,
,,,,,,,,
11/9/2022,19:00,12.38,27.56,32.55,1489.09,11/09/2022 19:00:00,,
11/9/2022,19:30,12.41,27.68,32.7,1489.34,11/09/2022 19:30:00,,
11/9/2022,20:00,12.38,29.31,34.41,1491.2,11/09/2022 20:00:00,,
11/9/2022,20:30,12.38,29.85,34.98,1491.87,11/09/2022 20:30:00,,
11/9/2022,21:00,12.41,29.95,35.11,1492.09,11/09/2022 21:00:00,,
11/9/2022,21:30,12.38,30.11,35.26,1492.18,11/09/2022 21:30:00,,
11/9/2022,22:00,12.35,30.16,35.28,1492.13,11/09/2022 22:00:00,,
11/9/2022,22:30,12.31,30.16,35.26,1492.02,11/09/2022 22:30:00,,
11/9/2022,23:00,12.31,30.19,35.28,1492.05,11/09/2022 23:00:00,,
11/9/2022,23:30,12.28,30.26,35.33,1492.03,11/09/2022 23:30:00,,
11/10/2022,0:00,12.28,30.21,35.28,1491.97,11/10/2022 0:00:00,,
11/10/2022,0:30,12.28,30.26,35.33,1492.03,11/10/2022 0:30:00,,
11/10/2022,1:00,12.28,29.31,34.33,1490.88,11/10/2022 1:00:00,,
11/10/2022,1:30,12.25,29.81,34.83,1491.37,11/10/2022 1:30:00,,
11/10/2022,2:00,12.25,30.19,35.23,1491.84,11/10/2022 2:00:00,,
11/10/2022,2:30,12.25,29.33,34.33,1490.8,11/10/2022 2:30:00,,
11/10/2022,3:00,12.22,28.95,33.9,1490.23,11/10/2022 3:00:00,,
11/10/2022,3:30,12.25,30.12,35.16,1491.75,11/10/2022 3:30:00,,
11/10/2022,4:00,12.22,29.14,34.1,1490.46,11/10/2022 4:00:00,,
11/10/2022,4:30,12.22,29.97,34.98,1491.47,11/10/2022 4:30:00,,
11/10/2022,5:00,12.22,29.52,34.5,1490.92,11/10/2022 5:00:00,,
11/10/2022,5:30,12.22,30.19,35.21,1491.73,11/10/2022 5:30:00,,
11/10/2022,6:00,12.22,30.21,35.23,1491.76,11/10/2022 6:00:00,,
11/10/2022,6:30,12.22,29.93,34.93,1491.41,11/10/2022 6:30:00,,
11/10/2022,7:00,12.19,30.29,35.28,1491.74,11/10/2022 7:00:00,,
11/10/2022,7:30,12.19,29.59,34.55,1490.9,11/10/2022 7:30:00,,
11/10/2022,8:00,12.19,29.9,34.88,1491.27,11/10/2022 8:00:00,,
11/10/2022,8:30,12.19,30.24,35.23,1491.68,11/10/2022 8:30:00,,
11/10/2022,9:00,12.16,30.24,35.2,1491.57,11/10/2022 9:00:00,,
11/10/2022,9:30,12.19,28.45,33.35,1489.51,11/10/2022 9:30:00,,
11/10/2022,10:00,12.19,30.07,35.05,1491.47,11/10/2022 10:00:00,,
11/10/2022,10:30,12.22,30.31,35.33,1491.87,11/10/2022 10:30:00,,
11/10/2022,11:00,12.25,29.59,34.6,1491.11,11/10/2022 11:00:00,,
11/10/2022,11:30,12.31,29.9,34.98,1491.71,11/10/2022 11:30:00,,
11/10/2022,12:00,12.35,29.43,34.51,1491.24,11/10/2022 12:00:00,,
11/10/2022,12:30,12.38,30.25,35.41,1492.36,11/10/2022 12:30:00,,
11/10/2022,13:00,12.41,30.25,35.44,1492.46,11/10/2022 13:00:00,,
11/10/2022,13:30,12.44,30.28,35.49,1492.6,11/10/2022 13:30:00,,
11/10/2022,14:00,12.47,29.99,35.21,1492.36,11/10/2022 14:00:00,,
11/10/2022,14:30,12.51,30.23,35.49,1492.76,11/10/2022 14:30:00,,
11/10/2022,15:00,12.51,30.2,35.46,1492.73,11/10/2022 15:00:00,,
11/10/2022,15:30,12.54,30.11,35.39,1492.72,11/10/2022 15:30:00,,
11/10/2022,16:00,12.51,25.32,30.24,1486.81,11/10/2022 16:00:00,,
11/10/2022,16:30,12.47,21.59,26.15,1482.18,11/10/2022 16:30:00,,
,,,,,,,,
,,,,,,,,
,,,,,,,,
,,,,,,,,
,,,,,,,,
,,,,,,,,
,,,,,,,,
11/10/2022,20:30,12.25,30.21,35.26,1491.87,11/10/2022 20:30:00,,
11/10/2022,21:00,12.22,28.95,33.9,1490.23,11/10/2022 21:00:00,,
11/10/2022,21:30,12.19,29.83,34.8,1491.18,11/10/2022 21:30:00,,
11/10/2022,22:00,12.19,29.76,34.73,1491.1,11/10/2022 22:00:00,,
11/10/2022,22:30,12.19,30.05,35.03,1491.45,11/10/2022 22:30:00,,
11/10/2022,23:00,12.19,29.95,34.93,1491.33,11/10/2022 23:00:00,,
11/10/2022,23:30,12.19,29.69,34.65,1491.01,11/10/2022 23:30:00,,
11/11/2022,0:00,12.12,29.91,34.83,1491.05,11/11/2022 0:00:00,,
11/11/2022,0:30,12.12,30.22,35.15,1491.43,11/11/2022 0:30:00,,
11/11/2022,1:00,12.12,30.24,35.18,1491.46,11/11/2022 1:00:00,,
11/11/2022,1:30,12.09,30.26,35.18,1491.38,11/11/2022 1:30:00,,
11/11/2022,2:00,12.06,30.17,35.05,1491.15,11/11/2022 2:00:00,,
11/11/2022,2:30,12.06,30.19,35.08,1491.18,11/11/2022 2:30:00,,
11/11/2022,3:00,12.06,30.22,35.1,1491.21,11/11/2022 3:00:00,,
11/11/2022,3:30,12.06,30.22,35.1,1491.21,11/11/2022 3:30:00,,
11/11/2022,4:00,12.06,30.22,35.1,1491.21,11/11/2022 4:00:00,,
11/11/2022,4:30,12.06,30.24,35.13,1491.24,11/11/2022 4:30:00,,
11/11/2022,5:00,12.03,30.22,35.08,1491.1,11/11/2022 5:00:00,,
11/11/2022,5:30,12.03,30.22,35.08,1491.1,11/11/2022 5:30:00,,
11/11/2022,6:00,12,30.2,35.02,1490.97,11/11/2022 6:00:00,,
11/11/2022,6:30,12,30.2,35.02,1490.97,11/11/2022 6:30:00,,
11/11/2022,7:00,12,30.2,35.02,1490.97,11/11/2022 7:00:00,,
11/11/2022,7:30,12,30.2,35.02,1490.97,11/11/2022 7:30:00,,
11/11/2022,8:00,12,30.2,35.02,1490.97,11/11/2022 8:00:00,,
11/11/2022,8:30,12,30.22,35.05,1490.99,11/11/2022 8:30:00,,
11/11/2022,9:00,12.03,30.22,35.08,1491.1,11/11/2022 9:00:00,,
11/11/2022,9:30,12.06,30.19,35.08,1491.18,11/11/2022 9:30:00,,
11/11/2022,10:00,12.09,30.22,35.13,1491.32,11/11/2022 10:00:00,,
11/11/2022,10:30,12.12,30.24,35.18,1491.46,11/11/2022 10:30:00,,
11/11/2022,11:00,12.19,30.24,35.23,1491.68,11/11/2022 11:00:00,,
11/11/2022,11:30,12.22,30.24,35.26,1491.79,11/11/2022 11:30:00,,
11/11/2022,12:00,12.31,30.23,35.33,1492.11,11/11/2022 12:00:00,,
11/11/2022,12:30,12.38,30.25,35.41,1492.36,11/11/2022 12:30:00,,
11/11/2022,13:00,12.47,30.2,35.44,1492.62,11/11/2022 13:00:00,,
11/11/2022,13:30,12.54,30.18,35.46,1492.81,11/11/2022 13:30:00,,
11/11/2022,14:00,12.54,30.15,35.44,1492.78,11/11/2022 14:00:00,,
11/11/2022,14:30,12.57,30.22,35.54,1492.97,11/11/2022 14:30:00,,
11/11/2022,15:00,12.6,30.22,35.57,1493.08,11/11/2022 15:00:00,,
11/11/2022,15:30,12.63,30.22,35.59,1493.18,11/11/2022 15:30:00,,
11/11/2022,16:00,12.63,30.22,35.59,1493.18,11/11/2022 16:00:00,,
11/11/2022,16:30,12.66,30.2,35.59,1493.26,11/11/2022 16:30:00,,
11/11/2022,17:00,12.63,30.2,35.57,1493.16,11/11/2022 17:00:00,,
11/11/2022,17:30,12.6,30.13,35.46,1492.96,11/11/2022 17:30:00,,
11/11/2022,18:00,12.54,30.15,35.44,1492.78,11/11/2022 18:00:00,,
11/11/2022,18:30,12.44,30.16,35.36,1492.46,11/11/2022 18:30:00,,
11/11/2022,19:00,12.35,0.91,1.35,1456.64,11/11/2022 19:00:00,,
11/11/2022,19:30,12.16,0.84,1.25,1455.84,11/11/2022 19:30:00,,
11/11/2022,20:00,11.61,3.59,4.86,1457.13,11/11/2022 20:00:00,,
11/11/2022,20:30,12,0.81,1.19,1455.2,11/11/2022 20:30:00,,
11/11/2022,21:00,12.19,30.12,35.1,1491.53,11/11/2022 21:00:00,,
11/11/2022,21:30,12.16,30.19,35.15,1491.51,11/11/2022 21:30:00,,
11/11/2022,22:00,12.16,30.26,35.23,1491.6,11/11/2022 22:00:00,,
11/11/2022,22:30,12.16,30.26,35.23,1491.6,11/11/2022 22:30:00,,
11/11/2022,23:00,12.16,30.19,35.15,1491.51,11/11/2022 23:00:00,,
11/11/2022,23:30,12.16,30.19,35.15,1491.51,11/11/2022 23:30:00,,
11/12/2022,0:00,12.12,30.22,35.15,1491.43,11/12/2022 0:00:00,,
11/12/2022,0:30,12.12,30.07,35,1491.26,11/12/2022 0:30:00,,
11/12/2022,1:00,12.12,30.26,35.2,1491.49,11/12/2022 1:00:00,,
11/12/2022,1:30,12.12,30.26,35.2,1491.49,11/12/2022 1:30:00,,
11/12/2022,2:00,12.12,30.24,35.18,1491.46,11/12/2022 2:00:00,,
11/12/2022,2:30,12.12,30.24,35.18,1491.46,11/12/2022 2:30:00,,
11/12/2022,3:00,12.12,30.22,35.15,1491.43,11/12/2022 3:00:00,,
11/12/2022,3:30,12.09,30.26,35.18,1491.38,11/12/2022 3:30:00,,
11/12/2022,4:00,12.12,30.17,35.1,1491.37,11/12/2022 4:00:00,,
11/12/2022,4:30,12.12,30.22,35.15,1491.43,11/12/2022 4:30:00,,
11/12/2022,5:00,12.16,30.21,35.18,1491.54,11/12/2022 5:00:00,,
11/12/2022,5:30,12.19,30.21,35.2,1491.65,11/12/2022 5:30:00,,
11/12/2022,6:00,12.19,30.26,35.25,1491.71,11/12/2022 6:00:00,,
11/12/2022,6:30,12.16,30.1,35.05,1491.39,11/12/2022 6:30:00,,
11/12/2022,7:00,12.16,30.26,35.23,1491.6,11/12/2022 7:00:00,,
11/12/2022,7:30,12.16,30.24,35.2,1491.57,11/12/2022 7:30:00,,
11/12/2022,8:00,12.12,30.26,35.2,1491.49,11/12/2022 8:00:00,,
11/12/2022,8:30,12.16,30.24,35.2,1491.57,11/12/2022 8:30:00,,
11/12/2022,9:00,12.16,30.26,35.23,1491.6,11/12/2022 9:00:00,,
11/12/2022,9:30,12.19,30.19,35.18,1491.62,11/12/2022 9:30:00,,
11/12/2022,10:00,12.22,30.26,35.28,1491.81,11/12/2022 10:00:00,,
11/12/2022,10:30,12.22,30.26,35.28,1491.81,11/12/2022 10:30:00,,
11/12/2022,11:00,12.25,30.28,35.33,1491.95,11/12/2022 11:00:00,,
11/12/2022,11:30,12.35,30.26,35.38,1492.25,11/12/2022 11:30:00,,
11/12/2022,12:00,12.47,30.23,35.46,1492.65,11/12/2022 12:00:00,,
11/12/2022,12:30,12.51,30.23,35.49,1492.76,11/12/2022 12:30:00,,
11/12/2022,13:00,12.51,30.23,35.49,1492.76,11/12/2022 13:00:00,,
11/12/2022,13:30,12.57,30.22,35.54,1492.97,11/12/2022 13:30:00,,
11/12/2022,14:00,12.6,29.96,35.29,1492.76,11/12/2022 14:00:00,,
11/12/2022,14:30,12.63,30.2,35.57,1493.16,11/12/2022 14:30:00,,
11/12/2022,15:00,12.63,30.13,35.49,1493.07,11/12/2022 15:00:00,,
11/12/2022,15:30,12.63,30.18,35.54,1493.13,11/12/2022 15:30:00,,
11/12/2022,16:00,12.63,30.1,35.47,1493.04,11/12/2022 16:00:00,,
11/12/2022,16:30,12.63,30.1,35.47,1493.04,11/12/2022 16:30:00,,
11/12/2022,17:00,12.6,30.15,35.49,1492.99,11/12/2022 17:00:00,,
11/12/2022,17:30,12.57,30.15,35.46,1492.88,11/12/2022 17:30:00,,
11/12/2022,18:00,12.54,29.99,35.26,1492.58,11/12/2022 18:00:00,,
11/12/2022,18:30,12.51,30.18,35.44,1492.7,11/12/2022 18:30:00,,
11/12/2022,19:00,12.47,30.04,35.26,1492.42,11/12/2022 19:00:00,,
11/12/2022,19:30,12.44,30.04,35.24,1492.31,11/12/2022 19:30:00,,
11/12/2022,20:00,12.44,29.87,35.06,1492.11,11/12/2022 20:00:00,,
11/12/2022,20:30,12.47,30.04,35.26,1492.42,11/12/2022 20:30:00,,
11/12/2022,21:00,12.47,29.92,35.14,1492.28,11/12/2022 21:00:00,,
11/12/2022,21:30,12.47,29.94,35.16,1492.3,11/12/2022 21:30:00,,
11/12/2022,22:00,12.44,30.02,35.21,1492.28,11/12/2022 22:00:00,,
11/12/2022,22:30,12.44,30.02,35.21,1492.28,11/12/2022 22:30:00,,
11/12/2022,23:00,12.44,30.11,35.31,1492.4,11/12/2022 23:00:00,,
11/12/2022,23:30,12.44,30.11,35.31,1492.4,11/12/2022 23:30:00,,
11/13/2022,0:00,12.47,30.13,35.36,1492.53,11/13/2022 0:00:00,,
11/13/2022,0:30,12.47,30.13,35.36,1492.53,11/13/2022 0:30:00,,
11/13/2022,1:00,12.44,30.06,35.26,1492.34,11/13/2022 1:00:00,,
11/13/2022,1:30,12.44,30.18,35.39,1492.48,11/13/2022 1:30:00,,
11/13/2022,2:00,12.44,30.16,35.36,1492.46,11/13/2022 2:00:00,,
11/13/2022,2:30,12.41,30.13,35.31,1492.32,11/13/2022 2:30:00,,
11/13/2022,3:00,12.41,30.23,35.41,1492.43,11/13/2022 3:00:00,,
11/13/2022,3:30,12.41,30.21,35.39,1492.41,11/13/2022 3:30:00,,
11/13/2022,4:00,12.38,30.23,35.38,1492.33,11/13/2022 4:00:00,,
11/13/2022,4:30,12.38,30.09,35.23,1492.15,11/13/2022 4:30:00,,
11/13/2022,5:00,12.35,30.16,35.28,1492.13,11/13/2022 5:00:00,,
11/13/2022,5:30,12.35,30.14,35.26,1492.1,11/13/2022 5:30:00,,
11/13/2022,6:00,12.31,30.21,35.31,1492.08,11/13/2022 6:00:00,,
11/13/2022,6:30,12.28,30.23,35.31,1492,11/13/2022 6:30:00,,
11/13/2022,7:00,12.28,30.16,35.23,1491.92,11/13/2022 7:00:00,,
11/13/2022,7:30,12.28,30.16,35.23,1491.92,11/13/2022 7:30:00,,
11/13/2022,8:00,12.25,30.12,35.16,1491.75,11/13/2022 8:00:00,,
11/13/2022,8:30,12.25,30.19,35.23,1491.84,11/13/2022 8:30:00,,
11/13/2022,9:00,12.22,30.19,35.21,1491.73,11/13/2022 9:00:00,,
11/13/2022,9:30,12.25,30.19,35.23,1491.84,11/13/2022 9:30:00,,
11/13/2022,10:00,12.25,30.14,35.18,1491.78,11/13/2022 10:00:00,,
11/13/2022,10:30,12.25,30.14,35.18,1491.78,11/13/2022 10:30:00,,
11/13/2022,11:00,12.28,30.23,35.31,1492,11/13/2022 11:00:00,,
11/13/2022,11:30,12.35,30.11,35.23,1492.07,11/13/2022 11:30:00,,
11/13/2022,12:00,12.41,30.21,35.39,1492.41,11/13/2022 12:00:00,,
11/13/2022,12:30,12.47,30.13,35.36,1492.53,11/13/2022 12:30:00,,
11/13/2022,13:00,12.51,30.23,35.49,1492.76,11/13/2022 13:00:00,,
11/13/2022,13:30,12.54,30.2,35.49,1492.83,11/13/2022 13:30:00,,
11/13/2022,14:00,12.57,30.2,35.51,1492.94,11/13/2022 14:00:00,,
11/13/2022,14:30,12.6,30.18,35.51,1493.02,11/13/2022 14:30:00,,
11/13/2022,15:00,12.63,30.15,35.52,1493.1,11/13/2022 15:00:00,,
11/13/2022,15:30,12.63,30.2,35.57,1493.16,11/13/2022 15:30:00,,
11/13/2022,16:00,12.66,30.2,35.59,1493.26,11/13/2022 16:00:00,,
11/13/2022,16:30,12.66,30.13,35.52,1493.18,11/13/2022 16:30:00,,
11/13/2022,17:00,12.66,30.17,35.57,1493.23,11/13/2022 17:00:00,,
11/13/2022,17:30,12.63,30.18,35.54,1493.13,11/13/2022 17:30:00,,
11/13/2022,18:00,12.57,30.13,35.44,1492.86,11/13/2022 18:00:00,,
11/13/2022,18:30,12.54,30.13,35.41,1492.75,11/13/2022 18:30:00,,
11/13/2022,19:00,12.51,30.04,35.29,1492.53,11/13/2022 19:00:00,,
11/13/2022,19:30,12.51,30.13,35.39,1492.64,11/13/2022 19:30:00,,
11/13/2022,20:00,12.51,30.04,35.29,1492.53,11/13/2022 20:00:00,,
11/13/2022,20:30,12.47,30.06,35.29,1492.45,11/13/2022 20:30:00,,
11/13/2022,21:00,12.47,29.99,35.21,1492.36,11/13/2022 21:00:00,,
11/13/2022,21:30,12.47,26.14,31.1,1487.69,11/13/2022 21:30:00,,
11/13/2022,22:00,12.44,30.04,35.24,1492.31,11/13/2022 22:00:00,,
11/13/2022,22:30,12.41,30.11,35.28,1492.29,11/13/2022 22:30:00,,
11/13/2022,23:00,12.38,29.95,35.08,1491.98,11/13/2022 23:00:00,,
11/13/2022,23:30,12.38,29.92,35.06,1491.95,11/13/2022 23:30:00,,
11/14/2022,0:00,12.38,29.97,35.11,1492.01,11/14/2022 0:00:00,,
11/14/2022,0:30,12.38,29.95,35.08,1491.98,11/14/2022 0:30:00,,
11/14/2022,1:00,12.35,29.9,35.01,1491.81,11/14/2022 1:00:00,,
11/14/2022,1:30,12.35,30.16,35.28,1492.13,11/14/2022 1:30:00,,
11/14/2022,2:00,12.35,30.16,35.28,1492.13,11/14/2022 2:00:00,,
11/14/2022,2:30,12.35,27.21,32.15,1488.55,11/14/2022 2:30:00,,
11/14/2022,3:00,12.35,30.14,35.26,1492.1,11/14/2022 3:00:00,,
11/14/2022,3:30,12.35,30.16,35.28,1492.13,11/14/2022 3:30:00,,
11/14/2022,4:00,12.31,30.21,35.31,1492.08,11/14/2022 4:00:00,,
11/14/2022,4:30,12.31,30.19,35.28,1492.05,11/14/2022 4:30:00,,
11/14/2022,5:00,12.31,29.95,35.03,1491.76,11/14/2022 5:00:00,,
11/14/2022,5:30,12.31,29.71,34.78,1491.48,11/14/2022 5:30:00,,
11/14/2022,6:00,12.28,30.21,35.28,1491.97,11/14/2022 6:00:00,,
11/14/2022,6:30,12.25,30.21,35.26,1491.87,11/14/2022 6:30:00,,
11/14/2022,7:00,12.25,30.24,35.28,1491.89,11/14/2022 7:00:00,,
11/14/2022,7:30,12.22,30.12,35.13,1491.64,11/14/2022 7:30:00,,
11/14/2022,8:00,12.22,30.19,35.21,1491.73,11/14/2022 8:00:00,,
11/14/2022,8:30,12.22,30.14,35.16,1491.67,11/14/2022 8:30:00,,
11/14/2022,9:00,12.22,28.76,33.7,1490,11/14/2022 9:00:00,,
11/14/2022,9:30,12.22,30.14,35.16,1491.67,11/14/2022 9:30:00,,
11/14/2022,10:00,12.25,30.21,35.26,1491.87,11/14/2022 10:00:00,,
11/14/2022,10:30,12.25,30.26,35.31,1491.92,11/14/2022 10:30:00,,
11/14/2022,11:00,12.28,30.16,35.23,1491.92,11/14/2022 11:00:00,,
11/14/2022,11:30,12.31,30.07,35.16,1491.91,11/14/2022 11:30:00,,
11/14/2022,12:00,12.38,28.46,33.5,1490.17,11/14/2022 12:00:00,,
11/14/2022,12:30,12.41,29.9,35.06,1492.03,11/14/2022 12:30:00,,
11/14/2022,13:00,12.44,29.78,34.96,1492,11/14/2022 13:00:00,,
11/14/2022,13:30,12.44,29.68,34.86,1491.88,11/14/2022 13:30:00,,
11/14/2022,14:00,12.44,29.64,34.81,1491.82,11/14/2022 14:00:00,,
11/14/2022,14:30,12.47,29.61,34.81,1491.9,11/14/2022 14:30:00,,
11/14/2022,15:00,12.47,29.73,34.94,1492.05,11/14/2022 15:00:00,,
11/14/2022,15:30,12.44,27.73,32.78,1489.51,11/14/2022 15:30:00,,
11/14/2022,16:00,12.44,29.66,34.83,1491.85,11/14/2022 16:00:00,,
11/14/2022,16:30,12.41,25.06,29.89,1486.16,11/14/2022 16:30:00,,
11/14/2022,17:00,12.41,29.64,34.78,1491.72,11/14/2022 17:00:00,,
11/14/2022,17:30,12.38,30.02,35.16,1492.07,11/14/2022 17:30:00,,
11/14/2022,18:00,12.35,29.95,35.06,1491.87,11/14/2022 18:00:00,,
11/14/2022,18:30,12.35,30.21,35.33,1492.19,11/14/2022 18:30:00,,
11/14/2022,19:00,12.38,29.78,34.91,1491.78,11/14/2022 19:00:00,,
11/14/2022,19:30,12.38,23.57,28.25,1484.24,11/14/2022 19:30:00,,
11/14/2022,20:00,12.38,23.1,27.74,1483.68,11/14/2022 20:00:00,,
11/14/2022,20:30,12.35,23.45,28.09,1483.99,11/14/2022 20:30:00,,
11/14/2022,21:00,12.35,24.05,28.75,1484.72,11/14/2022 21:00:00,,
11/14/2022,21:30,12.35,22.68,27.26,1483.06,11/14/2022 21:30:00,,
11/14/2022,22:00,12.35,22.43,26.98,1482.75,11/14/2022 22:00:00,,
11/14/2022,22:30,12.31,23.14,27.74,1483.5,11/14/2022 22:30:00,,
11/14/2022,23:00,12.31,23.7,28.35,1484.18,11/14/2022 23:00:00,,
11/14/2022,23:30,12.28,24.6,29.3,1485.17,11/14/2022 23:30:00,,
11/15/2022,0:00,12.25,24.09,28.72,1484.43,11/15/2022 0:00:00,,
11/15/2022,0:30,12.25,28.69,33.65,1490.02,11/15/2022 0:30:00,,
11/15/2022,1:00,12.25,30.19,35.23,1491.84,11/15/2022 1:00:00,,
11/15/2022,1:30,12.25,30.12,35.16,1491.75,11/15/2022 1:30:00,,
11/15/2022,2:00,12.25,30.19,35.23,1491.84,11/15/2022 2:00:00,,
11/15/2022,2:30,12.25,30.16,35.21,1491.81,11/15/2022 2:30:00,,
11/15/2022,3:00,12.25,30.16,35.21,1491.81,11/15/2022 3:00:00,,
11/15/2022,3:30,12.25,30.21,35.26,1491.87,11/15/2022 3:30:00,,
11/15/2022,4:00,12.22,30.21,35.23,1491.76,11/15/2022 4:00:00,,
11/15/2022,4:30,12.22,30.07,35.08,1491.58,11/15/2022 4:30:00,,
11/15/2022,5:00,12.22,30.09,35.1,1491.61,11/15/2022 5:00:00,,
11/15/2022,5:30,12.22,30.16,35.18,1491.7,11/15/2022 5:30:00,,
11/15/2022,6:00,12.22,30.14,35.16,1491.67,11/15/2022 6:00:00,,
11/15/2022,6:30,12.19,30.14,35.13,1491.56,11/15/2022 6:30:00,,
11/15/2022,7:00,12.19,30.07,35.05,1491.47,11/15/2022 7:00:00,,
11/15/2022,7:30,12.16,30,34.95,1491.28,11/15/2022 7:30:00,,
11/15/2022,8:00,12.12,30.05,34.98,1491.23,11/15/2022 8:00:00,,
11/15/2022,8:30,12.12,30,34.93,1491.17,11/15/2022 8:30:00,,
11/15/2022,9:00,12.16,30.05,35,1491.34,11/15/2022 9:00:00,,
11/15/2022,9:30,12.16,29.98,34.93,1491.25,11/15/2022 9:30:00,,
11/15/2022,10:00,12.12,29.93,34.85,1491.08,11/15/2022 10:00:00,,
11/15/2022,10:30,12.16,29.36,34.28,1490.5,11/15/2022 10:30:00,,
11/15/2022,11:00,12.19,29.95,34.93,1491.33,11/15/2022 11:00:00,,
11/15/2022,11:30,12.28,30.12,35.18,1491.86,11/15/2022 11:30:00,,
11/15/2022,12:00,12.35,30.16,35.28,1492.13,11/15/2022 12:00:00,,
11/15/2022,12:30,12.38,30.04,35.18,1492.1,11/15/2022 12:30:00,,
11/15/2022,13:00,12.44,30.18,35.39,1492.48,11/15/2022 13:00:00,,
11/15/2022,13:30,12.44,30.06,35.26,1492.34,11/15/2022 13:30:00,,
11/15/2022,14:00,12.51,30.13,35.39,1492.64,11/15/2022 14:00:00,,
11/15/2022,14:30,12.54,30.13,35.41,1492.75,11/15/2022 14:30:00,,
11/15/2022,15:00,12.57,30.15,35.46,1492.88,11/15/2022 15:00:00,,
11/15/2022,15:30,12.57,30.2,35.51,1492.94,11/15/2022 15:30:00,,
11/15/2022,16:00,12.54,30.18,35.46,1492.81,11/15/2022 16:00:00,,
11/15/2022,16:30,12.51,30.16,35.41,1492.67,11/15/2022 16:30:00,,
11/15/2022,17:00,12.44,30.21,35.41,1492.51,11/15/2022 17:00:00,,
11/15/2022,17:30,12.41,30.18,35.36,1492.38,11/15/2022 17:30:00,,
11/15/2022,18:00,12.38,30.16,35.31,1492.24,11/15/2022 18:00:00,,
11/15/2022,18:30,12.31,30.11,35.21,1491.97,11/15/2022 18:30:00,,
11/15/2022,19:00,12.28,30,35.06,1491.71,11/15/2022 19:00:00,,
11/15/2022,19:30,12.25,30.19,35.23,1491.84,11/15/2022 19:30:00,,
11/15/2022,20:00,12.22,29.19,34.15,1490.51,11/15/2022 20:00:00,,
11/15/2022,20:30,12.19,30.07,35.05,1491.47,11/15/2022 20:30:00,,
11/15/2022,21:00,12.16,26.92,31.69,1487.53,11/15/2022 21:00:00,,
11/15/2022,21:30,12.12,28.24,33.07,1489.03,11/15/2022 21:30:00,,
11/15/2022,22:00,12.12,28.57,33.42,1489.43,11/15/2022 22:00:00,,
11/15/2022,22:30,12.09,30.05,34.95,1491.12,11/15/2022 22:30:00,,
11/15/2022,23:00,12.09,29.93,34.83,1490.97,11/15/2022 23:00:00,,
11/15/2022,23:30,12.06,20.52,24.71,1479.42,11/15/2022 23:30:00,,
11/16/2022,0:00,12.06,16.59,20.35,1474.64,11/16/2022 0:00:00,,
11/16/2022,0:30,12.06,14.47,17.95,1472.06,11/16/2022 0:30:00,,
11/16/2022,1:00,12.03,11.17,14.13,1467.93,11/16/2022 1:00:00,,
11/16/2022,1:30,12.03,28.14,32.89,1488.58,11/16/2022 1:30:00,,
11/16/2022,2:00,12,30.05,34.87,1490.79,11/16/2022 2:00:00,,
11/16/2022,2:30,12,29.77,34.57,1490.44,11/16/2022 2:30:00,,
11/16/2022,3:00,12,29.79,34.6,1490.47,11/16/2022 3:00:00,,
11/16/2022,3:30,12,29.91,34.72,1490.62,11/16/2022 3:30:00,,
11/16/2022,4:00,11.96,30.15,34.95,1490.8,11/16/2022 4:00:00,,
11/16/2022,4:30,11.96,30.15,34.95,1490.8,11/16/2022 4:30:00,,
11/16/2022,5:00,12,30.15,34.97,1490.91,11/16/2022 5:00:00,,
11/16/2022,5:30,12,30.32,35.15,1491.11,11/16/2022 5:30:00,,
11/16/2022,6:00,12,30.32,35.15,1491.11,11/16/2022 6:00:00,,
11/16/2022,6:30,11.96,30.34,35.15,1491.03,11/16/2022 6:30:00,,
11/16/2022,7:00,11.96,30.32,35.12,1491,11/16/2022 7:00:00,,
11/16/2022,7:30,12,30.29,35.12,1491.08,11/16/2022 7:30:00,,
11/16/2022,8:00,11.96,30.32,35.12,1491,11/16/2022 8:00:00,,
11/16/2022,8:30,11.96,30.22,35.02,1490.88,11/16/2022 8:30:00,,
11/16/2022,9:00,11.93,30.22,35,1490.78,11/16/2022 9:00:00,,
11/16/2022,9:30,11.93,30.17,34.95,1490.72,11/16/2022 9:30:00,,
11/16/2022,10:00,11.9,30.15,34.9,1490.58,11/16/2022 10:00:00,,
11/16/2022,10:30,11.9,30.2,34.95,1490.64,11/16/2022 10:30:00,,
11/16/2022,11:00,11.93,30.2,34.97,1490.75,11/16/2022 11:00:00,,
11/16/2022,11:30,12,30.12,34.95,1490.88,11/16/2022 11:30:00,,
11/16/2022,12:00,12.12,29.79,34.7,1490.91,11/16/2022 12:00:00,,
11/16/2022,12:30,12.22,30.14,35.16,1491.67,11/16/2022 12:30:00,,
11/16/2022,13:00,12.28,30.33,35.41,1492.12,11/16/2022 13:00:00,,
11/16/2022,13:30,12.35,30.3,35.43,1492.3,11/16/2022 13:30:00,,
11/16/2022,14:00,12.41,30.3,35.49,1492.52,11/16/2022 14:00:00,,
11/16/2022,14:30,12.41,30.3,35.49,1492.52,11/16/2022 14:30:00,,
11/16/2022,15:00,12.44,30.23,35.44,1492.54,11/16/2022 15:00:00,,
11/16/2022,15:30,12.44,29.38,34.53,1491.51,11/16/2022 15:30:00,,
11/16/2022,16:00,12.44,30.23,35.44,1492.54,11/16/2022 16:00:00,,
11/16/2022,16:30,12.41,30.3,35.49,1492.52,11/16/2022 16:30:00,,
11/16/2022,17:00,12.38,30.23,35.38,1492.33,11/16/2022 17:00:00,,
11/16/2022,17:30,12.31,30.3,35.41,1492.2,11/16/2022 17:30:00,,
11/16/2022,18:00,12.28,30.31,35.38,1492.09,11/16/2022 18:00:00,,
11/16/2022,18:30,12.28,30.31,35.38,1492.09,11/16/2022 18:30:00,,
11/16/2022,19:00,12.25,30.31,35.36,1491.98,11/16/2022 19:00:00,,
11/16/2022,19:30,12.25,30.28,35.33,1491.95,11/16/2022 19:30:00,,
11/16/2022,20:00,12.22,30.33,35.36,1491.9,11/16/2022 20:00:00,,
11/16/2022,20:30,12.22,30.24,35.26,1491.79,11/16/2022 20:30:00,,
11/16/2022,21:00,12.19,30.24,35.23,1491.68,11/16/2022 21:00:00,,
11/16/2022,21:30,12.16,29.95,34.9,1491.22,11/16/2022 21:30:00,,
11/16/2022,22:00,12.16,29.4,34.33,1490.55,11/16/2022 22:00:00,,
11/16/2022,22:30,12.12,29.33,34.23,1490.36,11/16/2022 22:30:00,,
11/16/2022,23:00,12.09,25.38,30.01,1485.44,11/16/2022 23:00:00,,
11/16/2022,23:30,12.09,26.28,30.96,1486.53,11/16/2022 23:30:00,,
11/17/2022,0:00,12.06,29.57,34.42,1490.43,11/17/2022 0:00:00,,
11/17/2022,0:30,12,29.69,34.5,1490.35,11/17/2022 0:30:00,,
11/17/2022,1:00,12.03,29.67,34.5,1490.43,11/17/2022 1:00:00,,
11/17/2022,1:30,12.03,29.6,34.42,1490.35,11/17/2022 1:30:00,,
11/17/2022,2:00,12,29.67,34.47,1490.32,11/17/2022 2:00:00,,
11/17/2022,2:30,12,30.24,35.07,1491.02,11/17/2022 2:30:00,,
11/17/2022,3:00,12,30.32,35.15,1491.11,11/17/2022 3:00:00,,
11/17/2022,3:30,12,30.34,35.17,1491.14,11/17/2022 3:30:00,,
11/17/2022,4:00,12,29.79,34.6,1490.47,11/17/2022 4:00:00,,
11/17/2022,4:30,11.96,30.32,35.12,1491,11/17/2022 4:30:00,,
11/17/2022,5:00,11.93,30.34,35.12,1490.92,11/17/2022 5:00:00,,
11/17/2022,5:30,11.9,30.3,35.05,1490.75,11/17/2022 5:30:00,,
11/17/2022,6:00,11.9,30.3,35.05,1490.75,11/17/2022 6:00:00,,
11/17/2022,6:30,11.93,30.27,35.05,1490.83,11/17/2022 6:30:00,,
11/17/2022,7:00,11.93,30.1,34.87,1490.63,11/17/2022 7:00:00,,
11/17/2022,7:30,11.93,30.13,34.9,1490.66,11/17/2022 7:30:00,,
11/17/2022,8:00,11.93,30.13,34.9,1490.66,11/17/2022 8:00:00,,
11/17/2022,8:30,11.9,30.27,35.02,1490.72,11/17/2022 8:30:00,,
11/17/2022,9:00,11.9,30.3,35.05,1490.75,11/17/2022 9:00:00,,
11/17/2022,9:30,11.93,30.25,35.02,1490.8,11/17/2022 9:30:00,,
11/17/2022,10:00,11.96,30.32,35.12,1491,11/17/2022 10:00:00,,
11/17/2022,10:30,12.03,30.24,35.1,1491.13,11/17/2022 10:30:00,,
11/17/2022,11:00,12.06,30.24,35.13,1491.24,11/17/2022 11:00:00,,
11/17/2022,11:30,12.12,30.22,35.15,1491.43,11/17/2022 11:30:00,,
11/17/2022,12:00,12.19,30.12,35.1,1491.53,11/17/2022 12:00:00,,
11/17/2022,12:30,12.19,30.24,35.23,1491.68,11/17/2022 12:30:00,,
11/17/2022,13:00,12.22,30.12,35.13,1491.64,11/17/2022 13:00:00,,
11/17/2022,13:30,12.22,30.16,35.18,1491.7,11/17/2022 13:30:00,,
11/17/2022,14:00,12.25,30.21,35.26,1491.87,11/17/2022 14:00:00,,
11/17/2022,14:30,12.31,30.21,35.31,1492.08,11/17/2022 14:30:00,,
11/17/2022,15:00,12.35,30.26,35.38,1492.25,11/17/2022 15:00:00,,
11/17/2022,15:30,12.38,30.23,35.38,1492.33,11/17/2022 15:30:00,,
11/17/2022,16:00,12.38,30.25,35.41,1492.36,11/17/2022 16:00:00,,
11/17/2022,16:30,12.38,30.21,35.36,1492.3,11/17/2022 16:30:00,,
11/17/2022,17:00,12.35,30.26,35.38,1492.25,11/17/2022 17:00:00,,
11/17/2022,17:30,12.31,30.23,35.33,1492.11,11/17/2022 17:30:00,,
11/17/2022,18:00,12.31,30.16,35.26,1492.02,11/17/2022 18:00:00,,
11/17/2022,18:30,12.28,30.04,35.11,1491.77,11/17/2022 18:30:00,,
11/17/2022,19:00,12.25,30.21,35.26,1491.87,11/17/2022 19:00:00,,
11/17/2022,19:30,12.19,29.64,34.6,1490.95,11/17/2022 19:30:00,,
11/17/2022,20:00,12.12,30.29,35.23,1491.52,11/17/2022 20:00:00,,
11/17/2022,20:30,12.09,30.07,34.98,1491.15,11/17/2022 20:30:00,,
11/17/2022,21:00,12.06,30.19,35.08,1491.18,11/17/2022 21:00:00,,
11/17/2022,21:30,12.06,30.27,35.15,1491.27,11/17/2022 21:30:00,,
11/17/2022,22:00,12.03,30.22,35.08,1491.1,11/17/2022 22:00:00,,
11/17/2022,22:30,12.03,29.84,34.67,1490.64,11/17/2022 22:30:00,,
11/17/2022,23:00,12.06,30.17,35.05,1491.15,11/17/2022 23:00:00,,
11/17/2022,23:30,12.06,29.6,34.45,1490.46,11/17/2022 23:30:00,,
11/18/2022,0:00,12.06,29.62,34.47,1490.49,11/18/2022 0:00:00,,
11/18/2022,0:30,12.06,29.53,34.37,1490.37,11/18/2022 0:30:00,,
11/18/2022,1:00,12.09,29.6,34.48,1490.57,11/18/2022 1:00:00,,
11/18/2022,1:30,12.09,29.36,34.22,1490.28,11/18/2022 1:30:00,,
11/18/2022,2:00,12.09,29.79,34.68,1490.8,11/18/2022 2:00:00,,
11/18/2022,2:30,12.09,29.93,34.83,1490.97,11/18/2022 2:30:00,,
11/18/2022,3:00,12.09,29.93,34.83,1490.97,11/18/2022 3:00:00,,
11/18/2022,3:30,12.09,29.95,34.85,1491,11/18/2022 3:30:00,,
11/18/2022,4:00,12.06,29.88,34.75,1490.81,11/18/2022 4:00:00,,
11/18/2022,4:30,12.06,30.27,35.15,1491.27,11/18/2022 4:30:00,,
11/18/2022,5:00,12.06,29.98,34.85,1490.92,11/18/2022 5:00:00,,
11/18/2022,5:30,12.03,30.1,34.95,1490.96,11/18/2022 5:30:00,,
11/18/2022,6:00,12.03,29.76,34.6,1490.55,11/18/2022 6:00:00,,
11/18/2022,6:30,12.03,30.15,35,1491.02,11/18/2022 6:30:00,,
11/18/2022,7:00,12.06,29.98,34.85,1490.92,11/18/2022 7:00:00,,
11/18/2022,7:30,12.06,30.31,35.2,1491.33,11/18/2022 7:30:00,,
11/18/2022,8:00,12,30.34,35.17,1491.14,11/18/2022 8:00:00,,
11/18/2022,8:30,11.96,30.34,35.15,1491.03,11/18/2022 8:30:00,,
11/18/2022,9:00,12,30.22,35.05,1490.99,11/18/2022 9:00:00,,
11/18/2022,9:30,11.96,30.27,35.07,1490.94,11/18/2022 9:30:00,,
11/18/2022,10:00,11.96,30.34,35.15,1491.03,11/18/2022 10:00:00,,
11/18/2022,10:30,11.96,30.32,35.12,1491,11/18/2022 10:30:00,,
11/18/2022,11:00,12,30.32,35.15,1491.11,11/18/2022 11:00:00,,
11/18/2022,11:30,12.06,29.93,34.8,1490.86,11/18/2022 11:30:00,,
11/18/2022,12:00,12.12,29.14,34.03,1490.13,11/18/2022 12:00:00,,
11/18/2022,12:30,12.19,29.74,34.7,1491.07,11/18/2022 12:30:00,,
11/18/2022,13:00,12.25,29.71,34.73,1491.26,11/18/2022 13:00:00,,
11/18/2022,13:30,12.25,29.9,34.93,1491.49,11/18/2022 13:30:00,,
11/18/2022,14:00,12.28,30.19,35.26,1491.94,11/18/2022 14:00:00,,
11/18/2022,14:30,12.35,30.07,35.18,1492.02,11/18/2022 14:30:00,,
11/18/2022,15:00,12.38,30.18,35.33,1492.27,11/18/2022 15:00:00,,
11/18/2022,15:30,12.41,30.18,35.36,1492.38,11/18/2022 15:30:00,,
11/18/2022,16:00,12.44,30.23,35.44,1492.54,11/18/2022 16:00:00,,
11/18/2022,16:30,12.44,30.18,35.39,1492.48,11/18/2022 16:30:00,,
11/18/2022,17:00,12.41,30.21,35.39,1492.41,11/18/2022 17:00:00,,
11/18/2022,17:30,12.35,30.18,35.31,1492.16,11/18/2022 17:30:00,,
11/18/2022,18:00,12.28,30.26,35.33,1492.03,11/18/2022 18:00:00,,
11/18/2022,18:30,12.25,30.21,35.26,1491.87,11/18/2022 18:30:00,,
11/18/2022,19:00,12.19,30.19,35.18,1491.62,11/18/2022 19:00:00,,
11/18/2022,19:30,12.12,30.26,35.2,1491.49,11/18/2022 19:30:00,,
11/18/2022,20:00,12.06,30.29,35.18,1491.3,11/18/2022 20:00:00,,
11/18/2022,20:30,12.03,30.27,35.13,1491.16,11/18/2022 20:30:00,,
11/18/2022,21:00,11.96,29.57,34.35,1490.1,11/18/2022 21:00:00,,
11/18/2022,21:30,11.9,30.3,35.05,1490.75,11/18/2022 21:30:00,,
11/18/2022,22:00,11.87,29.7,34.4,1489.91,11/18/2022 22:00:00,,
11/18/2022,22:30,11.84,30.3,35,1490.53,11/18/2022 22:30:00,,
11/18/2022,23:00,11.84,30.11,34.8,1490.3,11/18/2022 23:00:00,,
11/18/2022,23:30,11.8,29.94,34.59,1489.98,11/18/2022 23:30:00,,
11/19/2022,0:00,11.8,29.79,34.44,1489.81,11/19/2022 0:00:00,,
11/19/2022,0:30,11.8,29.79,34.44,1489.81,11/19/2022 0:30:00,,
11/19/2022,1:00,11.8,29.87,34.52,1489.9,11/19/2022 1:00:00,,
11/19/2022,1:30,11.8,30.01,34.67,1490.07,11/19/2022 1:30:00,,
11/19/2022,2:00,11.8,29.67,34.32,1489.66,11/19/2022 2:00:00,,
11/19/2022,2:30,11.8,29.72,34.37,1489.72,11/19/2022 2:30:00,,
11/19/2022,3:00,11.84,29.19,33.84,1489.19,11/19/2022 3:00:00,,
11/19/2022,3:30,11.84,29.6,34.27,1489.68,11/19/2022 3:30:00,,
11/19/2022,4:00,11.8,30.01,34.67,1490.07,11/19/2022 4:00:00,,
11/19/2022,4:30,11.8,29.77,34.42,1489.78,11/19/2022 4:30:00,,
11/19/2022,5:00,11.8,30.3,34.97,1490.42,11/19/2022 5:00:00,,
11/19/2022,5:30,11.77,29.6,34.22,1489.46,11/19/2022 5:30:00,,
11/19/2022,6:00,11.74,29.6,34.19,1489.35,11/19/2022 6:00:00,,
11/19/2022,6:30,11.74,27.66,32.16,1486.98,11/19/2022 6:30:00,,
11/19/2022,7:00,11.77,30.33,34.97,1490.34,11/19/2022 7:00:00,,
11/19/2022,7:30,11.77,30.33,34.97,1490.34,11/19/2022 7:30:00,,
11/19/2022,8:00,11.74,30.35,34.97,1490.26,11/19/2022 8:00:00,,
11/19/2022,8:30,11.74,30.33,34.94,1490.23,11/19/2022 8:30:00,,
11/19/2022,9:00,11.71,30.3,34.89,1490.09,11/19/2022 9:00:00,,
11/19/2022,9:30,11.68,30.28,34.84,1489.95,11/19/2022 9:30:00,,
11/19/2022,10:00,11.64,29.97,34.49,1489.46,11/19/2022 10:00:00,,
11/19/2022,10:30,11.64,30.21,34.74,1489.75,11/19/2022 10:30:00,,
11/19/2022,11:00,11.61,30.28,34.79,1489.73,11/19/2022 11:00:00,,
11/19/2022,11:30,11.64,29.27,33.76,1488.61,11/19/2022 11:30:00,,
11/19/2022,12:00,11.74,30.28,34.89,1490.17,11/19/2022 12:00:00,,
11/19/2022,12:30,11.8,30.3,34.97,1490.42,11/19/2022 12:30:00,,
11/19/2022,13:00,11.87,30.27,35,1490.61,11/19/2022 13:00:00,,
11/19/2022,13:30,11.93,30.25,35.02,1490.8,11/19/2022 13:30:00,,
11/19/2022,14:00,12,30.08,34.9,1490.82,11/19/2022 14:00:00,,
11/19/2022,14:30,12.06,29.53,34.37,1490.37,11/19/2022 14:30:00,,
11/19/2022,15:00,12.09,29.64,34.53,1490.62,11/19/2022 15:00:00,,
11/19/2022,15:30,12.09,30.07,34.98,1491.15,11/19/2022 15:30:00,,
11/19/2022,16:00,12.06,30.17,35.05,1491.15,11/19/2022 16:00:00,,
11/19/2022,16:30,12.03,30.1,34.95,1490.96,11/19/2022 16:30:00,,
11/19/2022,17:00,12,30.03,34.85,1490.76,11/19/2022 17:00:00,,
11/19/2022,17:30,11.93,30.15,34.92,1490.69,11/19/2022 17:30:00,,
11/19/2022,18:00,11.9,30.18,34.92,1490.61,11/19/2022 18:00:00,,
11/19/2022,18:30,11.87,30.23,34.95,1490.56,11/19/2022 18:30:00,,
11/19/2022,19:00,11.87,30.2,34.92,1490.53,11/19/2022 19:00:00,,
11/19/2022,19:30,11.84,30.01,34.7,1490.18,11/19/2022 19:30:00,,
11/19/2022,20:00,11.8,29.77,34.42,1489.78,11/19/2022 20:00:00,,
11/19/2022,20:30,11.77,29.53,34.14,1489.37,11/19/2022 20:30:00,,
11/19/2022,21:00,11.77,30.11,34.74,1490.08,11/19/2022 21:00:00,,
11/19/2022,21:30,11.71,30.01,34.59,1489.74,11/19/2022 21:30:00,,
11/19/2022,22:00,11.68,29.63,34.17,1489.16,11/19/2022 22:00:00,,
11/19/2022,22:30,11.64,29.8,34.31,1489.25,11/19/2022 22:30:00,,
11/19/2022,23:00,11.61,29.39,33.86,1488.64,11/19/2022 23:00:00,,
11/19/2022,23:30,11.58,30.02,34.49,1489.3,11/19/2022 23:30:00,,
11/20/2022,0:00,11.55,29.32,33.74,1488.33,11/20/2022 0:00:00,,
11/20/2022,0:30,11.52,29.44,33.84,1488.36,11/20/2022 0:30:00,,
11/20/2022,1:00,11.55,29.39,33.81,1488.42,11/20/2022 1:00:00,,
11/20/2022,1:30,11.52,29.51,33.91,1488.45,11/20/2022 1:30:00,,
11/20/2022,2:00,11.55,29.32,33.74,1488.33,11/20/2022 2:00:00,,
11/20/2022,2:30,11.52,28.84,33.21,1487.63,11/20/2022 2:30:00,,
11/20/2022,3:00,11.55,29.08,33.49,1488.03,11/20/2022 3:00:00,,
11/20/2022,3:30,11.55,29.32,33.74,1488.33,11/20/2022 3:30:00,,
11/20/2022,4:00,11.55,29.85,34.29,1488.98,11/20/2022 4:00:00,,
11/20/2022,4:30,11.52,29.56,33.96,1488.51,11/20/2022 4:30:00,,
11/20/2022,5:00,11.52,29.39,33.79,1488.3,11/20/2022 5:00:00,,
11/20/2022,5:30,11.48,29.83,34.21,1488.72,11/20/2022 5:30:00,,
11/20/2022,6:00,11.48,29.59,33.96,1488.43,11/20/2022 6:00:00,,
11/20/2022,6:30,11.48,29.66,34.04,1488.52,11/20/2022 6:30:00,,
11/20/2022,7:00,11.52,29.95,34.36,1488.98,11/20/2022 7:00:00,,
11/20/2022,7:30,11.52,30.02,34.44,1489.07,11/20/2022 7:30:00,,
11/20/2022,8:00,11.52,30.02,34.44,1489.07,11/20/2022 8:00:00,,
11/20/2022,8:30,11.52,29.9,34.31,1488.92,11/20/2022 8:30:00,,
11/20/2022,9:00,11.52,30.02,34.44,1489.07,11/20/2022 9:00:00,,
11/20/2022,9:30,11.52,29.78,34.19,1488.78,11/20/2022 9:30:00,,
11/20/2022,10:00,11.52,30.24,34.66,1489.34,11/20/2022 10:00:00,,
11/20/2022,10:30,11.52,30.26,34.69,1489.37,11/20/2022 10:30:00,,
11/20/2022,11:00,11.55,30.29,34.74,1489.51,11/20/2022 11:00:00,,
11/20/2022,11:30,11.58,30.14,34.61,1489.44,11/20/2022 11:30:00,,
11/20/2022,12:00,11.64,30.26,34.79,1489.81,11/20/2022 12:00:00,,
11/20/2022,12:30,11.74,30.25,34.87,1490.14,11/20/2022 12:30:00,,
11/20/2022,13:00,11.84,30.25,34.95,1490.48,11/20/2022 13:00:00,,
11/20/2022,13:30,11.93,30.25,35.02,1490.8,11/20/2022 13:30:00,,
11/20/2022,14:00,11.96,30.25,35.05,1490.91,11/20/2022 14:00:00,,
11/20/2022,14:30,12,30.22,35.05,1490.99,11/20/2022 14:30:00,,
11/20/2022,15:00,12.03,30.2,35.05,1491.07,11/20/2022 15:00:00,,
11/20/2022,15:30,12,30.17,35,1490.94,11/20/2022 15:30:00,,
11/20/2022,16:00,12,30.1,34.92,1490.85,11/20/2022 16:00:00,,
11/20/2022,16:30,12,30.12,34.95,1490.88,11/20/2022 16:30:00,,
11/20/2022,17:00,11.96,30.22,35.02,1490.88,11/20/2022 17:00:00,,
11/20/2022,17:30,11.93,29.98,34.75,1490.48,11/20/2022 17:30:00,,
11/20/2022,18:00,11.9,29.67,34.4,1489.99,11/20/2022 18:00:00,,
11/20/2022,18:30,11.87,29.39,34.07,1489.53,11/20/2022 18:30:00,,
11/20/2022,19:00,11.84,29.87,34.54,1490.01,11/20/2022 19:00:00,,
11/20/2022,19:30,11.8,29.72,34.37,1489.72,11/20/2022 19:30:00,,
11/20/2022,20:00,11.77,29.39,33.99,1489.2,11/20/2022 20:00:00,,
11/20/2022,20:30,11.74,29.65,34.24,1489.41,11/20/2022 20:30:00,,
11/20/2022,21:00,11.74,30.25,34.87,1490.14,11/20/2022 21:00:00,,
11/20/2022,21:30,11.71,29.65,34.22,1489.3,11/20/2022 21:30:00,,
11/20/2022,22:00,11.71,29.85,34.42,1489.53,11/20/2022 22:00:00,,
11/20/2022,22:30,11.68,29.85,34.39,1489.42,11/20/2022 22:30:00,,
11/20/2022,23:00,11.68,29.32,33.84,1488.78,11/20/2022 23:00:00,,
11/20/2022,23:30,11.64,30.23,34.77,1489.78,11/20/2022 23:30:00,,
11/21/2022,0:00,11.64,30.06,34.59,1489.58,11/21/2022 0:00:00,,
11/21/2022,0:30,11.61,29.37,33.84,1488.61,11/21/2022 0:30:00,,
11/21/2022,1:00,11.61,29.49,33.96,1488.76,11/21/2022 1:00:00,,
11/21/2022,1:30,11.58,29.51,33.96,1488.68,11/21/2022 1:30:00,,
11/21/2022,2:00,11.55,30.21,34.66,1489.42,11/21/2022 2:00:00,,
11/21/2022,2:30,11.55,30.12,34.56,1489.3,11/21/2022 2:30:00,,
11/21/2022,3:00,11.52,30.12,34.54,1489.19,11/21/2022 3:00:00,,
11/21/2022,3:30,11.52,30.19,34.61,1489.28,11/21/2022 3:30:00,,
11/21/2022,4:00,11.52,30.12,34.54,1489.19,11/21/2022 4:00:00,,
11/21/2022,4:30,11.52,29.54,33.94,1488.48,11/21/2022 4:30:00,,
11/21/2022,5:00,11.52,29.8,34.21,1488.81,11/21/2022 5:00:00,,
11/21/2022,5:30,11.52,29.61,34.01,1488.57,11/21/2022 5:30:00,,
11/21/2022,6:00,11.52,29.71,34.11,1488.69,11/21/2022 6:00:00,,
11/21/2022,6:30,11.52,30.29,34.71,1489.4,11/21/2022 6:30:00,,
11/21/2022,7:00,11.55,30.19,34.64,1489.39,11/21/2022 7:00:00,,
11/21/2022,7:30,11.58,29.58,34.04,1488.76,11/21/2022 7:30:00,,
11/21/2022,8:00,11.61,30.07,34.56,1489.47,11/21/2022 8:00:00,,
11/21/2022,8:30,11.64,30.14,34.67,1489.67,11/21/2022 8:30:00,,
11/21/2022,9:00,11.68,28.84,33.34,1488.19,11/21/2022 9:00:00,,
11/21/2022,9:30,11.68,30.04,34.59,1489.66,11/21/2022 9:30:00,,
11/21/2022,10:00,11.71,30.09,34.67,1489.83,11/21/2022 10:00:00,,
11/21/2022,10:30,11.71,30.13,34.72,1489.89,11/21/2022 10:30:00,,
11/21/2022,11:00,11.71,30.18,34.77,1489.95,11/21/2022 11:00:00,,
11/21/2022,11:30,11.74,30.04,34.64,1489.88,11/21/2022 11:30:00,,
11/21/2022,12:00,11.77,29.89,34.52,1489.81,11/21/2022 12:00:00,,
11/21/2022,12:30,11.84,29.89,34.57,1490.04,11/21/2022 12:30:00,,
11/21/2022,13:00,11.93,29.82,34.57,1490.28,11/21/2022 13:00:00,,
11/21/2022,13:30,12,29.98,34.8,1490.7,11/21/2022 13:30:00,,
11/21/2022,14:00,12.06,29.91,34.78,1490.83,11/21/2022 14:00:00,,
11/21/2022,14:30,12.12,29.86,34.78,1491,11/21/2022 14:30:00,,
11/21/2022,15:00,12.16,29.81,34.75,1491.05,11/21/2022 15:00:00,,
11/21/2022,15:30,12.19,29.71,34.68,1491.04,11/21/2022 15:30:00,,
11/21/2022,16:00,12.16,29.55,34.48,1490.73,11/21/2022 16:00:00,,
11/21/2022,16:30,12.12,29.83,34.75,1490.97,11/21/2022 16:30:00,,
11/21/2022,17:00,12.12,29.71,34.63,1490.82,11/21/2022 17:00:00,,
11/21/2022,17:30,12.06,29.55,34.4,1490.4,11/21/2022 17:30:00,,
11/21/2022,18:00,12.03,29.62,34.45,1490.38,11/21/2022 18:00:00,,
11/21/2022,18:30,12,29.34,34.12,1489.92,11/21/2022 18:30:00,,
11/21/2022,19:00,11.96,29.77,34.55,1490.33,11/21/2022 19:00:00,,
11/21/2022,19:30,11.93,29.89,34.65,1490.37,11/21/2022 19:30:00,,
11/21/2022,20:00,11.9,29.89,34.62,1490.26,11/21/2022 20:00:00,,
11/21/2022,20:30,11.87,29.84,34.55,1490.09,11/21/2022 20:30:00,,
11/21/2022,21:00,11.84,29.12,33.77,1489.1,11/21/2022 21:00:00,,
11/21/2022,21:30,11.8,29.75,34.39,1489.75,11/21/2022 21:30:00,,
11/21/2022,22:00,11.77,30.01,34.64,1489.96,11/21/2022 22:00:00,,
11/21/2022,22:30,11.77,29.89,34.52,1489.81,11/21/2022 22:30:00,,
11/21/2022,23:00,11.77,29.84,34.47,1489.76,11/21/2022 23:00:00,,
11/21/2022,23:30,11.74,29.41,33.99,1489.12,11/21/2022 23:30:00,,
11/22/2022,0:00,11.74,29.1,33.67,1488.74,11/22/2022 0:00:00,,
11/22/2022,0:30,11.71,29.41,33.97,1489.01,11/22/2022 0:30:00,,
11/22/2022,1:00,11.71,29.46,34.02,1489.06,11/22/2022 1:00:00,,
11/22/2022,1:30,11.68,29.87,34.42,1489.45,11/22/2022 1:30:00,,
11/22/2022,2:00,11.68,29.8,34.34,1489.36,11/22/2022 2:00:00,,
11/22/2022,2:30,11.64,28.86,33.34,1488.11,11/22/2022 2:30:00,,
11/22/2022,3:00,11.64,29.39,33.89,1488.75,11/22/2022 3:00:00,,
11/22/2022,3:30,11.64,28.28,32.74,1487.4,11/22/2022 3:30:00,,
11/22/2022,4:00,11.61,29.22,33.69,1488.43,11/22/2022 4:00:00,,
11/22/2022,4:30,11.64,28.24,32.68,1487.34,11/22/2022 4:30:00,,
11/22/2022,5:00,11.68,28.28,32.76,1487.52,11/22/2022 5:00:00,,
11/22/2022,5:30,11.64,28.36,32.81,1487.49,11/22/2022 5:30:00,,
11/22/2022,6:00,11.64,28.57,33.04,1487.75,11/22/2022 6:00:00,,
11/22/2022,6:30,11.68,28.55,33.04,1487.84,11/22/2022 6:30:00,,
11/22/2022,7:00,11.71,29.2,33.74,1488.74,11/22/2022 7:00:00,,
11/22/2022,7:30,11.71,29.44,33.99,1489.03,11/22/2022 7:30:00,,
11/22/2022,8:00,11.71,27.97,32.46,1487.25,11/22/2022 8:00:00,,
11/22/2022,8:30,11.71,28.67,33.19,1488.1,11/22/2022 8:30:00,,
11/22/2022,9:00,11.74,29.32,33.89,1489,11/22/2022 9:00:00,,
11/22/2022,9:30,11.74,28.91,33.46,1488.5,11/22/2022 9:30:00,,
11/22/2022,10:00,11.74,29.6,34.19,1489.35,11/22/2022 10:00:00,,
11/22/2022,10:30,11.74,29.72,34.32,1489.5,11/22/2022 10:30:00,,
11/22/2022,11:00,11.77,29.7,34.32,1489.58,11/22/2022 11:00:00,,
11/22/2022,11:30,11.84,29.7,34.37,1489.8,11/22/2022 11:30:00,,
11/22/2022,12:00,11.93,29.58,34.32,1489.99,11/22/2022 12:00:00,,
11/22/2022,12:30,11.96,29.77,34.55,1490.33,11/22/2022 12:30:00,,
11/22/2022,13:00,12.06,29.45,34.3,1490.28,11/22/2022 13:00:00,,
11/22/2022,13:30,12.16,29.55,34.48,1490.73,11/22/2022 13:30:00,,
,,,,,,,,
,,,,,,,,
,,,,,,,,
,,,,,,,,
,,,,,,,,
,,,,,,,,
,,,,,,,,
11/22/2022,17:30,12.12,28.6,33.45,1489.46,11/22/2022 17:30:00,,
11/22/2022,18:00,12.09,28.62,33.45,1489.38,11/22/2022 18:00:00,,
11/22/2022,18:30,12.09,28.52,33.35,1489.26,11/22/2022 18:30:00,,
11/22/2022,19:00,12.06,29.38,34.22,1490.2,11/22/2022 19:00:00,,
11/22/2022,19:30,12.06,29.45,34.3,1490.28,11/22/2022 19:30:00,,
11/22/2022,20:00,12.06,29.53,34.37,1490.37,11/22/2022 20:00:00,,
11/22/2022,20:30,12.06,29.62,34.47,1490.49,11/22/2022 20:30:00,,
11/22/2022,21:00,12.09,29.67,34.55,1490.65,11/22/2022 21:00:00,,
11/22/2022,21:30,12.06,29.55,34.4,1490.4,11/22/2022 21:30:00,,
11/22/2022,22:00,12.06,29.48,34.32,1490.31,11/22/2022 22:00:00,,
11/22/2022,22:30,12.03,29.14,33.95,1489.8,11/22/2022 22:30:00,,
11/22/2022,23:00,12,29.14,33.92,1489.68,11/22/2022 23:00:00,,
11/22/2022,23:30,11.93,29.36,34.1,1489.72,11/22/2022 23:30:00,,
11/23/2022,0:00,11.9,29.38,34.1,1489.64,11/23/2022 0:00:00,,
11/23/2022,0:30,11.87,29.41,34.09,1489.56,11/23/2022 0:30:00,,
11/23/2022,1:00,11.87,29.41,34.09,1489.56,11/23/2022 1:00:00,,
11/23/2022,1:30,11.87,29.55,34.24,1489.74,11/23/2022 1:30:00,,
11/23/2022,2:00,11.87,29.31,33.99,1489.44,11/23/2022 2:00:00,,
11/23/2022,2:30,11.84,29.48,34.14,1489.54,11/23/2022 2:30:00,,
11/23/2022,3:00,11.8,29.51,34.14,1489.46,11/23/2022 3:00:00,,
11/23/2022,3:30,11.8,29.41,34.04,1489.34,11/23/2022 3:30:00,,
11/23/2022,4:00,11.8,28.69,33.29,1488.46,11/23/2022 4:00:00,,
11/23/2022,4:30,11.8,29.48,34.12,1489.43,11/23/2022 4:30:00,,
11/23/2022,5:00,11.77,29.48,34.09,1489.32,11/23/2022 5:00:00,,
11/23/2022,5:30,11.77,28.93,33.52,1488.64,11/23/2022 5:30:00,,
11/23/2022,6:00,11.8,29.34,33.97,1489.25,11/23/2022 6:00:00,,
11/23/2022,6:30,11.8,29.43,34.07,1489.37,11/23/2022 6:30:00,,
11/23/2022,7:00,11.8,29.6,34.24,1489.57,11/23/2022 7:00:00,,
11/23/2022,7:30,11.8,28.09,32.66,1487.73,11/23/2022 7:30:00,,
11/23/2022,8:00,11.77,29.6,34.22,1489.46,11/23/2022 8:00:00,,
11/23/2022,8:30,11.8,29.58,34.22,1489.54,11/23/2022 8:30:00,,
11/23/2022,9:00,11.8,29.43,34.07,1489.37,11/23/2022 9:00:00,,
11/23/2022,9:30,11.8,29.36,33.99,1489.28,11/23/2022 9:30:00,,
11/23/2022,10:00,11.8,29.46,34.09,1489.4,11/23/2022 10:00:00,,
11/23/2022,10:30,11.8,28.31,32.89,1488,11/23/2022 10:30:00,,
11/23/2022,11:00,11.84,29.24,33.89,1489.25,11/23/2022 11:00:00,,
11/23/2022,11:30,11.9,29.36,34.07,1489.61,11/23/2022 11:30:00,,
11/23/2022,12:00,11.93,28.83,33.54,1489.08,11/23/2022 12:00:00,,
11/23/2022,12:30,11.96,26.93,31.56,1486.88,11/23/2022 12:30:00,,
11/23/2022,13:00,12.03,29.22,34.02,1489.88,11/23/2022 13:00:00,,
11/23/2022,13:30,12.09,29.74,34.63,1490.74,11/23/2022 13:30:00,,
11/23/2022,14:00,12.16,28,32.85,1488.85,11/23/2022 14:00:00,,
,,,,,,,,
,,,,,,,,
,,,,,,,,
,,,,,,,,
,,,,,,,,
,,,,,,,,
,,,,,,,,
,,,,,,,,
11/23/2022,18:30,12.03,29.29,34.1,1489.97,11/23/2022 18:30:00,,
11/23/2022,19:00,12.06,29.14,33.97,1489.91,11/23/2022 19:00:00,,
11/23/2022,19:30,12.06,29.98,34.85,1490.92,11/23/2022 19:30:00,,
11/23/2022,20:00,12.06,30.05,34.93,1491.01,11/23/2022 20:00:00,,
11/23/2022,20:30,12.06,30.03,34.9,1490.98,11/23/2022 20:30:00,,
11/23/2022,21:00,12.06,30.07,34.95,1491.04,11/23/2022 21:00:00,,
11/23/2022,21:30,12.06,30.19,35.08,1491.18,11/23/2022 21:30:00,,
11/23/2022,22:00,12.06,29.67,34.52,1490.54,11/23/2022 22:00:00,,
11/23/2022,22:30,12.03,30.2,35.05,1491.07,11/23/2022 22:30:00,,
11/23/2022,23:00,12,30.12,34.95,1490.88,11/23/2022 23:00:00,,
11/23/2022,23:30,11.93,30.03,34.8,1490.54,11/23/2022 23:30:00,,
11/24/2022,0:00,11.93,29.67,34.42,1490.1,11/24/2022 0:00:00,,
11/24/2022,0:30,11.93,30.1,34.87,1490.63,11/24/2022 0:30:00,,
11/24/2022,1:00,11.9,29.65,34.37,1489.96,11/24/2022 1:00:00,,
11/24/2022,1:30,11.87,29.72,34.42,1489.94,11/24/2022 1:30:00,,
11/24/2022,2:00,11.87,29.58,34.27,1489.77,11/24/2022 2:00:00,,
11/24/2022,2:30,11.84,28.79,33.42,1488.69,11/24/2022 2:30:00,,
11/24/2022,3:00,11.8,29.67,34.32,1489.66,11/24/2022 3:00:00,,
11/24/2022,3:30,11.8,29.77,34.42,1489.78,11/24/2022 3:30:00,,
11/24/2022,4:00,11.77,29.17,33.77,1488.94,11/24/2022 4:00:00,,
11/24/2022,4:30,11.77,29.82,34.44,1489.73,11/24/2022 4:30:00,,
11/24/2022,5:00,11.77,29.43,34.04,1489.26,11/24/2022 5:00:00,,
11/24/2022,5:30,11.77,29.75,34.37,1489.64,11/24/2022 5:30:00,,
11/24/2022,6:00,11.74,29.65,34.24,1489.41,11/24/2022 6:00:00,,
11/24/2022,6:30,11.74,29.63,34.22,1489.38,11/24/2022 6:30:00,,
11/24/2022,7:00,11.74,29.58,34.17,1489.32,11/24/2022 7:00:00,,
11/24/2022,7:30,11.74,29.29,33.87,1488.97,11/24/2022 7:30:00,,
11/24/2022,8:00,11.74,29.27,33.84,1488.94,11/24/2022 8:00:00,,
11/24/2022,8:30,11.74,29.68,34.27,1489.44,11/24/2022 8:30:00,,
11/24/2022,9:00,11.77,29.82,34.44,1489.73,11/24/2022 9:00:00,,
11/24/2022,9:30,11.74,28.88,33.44,1488.47,11/24/2022 9:30:00,,
11/24/2022,10:00,11.74,29.63,34.22,1489.38,11/24/2022 10:00:00,,
11/24/2022,10:30,11.74,29.15,33.72,1488.79,11/24/2022 10:30:00,,
11/24/2022,11:00,11.77,29.6,34.22,1489.46,11/24/2022 11:00:00,,
11/24/2022,11:30,11.8,29.39,34.02,1489.31,11/24/2022 11:30:00,,
11/24/2022,12:00,11.87,29.24,33.92,1489.36,11/24/2022 12:00:00,,
11/24/2022,12:30,11.93,28.48,33.17,1488.65,11/24/2022 12:30:00,,
11/24/2022,13:00,11.93,29.12,33.85,1489.43,11/24/2022 13:00:00,,
11/24/2022,13:30,11.96,29.38,34.15,1489.86,11/24/2022 13:30:00,,
11/24/2022,14:00,12,28.86,33.62,1489.34,11/24/2022 14:00:00,,
11/24/2022,14:30,12.06,29.22,34.05,1489.99,11/24/2022 14:30:00,,
,,,,,,,,
,,,,,,,,
,,,,,,,,
,,,,,,,,
,,,,,,,,
,,,,,,,,
,,,,,,,,
,,,,,,,,
,,,,,,,,
,,,,,,,,
,,,,,,,,
11/24/2022,20:30,11.96,28.57,33.29,1488.88,11/24/2022 20:30:00,,
11/24/2022,21:00,11.93,28.36,33.04,1488.5,11/24/2022 21:00:00,,
11/24/2022,21:30,11.93,29.03,33.74,1489.32,11/24/2022 21:30:00,,
11/24/2022,22:00,11.9,28.91,33.59,1489.06,11/24/2022 22:00:00,,
11/24/2022,22:30,11.87,29.19,33.87,1489.3,11/24/2022 22:30:00,,
11/24/2022,23:00,11.84,29.53,34.19,1489.6,11/24/2022 23:00:00,,
11/24/2022,23:30,11.84,29.27,33.92,1489.28,11/24/2022 23:30:00,,
11/25/2022,0:00,11.8,29.31,33.94,1489.22,11/25/2022 0:00:00,,
11/25/2022,0:30,11.8,29.27,33.89,1489.16,11/25/2022 0:30:00,,
11/25/2022,1:00,11.8,19.8,23.77,1477.62,11/25/2022 1:00:00,,
11/25/2022,1:30,11.77,29.39,33.99,1489.2,11/25/2022 1:30:00,,
11/25/2022,2:00,11.74,29.48,34.07,1489.2,11/25/2022 2:00:00,,
11/25/2022,2:30,11.74,22.83,27.02,1481.09,11/25/2022 2:30:00,,
11/25/2022,3:00,11.77,29.39,33.99,1489.2,11/25/2022 3:00:00,,
11/25/2022,3:30,11.77,29.15,33.74,1488.91,11/25/2022 3:30:00,,
11/25/2022,4:00,11.77,29.1,33.69,1488.85,11/25/2022 4:00:00,,
11/25/2022,4:30,11.77,29.17,33.77,1488.94,11/25/2022 4:30:00,,
11/25/2022,5:00,11.77,29.27,33.87,1489.05,11/25/2022 5:00:00,,
11/25/2022,5:30,11.74,28.57,33.11,1488.09,11/25/2022 5:30:00,,
11/25/2022,6:00,11.74,28.91,33.46,1488.5,11/25/2022 6:00:00,,
11/25/2022,6:30,11.71,29.24,33.79,1488.8,11/25/2022 6:30:00,,
11/25/2022,7:00,11.71,29,33.54,1488.51,11/25/2022 7:00:00,,
11/25/2022,7:30,11.68,29.17,33.69,1488.6,11/25/2022 7:30:00,,
11/25/2022,8:00,11.68,29.24,33.76,1488.69,11/25/2022 8:00:00,,
11/25/2022,8:30,11.68,29.17,33.69,1488.6,11/25/2022 8:30:00,,
11/25/2022,9:00,11.68,21.15,25.17,1478.81,11/25/2022 9:00:00,,
11/25/2022,9:30,11.71,23.98,28.23,1482.38,11/25/2022 9:30:00,,
11/25/2022,10:00,11.71,24.24,28.51,1482.7,11/25/2022 10:00:00,,
11/25/2022,10:30,11.74,27.97,32.49,1487.36,11/25/2022 10:30:00,,
11/25/2022,11:00,11.74,27.66,32.16,1486.98,11/25/2022 11:00:00,,
11/25/2022,11:30,11.74,27.59,32.08,1486.9,11/25/2022 11:30:00,,
11/25/2022,12:00,11.77,28.09,32.64,1487.62,11/25/2022 12:00:00,,
11/25/2022,12:30,11.8,28.05,32.61,1487.68,11/25/2022 12:30:00,,
11/25/2022,13:00,11.8,24.77,29.14,1483.68,11/25/2022 13:00:00,,
11/25/2022,13:30,11.87,27.71,32.31,1487.5,11/25/2022 13:30:00,,
11/25/2022,14:00,11.87,27.69,32.29,1487.47,11/25/2022 14:00:00,,
11/25/2022,14:30,11.9,27.4,32.01,1487.23,11/25/2022 14:30:00,,
11/25/2022,15:00,11.93,28.07,32.74,1488.16,11/25/2022 15:00:00,,
11/25/2022,15:30,11.93,27.48,32.11,1487.43,11/25/2022 15:30:00,,
,,,,,,,,
,,,,,,,,
,,,,,,,,
,,,,,,,,
,,,,,,,,
,,,,,,,,
,,,,,,,,
,,,,,,,,
,,,,,,,,
,,,,,,,,
,,,,,,,,
11/25/2022,21:30,12,12.77,15.97,1469.75,11/25/2022 21:30:00,,
11/25/2022,22:00,11.96,26.18,30.76,1485.96,11/25/2022 22:00:00,,
11/25/2022,22:30,12,26.96,31.61,1487.02,11/25/2022 22:30:00,,
11/25/2022,23:00,12.03,28.03,32.77,1488.43,11/25/2022 23:00:00,,
11/25/2022,23:30,11.96,27.88,32.57,1488.04,11/25/2022 23:30:00,,
11/26/2022,0:00,11.9,27.83,32.46,1487.75,11/26/2022 0:00:00,,
11/26/2022,0:30,11.9,28.26,32.92,1488.28,11/26/2022 0:30:00,,
11/26/2022,1:00,11.9,28.17,32.82,1488.16,11/26/2022 1:00:00,,
11/26/2022,1:30,11.9,28.43,33.09,1488.48,11/26/2022 1:30:00,,
11/26/2022,2:00,11.9,28.5,33.17,1488.57,11/26/2022 2:00:00,,
11/26/2022,2:30,11.9,28.33,32.99,1488.36,11/26/2022 2:30:00,,
11/26/2022,3:00,11.9,28.17,32.82,1488.16,11/26/2022 3:00:00,,
11/26/2022,3:30,11.93,27.83,32.49,1487.87,11/26/2022 3:30:00,,
11/26/2022,4:00,11.93,28.02,32.69,1488.1,11/26/2022 4:00:00,,
11/26/2022,4:30,11.9,27.86,32.49,1487.78,11/26/2022 4:30:00,,
11/26/2022,5:00,11.87,27.69,32.29,1487.47,11/26/2022 5:00:00,,
11/26/2022,5:30,11.87,27.93,32.54,1487.76,11/26/2022 5:30:00,,
11/26/2022,6:00,11.84,28.52,33.14,1488.37,11/26/2022 6:00:00,,
11/26/2022,6:30,11.84,28.4,33.02,1488.23,11/26/2022 6:30:00,,
11/26/2022,7:00,11.84,28.4,33.02,1488.23,11/26/2022 7:00:00,,
11/26/2022,7:30,11.84,28.6,33.22,1488.46,11/26/2022 7:30:00,,
11/26/2022,8:00,11.84,26.93,31.46,1486.42,11/26/2022 8:00:00,,
11/26/2022,8:30,11.84,28,32.59,1487.73,11/26/2022 8:30:00,,
11/26/2022,9:00,11.84,27.81,32.39,1487.5,11/26/2022 9:00:00,,
11/26/2022,9:30,11.87,27.31,31.89,1487,11/26/2022 9:30:00,,
11/26/2022,10:00,11.87,27.36,31.94,1487.06,11/26/2022 10:00:00,,
11/26/2022,10:30,11.87,28.38,33.02,1488.31,11/26/2022 10:30:00,,
11/26/2022,11:00,11.9,27.98,32.62,1487.93,11/26/2022 11:00:00,,
11/26/2022,11:30,11.93,28.31,32.99,1488.45,11/26/2022 11:30:00,,
11/26/2022,12:00,11.96,28.38,33.09,1488.64,11/26/2022 12:00:00,,
11/26/2022,12:30,12,29.02,33.8,1489.54,11/26/2022 12:30:00,,
11/26/2022,13:00,12,28.41,33.14,1488.79,11/26/2022 13:00:00,,
11/26/2022,13:30,12.06,28.14,32.92,1488.69,11/26/2022 13:30:00,,
11/26/2022,14:00,12.06,28.52,33.32,1489.15,11/26/2022 14:00:00,,
11/26/2022,14:30,12.09,27.51,32.27,1488.02,11/26/2022 14:30:00,,
11/26/2022,15:00,12.12,23.96,28.49,1483.82,11/26/2022 15:00:00,,
11/26/2022,15:30,12.16,27.72,32.55,1488.51,11/26/2022 15:30:00,,
11/26/2022,16:00,12.16,27.44,32.24,1488.16,11/26/2022 16:00:00,,
,,,,,,,,
,,,,,,,,
,,,,,,,,
,,,,,,,,
,,,,,,,,
,,,,,,,,
,,,,,,,,
,,,,,,,,
,,,,,,,,
,,,,,,,,
,,,,,,,,
11/26/2022,22:00,11.87,21,25.12,1479.32,11/26/2022 22:00:00,,
11/26/2022,22:30,11.87,22.78,27.05,1481.48,11/26/2022 22:30:00,,
11/26/2022,23:00,11.9,15.66,19.23,1472.93,11/26/2022 23:00:00,,
11/26/2022,23:30,11.9,28.4,33.07,1488.45,11/26/2022 23:30:00,,
11/27/2022,0:00,11.87,29.03,33.69,1489.09,11/27/2022 0:00:00,,
11/27/2022,0:30,11.8,29.39,34.02,1489.31,11/27/2022 0:30:00,,
11/27/2022,1:00,11.74,29.7,34.29,1489.47,11/27/2022 1:00:00,,
11/27/2022,1:30,11.77,29.68,34.29,1489.55,11/27/2022 1:30:00,,
11/27/2022,2:00,11.77,29.68,34.29,1489.55,11/27/2022 2:00:00,,
11/27/2022,2:30,11.77,29.84,34.47,1489.76,11/27/2022 2:30:00,,
11/27/2022,3:00,11.77,29.65,34.27,1489.52,11/27/2022 3:00:00,,
11/27/2022,3:30,11.77,29.48,34.09,1489.32,11/27/2022 3:30:00,,
11/27/2022,4:00,11.77,29.87,34.49,1489.78,11/27/2022 4:00:00,,
11/27/2022,4:30,11.74,29.32,33.89,1489,11/27/2022 4:30:00,,
11/27/2022,5:00,11.74,29.72,34.32,1489.5,11/27/2022 5:00:00,,
11/27/2022,5:30,11.74,30.11,34.72,1489.97,11/27/2022 5:30:00,,
11/27/2022,6:00,11.74,30.13,34.74,1490,11/27/2022 6:00:00,,
11/27/2022,6:30,11.74,29.63,34.22,1489.38,11/27/2022 6:30:00,,
11/27/2022,7:00,11.74,29.6,34.19,1489.35,11/27/2022 7:00:00,,
11/27/2022,7:30,11.74,29.68,34.27,1489.44,11/27/2022 7:30:00,,
11/27/2022,8:00,11.74,29.6,34.19,1489.35,11/27/2022 8:00:00,,
11/27/2022,8:30,11.74,28.57,33.11,1488.09,11/27/2022 8:30:00,,
11/27/2022,9:00,11.71,29.7,34.27,1489.36,11/27/2022 9:00:00,,
11/27/2022,9:30,11.71,29.6,34.17,1489.24,11/27/2022 9:30:00,,
11/27/2022,10:00,11.74,29.96,34.57,1489.79,11/27/2022 10:00:00,,
11/27/2022,10:30,11.74,29.99,34.59,1489.82,11/27/2022 10:30:00,,
11/27/2022,11:00,11.77,29.07,33.67,1488.82,11/27/2022 11:00:00,,
11/27/2022,11:30,11.77,27.76,32.29,1487.21,11/27/2022 11:30:00,,
11/27/2022,12:00,11.8,28.07,32.64,1487.71,11/27/2022 12:00:00,,
11/27/2022,12:30,11.8,25.57,30,1484.66,11/27/2022 12:30:00,,
11/27/2022,13:00,11.84,27.24,31.79,1486.8,11/27/2022 13:00:00,,
11/27/2022,13:30,11.87,27.28,31.86,1486.97,11/27/2022 13:30:00,,
11/27/2022,14:00,11.87,28.67,33.32,1488.66,11/27/2022 14:00:00,,
11/27/2022,14:30,11.9,28.09,32.74,1488.07,11/27/2022 14:30:00,,
11/27/2022,15:00,11.93,25.96,30.51,1485.59,11/27/2022 15:00:00,,
11/27/2022,15:30,11.84,27.16,31.71,1486.71,11/27/2022 15:30:00,,
11/27/2022,16:00,11.84,27.83,32.41,1487.53,11/27/2022 16:00:00,,
11/27/2022,16:30,11.87,27.02,31.59,1486.65,11/27/2022 16:30:00,,
11/27/2022,17:00,11.96,26.96,31.59,1486.91,11/27/2022 17:00:00,,
,,,,,,,,
,,,,,,,,
,,,,,,,,
,,,,,,,,
,,,,,,,,
,,,,,,,,
,,,,,,,,
,,,,,,,,
,,,,,,,,
,,,,,,,,
,,,,,,,,
,,,,,,,,
11/27/2022,23:30,11.84,27.74,32.31,1487.41,11/27/2022 23:30:00,,
11/28/2022,0:00,11.84,27.57,32.14,1487.21,11/28/2022 0:00:00,,
11/28/2022,0:30,11.84,29.29,33.94,1489.3,11/28/2022 0:30:00,,
11/28/2022,1:00,11.84,28.38,32.99,1488.2,11/28/2022 1:00:00,,
11/28/2022,1:30,11.84,28.81,33.44,1488.72,11/28/2022 1:30:00,,
11/28/2022,2:00,11.84,28.83,33.47,1488.75,11/28/2022 2:00:00,,
11/28/2022,2:30,11.84,29.34,33.99,1489.36,11/28/2022 2:30:00,,
11/28/2022,3:00,11.84,30.06,34.75,1490.24,11/28/2022 3:00:00,,
11/28/2022,3:30,11.84,28.95,33.59,1488.9,11/28/2022 3:30:00,,
11/28/2022,4:00,11.8,29.15,33.77,1489.02,11/28/2022 4:00:00,,
11/28/2022,4:30,11.8,28.52,33.12,1488.26,11/28/2022 4:30:00,,
11/28/2022,5:00,11.77,29.24,33.84,1489.02,11/28/2022 5:00:00,,
11/28/2022,5:30,11.77,28.4,32.96,1488,11/28/2022 5:30:00,,
11/28/2022,6:00,11.74,28.93,33.49,1488.53,11/28/2022 6:00:00,,
11/28/2022,6:30,11.74,28.93,33.49,1488.53,11/28/2022 6:30:00,,
11/28/2022,7:00,11.74,29.22,33.79,1488.88,11/28/2022 7:00:00,,
11/28/2022,7:30,11.74,29.05,33.62,1488.68,11/28/2022 7:30:00,,
11/28/2022,8:00,11.74,28.57,33.11,1488.09,11/28/2022 8:00:00,,
11/28/2022,8:30,11.74,28.64,33.19,1488.18,11/28/2022 8:30:00,,
11/28/2022,9:00,11.74,28.31,32.84,1487.77,11/28/2022 9:00:00,,
11/28/2022,9:30,11.74,28.48,33.01,1487.98,11/28/2022 9:30:00,,
11/28/2022,10:00,11.74,28.24,32.76,1487.68,11/28/2022 10:00:00,,
11/28/2022,10:30,11.77,28.43,32.99,1488.03,11/28/2022 10:30:00,,
11/28/2022,11:00,11.77,28.38,32.94,1487.97,11/28/2022 11:00:00,,
11/28/2022,11:30,11.8,28.5,33.09,1488.23,11/28/2022 11:30:00,,
11/28/2022,12:00,11.84,28.69,33.32,1488.57,11/28/2022 12:00:00,,
11/28/2022,12:30,11.87,27.64,32.24,1487.41,11/28/2022 12:30:00,,
11/28/2022,13:00,11.9,28.79,33.47,1488.91,11/28/2022 13:00:00,,
11/28/2022,13:30,11.9,28.02,32.67,1487.99,11/28/2022 13:30:00,,
11/28/2022,14:00,11.93,28.36,33.04,1488.5,11/28/2022 14:00:00,,
11/28/2022,14:30,11.96,28.24,32.94,1488.47,11/28/2022 14:30:00,,
11/28/2022,15:00,12,28.95,33.72,1489.45,11/28/2022 15:00:00,,
11/28/2022,15:30,12,26.44,31.06,1486.39,11/28/2022 15:30:00,,
11/28/2022,16:00,12.03,26.79,31.46,1486.93,11/28/2022 16:00:00,,
11/28/2022,16:30,12,29.45,34.25,1490.06,11/28/2022 16:30:00,,
11/28/2022,17:00,12,27.69,32.39,1487.92,11/28/2022 17:00:00,,
11/28/2022,17:30,12,28.43,33.17,1488.81,11/28/2022 17:30:00,,
11/28/2022,18:00,11.96,27.45,32.11,1487.52,11/28/2022 18:00:00,,
11/28/2022,18:30,11.93,26.69,31.29,1486.48,11/28/2022 18:30:00,,
,,,,,,,,
,,,,,,,,
,,,,,,,,
,,,,,,,,
,,,,,,,,
,,,,,,,,
,,,,,,,,
,,,,,,,,
,,,,,,,,
11/28/2022,23:30,11.77,20.05,24.02,1477.81,11/28/2022 23:30:00,,
11/29/2022,0:00,11.77,10.99,13.84,1466.77,11/29/2022 0:00:00,,
11/29/2022,0:30,11.77,11.32,14.21,1467.17,11/29/2022 0:30:00,,
11/29/2022,1:00,11.77,20.98,25.04,1478.95,11/29/2022 1:00:00,,
11/29/2022,1:30,11.77,20.07,24.05,1477.84,11/29/2022 1:30:00,,
11/29/2022,2:00,11.74,29.24,33.82,1488.91,11/29/2022 2:00:00,,
11/29/2022,2:30,11.74,29.46,34.04,1489.18,11/29/2022 2:30:00,,
11/29/2022,3:00,11.74,29.7,34.29,1489.47,11/29/2022 3:00:00,,
11/29/2022,3:30,11.74,29.05,33.62,1488.68,11/29/2022 3:30:00,,
11/29/2022,4:00,11.74,29.94,34.54,1489.76,11/29/2022 4:00:00,,
11/29/2022,4:30,11.71,29.03,33.56,1488.54,11/29/2022 4:30:00,,
11/29/2022,5:00,11.71,28.67,33.19,1488.1,11/29/2022 5:00:00,,
11/29/2022,5:30,11.71,29.72,34.29,1489.39,11/29/2022 5:30:00,,
11/29/2022,6:00,11.71,29.94,34.52,1489.65,11/29/2022 6:00:00,,
11/29/2022,6:30,11.71,29.41,33.97,1489.01,11/29/2022 6:30:00,,
11/29/2022,7:00,11.68,29.36,33.89,1488.83,11/29/2022 7:00:00,,
11/29/2022,7:30,11.68,29.44,33.96,1488.92,11/29/2022 7:30:00,,
11/29/2022,8:00,11.64,28.57,33.04,1487.75,11/29/2022 8:00:00,,
11/29/2022,8:30,11.61,29.87,34.36,1489.23,11/29/2022 8:30:00,,
11/29/2022,9:00,11.61,29.37,33.84,1488.61,11/29/2022 9:00:00,,
11/29/2022,9:30,11.61,28.81,33.26,1487.93,11/29/2022 9:30:00,,
11/29/2022,10:00,11.64,27.04,31.43,1485.88,11/29/2022 10:00:00,,
11/29/2022,10:30,11.64,27.21,31.61,1486.09,11/29/2022 10:30:00,,
11/29/2022,11:00,11.64,26.13,30.47,1484.78,11/29/2022 11:00:00,,
11/29/2022,11:30,11.71,24.24,28.51,1482.7,11/29/2022 11:30:00,,
11/29/2022,12:00,11.74,21.89,26.01,1479.94,11/29/2022 12:00:00,,
11/29/2022,12:30,11.8,25.69,30.13,1484.81,11/29/2022 12:30:00,,
11/29/2022,13:00,11.8,23.73,28.03,1482.42,11/29/2022 13:00:00,,
11/29/2022,13:30,11.87,23.6,27.93,1482.48,11/29/2022 13:30:00,,
11/29/2022,14:00,11.87,24.42,28.82,1483.49,11/29/2022 14:00:00,,
11/29/2022,14:30,11.87,24.56,28.97,1483.66,11/29/2022 14:30:00,,
11/29/2022,15:00,11.87,24.4,28.79,1483.46,11/29/2022 15:00:00,,
11/29/2022,15:30,11.87,25.06,29.5,1484.26,11/29/2022 15:30:00,,
11/29/2022,16:00,11.87,24.85,29.27,1484,11/29/2022 16:00:00,,
11/29/2022,16:30,11.84,24.37,28.74,1483.31,11/29/2022 16:30:00,,
11/29/2022,17:00,11.8,25.15,29.55,1484.14,11/29/2022 17:00:00,,
11/29/2022,17:30,11.77,24.6,28.94,1483.36,11/29/2022 17:30:00,,
11/29/2022,18:00,11.74,22.78,26.97,1481.03,11/29/2022 18:00:00,,
11/29/2022,18:30,11.74,20.44,24.43,1478.17,11/29/2022 18:30:00,,
11/29/2022,19:00,11.71,23.06,27.25,1481.26,11/29/2022 19:00:00,,
11/29/2022,19:30,11.71,23.11,27.3,1481.31,11/29/2022 19:30:00,,
11/29/2022,20:00,11.68,23.91,28.13,1482.17,11/29/2022 20:00:00,,
,,,,,,,,
,,,,,,,,
,,,,,,,,
,,,,,,,,
,,,,,,,,
,,,,,,,,
11/29/2022,23:30,11.55,28.6,32.98,1487.44,11/29/2022 23:30:00,,
11/30/2022,0:00,11.55,27.99,32.36,1486.71,11/30/2022 0:00:00,,
11/30/2022,0:30,11.55,27.66,32.01,1486.3,11/30/2022 0:30:00,,
11/30/2022,1:00,11.52,25.27,29.46,1483.26,11/30/2022 1:00:00,,
11/30/2022,1:30,11.55,24.34,28.51,1482.25,11/30/2022 1:30:00,,
11/30/2022,2:00,11.58,26.73,31.05,1485.27,11/30/2022 2:00:00,,
11/30/2022,2:30,11.55,26.08,30.35,1484.37,11/30/2022 2:30:00,,
11/30/2022,3:00,11.58,24.82,29.04,1482.95,11/30/2022 3:00:00,,
11/30/2022,3:30,11.58,25.27,29.52,1483.5,11/30/2022 3:30:00,,
11/30/2022,4:00,11.58,26.06,30.35,1484.46,11/30/2022 4:00:00,,
11/30/2022,4:30,11.58,26.65,30.98,1485.19,11/30/2022 4:30:00,,
11/30/2022,5:00,11.58,26.13,30.42,1484.54,11/30/2022 5:00:00,,
11/30/2022,5:30,11.61,25.27,29.54,1483.61,11/30/2022 5:30:00,,
11/30/2022,6:00,11.61,26.7,31.05,1485.36,11/30/2022 6:00:00,,
11/30/2022,6:30,11.58,26.51,30.82,1485.01,11/30/2022 6:30:00,,
11/30/2022,7:00,11.58,25.29,29.54,1483.53,11/30/2022 7:00:00,,
11/30/2022,7:30,11.55,25.55,29.79,1483.73,11/30/2022 7:30:00,,
11/30/2022,8:00,11.55,24.58,28.76,1482.54,11/30/2022 8:00:00,,
11/30/2022,8:30,11.55,25.65,29.89,1483.85,11/30/2022 8:30:00,,
11/30/2022,9:00,11.55,26.53,30.82,1484.92,11/30/2022 9:00:00,,
11/30/2022,9:30,11.55,29.05,33.46,1488,11/30/2022 9:30:00,,
11/30/2022,10:00,11.55,29.39,33.81,1488.42,11/30/2022 10:00:00,,
11/30/2022,10:30,11.55,28.62,33.01,1487.47,11/30/2022 10:30:00,,
11/30/2022,11:00,11.55,29.51,33.94,1488.56,11/30/2022 11:00:00,,
11/30/2022,11:30,11.61,29.68,34.16,1488.99,11/30/2022 11:30:00,,
11/30/2022,12:00,11.68,30.21,34.77,1489.86,11/30/2022 12:00:00,,
11/30/2022,12:30,11.74,29.94,34.54,1489.76,11/30/2022 12:30:00,,
11/30/2022,13:00,11.77,30.25,34.89,1490.25,11/30/2022 13:00:00,,
11/30/2022,13:30,11.8,29.51,34.14,1489.46,11/30/2022 13:30:00,,
11/30/2022,14:00,11.8,29.05,33.67,1488.9,11/30/2022 14:00:00,,
11/30/2022,14:30,11.8,29.99,34.64,1490.04,11/30/2022 14:30:00,,
11/30/2022,15:00,11.8,29.89,34.54,1489.93,11/30/2022 15:00:00,,
11/30/2022,15:30,11.8,29.58,34.22,1489.54,11/30/2022 15:30:00,,
11/30/2022,16:00,11.77,29.46,34.07,1489.29,11/30/2022 16:00:00,,
11/30/2022,16:30,11.77,30.04,34.67,1489.99,11/30/2022 16:30:00,,
11/30/2022,17:00,11.74,29.2,33.77,1488.85,11/30/2022 17:00:00,,
11/30/2022,17:30,11.74,29.75,34.34,1489.53,11/30/2022 17:30:00,,
11/30/2022,18:00,11.74,28.24,32.76,1487.68,11/30/2022 18:00:00,,
11/30/2022,18:30,11.71,29.24,33.79,1488.8,11/30/2022 18:30:00,,
11/30/2022,19:00,11.71,27.02,31.46,1486.08,11/30/2022 19:00:00,,
11/30/2022,19:30,11.68,29.7,34.24,1489.25,11/30/2022 19:30:00,,
11/30/2022,20:00,11.68,30.33,34.89,1490.01,11/30/2022 20:00:00,,
11/30/2022,20:30,11.68,27.37,31.81,1486.41,11/30/2022 20:30:00,,
11/30/2022,21:00,11.64,25.21,29.49,1483.65,11/30/2022 21:00:00,,
11/30/2022,21:30,11.64,26.39,30.75,1485.1,11/30/2022 21:30:00,,
11/30/2022,22:00,11.64,26.08,30.42,1484.72,11/30/2022 22:00:00,,
11/30/2022,22:30,11.61,22.98,27.09,1480.81,11/30/2022 22:30:00,,
11/30/2022,23:00,11.61,22.6,26.69,1480.35,11/30/2022 23:00:00,,
11/30/2022,23:30,11.61,23,27.12,1480.84,11/30/2022 23:30:00,,
12/1/2022,0:00,11.58,24.84,29.06,1482.98,12/01/2022 0:00:00,,
12/1/2022,0:30,11.61,25.39,29.67,1483.76,12/01/2022 0:30:00,,
12/1/2022,1:00,11.61,24.23,28.43,1482.34,12/01/2022 1:00:00,,
12/1/2022,1:30,11.61,22.29,26.36,1479.98,12/01/2022 1:30:00,,
12/1/2022,2:00,11.61,22.25,26.31,1479.92,12/01/2022 2:00:00,,
12/1/2022,2:30,11.58,23.02,27.12,1480.75,12/01/2022 2:30:00,,
12/1/2022,3:00,11.58,21.75,25.75,1479.19,12/01/2022 3:00:00,,
12/1/2022,3:30,11.55,23.51,27.62,1481.23,12/01/2022 3:30:00,,
12/1/2022,4:00,11.55,23.91,28.05,1481.73,12/01/2022 4:00:00,,
12/1/2022,4:30,11.55,24.44,28.61,1482.36,12/01/2022 4:30:00,,
12/1/2022,5:00,11.55,25.51,29.74,1483.67,12/01/2022 5:00:00,,
12/1/2022,5:30,11.55,24.94,29.14,1482.97,12/01/2022 5:30:00,,
12/1/2022,6:00,11.55,27.68,32.03,1486.33,12/01/2022 6:00:00,,
12/1/2022,6:30,11.55,29.46,33.89,1488.5,12/01/2022 6:30:00,,
12/1/2022,7:00,11.55,29.61,34.04,1488.68,12/01/2022 7:00:00,,
12/1/2022,7:30,11.55,29.8,34.24,1488.92,12/01/2022 7:30:00,,
12/1/2022,8:00,11.55,29.7,34.14,1488.8,12/01/2022 8:00:00,,
12/1/2022,8:30,11.58,29.22,33.66,1488.32,12/01/2022 8:30:00,,
12/1/2022,9:00,11.58,28.84,33.26,1487.85,12/01/2022 9:00:00,,
12/1/2022,9:30,11.61,29.03,33.49,1488.2,12/01/2022 9:30:00,,
12/1/2022,10:00,11.61,29.37,33.84,1488.61,12/01/2022 10:00:00,,
12/1/2022,10:30,11.58,29.08,33.51,1488.15,12/01/2022 10:30:00,,
12/1/2022,11:00,11.61,28.79,33.24,1487.91,12/01/2022 11:00:00,,
12/1/2022,11:30,11.61,27.85,32.26,1486.76,12/01/2022 11:30:00,,
12/1/2022,12:00,11.61,28.79,33.24,1487.91,12/01/2022 12:00:00,,
12/1/2022,12:30,11.61,29.29,33.76,1488.52,12/01/2022 12:30:00,,
12/1/2022,13:00,11.61,28.14,32.56,1487.11,12/01/2022 13:00:00,,
12/1/2022,13:30,11.61,28.52,32.96,1487.58,12/01/2022 13:30:00,,
12/1/2022,14:00,11.61,28.02,32.43,1486.97,12/01/2022 14:00:00,,
12/1/2022,14:30,11.58,29.58,34.04,1488.76,12/01/2022 14:30:00,,
12/1/2022,15:00,11.61,29.2,33.66,1488.4,12/01/2022 15:00:00,,
12/1/2022,15:30,11.58,29.29,33.74,1488.41,12/01/2022 15:30:00,,
12/1/2022,16:00,11.58,29.29,33.74,1488.41,12/01/2022 16:00:00,,
12/1/2022,16:30,11.58,28.14,32.53,1487,12/01/2022 16:30:00,,
12/1/2022,17:00,11.55,29.49,33.91,1488.53,12/01/2022 17:00:00,,
12/1/2022,17:30,11.55,28.88,33.28,1487.8,12/01/2022 17:30:00,,
12/1/2022,18:00,11.55,28.23,32.61,1487,12/01/2022 18:00:00,,
12/1/2022,18:30,11.52,28.72,33.08,1487.48,12/01/2022 18:30:00,,
12/1/2022,19:00,11.52,29.27,33.66,1488.16,12/01/2022 19:00:00,,
12/1/2022,19:30,11.48,28.45,32.78,1487.04,12/01/2022 19:30:00,,
12/1/2022,20:00,11.48,28.86,33.21,1487.54,12/01/2022 20:00:00,,
12/1/2022,20:30,11.48,25.6,29.79,1483.55,12/01/2022 20:30:00,,
12/1/2022,21:00,11.45,29.85,34.21,1488.64,12/01/2022 21:00:00,,
12/1/2022,21:30,11.45,27.7,31.98,1486.01,12/01/2022 21:30:00,,
12/1/2022,22:00,11.42,29.27,33.58,1487.82,12/01/2022 22:00:00,,
12/1/2022,22:30,11.42,28.89,33.18,1487.34,12/01/2022 22:30:00,,
12/1/2022,23:00,11.42,29.08,33.38,1487.58,12/01/2022 23:00:00,,
12/1/2022,23:30,11.39,27.9,32.13,1486.02,12/01/2022 23:30:00,,
12/2/2022,0:00,11.39,24.23,28.28,1481.54,12/02/2022 0:00:00,,
12/2/2022,0:30,11.35,28.47,32.7,1486.61,12/02/2022 0:30:00,,
12/2/2022,1:00,11.35,27.56,31.75,1485.49,12/02/2022 1:00:00,,
12/2/2022,1:30,11.35,28.38,32.6,1486.5,12/02/2022 1:30:00,,
12/2/2022,2:00,11.35,25.92,30.04,1483.49,12/02/2022 2:00:00,,
12/2/2022,2:30,11.35,26.72,30.87,1484.46,12/02/2022 2:30:00,,
12/2/2022,3:00,11.35,27.24,31.42,1485.11,12/02/2022 3:00:00,,
12/2/2022,3:30,11.35,26.14,30.27,1483.76,12/02/2022 3:30:00,,
12/2/2022,4:00,11.35,27.58,31.77,1485.52,12/02/2022 4:00:00,,
12/2/2022,4:30,11.32,26.21,30.32,1483.73,12/02/2022 4:30:00,,
12/2/2022,5:00,11.29,29.74,33.96,1487.93,12/02/2022 5:00:00,,
12/2/2022,5:30,11.29,29.76,33.98,1487.96,12/02/2022 5:30:00,,
12/2/2022,6:00,11.32,29.66,33.91,1487.95,12/02/2022 6:00:00,,
12/2/2022,6:30,11.35,29.69,33.96,1488.1,12/02/2022 6:30:00,,
12/2/2022,7:00,11.35,29.59,33.86,1487.98,12/02/2022 7:00:00,,
12/2/2022,7:30,11.35,29.64,33.91,1488.04,12/02/2022 7:30:00,,
12/2/2022,8:00,11.35,28.89,33.13,1487.12,12/02/2022 8:00:00,,
12/2/2022,8:30,11.32,28.18,32.38,1486.14,12/02/2022 8:30:00,,
12/2/2022,9:00,11.32,26.93,31.07,1484.61,12/02/2022 9:00:00,,
12/2/2022,9:30,11.32,29.37,33.61,1487.6,12/02/2022 9:30:00,,
12/2/2022,10:00,11.29,28.89,33.08,1486.89,12/02/2022 10:00:00,,
12/2/2022,10:30,11.29,29.4,33.6,1487.51,12/02/2022 10:30:00,,
12/2/2022,11:00,11.26,27.36,31.47,1484.91,12/02/2022 11:00:00,,
12/2/2022,11:30,11.26,29.49,33.68,1487.52,12/02/2022 11:30:00,,
12/2/2022,12:00,11.29,29.59,33.81,1487.75,12/02/2022 12:00:00,,
12/2/2022,12:30,11.32,29.42,33.66,1487.66,12/02/2022 12:30:00,,
12/2/2022,13:00,11.35,28.89,33.13,1487.12,12/02/2022 13:00:00,,
12/2/2022,13:30,11.42,28.72,33.01,1487.14,12/02/2022 13:30:00,,
12/2/2022,14:00,11.42,28.06,32.33,1486.34,12/02/2022 14:00:00,,
12/2/2022,14:30,11.45,28.31,32.61,1486.75,12/02/2022 14:30:00,,
12/2/2022,15:00,11.45,28.45,32.76,1486.93,12/02/2022 15:00:00,,
12/2/2022,15:30,11.42,23.57,27.6,1480.84,12/02/2022 15:30:00,,
12/2/2022,16:00,11.42,28.47,32.76,1486.84,12/02/2022 16:00:00,,
12/2/2022,16:30,11.39,28.93,33.21,1487.29,12/02/2022 16:30:00,,
12/2/2022,17:00,11.39,28.02,32.25,1486.17,12/02/2022 17:00:00,,
12/2/2022,17:30,11.35,27.29,31.47,1485.17,12/02/2022 17:30:00,,
12/2/2022,18:00,11.35,26.98,31.15,1484.78,12/02/2022 18:00:00,,
12/2/2022,18:30,11.35,27.39,31.57,1485.28,12/02/2022 18:30:00,,
12/2/2022,19:00,11.32,25.78,29.86,1483.2,12/02/2022 19:00:00,,
12/2/2022,19:30,11.32,26.95,31.1,1484.64,12/02/2022 19:30:00,,
12/2/2022,20:00,11.29,27.72,31.87,1485.47,12/02/2022 20:00:00,,
12/2/2022,20:30,11.29,28.57,32.75,1486.5,12/02/2022 20:30:00,,
12/2/2022,21:00,11.26,28.11,32.25,1485.82,12/02/2022 21:00:00,,
12/2/2022,21:30,11.26,27.68,31.8,1485.29,12/02/2022 21:30:00,,
12/2/2022,22:00,11.26,28.26,32.4,1486,12/02/2022 22:00:00,,
12/2/2022,22:30,11.23,27.8,31.9,1485.32,12/02/2022 22:30:00,,
12/2/2022,23:00,11.23,26.71,30.77,1483.99,12/02/2022 23:00:00,,
12/2/2022,23:30,11.23,25.7,29.71,1482.76,12/02/2022 23:30:00,,
12/3/2022,0:00,11.23,23.26,27.14,1479.77,12/03/2022 0:00:00,,
12/3/2022,0:30,11.19,20.92,24.62,1476.79,12/03/2022 0:30:00,,
12/3/2022,1:00,11.19,24.4,28.32,1481.05,12/03/2022 1:00:00,,
12/3/2022,1:30,11.19,27.26,31.32,1484.56,12/03/2022 1:30:00,,
12/3/2022,2:00,11.19,26.93,30.97,1484.14,12/03/2022 2:00:00,,
12/3/2022,2:30,11.19,26.13,30.14,1483.17,12/03/2022 2:30:00,,
12/3/2022,3:00,11.19,27.12,31.17,1484.38,12/03/2022 3:00:00,,
12/3/2022,3:30,11.19,27.92,32,1485.36,12/03/2022 3:30:00,,
12/3/2022,4:00,11.19,28.6,32.7,1486.19,12/03/2022 4:00:00,,
12/3/2022,4:30,11.19,28.16,32.25,1485.65,12/03/2022 4:30:00,,
12/3/2022,5:00,11.19,29.11,33.23,1486.81,12/03/2022 5:00:00,,
12/3/2022,5:30,11.23,28.18,32.3,1485.8,12/03/2022 5:30:00,,
12/3/2022,6:00,11.23,29.2,33.35,1487.05,12/03/2022 6:00:00,,
12/3/2022,6:30,11.23,28.98,33.13,1486.78,12/03/2022 6:30:00,,
12/3/2022,7:00,11.23,28.28,32.4,1485.92,12/03/2022 7:00:00,,
12/3/2022,7:30,11.23,29.01,33.15,1486.81,12/03/2022 7:30:00,,
12/3/2022,8:00,11.23,28.77,32.9,1486.51,12/03/2022 8:00:00,,
12/3/2022,8:30,11.23,29.49,33.65,1487.4,12/03/2022 8:30:00,,
12/3/2022,9:00,11.23,29.71,33.88,1487.67,12/03/2022 9:00:00,,
12/3/2022,9:30,11.23,29.35,33.5,1487.23,12/03/2022 9:30:00,,
12/3/2022,10:00,11.26,29.27,33.45,1487.25,12/03/2022 10:00:00,,
12/3/2022,10:30,11.26,29.76,33.95,1487.85,12/03/2022 10:30:00,,
12/3/2022,11:00,11.26,29.79,33.98,1487.88,12/03/2022 11:00:00,,
12/3/2022,11:30,11.29,29.76,33.98,1487.96,12/03/2022 11:30:00,,
12/3/2022,12:00,11.29,29.47,33.68,1487.6,12/03/2022 12:00:00,,
12/3/2022,12:30,11.32,28.67,32.88,1486.74,12/03/2022 12:30:00,,
12/3/2022,13:00,11.35,29.69,33.96,1488.1,12/03/2022 13:00:00,,
12/3/2022,13:30,11.39,29.05,33.33,1487.44,12/03/2022 13:30:00,,
12/3/2022,14:00,11.39,29.44,33.73,1487.91,12/03/2022 14:00:00,,
12/3/2022,14:30,11.39,29.59,33.88,1488.09,12/03/2022 14:30:00,,
12/3/2022,15:00,11.39,28.72,32.98,1487.02,12/03/2022 15:00:00,,
12/3/2022,15:30,11.39,30.19,34.51,1488.83,12/03/2022 15:30:00,,
12/3/2022,16:00,11.35,29.95,34.23,1488.42,12/03/2022 16:00:00,,
12/3/2022,16:30,11.35,29.83,34.11,1488.27,12/03/2022 16:30:00,,
12/3/2022,17:00,11.35,29.76,34.03,1488.18,12/03/2022 17:00:00,,
12/3/2022,17:30,11.35,28.67,32.9,1486.85,12/03/2022 17:30:00,,
12/3/2022,18:00,11.32,26.98,31.12,1484.67,12/03/2022 18:00:00,,
12/3/2022,18:30,11.32,28.14,32.33,1486.08,12/03/2022 18:30:00,,
12/3/2022,19:00,11.29,28.38,32.55,1486.27,12/03/2022 19:00:00,,
12/3/2022,19:30,11.29,28.67,32.85,1486.62,12/03/2022 19:30:00,,
12/3/2022,20:00,11.29,27.8,31.95,1485.56,12/03/2022 20:00:00,,
12/3/2022,20:30,11.29,22.01,25.84,1478.47,12/03/2022 20:30:00,,
12/3/2022,21:00,11.29,18.34,21.88,1473.98,12/03/2022 21:00:00,,
12/3/2022,21:30,11.26,27.7,31.82,1485.32,12/03/2022 21:30:00,,
12/3/2022,22:00,11.26,19.65,23.3,1475.47,12/03/2022 22:00:00,,
12/3/2022,22:30,11.26,27.43,31.55,1485,12/03/2022 22:30:00,,
12/3/2022,23:00,11.26,25.01,29.01,1482.02,12/03/2022 23:00:00,,
12/3/2022,23:30,11.23,29.2,33.35,1487.05,12/03/2022 23:30:00,,
12/4/2022,0:00,11.23,29.47,33.63,1487.37,12/04/2022 0:00:00,,
12/4/2022,0:30,11.23,19.34,22.94,1474.97,12/04/2022 0:30:00,,
12/4/2022,1:00,11.23,28.96,33.1,1486.75,12/04/2022 1:00:00,,
12/4/2022,1:30,11.23,29.96,34.13,1487.97,12/04/2022 1:30:00,,
12/4/2022,2:00,11.26,29.86,34.05,1487.97,12/04/2022 2:00:00,,
12/4/2022,2:30,11.26,28.98,33.15,1486.89,12/04/2022 2:30:00,,
12/4/2022,3:00,11.26,29.86,34.05,1487.97,12/04/2022 3:00:00,,
12/4/2022,3:30,11.23,29.71,33.88,1487.67,12/04/2022 3:30:00,,
12/4/2022,4:00,11.23,29.76,33.93,1487.73,12/04/2022 4:00:00,,
12/4/2022,4:30,11.19,30.13,34.28,1488.07,12/04/2022 4:30:00,,
12/4/2022,5:00,11.23,29.93,34.1,1487.94,12/04/2022 5:00:00,,
12/4/2022,5:30,11.23,29.79,33.95,1487.76,12/04/2022 5:30:00,,
12/4/2022,6:00,11.23,29.91,34.08,1487.91,12/04/2022 6:00:00,,
12/4/2022,6:30,11.23,29.69,33.85,1487.64,12/04/2022 6:30:00,,
12/4/2022,7:00,11.23,27.8,31.9,1485.32,12/04/2022 7:00:00,,
12/4/2022,7:30,11.23,27.87,31.97,1485.41,12/04/2022 7:30:00,,
12/4/2022,8:00,11.23,28.16,32.27,1485.77,12/04/2022 8:00:00,,
12/4/2022,8:30,11.23,27.77,31.87,1485.29,12/04/2022 8:30:00,,
12/4/2022,9:00,11.23,27.77,31.87,1485.29,12/04/2022 9:00:00,,
12/4/2022,9:30,11.23,27.6,31.7,1485.09,12/04/2022 9:30:00,,
12/4/2022,10:00,11.23,27.89,32,1485.44,12/04/2022 10:00:00,,
12/4/2022,10:30,11.23,29.03,33.18,1486.84,12/04/2022 10:30:00,,
12/4/2022,11:00,11.26,29.35,33.53,1487.34,12/04/2022 11:00:00,,
12/4/2022,11:30,11.26,29.69,33.88,1487.76,12/04/2022 11:30:00,,
12/4/2022,12:00,11.29,29.37,33.58,1487.48,12/04/2022 12:00:00,,
12/4/2022,12:30,11.32,29.91,34.16,1488.25,12/04/2022 12:30:00,,
12/4/2022,13:00,11.35,28.4,32.63,1486.52,12/04/2022 13:00:00,,
12/4/2022,13:30,11.35,28.96,33.21,1487.21,12/04/2022 13:30:00,,
12/4/2022,14:00,11.45,27.87,32.15,1486.22,12/04/2022 14:00:00,,
12/4/2022,14:30,11.48,28.33,32.66,1486.89,12/04/2022 14:30:00,,
12/4/2022,15:00,11.52,28.55,32.91,1487.27,12/04/2022 15:00:00,,
12/4/2022,15:30,11.55,27.85,32.21,1486.53,12/04/2022 15:30:00,,
12/4/2022,16:00,11.55,27.92,32.28,1486.62,12/04/2022 16:00:00,,
12/4/2022,16:30,11.55,29.46,33.89,1488.5,12/04/2022 16:30:00,,
12/4/2022,17:00,11.55,29.61,34.04,1488.68,12/04/2022 17:00:00,,
12/4/2022,17:30,11.52,29.25,33.63,1488.13,12/04/2022 17:30:00,,
12/4/2022,18:00,11.52,28.26,32.61,1486.92,12/04/2022 18:00:00,,
12/4/2022,18:30,11.48,28.84,33.18,1487.51,12/04/2022 18:30:00,,
12/4/2022,19:00,11.48,29.95,34.34,1488.87,12/04/2022 19:00:00,,
12/4/2022,19:30,11.45,29.78,34.13,1488.55,12/04/2022 19:30:00,,
12/4/2022,20:00,11.45,29.51,33.86,1488.23,12/04/2022 20:00:00,,
12/4/2022,20:30,11.42,30,34.33,1488.71,12/04/2022 20:30:00,,
12/4/2022,21:00,11.42,29.85,34.18,1488.53,12/04/2022 21:00:00,,
12/4/2022,21:30,11.42,29.88,34.21,1488.56,12/04/2022 21:30:00,,
12/4/2022,22:00,11.39,29.08,33.36,1487.47,12/04/2022 22:00:00,,
12/4/2022,22:30,11.35,29.42,33.68,1487.77,12/04/2022 22:30:00,,
12/4/2022,23:00,11.35,28.91,33.15,1487.15,12/04/2022 23:00:00,,
12/4/2022,23:30,11.35,29.2,33.46,1487.5,12/04/2022 23:30:00,,
12/5/2022,0:00,11.35,29.37,33.63,1487.71,12/05/2022 0:00:00,,
12/5/2022,0:30,11.35,29.93,34.21,1488.39,12/05/2022 0:30:00,,
12/5/2022,1:00,11.35,29.95,34.23,1488.42,12/05/2022 1:00:00,,
12/5/2022,1:30,11.35,29.64,33.91,1488.04,12/05/2022 1:30:00,,
12/5/2022,2:00,11.35,17.06,20.52,1472.65,12/05/2022 2:00:00,,
12/5/2022,2:30,11.35,17.02,20.47,1472.59,12/05/2022 2:30:00,,
12/5/2022,3:00,11.35,27.22,31.4,1485.08,12/05/2022 3:00:00,,
12/5/2022,3:30,11.35,28.11,32.33,1486.17,12/05/2022 3:30:00,,
12/5/2022,4:00,11.35,20.88,24.68,1477.32,12/05/2022 4:00:00,,
12/5/2022,4:30,11.35,17.63,21.14,1473.34,12/05/2022 4:30:00,,
12/5/2022,5:00,11.35,26.31,30.44,1483.96,12/05/2022 5:00:00,,
12/5/2022,5:30,11.35,21.78,25.64,1478.42,12/05/2022 5:30:00,,
12/5/2022,6:00,11.35,22.37,26.28,1479.15,12/05/2022 6:00:00,,
12/5/2022,6:30,11.35,22.06,25.95,1478.77,12/05/2022 6:30:00,,
12/5/2022,7:00,11.35,22.37,26.28,1479.15,12/05/2022 7:00:00,,
12/5/2022,7:30,11.32,22.63,26.53,1479.34,12/05/2022 7:30:00,,
12/5/2022,8:00,11.32,23.34,27.29,1480.22,12/05/2022 8:00:00,,
12/5/2022,8:30,11.32,29.71,33.96,1488.01,12/05/2022 8:30:00,,
12/5/2022,9:00,11.32,28.91,33.13,1487.03,12/05/2022 9:00:00,,
12/5/2022,9:30,11.32,27.97,32.15,1485.88,12/05/2022 9:30:00,,
12/5/2022,10:00,11.32,28.69,32.9,1486.77,12/05/2022 10:00:00,,
12/5/2022,10:30,11.35,28.11,32.33,1486.17,12/05/2022 10:30:00,,
12/5/2022,11:00,11.35,27.99,32.2,1486.02,12/05/2022 11:00:00,,
12/5/2022,11:30,11.39,28.21,32.45,1486.4,12/05/2022 11:30:00,,
12/5/2022,12:00,11.42,29.32,33.63,1487.88,12/05/2022 12:00:00,,
12/5/2022,12:30,11.45,28.52,32.83,1487.01,12/05/2022 12:30:00,,
12/5/2022,13:00,11.52,28.57,32.93,1487.3,12/05/2022 13:00:00,,
12/5/2022,13:30,11.55,29.29,33.71,1488.3,12/05/2022 13:30:00,,
12/5/2022,14:00,11.58,28.57,32.98,1487.53,12/05/2022 14:00:00,,
12/5/2022,14:30,11.61,28.96,33.41,1488.11,12/05/2022 14:30:00,,
12/5/2022,15:00,11.61,27.73,32.13,1486.62,12/05/2022 15:00:00,,
12/5/2022,15:30,11.61,27.25,31.63,1486.03,12/05/2022 15:30:00,,
12/5/2022,16:00,11.64,25.3,29.59,1483.76,12/05/2022 16:00:00,,
12/5/2022,16:30,11.64,27.83,32.26,1486.85,12/05/2022 16:30:00,,
12/5/2022,17:00,11.64,28.55,33.01,1487.72,12/05/2022 17:00:00,,
12/5/2022,17:30,11.61,28.28,32.71,1487.29,12/05/2022 17:30:00,,
12/5/2022,18:00,11.58,29.2,33.64,1488.29,12/05/2022 18:00:00,,
12/5/2022,18:30,11.55,28.16,32.53,1486.92,12/05/2022 18:30:00,,
12/5/2022,19:00,11.52,28.57,32.93,1487.3,12/05/2022 19:00:00,,
12/5/2022,19:30,11.52,28.88,33.26,1487.68,12/05/2022 19:30:00,,
12/5/2022,20:00,11.48,26.19,30.42,1484.28,12/05/2022 20:00:00,,
12/5/2022,20:30,11.45,28.69,33.01,1487.22,12/05/2022 20:30:00,,
12/5/2022,21:00,11.42,28.47,32.76,1486.84,12/05/2022 21:00:00,,
12/5/2022,21:30,11.39,27.32,31.52,1485.31,12/05/2022 21:30:00,,
12/5/2022,22:00,11.39,28.64,32.9,1486.93,12/05/2022 22:00:00,,
12/5/2022,22:30,11.39,28.74,33.01,1487.05,12/05/2022 22:30:00,,
12/5/2022,23:00,11.39,29.22,33.51,1487.64,12/05/2022 23:00:00,,
12/5/2022,23:30,11.39,28.64,32.9,1486.93,12/05/2022 23:30:00,,
12/6/2022,0:00,11.39,29.68,33.98,1488.21,12/06/2022 0:00:00,,
12/6/2022,0:30,11.39,28.23,32.48,1486.43,12/06/2022 0:30:00,,
12/6/2022,1:00,11.39,27.34,31.55,1485.34,12/06/2022 1:00:00,,
12/6/2022,1:30,11.35,28.31,32.53,1486.41,12/06/2022 1:30:00,,
12/6/2022,2:00,11.32,29.98,34.23,1488.34,12/06/2022 2:00:00,,
12/6/2022,2:30,11.32,29.27,33.51,1487.48,12/06/2022 2:30:00,,
12/6/2022,3:00,11.32,29.37,33.61,1487.6,12/06/2022 3:00:00,,
12/6/2022,3:30,11.32,29.47,33.71,1487.72,12/06/2022 3:30:00,,
12/6/2022,4:00,11.29,29.52,33.73,1487.66,12/06/2022 4:00:00,,
12/6/2022,4:30,11.32,29.25,33.48,1487.45,12/06/2022 4:30:00,,
12/6/2022,5:00,11.32,29.59,33.83,1487.86,12/06/2022 5:00:00,,
12/6/2022,5:30,11.32,29.54,33.78,1487.8,12/06/2022 5:30:00,,
12/6/2022,6:00,11.29,29.74,33.96,1487.93,12/06/2022 6:00:00,,
12/6/2022,6:30,11.29,28.84,33.03,1486.83,12/06/2022 6:30:00,,
12/6/2022,7:00,11.29,29.83,34.06,1488.05,12/06/2022 7:00:00,,
12/6/2022,7:30,11.29,29.98,34.21,1488.23,12/06/2022 7:30:00,,
12/6/2022,8:00,11.29,29.96,34.18,1488.2,12/06/2022 8:00:00,,
12/6/2022,8:30,11.29,29.96,34.18,1488.2,12/06/2022 8:30:00,,
12/6/2022,9:00,11.29,30.03,34.26,1488.29,12/06/2022 9:00:00,,
12/6/2022,9:30,11.32,30.15,34.41,1488.55,12/06/2022 9:30:00,,
12/6/2022,10:00,11.32,28.16,32.35,1486.11,12/06/2022 10:00:00,,
12/6/2022,10:30,11.35,30.44,34.73,1489.02,12/06/2022 10:30:00,,
12/6/2022,11:00,11.35,30.37,34.66,1488.93,12/06/2022 11:00:00,,
12/6/2022,11:30,11.35,30.46,34.76,1489.05,12/06/2022 11:30:00,,
12/6/2022,12:00,11.39,29.73,34.03,1488.27,12/06/2022 12:00:00,,
12/6/2022,12:30,11.45,29.56,33.91,1488.29,12/06/2022 12:30:00,,
12/6/2022,13:00,11.45,29.73,34.08,1488.49,12/06/2022 13:00:00,,
12/6/2022,13:30,11.48,29.61,33.99,1488.46,12/06/2022 13:30:00,,
,,,,,,,,
,,,,,,,,
,,,,,,,,
,,,,,,,,
,,,,,,,,
,,,,,,,,
,,,,,,,,
,,,,,,,,
12/6/2022,18:00,11.32,29.88,34.13,1488.22,12/06/2022 18:00:00,,
12/6/2022,18:30,11.32,29.2,33.43,1487.39,12/06/2022 18:30:00,,
12/6/2022,19:00,11.29,29.98,34.21,1488.23,12/06/2022 19:00:00,,
12/6/2022,19:30,11.29,29.96,34.18,1488.2,12/06/2022 19:30:00,,
12/6/2022,20:00,11.26,29.45,33.63,1487.46,12/06/2022 20:00:00,,
12/6/2022,20:30,11.26,29.42,33.6,1487.43,12/06/2022 20:30:00,,
12/6/2022,21:00,11.26,29.86,34.05,1487.97,12/06/2022 21:00:00,,
12/6/2022,21:30,11.23,29.35,33.5,1487.23,12/06/2022 21:30:00,,
12/6/2022,22:00,11.23,29.86,34.03,1487.85,12/06/2022 22:00:00,,
12/6/2022,22:30,11.19,30.1,34.25,1488.04,12/06/2022 22:30:00,,
12/6/2022,23:00,11.19,29.64,33.78,1487.47,12/06/2022 23:00:00,,
12/6/2022,23:30,11.19,30.1,34.25,1488.04,12/06/2022 23:30:00,,
12/7/2022,0:00,11.19,29.79,33.93,1487.65,12/07/2022 0:00:00,,
12/7/2022,0:30,11.19,30.15,34.3,1488.1,12/07/2022 0:30:00,,
12/7/2022,1:00,11.16,30.06,34.18,1487.87,12/07/2022 1:00:00,,
12/7/2022,1:30,11.16,29.57,33.68,1487.27,12/07/2022 1:30:00,,
12/7/2022,2:00,11.16,30.16,34.28,1487.98,12/07/2022 2:00:00,,
12/7/2022,2:30,11.16,29.69,33.8,1487.42,12/07/2022 2:30:00,,
12/7/2022,3:00,11.13,29.77,33.85,1487.39,12/07/2022 3:00:00,,
12/7/2022,3:30,11.1,28.23,32.25,1485.4,12/07/2022 3:30:00,,
12/7/2022,4:00,11.1,28.26,32.27,1485.43,12/07/2022 4:00:00,,
12/7/2022,4:30,11.06,28.01,31.99,1485.01,12/07/2022 4:30:00,,
12/7/2022,5:00,11.06,28.28,32.27,1485.34,12/07/2022 5:00:00,,
12/7/2022,5:30,11.03,28.43,32.4,1485.4,12/07/2022 5:30:00,,
12/7/2022,6:00,11.03,30.01,34.02,1487.35,12/07/2022 6:00:00,,
12/7/2022,6:30,11,30.16,34.15,1487.42,12/07/2022 6:30:00,,
12/7/2022,7:00,11,29.33,33.3,1486.4,12/07/2022 7:00:00,,
12/7/2022,7:30,11,29.52,33.5,1486.64,12/07/2022 7:30:00,,
12/7/2022,8:00,11.03,29.92,33.92,1487.23,12/07/2022 8:00:00,,
12/7/2022,8:30,11.06,30.13,34.18,1487.62,12/07/2022 8:30:00,,
12/7/2022,9:00,11.1,30.3,34.38,1487.94,12/07/2022 9:00:00,,
12/7/2022,9:30,11.06,30.31,34.35,1487.83,12/07/2022 9:30:00,,
12/7/2022,10:00,11.1,30.45,34.53,1488.12,12/07/2022 10:00:00,,
12/7/2022,10:30,11.1,29.6,33.65,1487.07,12/07/2022 10:30:00,,
12/7/2022,11:00,11.1,30.18,34.25,1487.79,12/07/2022 11:00:00,,
12/7/2022,11:30,11.1,30.43,34.5,1488.09,12/07/2022 11:30:00,,
12/7/2022,12:00,11.16,30.03,34.15,1487.84,12/07/2022 12:00:00,,
12/7/2022,12:30,11.29,30,34.23,1488.26,12/07/2022 12:30:00,,
12/7/2022,13:00,11.35,30.42,34.71,1488.99,12/07/2022 13:00:00,,
12/7/2022,13:30,11.42,30.19,34.53,1488.94,12/07/2022 13:30:00,,
12/7/2022,14:00,11.52,30.26,34.69,1489.37,12/07/2022 14:00:00,,
12/7/2022,14:30,11.58,30.31,34.79,1489.65,12/07/2022 14:30:00,,
,,,,,,,,
,,,,,,,,
,,,,,,,,
,,,,,,,,
,,,,,,,,
,,,,,,,,
,,,,,,,,
12/7/2022,18:30,10.31,0.56,0.81,1448.43,12/07/2022 18:30:00,,
12/7/2022,19:00,11.29,30.05,34.28,1488.32,12/07/2022 19:00:00,,
12/7/2022,19:30,11.32,30.32,34.58,1488.76,12/07/2022 19:30:00,,
12/7/2022,20:00,11.29,26.47,30.57,1483.93,12/07/2022 20:00:00,,
12/7/2022,20:30,11.32,25.39,29.46,1482.73,12/07/2022 20:30:00,,
12/7/2022,21:00,11.32,25.42,29.49,1482.76,12/07/2022 21:00:00,,
12/7/2022,21:30,11.32,30,34.26,1488.37,12/07/2022 21:30:00,,
12/7/2022,22:00,11.32,29.86,34.11,1488.19,12/07/2022 22:00:00,,
12/7/2022,22:30,11.32,30.34,34.61,1488.79,12/07/2022 22:30:00,,
12/7/2022,23:00,11.29,29.88,34.11,1488.11,12/07/2022 23:00:00,,
12/7/2022,23:30,11.26,29.27,33.45,1487.25,12/07/2022 23:30:00,,
12/8/2022,0:00,11.23,29.71,33.88,1487.67,12/08/2022 0:00:00,,
12/8/2022,0:30,11.23,29.37,33.53,1487.26,12/08/2022 0:30:00,,
12/8/2022,1:00,11.23,29.37,33.53,1487.26,12/08/2022 1:00:00,,
12/8/2022,1:30,11.23,29.52,33.68,1487.43,12/08/2022 1:30:00,,
12/8/2022,2:00,11.19,29.67,33.8,1487.5,12/08/2022 2:00:00,,
12/8/2022,2:30,11.19,29.54,33.68,1487.35,12/08/2022 2:30:00,,
12/8/2022,3:00,11.19,29.54,33.68,1487.35,12/08/2022 3:00:00,,
12/8/2022,3:30,11.16,29.47,33.58,1487.15,12/08/2022 3:30:00,,
12/8/2022,4:00,11.16,29.64,33.75,1487.36,12/08/2022 4:00:00,,
12/8/2022,4:30,11.16,29.57,33.68,1487.27,12/08/2022 4:30:00,,
12/8/2022,5:00,11.13,29.45,33.53,1487,12/08/2022 5:00:00,,
12/8/2022,5:30,11.16,29.64,33.75,1487.36,12/08/2022 5:30:00,,
12/8/2022,6:00,11.13,28.64,32.7,1486.02,12/08/2022 6:00:00,,
12/8/2022,6:30,11.1,30.04,34.1,1487.61,12/08/2022 6:30:00,,
12/8/2022,7:00,11.1,29.96,34.03,1487.52,12/08/2022 7:00:00,,
12/8/2022,7:30,11.1,30.01,34.08,1487.58,12/08/2022 7:30:00,,
12/8/2022,8:00,11.16,29.72,33.83,1487.45,12/08/2022 8:00:00,,
12/8/2022,8:30,11.16,29.42,33.53,1487.09,12/08/2022 8:30:00,,
12/8/2022,9:00,11.16,29.18,33.28,1486.79,12/08/2022 9:00:00,,
12/8/2022,9:30,11.16,29.3,33.4,1486.94,12/08/2022 9:30:00,,
12/8/2022,10:00,11.23,29.28,33.43,1487.14,12/08/2022 10:00:00,,
12/8/2022,10:30,11.23,28.35,32.47,1486.01,12/08/2022 10:30:00,,
12/8/2022,11:00,11.26,28.16,32.3,1485.88,12/08/2022 11:00:00,,
12/8/2022,11:30,11.29,27.89,32.05,1485.67,12/08/2022 11:30:00,,
12/8/2022,12:00,11.29,28.76,32.95,1486.74,12/08/2022 12:00:00,,
12/8/2022,12:30,11.32,28.98,33.2,1487.12,12/08/2022 12:30:00,,
12/8/2022,13:00,11.35,29.71,33.98,1488.13,12/08/2022 13:00:00,,
12/8/2022,13:30,11.39,29.66,33.96,1488.18,12/08/2022 13:30:00,,
12/8/2022,14:00,11.42,29.68,34.01,1488.32,12/08/2022 14:00:00,,
12/8/2022,14:30,11.45,29.83,34.18,1488.61,12/08/2022 14:30:00,,
12/8/2022,15:00,11.45,29.71,34.06,1488.46,12/08/2022 15:00:00,,
12/8/2022,15:30,11.45,29.27,33.61,1487.93,12/08/2022 15:30:00,,
12/8/2022,16:00,11.45,29.44,33.78,1488.14,12/08/2022 16:00:00,,
12/8/2022,16:30,11.42,29.64,33.96,1488.26,12/08/2022 16:30:00,,
12/8/2022,17:00,11.39,29.13,33.41,1487.53,12/08/2022 17:00:00,,
12/8/2022,17:30,11.35,29.61,33.88,1488.01,12/08/2022 17:30:00,,
12/8/2022,18:00,11.32,4.68,6.19,1457.38,12/08/2022 18:00:00,,
12/8/2022,18:30,11.23,28.33,32.45,1485.98,12/08/2022 18:30:00,,
12/8/2022,19:00,11.26,29.37,33.55,1487.37,12/08/2022 19:00:00,,
12/8/2022,19:30,11.29,28.28,32.45,1486.15,12/08/2022 19:30:00,,
12/8/2022,20:00,11.29,28.69,32.88,1486.65,12/08/2022 20:00:00,,
12/8/2022,20:30,11.29,29.1,33.3,1487.16,12/08/2022 20:30:00,,
12/8/2022,21:00,11.32,24.39,28.4,1481.5,12/08/2022 21:00:00,,
12/8/2022,21:30,11.32,29.81,34.06,1488.13,12/08/2022 21:30:00,,
12/8/2022,22:00,11.29,29.23,33.43,1487.3,12/08/2022 22:00:00,,
12/8/2022,22:30,11.29,28.47,32.65,1486.38,12/08/2022 22:30:00,,
12/8/2022,23:00,11.29,29.4,33.6,1487.51,12/08/2022 23:00:00,,
12/8/2022,23:30,11.29,29.49,33.7,1487.63,12/08/2022 23:30:00,,
12/9/2022,0:00,11.29,29.54,33.76,1487.69,12/09/2022 0:00:00,,
12/9/2022,0:30,11.29,29.71,33.93,1487.9,12/09/2022 0:30:00,,
12/9/2022,1:00,11.29,29.44,33.65,1487.57,12/09/2022 1:00:00,,
12/9/2022,1:30,11.29,29.4,33.6,1487.51,12/09/2022 1:30:00,,
12/9/2022,2:00,11.29,29.42,33.63,1487.54,12/09/2022 2:00:00,,
12/9/2022,2:30,11.29,29.83,34.06,1488.05,12/09/2022 2:30:00,,
12/9/2022,3:00,11.29,29.69,33.91,1487.87,12/09/2022 3:00:00,,
12/9/2022,3:30,11.29,29.86,34.08,1488.08,12/09/2022 3:30:00,,
12/9/2022,4:00,11.26,29.62,33.8,1487.67,12/09/2022 4:00:00,,
12/9/2022,4:30,11.26,29.81,34,1487.91,12/09/2022 4:30:00,,
12/9/2022,5:00,11.26,29.57,33.75,1487.61,12/09/2022 5:00:00,,
12/9/2022,5:30,11.29,29.81,34.03,1488.02,12/09/2022 5:30:00,,
12/9/2022,6:00,11.29,29.86,34.08,1488.08,12/09/2022 6:00:00,,
12/9/2022,6:30,11.29,29.81,34.03,1488.02,12/09/2022 6:30:00,,
12/9/2022,7:00,11.29,29.66,33.88,1487.84,12/09/2022 7:00:00,,
12/9/2022,7:30,11.29,29.54,33.76,1487.69,12/09/2022 7:30:00,,
12/9/2022,8:00,11.29,29.69,33.91,1487.87,12/09/2022 8:00:00,,
12/9/2022,8:30,11.26,29.93,34.13,1488.05,12/09/2022 8:30:00,,
12/9/2022,9:00,11.26,30.2,34.41,1488.38,12/09/2022 9:00:00,,
12/9/2022,9:30,11.26,30.1,34.31,1488.26,12/09/2022 9:30:00,,
12/9/2022,10:00,11.29,29.91,34.13,1488.14,12/09/2022 10:00:00,,
12/9/2022,10:30,11.29,29.69,33.91,1487.87,12/09/2022 10:30:00,,
12/9/2022,11:00,11.32,27.68,31.85,1485.52,12/09/2022 11:00:00,,
12/9/2022,11:30,11.39,30,34.31,1488.59,12/09/2022 11:30:00,,
12/9/2022,12:00,11.42,28.43,32.7,1486.78,12/09/2022 12:00:00,,
12/9/2022,12:30,11.45,29.85,34.21,1488.64,12/09/2022 12:30:00,,
12/9/2022,13:00,11.48,28.81,33.16,1487.48,12/09/2022 13:00:00,,
12/9/2022,13:30,11.52,29.08,33.46,1487.92,12/09/2022 13:30:00,,
12/9/2022,14:00,11.55,25.1,29.31,1483.18,12/09/2022 14:00:00,,
12/9/2022,14:30,11.48,24.12,28.23,1481.75,12/09/2022 14:30:00,,
12/9/2022,15:00,11.48,27.39,31.68,1485.75,12/09/2022 15:00:00,,
12/9/2022,15:30,11.48,28.14,32.46,1486.66,12/09/2022 15:30:00,,
,,,,,,,,
,,,,,,,,
,,,,,,,,
,,,,,,,,
,,,,,,,,
,,,,,,,,
,,,,,,,,
12/9/2022,19:30,11.42,29.42,33.73,1488,12/09/2022 19:30:00,,
12/9/2022,20:00,11.42,26,30.17,1483.81,12/09/2022 20:00:00,,
12/9/2022,20:30,11.42,8.45,10.76,1462.36,12/09/2022 20:30:00,,
12/9/2022,21:00,11.42,5.03,6.63,1458.17,12/09/2022 21:00:00,,
12/9/2022,21:30,11.42,28.33,32.6,1486.66,12/09/2022 21:30:00,,
12/9/2022,22:00,11.42,20.23,24.01,1476.76,12/09/2022 22:00:00,,
12/9/2022,22:30,11.42,27.51,31.75,1485.66,12/09/2022 22:30:00,,
12/9/2022,23:00,11.42,30.29,34.63,1489.06,12/09/2022 23:00:00,,
12/9/2022,23:30,11.42,28.98,33.28,1487.46,12/09/2022 23:30:00,,
12/10/2022,0:00,11.42,29.39,33.71,1487.97,12/10/2022 0:00:00,,
12/10/2022,0:30,11.42,29.81,34.13,1488.47,12/10/2022 0:30:00,,
12/10/2022,1:00,11.42,29.98,34.31,1488.68,12/10/2022 1:00:00,,
12/10/2022,1:30,11.42,29.49,33.81,1488.08,12/10/2022 1:30:00,,
12/10/2022,2:00,11.42,29.68,34.01,1488.32,12/10/2022 2:00:00,,
12/10/2022,2:30,11.42,29.9,34.23,1488.59,12/10/2022 2:30:00,,
12/10/2022,3:00,11.42,25.43,29.56,1483.11,12/10/2022 3:00:00,,
12/10/2022,3:30,11.42,27.85,32.1,1486.08,12/10/2022 3:30:00,,
12/10/2022,4:00,11.42,29.73,34.06,1488.38,12/10/2022 4:00:00,,
12/10/2022,4:30,11.42,29.61,33.93,1488.23,12/10/2022 4:30:00,,
12/10/2022,5:00,11.42,28.72,33.01,1487.14,12/10/2022 5:00:00,,
12/10/2022,5:30,11.42,29.37,33.68,1487.94,12/10/2022 5:30:00,,
12/10/2022,6:00,11.42,29.27,33.58,1487.82,12/10/2022 6:00:00,,
12/10/2022,6:30,11.42,29.18,33.48,1487.7,12/10/2022 6:30:00,,
12/10/2022,7:00,11.42,28.86,33.16,1487.31,12/10/2022 7:00:00,,
12/10/2022,7:30,11.42,29.47,33.78,1488.05,12/10/2022 7:30:00,,
12/10/2022,8:00,11.45,29.3,33.63,1487.96,12/10/2022 8:00:00,,
12/10/2022,8:30,11.48,29.63,34.01,1488.49,12/10/2022 8:30:00,,
12/10/2022,9:00,11.48,29.25,33.61,1488.01,12/10/2022 9:00:00,,
12/10/2022,9:30,11.52,28.98,33.36,1487.8,12/10/2022 9:30:00,,
12/10/2022,10:00,11.52,29.51,33.91,1488.45,12/10/2022 10:00:00,,
12/10/2022,10:30,11.55,29.05,33.46,1488,12/10/2022 10:30:00,,
12/10/2022,11:00,11.55,29.27,33.69,1488.27,12/10/2022 11:00:00,,
12/10/2022,11:30,11.58,27.63,32.01,1486.38,12/10/2022 11:30:00,,
12/10/2022,12:00,11.58,27.51,31.88,1486.24,12/10/2022 12:00:00,,
12/10/2022,12:30,11.58,27.78,32.16,1486.56,12/10/2022 12:30:00,,
12/10/2022,13:00,11.58,27.56,31.93,1486.3,12/10/2022 13:00:00,,
12/10/2022,13:30,11.58,28.26,32.66,1487.15,12/10/2022 13:30:00,,
12/10/2022,14:00,11.55,27.39,31.73,1485.98,12/10/2022 14:00:00,,
12/10/2022,14:30,11.55,29.63,34.06,1488.71,12/10/2022 14:30:00,,
12/10/2022,15:00,11.55,29.78,34.21,1488.89,12/10/2022 15:00:00,,
12/10/2022,15:30,11.58,27.28,31.63,1485.95,12/10/2022 15:30:00,,
12/10/2022,16:00,11.61,29.27,33.74,1488.49,12/10/2022 16:00:00,,
,,,,,,,,
,,,,,,,,
,,,,,,,,
,,,,,,,,
,,,,,,,,
,,,,,,,,
,,,,,,,,
12/10/2022,20:00,11.61,29.03,33.49,1488.2,12/10/2022 20:00:00,,
12/10/2022,20:30,11.61,26.15,30.47,1484.69,12/10/2022 20:30:00,,
12/10/2022,21:00,11.58,28.91,33.34,1487.94,12/10/2022 21:00:00,,
12/10/2022,21:30,11.58,28.96,33.39,1488,12/10/2022 21:30:00,,
12/10/2022,22:00,11.58,29.03,33.46,1488.09,12/10/2022 22:00:00,,
12/10/2022,22:30,11.58,28.86,33.29,1487.88,12/10/2022 22:30:00,,
12/10/2022,23:00,11.55,28.74,33.13,1487.62,12/10/2022 23:00:00,,
12/10/2022,23:30,11.55,28.91,33.31,1487.83,12/10/2022 23:30:00,,
12/11/2022,0:00,11.55,29.05,33.46,1488,12/11/2022 0:00:00,,
12/11/2022,0:30,11.55,29.08,33.49,1488.03,12/11/2022 0:30:00,,
12/11/2022,1:00,11.55,29.1,33.51,1488.06,12/11/2022 1:00:00,,
12/11/2022,1:30,11.55,28.35,32.73,1487.15,12/11/2022 1:30:00,,
12/11/2022,2:00,11.55,29.22,33.64,1488.21,12/11/2022 2:00:00,,
12/11/2022,2:30,11.55,29.05,33.46,1488,12/11/2022 2:30:00,,
12/11/2022,3:00,11.55,29.58,34.01,1488.65,12/11/2022 3:00:00,,
12/11/2022,3:30,11.55,29.7,34.14,1488.8,12/11/2022 3:30:00,,
12/11/2022,4:00,11.55,28.55,32.93,1487.39,12/11/2022 4:00:00,,
12/11/2022,4:30,11.52,29.32,33.71,1488.21,12/11/2022 4:30:00,,
12/11/2022,5:00,11.52,29.34,33.74,1488.24,12/11/2022 5:00:00,,
12/11/2022,5:30,11.48,20.29,24.12,1477.07,12/11/2022 5:30:00,,
12/11/2022,6:00,11.48,29.51,33.88,1488.34,12/11/2022 6:00:00,,
12/11/2022,6:30,11.45,29.71,34.06,1488.46,12/11/2022 6:30:00,,
12/11/2022,7:00,11.45,29.78,34.13,1488.55,12/11/2022 7:00:00,,
12/11/2022,7:30,11.45,29.61,33.96,1488.34,12/11/2022 7:30:00,,
12/11/2022,8:00,11.45,29.32,33.66,1487.99,12/11/2022 8:00:00,,
12/11/2022,8:30,11.45,29.39,33.73,1488.08,12/11/2022 8:30:00,,
12/11/2022,9:00,11.45,29.3,33.63,1487.96,12/11/2022 9:00:00,,
12/11/2022,9:30,11.45,29.37,33.71,1488.05,12/11/2022 9:30:00,,
12/11/2022,10:00,11.45,29.25,33.58,1487.9,12/11/2022 10:00:00,,
12/11/2022,10:30,11.45,29.34,33.68,1488.02,12/11/2022 10:30:00,,
12/11/2022,11:00,11.45,29.51,33.86,1488.23,12/11/2022 11:00:00,,
12/11/2022,11:30,11.45,29.08,33.41,1487.69,12/11/2022 11:30:00,,
12/11/2022,12:00,11.48,29.54,33.91,1488.37,12/11/2022 12:00:00,,
12/11/2022,12:30,11.48,29.17,33.53,1487.93,12/11/2022 12:30:00,,
12/11/2022,13:00,11.52,29.29,33.69,1488.19,12/11/2022 13:00:00,,
12/11/2022,13:30,11.52,28.52,32.88,1487.24,12/11/2022 13:30:00,,
12/11/2022,14:00,11.55,29.2,33.61,1488.18,12/11/2022 14:00:00,,
12/11/2022,14:30,11.55,29.41,33.84,1488.45,12/11/2022 14:30:00,,
12/11/2022,15:00,11.55,29.29,33.71,1488.3,12/11/2022 15:00:00,,
12/11/2022,15:30,11.55,29.1,33.51,1488.06,12/11/2022 15:30:00,,
12/11/2022,16:00,11.52,29.03,33.41,1487.86,12/11/2022 16:00:00,,
12/11/2022,16:30,11.55,29.29,33.71,1488.3,12/11/2022 16:30:00,,
12/11/2022,17:00,11.52,28.57,32.93,1487.3,12/11/2022 17:00:00,,
12/11/2022,17:30,11.55,28.91,33.31,1487.83,12/11/2022 17:30:00,,
12/11/2022,18:00,11.52,20.75,24.63,1477.74,12/11/2022 18:00:00,,
12/11/2022,18:30,11.52,23.01,27.07,1480.51,12/11/2022 18:30:00,,
12/11/2022,19:00,11.52,23.98,28.1,1481.69,12/11/2022 19:00:00,,
12/11/2022,19:30,11.48,23.34,27.39,1480.79,12/11/2022 19:30:00,,
12/11/2022,20:00,11.52,26.24,30.5,1484.46,12/11/2022 20:00:00,,
12/11/2022,20:30,11.52,24.69,28.86,1482.56,12/11/2022 20:30:00,,
12/11/2022,21:00,11.52,23.08,27.14,1480.59,12/11/2022 21:00:00,,
12/11/2022,21:30,11.52,22.59,26.61,1479.99,12/11/2022 21:30:00,,
12/11/2022,22:00,11.52,24.05,28.18,1481.78,12/11/2022 22:00:00,,
12/11/2022,22:30,11.52,22.04,26.03,1479.32,12/11/2022 22:30:00,,
12/11/2022,23:00,11.52,29.32,33.71,1488.21,12/11/2022 23:00:00,,
12/11/2022,23:30,11.52,27.06,31.35,1485.45,12/11/2022 23:30:00,,
12/12/2022,0:00,11.52,29.51,33.91,1488.45,12/12/2022 0:00:00,,
12/12/2022,0:30,11.52,29.51,33.91,1488.45,12/12/2022 0:30:00,,
12/12/2022,1:00,11.52,28.14,32.48,1486.77,12/12/2022 1:00:00,,
12/12/2022,1:30,11.55,29.44,33.86,1488.47,12/12/2022 1:30:00,,
12/12/2022,2:00,11.52,29.27,33.66,1488.16,12/12/2022 2:00:00,,
12/12/2022,2:30,11.52,28.4,32.76,1487.1,12/12/2022 2:30:00,,
12/12/2022,3:00,11.52,24.1,28.23,1481.84,12/12/2022 3:00:00,,
12/12/2022,3:30,11.52,25.5,29.72,1483.55,12/12/2022 3:30:00,,
12/12/2022,4:00,11.52,29.54,33.94,1488.48,12/12/2022 4:00:00,,
12/12/2022,4:30,11.48,29.56,33.93,1488.4,12/12/2022 4:30:00,,
12/12/2022,5:00,11.48,26.89,31.15,1485.13,12/12/2022 5:00:00,,
12/12/2022,5:30,11.48,29.61,33.99,1488.46,12/12/2022 5:30:00,,
12/12/2022,6:00,11.48,23.53,27.6,1481.02,12/12/2022 6:00:00,,
12/12/2022,6:30,11.48,29.44,33.81,1488.25,12/12/2022 6:30:00,,
12/12/2022,7:00,11.45,28.76,33.08,1487.31,12/12/2022 7:00:00,,
12/12/2022,7:30,11.45,29.59,33.93,1488.31,12/12/2022 7:30:00,,
12/12/2022,8:00,11.45,29.61,33.96,1488.34,12/12/2022 8:00:00,,
12/12/2022,8:30,11.45,25.91,30.09,1483.81,12/12/2022 8:30:00,,
12/12/2022,9:00,11.45,29.63,33.98,1488.37,12/12/2022 9:00:00,,
12/12/2022,9:30,11.45,29.61,33.96,1488.34,12/12/2022 9:30:00,,
12/12/2022,10:00,11.45,29.17,33.51,1487.81,12/12/2022 10:00:00,,
12/12/2022,10:30,11.45,29.49,33.83,1488.2,12/12/2022 10:30:00,,
12/12/2022,11:00,11.48,26.63,30.87,1484.81,12/12/2022 11:00:00,,
12/12/2022,11:30,11.48,28.26,32.58,1486.8,12/12/2022 11:30:00,,
12/12/2022,12:00,11.48,27.7,32,1486.13,12/12/2022 12:00:00,,
12/12/2022,12:30,11.52,25.46,29.67,1483.5,12/12/2022 12:30:00,,
12/12/2022,13:00,11.52,27.71,32.03,1486.24,12/12/2022 13:00:00,,
12/12/2022,13:30,11.55,27.59,31.93,1486.21,12/12/2022 13:30:00,,
12/12/2022,14:00,11.58,23.92,28.08,1481.85,12/12/2022 14:00:00,,
12/12/2022,14:30,11.58,27.61,31.98,1486.35,12/12/2022 14:30:00,,
12/12/2022,15:00,11.58,28.55,32.96,1487.5,12/12/2022 15:00:00,,
12/12/2022,15:30,11.61,29.27,33.74,1488.49,12/12/2022 15:30:00,,
12/12/2022,16:00,11.61,29.32,33.79,1488.55,12/12/2022 16:00:00,,
12/12/2022,16:30,11.58,28.96,33.39,1488,12/12/2022 16:30:00,,
12/12/2022,17:00,11.58,28.69,33.11,1487.67,12/12/2022 17:00:00,,
12/12/2022,17:30,11.55,28.28,32.66,1487.06,12/12/2022 17:30:00,,
12/12/2022,18:00,11.55,28.5,32.88,1487.33,12/12/2022 18:00:00,,
12/12/2022,18:30,11.52,29.2,33.58,1488.07,12/12/2022 18:30:00,,
12/12/2022,19:00,11.52,29.05,33.43,1487.89,12/12/2022 19:00:00,,
12/12/2022,19:30,11.48,27.7,32,1486.13,12/12/2022 19:30:00,,
12/12/2022,20:00,11.48,28.5,32.83,1487.1,12/12/2022 20:00:00,,
12/12/2022,20:30,11.48,28.76,33.11,1487.42,12/12/2022 20:30:00,,
12/12/2022,21:00,11.48,29.2,33.56,1487.95,12/12/2022 21:00:00,,
12/12/2022,21:30,11.42,28.45,32.73,1486.81,12/12/2022 21:30:00,,
12/12/2022,22:00,11.45,27.73,32,1486.04,12/12/2022 22:00:00,,
12/12/2022,22:30,11.42,29.27,33.58,1487.82,12/12/2022 22:30:00,,
12/12/2022,23:00,11.42,29.42,33.73,1488,12/12/2022 23:00:00,,
12/12/2022,23:30,11.42,29.18,33.48,1487.7,12/12/2022 23:30:00,,
12/13/2022,0:00,11.39,29.39,33.68,1487.85,12/13/2022 0:00:00,,
12/13/2022,0:30,11.39,29.73,34.03,1488.27,12/13/2022 0:30:00,,
12/13/2022,1:00,11.35,29.76,34.03,1488.18,12/13/2022 1:00:00,,
12/13/2022,1:30,11.35,29.39,33.66,1487.74,12/13/2022 1:30:00,,
12/13/2022,2:00,11.32,29.81,34.06,1488.13,12/13/2022 2:00:00,,
12/13/2022,2:30,11.32,28.26,32.45,1486.23,12/13/2022 2:30:00,,
12/13/2022,3:00,11.35,28.84,33.08,1487.06,12/13/2022 3:00:00,,
12/13/2022,3:30,11.35,28.69,32.93,1486.88,12/13/2022 3:30:00,,
12/13/2022,4:00,11.35,29.39,33.66,1487.74,12/13/2022 4:00:00,,
12/13/2022,4:30,11.32,29.27,33.51,1487.48,12/13/2022 4:30:00,,
12/13/2022,5:00,11.32,28.35,32.55,1486.35,12/13/2022 5:00:00,,
12/13/2022,5:30,11.35,28.62,32.85,1486.79,12/13/2022 5:30:00,,
12/13/2022,6:00,11.35,28.62,32.85,1486.79,12/13/2022 6:00:00,,
12/13/2022,6:30,11.32,29.03,33.25,1487.18,12/13/2022 6:30:00,,
12/13/2022,7:00,11.32,28.52,32.73,1486.56,12/13/2022 7:00:00,,
12/13/2022,7:30,11.35,29.42,33.68,1487.77,12/13/2022 7:30:00,,
12/13/2022,8:00,11.32,29.91,34.16,1488.25,12/13/2022 8:00:00,,
12/13/2022,8:30,11.32,29.83,34.08,1488.16,12/13/2022 8:30:00,,
12/13/2022,9:00,11.32,29.59,33.83,1487.86,12/13/2022 9:00:00,,
12/13/2022,9:30,11.29,29.88,34.11,1488.11,12/13/2022 9:30:00,,
12/13/2022,10:00,11.29,29.96,34.18,1488.2,12/13/2022 10:00:00,,
12/13/2022,10:30,11.29,29.01,33.2,1487.04,12/13/2022 10:30:00,,
12/13/2022,11:00,11.32,29.86,34.11,1488.19,12/13/2022 11:00:00,,
12/13/2022,11:30,11.32,29.15,33.38,1487.33,12/13/2022 11:30:00,,
12/13/2022,12:00,11.39,29.39,33.68,1487.85,12/13/2022 12:00:00,,
12/13/2022,12:30,11.42,29.34,33.66,1487.91,12/13/2022 12:30:00,,
12/13/2022,13:00,11.45,29.27,33.61,1487.93,12/13/2022 13:00:00,,
12/13/2022,13:30,11.45,29.34,33.68,1488.02,12/13/2022 13:30:00,,
12/13/2022,14:00,11.48,29.56,33.93,1488.4,12/13/2022 14:00:00,,
12/13/2022,14:30,11.52,29.42,33.81,1488.33,12/13/2022 14:30:00,,
12/13/2022,15:00,11.55,29.29,33.71,1488.3,12/13/2022 15:00:00,,
12/13/2022,15:30,11.55,28.88,33.28,1487.8,12/13/2022 15:30:00,,
12/13/2022,16:00,11.58,29.25,33.69,1488.35,12/13/2022 16:00:00,,
12/13/2022,16:30,11.58,29.15,33.59,1488.23,12/13/2022 16:30:00,,
12/13/2022,17:00,11.55,29.13,33.54,1488.09,12/13/2022 17:00:00,,
12/13/2022,17:30,11.55,28.74,33.13,1487.62,12/13/2022 17:30:00,,
12/13/2022,18:00,11.52,29.13,33.51,1487.98,12/13/2022 18:00:00,,
12/13/2022,18:30,11.45,29.59,33.93,1488.31,12/13/2022 18:30:00,,
12/13/2022,19:00,11.42,29.88,34.21,1488.56,12/13/2022 19:00:00,,
12/13/2022,19:30,11.39,29.78,34.08,1488.33,12/13/2022 19:30:00,,
12/13/2022,20:00,11.35,29.88,34.16,1488.33,12/13/2022 20:00:00,,
12/13/2022,20:30,11.32,29.18,33.4,1487.36,12/13/2022 20:30:00,,
12/13/2022,21:00,11.32,29.18,33.4,1487.36,12/13/2022 21:00:00,,
12/13/2022,21:30,11.32,29.15,33.38,1487.33,12/13/2022 21:30:00,,
12/13/2022,22:00,11.29,29.54,33.76,1487.69,12/13/2022 22:00:00,,
12/13/2022,22:30,11.26,28.89,33.05,1486.77,12/13/2022 22:30:00,,
12/13/2022,23:00,11.26,29.47,33.65,1487.49,12/13/2022 23:00:00,,
12/13/2022,23:30,11.26,29.15,33.33,1487.1,12/13/2022 23:30:00,,
12/14/2022,0:00,11.26,29.57,33.75,1487.61,12/14/2022 0:00:00,,
12/14/2022,0:30,11.23,29.59,33.75,1487.52,12/14/2022 0:30:00,,
12/14/2022,1:00,11.26,29.06,33.23,1486.98,12/14/2022 1:00:00,,
12/14/2022,1:30,11.26,29.71,33.9,1487.79,12/14/2022 1:30:00,,
12/14/2022,2:00,11.23,29.32,33.48,1487.2,12/14/2022 2:00:00,,
12/14/2022,2:30,11.23,27.36,31.45,1484.79,12/14/2022 2:30:00,,
12/14/2022,3:00,11.23,29.59,33.75,1487.52,12/14/2022 3:00:00,,
12/14/2022,3:30,11.23,29.25,33.4,1487.11,12/14/2022 3:30:00,,
12/14/2022,4:00,11.23,29.74,33.9,1487.7,12/14/2022 4:00:00,,
12/14/2022,4:30,11.23,28.79,32.93,1486.54,12/14/2022 4:30:00,,
12/14/2022,5:00,11.23,29.49,33.65,1487.4,12/14/2022 5:00:00,,
12/14/2022,5:30,11.23,29.47,33.63,1487.37,12/14/2022 5:30:00,,
12/14/2022,6:00,11.23,29.66,33.83,1487.61,12/14/2022 6:00:00,,
12/14/2022,6:30,11.19,29.57,33.7,1487.38,12/14/2022 6:30:00,,
12/14/2022,7:00,11.19,29.3,33.43,1487.05,12/14/2022 7:00:00,,
12/14/2022,7:30,11.19,27.84,31.92,1485.27,12/14/2022 7:30:00,,
12/14/2022,8:00,11.19,28.23,32.32,1485.74,12/14/2022 8:00:00,,
12/14/2022,8:30,11.16,28.33,32.4,1485.75,12/14/2022 8:30:00,,
12/14/2022,9:00,11.16,28.33,32.4,1485.75,12/14/2022 9:00:00,,
12/14/2022,9:30,11.16,28.16,32.22,1485.54,12/14/2022 9:30:00,,
12/14/2022,10:00,11.19,29.23,33.35,1486.96,12/14/2022 10:00:00,,
12/14/2022,10:30,11.23,29.71,33.88,1487.67,12/14/2022 10:30:00,,
12/14/2022,11:00,11.23,29.47,33.63,1487.37,12/14/2022 11:00:00,,
12/14/2022,11:30,11.26,29.79,33.98,1487.88,12/14/2022 11:30:00,,
12/14/2022,12:00,11.32,29.13,33.35,1487.3,12/14/2022 12:00:00,,
12/14/2022,12:30,11.39,29.81,34.11,1488.36,12/14/2022 12:30:00,,
12/14/2022,13:00,11.42,29.1,33.41,1487.61,12/14/2022 13:00:00,,
12/14/2022,13:30,11.42,29.71,34.03,1488.35,12/14/2022 13:30:00,,
12/14/2022,14:00,11.45,29.85,34.21,1488.64,12/14/2022 14:00:00,,
12/14/2022,14:30,11.45,29.68,34.03,1488.43,12/14/2022 14:30:00,,
12/14/2022,15:00,11.45,29.73,34.08,1488.49,12/14/2022 15:00:00,,
12/14/2022,15:30,11.45,29.83,34.18,1488.61,12/14/2022 15:30:00,,
12/14/2022,16:00,11.45,29.83,34.18,1488.61,12/14/2022 16:00:00,,
12/14/2022,16:30,11.45,29.44,33.78,1488.14,12/14/2022 16:30:00,,
12/14/2022,17:00,11.42,29.76,34.08,1488.41,12/14/2022 17:00:00,,
12/14/2022,17:30,11.39,29.88,34.18,1488.45,12/14/2022 17:30:00,,
12/14/2022,18:00,11.32,29.91,34.16,1488.25,12/14/2022 18:00:00,,
12/14/2022,18:30,11.32,29.81,34.06,1488.13,12/14/2022 18:30:00,,
12/14/2022,19:00,11.29,29.18,33.38,1487.25,12/14/2022 19:00:00,,
12/14/2022,19:30,11.26,29.47,33.65,1487.49,12/14/2022 19:30:00,,
12/14/2022,20:00,11.26,29.83,34.03,1487.94,12/14/2022 20:00:00,,
12/14/2022,20:30,11.23,29.84,34,1487.82,12/14/2022 20:30:00,,
12/14/2022,21:00,11.23,29.76,33.93,1487.73,12/14/2022 21:00:00,,
12/14/2022,21:30,11.23,29.47,33.63,1487.37,12/14/2022 21:30:00,,
12/14/2022,22:00,11.19,28.6,32.7,1486.19,12/14/2022 22:00:00,,
12/14/2022,22:30,11.19,29.79,33.93,1487.65,12/14/2022 22:30:00,,
12/14/2022,23:00,11.16,29.54,33.65,1487.24,12/14/2022 23:00:00,,
12/14/2022,23:30,11.16,29.42,33.53,1487.09,12/14/2022 23:30:00,,
12/15/2022,0:00,11.16,28.57,32.65,1486.04,12/15/2022 0:00:00,,
12/15/2022,0:30,11.13,28.69,32.75,1486.08,12/15/2022 0:30:00,,
12/15/2022,1:00,11.13,29.86,33.95,1487.51,12/15/2022 1:00:00,,
12/15/2022,1:30,11.13,28.38,32.42,1485.69,12/15/2022 1:30:00,,
12/15/2022,2:00,11.13,29.74,33.83,1487.36,12/15/2022 2:00:00,,
12/15/2022,2:30,11.13,29.69,33.78,1487.3,12/15/2022 2:30:00,,
12/15/2022,3:00,11.13,29.81,33.9,1487.45,12/15/2022 3:00:00,,
12/15/2022,3:30,11.13,29.74,33.83,1487.36,12/15/2022 3:30:00,,
12/15/2022,4:00,11.13,29.67,33.75,1487.27,12/15/2022 4:00:00,,
12/15/2022,4:30,11.13,29.64,33.73,1487.24,12/15/2022 4:30:00,,
12/15/2022,5:00,11.13,29.64,33.73,1487.24,12/15/2022 5:00:00,,
12/15/2022,5:30,11.1,29.55,33.6,1487.01,12/15/2022 5:30:00,,
12/15/2022,6:00,11.1,29.64,33.7,1487.13,12/15/2022 6:00:00,,
12/15/2022,6:30,11.06,29.33,33.35,1486.63,12/15/2022 6:30:00,,
12/15/2022,7:00,11.06,29.74,33.77,1487.13,12/15/2022 7:00:00,,
12/15/2022,7:30,11.06,29.33,33.35,1486.63,12/15/2022 7:30:00,,
12/15/2022,8:00,11.06,29.72,33.75,1487.1,12/15/2022 8:00:00,,
12/15/2022,8:30,11.03,29.55,33.55,1486.78,12/15/2022 8:30:00,,
12/15/2022,9:00,11.03,29.55,33.55,1486.78,12/15/2022 9:00:00,,
12/15/2022,9:30,11.03,8.38,10.56,1460.81,12/15/2022 9:30:00,,
12/15/2022,10:00,11.06,29.13,33.15,1486.39,12/15/2022 10:00:00,,
12/15/2022,10:30,11.1,29.01,33.05,1486.35,12/15/2022 10:30:00,,
12/15/2022,11:00,11.1,29.4,33.45,1486.83,12/15/2022 11:00:00,,
12/15/2022,11:30,11.1,29.4,33.45,1486.83,12/15/2022 11:30:00,,
12/15/2022,12:00,11.16,27.92,31.97,1485.24,12/15/2022 12:00:00,,
12/15/2022,12:30,11.19,29.71,33.85,1487.56,12/15/2022 12:30:00,,
12/15/2022,13:00,11.23,28.52,32.65,1486.21,12/15/2022 13:00:00,,
12/15/2022,13:30,11.23,28.96,33.1,1486.75,12/15/2022 13:30:00,,
12/15/2022,14:00,11.26,28.35,32.5,1486.12,12/15/2022 14:00:00,,
12/15/2022,14:30,11.26,28.69,32.85,1486.54,12/15/2022 14:30:00,,
12/15/2022,15:00,11.26,29.08,33.25,1487.01,12/15/2022 15:00:00,,
12/15/2022,15:30,11.26,27.68,31.8,1485.29,12/15/2022 15:30:00,,
12/15/2022,16:00,11.29,27.46,31.6,1485.14,12/15/2022 16:00:00,,
12/15/2022,16:30,11.26,29.62,33.8,1487.67,12/15/2022 16:30:00,,
12/15/2022,17:00,11.26,29.4,33.58,1487.4,12/15/2022 17:00:00,,
12/15/2022,17:30,11.23,21.38,25.13,1477.46,12/15/2022 17:30:00,,
12/15/2022,18:00,11.23,28.55,32.68,1486.24,12/15/2022 18:00:00,,
12/15/2022,18:30,11.23,27.82,31.92,1485.35,12/15/2022 18:30:00,,
12/15/2022,19:00,11.19,29.28,33.4,1487.02,12/15/2022 19:00:00,,
12/15/2022,19:30,11.16,29.72,33.83,1487.45,12/15/2022 19:30:00,,
12/15/2022,20:00,11.16,29.35,33.45,1487,12/15/2022 20:00:00,,
12/15/2022,20:30,11.13,29.67,33.75,1487.27,12/15/2022 20:30:00,,
12/15/2022,21:00,11.1,29.28,33.32,1486.68,12/15/2022 21:00:00,,
12/15/2022,21:30,11.06,29.99,34.03,1487.43,12/15/2022 21:30:00,,
12/15/2022,22:00,11.06,30.04,34.08,1487.49,12/15/2022 22:00:00,,
12/15/2022,22:30,11.03,29.69,33.7,1486.96,12/15/2022 22:30:00,,
12/15/2022,23:00,11.03,29.57,33.57,1486.81,12/15/2022 23:00:00,,
12/15/2022,23:30,11,29.38,33.35,1486.46,12/15/2022 23:30:00,,
12/16/2022,0:00,11,30.06,34.05,1487.3,12/16/2022 0:00:00,,
12/16/2022,0:30,11,29.77,33.75,1486.94,12/16/2022 0:30:00,,
12/16/2022,1:00,10.97,29.99,33.95,1487.09,12/16/2022 1:00:00,,
12/16/2022,1:30,10.97,29.35,33.3,1486.31,12/16/2022 1:30:00,,
12/16/2022,2:00,10.93,29.45,33.37,1486.32,12/16/2022 2:00:00,,
12/16/2022,2:30,10.93,29.67,33.6,1486.59,12/16/2022 2:30:00,,
12/16/2022,3:00,10.93,29.58,33.5,1486.47,12/16/2022 3:00:00,,
12/16/2022,3:30,10.93,29.18,33.09,1485.99,12/16/2022 3:30:00,,
12/16/2022,4:00,10.9,29.67,33.57,1486.47,12/16/2022 4:00:00,,
12/16/2022,4:30,10.9,29.97,33.87,1486.83,12/16/2022 4:30:00,,
12/16/2022,5:00,10.93,29.23,33.15,1486.05,12/16/2022 5:00:00,,
12/16/2022,5:30,10.93,29.16,33.07,1485.96,12/16/2022 5:30:00,,
12/16/2022,6:00,10.93,29.62,33.55,1486.53,12/16/2022 6:00:00,,
12/16/2022,6:30,10.93,29.77,33.7,1486.71,12/16/2022 6:30:00,,
12/16/2022,7:00,10.93,29.84,33.77,1486.8,12/16/2022 7:00:00,,
12/16/2022,7:30,10.9,29.77,33.67,1486.59,12/16/2022 7:30:00,,
12/16/2022,8:00,10.9,29.21,33.09,1485.9,12/16/2022 8:00:00,,
12/16/2022,8:30,10.87,28.89,32.74,1485.39,12/16/2022 8:30:00,,
12/16/2022,9:00,10.87,29.85,33.72,1486.57,12/16/2022 9:00:00,,
12/16/2022,9:30,10.84,27.45,31.24,1483.5,12/16/2022 9:30:00,,
12/16/2022,10:00,10.84,28.92,32.74,1485.31,12/16/2022 10:00:00,,
12/16/2022,10:30,10.84,29.38,33.22,1485.88,12/16/2022 10:30:00,,
12/16/2022,11:00,10.84,29.45,33.29,1485.97,12/16/2022 11:00:00,,
12/16/2022,11:30,10.87,28.99,32.84,1485.51,12/16/2022 11:30:00,,
12/16/2022,12:00,10.9,28.55,32.42,1485.09,12/16/2022 12:00:00,,
12/16/2022,12:30,10.97,29.5,33.45,1486.49,12/16/2022 12:30:00,,
12/16/2022,13:00,11.1,29.13,33.17,1486.5,12/16/2022 13:00:00,,
12/16/2022,13:30,11.19,29.81,33.95,1487.68,12/16/2022 13:30:00,,
12/16/2022,14:00,11.23,30.1,34.28,1488.15,12/16/2022 14:00:00,,
12/16/2022,14:30,11.29,29.86,34.08,1488.08,12/16/2022 14:30:00,,
12/16/2022,15:00,11.32,29.98,34.23,1488.34,12/16/2022 15:00:00,,
12/16/2022,15:30,11.32,29.57,33.81,1487.83,12/16/2022 15:30:00,,
12/16/2022,16:00,11.32,29.93,34.18,1488.28,12/16/2022 16:00:00,,
12/16/2022,16:30,11.29,29.61,33.83,1487.78,12/16/2022 16:30:00,,
12/16/2022,17:00,11.26,30.13,34.33,1488.29,12/16/2022 17:00:00,,
12/16/2022,17:30,11.23,29.37,33.53,1487.26,12/16/2022 17:30:00,,
12/16/2022,18:00,11.23,29.76,33.93,1487.73,12/16/2022 18:00:00,,
12/16/2022,18:30,11.16,29.35,33.45,1487,12/16/2022 18:30:00,,
12/16/2022,19:00,11.16,29.96,34.08,1487.75,12/16/2022 19:00:00,,
12/16/2022,19:30,11.13,29.23,33.3,1486.73,12/16/2022 19:30:00,,
12/16/2022,20:00,11.1,29.64,33.7,1487.13,12/16/2022 20:00:00,,
12/16/2022,20:30,11.1,30.13,34.2,1487.73,12/16/2022 20:30:00,,
12/16/2022,21:00,11.06,29.25,33.27,1486.54,12/16/2022 21:00:00,,
12/16/2022,21:30,11.03,29.6,33.6,1486.84,12/16/2022 21:30:00,,
12/16/2022,22:00,11,29.28,33.25,1486.34,12/16/2022 22:00:00,,
12/16/2022,22:30,11.03,29.38,33.37,1486.57,12/16/2022 22:30:00,,
12/16/2022,23:00,11,29.74,33.72,1486.91,12/16/2022 23:00:00,,
12/16/2022,23:30,10.97,29.77,33.72,1486.82,12/16/2022 23:30:00,,
12/17/2022,0:00,10.93,29.82,33.75,1486.77,12/17/2022 0:00:00,,
12/17/2022,0:30,10.93,29.16,33.07,1485.96,12/17/2022 0:30:00,,
12/17/2022,1:00,10.93,29.18,33.09,1485.99,12/17/2022 1:00:00,,
12/17/2022,1:30,10.93,29.67,33.6,1486.59,12/17/2022 1:30:00,,
12/17/2022,2:00,10.93,29.77,33.7,1486.71,12/17/2022 2:00:00,,
12/17/2022,2:30,10.93,29.38,33.3,1486.23,12/17/2022 2:30:00,,
12/17/2022,3:00,10.93,29.89,33.82,1486.86,12/17/2022 3:00:00,,
12/17/2022,3:30,10.9,30.04,33.95,1486.92,12/17/2022 3:30:00,,
12/17/2022,4:00,10.9,30.29,34.2,1487.23,12/17/2022 4:00:00,,
12/17/2022,4:30,10.87,29.92,33.8,1486.66,12/17/2022 4:30:00,,
12/17/2022,5:00,10.84,30.32,34.17,1487.03,12/17/2022 5:00:00,,
12/17/2022,5:30,10.84,29.36,33.19,1485.85,12/17/2022 5:30:00,,
12/17/2022,6:00,10.84,30.32,34.17,1487.03,12/17/2022 6:00:00,,
12/17/2022,6:30,10.84,30.32,34.17,1487.03,12/17/2022 6:30:00,,
12/17/2022,7:00,10.84,30.09,33.94,1486.76,12/17/2022 7:00:00,,
12/17/2022,7:30,10.84,29.92,33.77,1486.54,12/17/2022 7:30:00,,
12/17/2022,8:00,10.84,30,33.84,1486.64,12/17/2022 8:00:00,,
12/17/2022,8:30,10.84,29.36,33.19,1485.85,12/17/2022 8:30:00,,
12/17/2022,9:00,10.8,29.28,33.09,1485.64,12/17/2022 9:00:00,,
12/17/2022,9:30,10.8,29.48,33.29,1485.89,12/17/2022 9:30:00,,
12/17/2022,10:00,10.8,29.36,33.17,1485.73,12/17/2022 10:00:00,,
12/17/2022,10:30,10.84,29.95,33.79,1486.57,12/17/2022 10:30:00,,
12/17/2022,11:00,10.84,28.99,32.82,1485.4,12/17/2022 11:00:00,,
12/17/2022,11:30,10.9,30.24,34.15,1487.17,12/17/2022 11:30:00,,
12/17/2022,12:00,10.9,29.97,33.87,1486.83,12/17/2022 12:00:00,,
12/17/2022,12:30,10.97,29.48,33.42,1486.46,12/17/2022 12:30:00,,
12/17/2022,13:00,11.1,30.11,34.18,1487.7,12/17/2022 13:00:00,,
12/17/2022,13:30,11.19,29.81,33.95,1487.68,12/17/2022 13:30:00,,
12/17/2022,14:00,11.26,29.45,33.63,1487.46,12/17/2022 14:00:00,,
12/17/2022,14:30,11.32,29.71,33.96,1488.01,12/17/2022 14:30:00,,
12/17/2022,15:00,11.35,29.13,33.38,1487.41,12/17/2022 15:00:00,,
12/17/2022,15:30,11.39,29.81,34.11,1488.36,12/17/2022 15:30:00,,
12/17/2022,16:00,11.39,29.25,33.53,1487.67,12/17/2022 16:00:00,,
12/17/2022,16:30,11.35,29.88,34.16,1488.33,12/17/2022 16:30:00,,
12/17/2022,17:00,11.35,29.86,34.13,1488.3,12/17/2022 17:00:00,,
12/17/2022,17:30,11.29,29.88,34.11,1488.11,12/17/2022 17:30:00,,
12/17/2022,18:00,11.26,29.76,33.95,1487.85,12/17/2022 18:00:00,,
12/17/2022,18:30,11.23,29.45,33.6,1487.35,12/17/2022 18:30:00,,
12/17/2022,19:00,11.19,30.15,34.3,1488.1,12/17/2022 19:00:00,,
12/17/2022,19:30,11.16,30.25,34.38,1488.1,12/17/2022 19:30:00,,
12/17/2022,20:00,11.13,30.18,34.28,1487.9,12/17/2022 20:00:00,,
12/17/2022,20:30,11.1,29.55,33.6,1487.01,12/17/2022 20:30:00,,
12/17/2022,21:00,11.1,29.64,33.7,1487.13,12/17/2022 21:00:00,,
12/17/2022,21:30,11.06,28.55,32.55,1485.67,12/17/2022 21:30:00,,
12/17/2022,22:00,11.06,29.33,33.35,1486.63,12/17/2022 22:00:00,,
12/17/2022,22:30,11.06,29.4,33.42,1486.72,12/17/2022 22:30:00,,
12/17/2022,23:00,11.03,30.06,34.07,1487.41,12/17/2022 23:00:00,,
12/17/2022,23:30,11.03,30.16,34.17,1487.53,12/17/2022 23:30:00,,
12/18/2022,0:00,11,29.82,33.8,1487,12/18/2022 0:00:00,,
12/18/2022,0:30,10.97,29.92,33.87,1487,12/18/2022 0:30:00,,
12/18/2022,1:00,10.97,29.57,33.52,1486.58,12/18/2022 1:00:00,,
12/18/2022,1:30,10.97,29.75,33.7,1486.79,12/18/2022 1:30:00,,
12/18/2022,2:00,10.93,29.67,33.6,1486.59,12/18/2022 2:00:00,,
12/18/2022,2:30,10.9,30.09,34,1486.99,12/18/2022 2:30:00,,
12/18/2022,3:00,10.87,29.21,33.07,1485.78,12/18/2022 3:00:00,,
12/18/2022,3:30,10.84,29.85,33.69,1486.45,12/18/2022 3:30:00,,
12/18/2022,4:00,10.84,30.02,33.87,1486.67,12/18/2022 4:00:00,,
12/18/2022,4:30,10.8,30.22,34.04,1486.79,12/18/2022 4:30:00,,
12/18/2022,5:00,10.77,30.1,33.89,1486.53,12/18/2022 5:00:00,,
12/18/2022,5:30,10.77,30.07,33.87,1486.5,12/18/2022 5:30:00,,
12/18/2022,6:00,10.8,30.12,33.94,1486.67,12/18/2022 6:00:00,,
12/18/2022,6:30,10.84,29.97,33.82,1486.61,12/18/2022 6:30:00,,
12/18/2022,7:00,10.84,30.32,34.17,1487.03,12/18/2022 7:00:00,,
12/18/2022,7:30,10.87,29.75,33.62,1486.45,12/18/2022 7:30:00,,
12/18/2022,8:00,10.87,29.43,33.29,1486.06,12/18/2022 8:00:00,,
12/18/2022,8:30,10.84,29.97,33.82,1486.61,12/18/2022 8:30:00,,
12/18/2022,9:00,10.8,30.32,34.14,1486.91,12/18/2022 9:00:00,,
12/18/2022,9:30,10.84,30.29,34.15,1487,12/18/2022 9:30:00,,
12/18/2022,10:00,10.84,30.29,34.15,1487,12/18/2022 10:00:00,,
12/18/2022,10:30,10.84,29.43,33.27,1485.94,12/18/2022 10:30:00,,
12/18/2022,11:00,10.84,30.32,34.17,1487.03,12/18/2022 11:00:00,,
12/18/2022,11:30,10.87,30.29,34.17,1487.11,12/18/2022 11:30:00,,
12/18/2022,12:00,10.9,29.26,33.14,1485.96,12/18/2022 12:00:00,,
12/18/2022,12:30,11,29.92,33.9,1487.12,12/18/2022 12:30:00,,
12/18/2022,13:00,11.13,30.01,34.1,1487.69,12/18/2022 13:00:00,,
12/18/2022,13:30,11.23,29.42,33.58,1487.32,12/18/2022 13:30:00,,
12/18/2022,14:00,11.29,29.74,33.96,1487.93,12/18/2022 14:00:00,,
12/18/2022,14:30,11.35,29.2,33.46,1487.5,12/18/2022 14:30:00,,
12/18/2022,15:00,11.39,30.07,34.38,1488.68,12/18/2022 15:00:00,,
12/18/2022,15:30,11.42,29.81,34.13,1488.47,12/18/2022 15:30:00,,
12/18/2022,16:00,11.42,29.42,33.73,1488,12/18/2022 16:00:00,,
12/18/2022,16:30,11.42,29.95,34.28,1488.65,12/18/2022 16:30:00,,
12/18/2022,17:00,11.35,29.69,33.96,1488.1,12/18/2022 17:00:00,,
12/18/2022,17:30,11.32,30.05,34.31,1488.43,12/18/2022 17:30:00,,
12/18/2022,18:00,11.26,29.74,33.93,1487.82,12/18/2022 18:00:00,,
12/18/2022,18:30,11.23,30.05,34.23,1488.09,12/18/2022 18:30:00,,
12/18/2022,19:00,11.19,29.76,33.9,1487.62,12/18/2022 19:00:00,,
12/18/2022,19:30,11.13,29.57,33.65,1487.15,12/18/2022 19:30:00,,
12/18/2022,20:00,11.1,28.96,33,1486.29,12/18/2022 20:00:00,,
12/18/2022,20:30,11.06,29.84,33.87,1487.25,12/18/2022 20:30:00,,
12/18/2022,21:00,11.06,29.77,33.8,1487.16,12/18/2022 21:00:00,,
12/18/2022,21:30,11.06,29.94,33.98,1487.37,12/18/2022 21:30:00,,
12/18/2022,22:00,11.03,29.89,33.9,1487.2,12/18/2022 22:00:00,,
12/18/2022,22:30,11.03,30.06,34.07,1487.41,12/18/2022 22:30:00,,
12/18/2022,23:00,11.03,29.4,33.4,1486.6,12/18/2022 23:00:00,,
12/18/2022,23:30,11.03,30.14,34.15,1487.5,12/18/2022 23:30:00,,
12/19/2022,0:00,11,29.84,33.82,1487.03,12/19/2022 0:00:00,,
12/19/2022,0:30,11,29.87,33.85,1487.06,12/19/2022 0:30:00,,
12/19/2022,1:00,10.97,28.79,32.72,1485.62,12/19/2022 1:00:00,,
12/19/2022,1:30,10.97,28.18,32.09,1484.87,12/19/2022 1:30:00,,
12/19/2022,2:00,10.93,27.79,31.66,1484.28,12/19/2022 2:00:00,,
12/19/2022,2:30,10.9,28.57,32.44,1485.12,12/19/2022 2:30:00,,
12/19/2022,3:00,10.9,28.89,32.77,1485.51,12/19/2022 3:00:00,,
12/19/2022,3:30,10.9,29.28,33.17,1485.99,12/19/2022 3:30:00,,
12/19/2022,4:00,10.87,29.63,33.49,1486.3,12/19/2022 4:00:00,,
12/19/2022,4:30,10.84,29.01,32.84,1485.43,12/19/2022 4:30:00,,
12/19/2022,5:00,10.84,30.17,34.02,1486.85,12/19/2022 5:00:00,,
12/19/2022,5:30,10.8,29.43,33.24,1485.82,12/19/2022 5:30:00,,
12/19/2022,6:00,10.87,30.29,34.17,1487.11,12/19/2022 6:00:00,,
12/19/2022,6:30,10.87,29.87,33.75,1486.6,12/19/2022 6:30:00,,
12/19/2022,7:00,10.9,30.14,34.05,1487.05,12/19/2022 7:00:00,,
12/19/2022,7:30,10.9,30.04,33.95,1486.92,12/19/2022 7:30:00,,
12/19/2022,8:00,10.9,29.85,33.75,1486.68,12/19/2022 8:00:00,,
12/19/2022,8:30,10.9,29.36,33.24,1486.08,12/19/2022 8:30:00,,
12/19/2022,9:00,10.9,29.82,33.72,1486.65,12/19/2022 9:00:00,,
12/19/2022,9:30,10.87,29.77,33.64,1486.48,12/19/2022 9:30:00,,
12/19/2022,10:00,10.9,30.04,33.95,1486.92,12/19/2022 10:00:00,,
12/19/2022,10:30,10.93,29.09,32.99,1485.87,12/19/2022 10:30:00,,
12/19/2022,11:00,10.93,29.43,33.35,1486.29,12/19/2022 11:00:00,,
12/19/2022,11:30,10.93,29.43,33.35,1486.29,12/19/2022 11:30:00,,
12/19/2022,12:00,11.03,29.84,33.85,1487.14,12/19/2022 12:00:00,,
12/19/2022,12:30,11.1,29.3,33.35,1486.71,12/19/2022 12:30:00,,
12/19/2022,13:00,11.16,29.84,33.95,1487.6,12/19/2022 13:00:00,,
12/19/2022,13:30,11.26,29.93,34.13,1488.05,12/19/2022 13:30:00,,
12/19/2022,14:00,11.23,29.69,33.85,1487.64,12/19/2022 14:00:00,,
12/19/2022,14:30,11.26,29.74,33.93,1487.82,12/19/2022 14:30:00,,
12/19/2022,15:00,11.23,29.91,34.08,1487.91,12/19/2022 15:00:00,,
12/19/2022,15:30,11.23,29.86,34.03,1487.85,12/19/2022 15:30:00,,
12/19/2022,16:00,11.23,29.93,34.1,1487.94,12/19/2022 16:00:00,,
12/19/2022,16:30,11.19,29.86,34,1487.74,12/19/2022 16:30:00,,
12/19/2022,17:00,11.16,29.23,33.33,1486.85,12/19/2022 17:00:00,,
12/19/2022,17:30,11.1,30.01,34.08,1487.58,12/19/2022 17:30:00,,
12/19/2022,18:00,11.1,29.94,34,1487.49,12/19/2022 18:00:00,,
12/19/2022,18:30,11.06,29.96,34,1487.4,12/19/2022 18:30:00,,
12/19/2022,19:00,11.06,29.52,33.55,1486.86,12/19/2022 19:00:00,,
12/19/2022,19:30,11.06,29.82,33.85,1487.22,12/19/2022 19:30:00,,
12/19/2022,20:00,11.03,28.82,32.8,1485.88,12/19/2022 20:00:00,,
12/19/2022,20:30,11,30.24,34.22,1487.51,12/19/2022 20:30:00,,
12/19/2022,21:00,11,29.43,33.4,1486.52,12/19/2022 21:00:00,,
12/19/2022,21:30,10.97,29.33,33.27,1486.28,12/19/2022 21:30:00,,
12/19/2022,22:00,11,30.24,34.22,1487.51,12/19/2022 22:00:00,,
12/19/2022,22:30,11,29.48,33.45,1486.58,12/19/2022 22:30:00,,
12/19/2022,23:00,11,29.3,33.27,1486.37,12/19/2022 23:00:00,,
12/19/2022,23:30,11,29.92,33.9,1487.12,12/19/2022 23:30:00,,
12/20/2022,0:00,11,29.84,33.82,1487.03,12/20/2022 0:00:00,,
12/20/2022,0:30,11,29.23,33.2,1486.28,12/20/2022 0:30:00,,
12/20/2022,1:00,11,30.01,34,1487.24,12/20/2022 1:00:00,,
12/20/2022,1:30,11,30.09,34.07,1487.33,12/20/2022 1:30:00,,
12/20/2022,2:00,11,29.3,33.27,1486.37,12/20/2022 2:00:00,,
12/20/2022,2:30,11,29.16,33.12,1486.19,12/20/2022 2:30:00,,
12/20/2022,3:00,11,29.6,33.57,1486.73,12/20/2022 3:00:00,,
12/20/2022,3:30,11,28.72,32.67,1485.65,12/20/2022 3:30:00,,
12/20/2022,4:00,11,29.94,33.92,1487.15,12/20/2022 4:00:00,,
12/20/2022,4:30,11,29.87,33.85,1487.06,12/20/2022 4:30:00,,
12/20/2022,5:00,10.97,29.3,33.25,1486.25,12/20/2022 5:00:00,,
12/20/2022,5:30,10.97,29.38,33.32,1486.34,12/20/2022 5:30:00,,
12/20/2022,6:00,10.97,30.38,34.35,1487.58,12/20/2022 6:00:00,,
12/20/2022,6:30,11.03,29.84,33.85,1487.14,12/20/2022 6:30:00,,
12/20/2022,7:00,11.03,30.26,34.28,1487.65,12/20/2022 7:00:00,,
12/20/2022,7:30,11.03,29.96,33.97,1487.29,12/20/2022 7:30:00,,
12/20/2022,8:00,11.06,29.03,33.05,1486.27,12/20/2022 8:00:00,,
12/20/2022,8:30,11.06,30.06,34.1,1487.52,12/20/2022 8:30:00,,
12/20/2022,9:00,11.06,29.74,33.77,1487.13,12/20/2022 9:00:00,,
12/20/2022,9:30,11.06,29.72,33.75,1487.1,12/20/2022 9:30:00,,
12/20/2022,10:00,11.06,30.21,34.25,1487.71,12/20/2022 10:00:00,,
12/20/2022,10:30,11.06,29.89,33.93,1487.31,12/20/2022 10:30:00,,
12/20/2022,11:00,11.06,29.6,33.62,1486.95,12/20/2022 11:00:00,,
12/20/2022,11:30,11.06,29.77,33.8,1487.16,12/20/2022 11:30:00,,
12/20/2022,12:00,11.1,30.04,34.1,1487.61,12/20/2022 12:00:00,,
12/20/2022,12:30,11.16,29.86,33.98,1487.63,12/20/2022 12:30:00,,
12/20/2022,13:00,11.32,30.17,34.43,1488.58,12/20/2022 13:00:00,,
12/20/2022,13:30,11.45,29.93,34.29,1488.73,12/20/2022 13:30:00,,
12/20/2022,14:00,11.52,30.02,34.44,1489.07,12/20/2022 14:00:00,,
12/20/2022,14:30,11.58,4.79,6.36,1458.48,12/20/2022 14:30:00,,
12/20/2022,15:00,11.39,6.36,8.25,1459.67,12/20/2022 15:00:00,,
12/20/2022,15:30,10.87,1.86,2.58,1452.19,12/20/2022 15:30:00,,
12/20/2022,16:00,11,1.49,2.09,1452.23,12/20/2022 16:00:00,,
12/20/2022,16:30,11.1,5.34,6.96,1457.32,12/20/2022 16:30:00,,
12/20/2022,17:00,11.45,30.31,34.69,1489.2,12/20/2022 17:00:00,,
12/20/2022,17:30,11.45,29.32,33.66,1487.99,12/20/2022 17:30:00,,
12/20/2022,18:00,11.42,30.27,34.61,1489.03,12/20/2022 18:00:00,,
12/20/2022,18:30,11.42,29.73,34.06,1488.38,12/20/2022 18:30:00,,
12/20/2022,19:00,11.39,30.15,34.46,1488.77,12/20/2022 19:00:00,,
12/20/2022,19:30,11.39,30.07,34.38,1488.68,12/20/2022 19:30:00,,
12/20/2022,20:00,11.35,30.07,34.36,1488.57,12/20/2022 20:00:00,,
12/20/2022,20:30,11.35,30.12,34.41,1488.63,12/20/2022 20:30:00,,
12/20/2022,21:00,11.32,29.83,34.08,1488.16,12/20/2022 21:00:00,,
12/20/2022,21:30,11.29,30.1,34.33,1488.38,12/20/2022 21:30:00,,
12/20/2022,22:00,11.26,29.81,34,1487.91,12/20/2022 22:00:00,,
12/20/2022,22:30,11.23,29.13,33.28,1486.96,12/20/2022 22:30:00,,
12/20/2022,23:00,11.23,30.23,34.4,1488.3,12/20/2022 23:00:00,,
12/20/2022,23:30,11.23,29.88,34.05,1487.88,12/20/2022 23:30:00,,
12/21/2022,0:00,11.19,30.06,34.2,1487.98,12/21/2022 0:00:00,,
12/21/2022,0:30,11.19,30.2,34.35,1488.16,12/21/2022 0:30:00,,
12/21/2022,1:00,11.19,29.96,34.1,1487.86,12/21/2022 1:00:00,,
12/21/2022,1:30,11.19,29.96,34.1,1487.86,12/21/2022 1:30:00,,
12/21/2022,2:00,11.19,29.69,33.83,1487.53,12/21/2022 2:00:00,,
12/21/2022,2:30,11.19,30.03,34.18,1487.95,12/21/2022 2:30:00,,
12/21/2022,3:00,11.16,29.5,33.6,1487.18,12/21/2022 3:00:00,,
12/21/2022,3:30,11.16,29.64,33.75,1487.36,12/21/2022 3:30:00,,
12/21/2022,4:00,11.16,29.11,33.2,1486.7,12/21/2022 4:00:00,,
12/21/2022,4:30,11.13,29.91,34,1487.57,12/21/2022 4:30:00,,
12/21/2022,5:00,11.13,29.52,33.6,1487.09,12/21/2022 5:00:00,,
12/21/2022,5:30,11.13,30.08,34.18,1487.78,12/21/2022 5:30:00,,
12/21/2022,6:00,11.16,30.11,34.23,1487.92,12/21/2022 6:00:00,,
12/21/2022,6:30,11.16,29.98,34.1,1487.78,12/21/2022 6:30:00,,
12/21/2022,7:00,11.19,30.01,34.15,1487.92,12/21/2022 7:00:00,,
12/21/2022,7:30,11.19,29.91,34.05,1487.8,12/21/2022 7:30:00,,
12/21/2022,8:00,11.19,29.47,33.6,1487.26,12/21/2022 8:00:00,,
12/21/2022,8:30,11.19,30.3,34.45,1488.28,12/21/2022 8:30:00,,
12/21/2022,9:00,11.19,30.32,34.48,1488.31,12/21/2022 9:00:00,,
12/21/2022,9:30,11.19,29.64,33.78,1487.47,12/21/2022 9:30:00,,
12/21/2022,10:00,11.23,29.88,34.05,1487.88,12/21/2022 10:00:00,,
12/21/2022,10:30,11.23,29.84,34,1487.82,12/21/2022 10:30:00,,
12/21/2022,11:00,11.23,30.01,34.18,1488.03,12/21/2022 11:00:00,,
12/21/2022,11:30,11.23,29.86,34.03,1487.85,12/21/2022 11:30:00,,
12/21/2022,12:00,11.29,30.13,34.36,1488.41,12/21/2022 12:00:00,,
12/21/2022,12:30,11.39,29.73,34.03,1488.27,12/21/2022 12:30:00,,
12/21/2022,13:00,11.52,29.8,34.21,1488.81,12/21/2022 13:00:00,,
,,,,,,,,
,,,,,,,,
,,,,,,,,
,,,,,,,,
,,,,,,,,
,,,,,,,,
,,,,,,,,
,,,,,,,,
12/21/2022,17:30,11,1.59,2.23,1452.36,12/21/2022 17:30:00,,
12/21/2022,18:00,11.48,30.29,34.69,1489.29,12/21/2022 18:00:00,,
12/21/2022,18:30,11.58,29.49,33.94,1488.65,12/21/2022 18:30:00,,
12/21/2022,19:00,11.55,29.83,34.26,1488.95,12/21/2022 19:00:00,,
12/21/2022,19:30,11.52,28.62,32.98,1487.36,12/21/2022 19:30:00,,
12/21/2022,20:00,11.52,29.8,34.21,1488.81,12/21/2022 20:00:00,,
12/21/2022,20:30,11.48,29.56,33.93,1488.4,12/21/2022 20:30:00,,
12/21/2022,21:00,11.48,30,34.39,1488.93,12/21/2022 21:00:00,,
12/21/2022,21:30,11.45,29.76,34.11,1488.52,12/21/2022 21:30:00,,
12/21/2022,22:00,11.42,29.9,34.23,1488.59,12/21/2022 22:00:00,,
12/21/2022,22:30,11.42,29.56,33.88,1488.17,12/21/2022 22:30:00,,
12/21/2022,23:00,11.42,30.39,34.74,1489.18,12/21/2022 23:00:00,,
12/21/2022,23:30,11.42,29.71,34.03,1488.35,12/21/2022 23:30:00,,
12/22/2022,0:00,11.39,30.24,34.56,1488.89,12/22/2022 0:00:00,,
12/22/2022,0:30,11.39,29.95,34.26,1488.54,12/22/2022 0:30:00,,
12/22/2022,1:00,11.39,30.27,34.58,1488.92,12/22/2022 1:00:00,,
12/22/2022,1:30,11.39,29.9,34.21,1488.48,12/22/2022 1:30:00,,
12/22/2022,2:00,11.39,30.15,34.46,1488.77,12/22/2022 2:00:00,,
12/22/2022,2:30,11.35,29.86,34.13,1488.3,12/22/2022 2:30:00,,
12/22/2022,3:00,11.35,30.22,34.51,1488.75,12/22/2022 3:00:00,,
12/22/2022,3:30,11.35,30.07,34.36,1488.57,12/22/2022 3:30:00,,
12/22/2022,4:00,11.35,29.71,33.98,1488.13,12/22/2022 4:00:00,,
12/22/2022,4:30,11.35,29.78,34.06,1488.21,12/22/2022 4:30:00,,
12/22/2022,5:00,11.35,30.32,34.61,1488.87,12/22/2022 5:00:00,,
12/22/2022,5:30,11.35,30.37,34.66,1488.93,12/22/2022 5:30:00,,
12/22/2022,6:00,11.35,30.12,34.41,1488.63,12/22/2022 6:00:00,,
12/22/2022,6:30,11.35,30.27,34.56,1488.81,12/22/2022 6:30:00,,
12/22/2022,7:00,11.35,30.24,34.53,1488.78,12/22/2022 7:00:00,,
12/22/2022,7:30,11.35,29.71,33.98,1488.13,12/22/2022 7:30:00,,
12/22/2022,8:00,11.35,30.03,34.31,1488.51,12/22/2022 8:00:00,,
12/22/2022,8:30,11.35,29.71,33.98,1488.13,12/22/2022 8:30:00,,
12/22/2022,9:00,11.39,30.12,34.43,1488.74,12/22/2022 9:00:00,,
12/22/2022,9:30,11.39,30.39,34.71,1489.07,12/22/2022 9:30:00,,
12/22/2022,10:00,11.39,30.37,34.68,1489.04,12/22/2022 10:00:00,,
12/22/2022,10:30,11.42,30.34,34.69,1489.12,12/22/2022 10:30:00,,
12/22/2022,11:00,11.42,30.34,34.69,1489.12,12/22/2022 11:00:00,,
12/22/2022,11:30,11.42,30.39,34.74,1489.18,12/22/2022 11:30:00,,
12/22/2022,12:00,11.45,29.95,34.31,1488.76,12/22/2022 12:00:00,,
12/22/2022,12:30,11.48,29.51,33.88,1488.34,12/22/2022 12:30:00,,
12/22/2022,13:00,11.55,29.49,33.91,1488.53,12/22/2022 13:00:00,,
12/22/2022,13:30,11.61,30.28,34.79,1489.73,12/22/2022 13:30:00,,
,,,,,,,,
,,,,,,,,
,,,,,,,,
,,,,,,,,
,,,,,,,,
,,,,,,,,
,,,,,,,,
,,,,,,,,
,,,,,,,,
12/22/2022,18:30,10.84,0.41,0.6,1450.27,12/22/2022 18:30:00,,
12/22/2022,19:00,11.58,30.28,34.76,1489.62,12/22/2022 19:00:00,,
12/22/2022,19:30,11.61,29.94,34.44,1489.32,12/22/2022 19:30:00,,
12/22/2022,20:00,11.61,29.25,33.71,1488.46,12/22/2022 20:00:00,,
12/22/2022,20:30,11.61,29.99,34.49,1489.38,12/22/2022 20:30:00,,
12/22/2022,21:00,11.61,29.29,33.76,1488.52,12/22/2022 21:00:00,,
12/22/2022,21:30,11.61,29.82,34.31,1489.17,12/22/2022 21:30:00,,
12/22/2022,22:00,11.61,29.87,34.36,1489.23,12/22/2022 22:00:00,,
12/22/2022,22:30,11.58,30.21,34.69,1489.53,12/22/2022 22:30:00,,
12/22/2022,23:00,11.58,29.58,34.04,1488.76,12/22/2022 23:00:00,,
12/22/2022,23:30,11.58,28.48,32.88,1487.41,12/22/2022 23:30:00,,
12/23/2022,0:00,11.55,29.44,33.86,1488.47,12/23/2022 0:00:00,,
12/23/2022,0:30,11.55,29.13,33.54,1488.09,12/23/2022 0:30:00,,
12/23/2022,1:00,11.55,30.21,34.66,1489.42,12/23/2022 1:00:00,,
12/23/2022,1:30,11.55,29.61,34.04,1488.68,12/23/2022 1:30:00,,
12/23/2022,2:00,11.55,30.16,34.61,1489.36,12/23/2022 2:00:00,,
12/23/2022,2:30,11.55,30.26,34.71,1489.48,12/23/2022 2:30:00,,
12/23/2022,3:00,11.55,29.29,33.71,1488.3,12/23/2022 3:00:00,,
12/23/2022,3:30,11.55,29.22,33.64,1488.21,12/23/2022 3:30:00,,
12/23/2022,4:00,11.55,29.32,33.74,1488.33,12/23/2022 4:00:00,,
12/23/2022,4:30,11.55,29.61,34.04,1488.68,12/23/2022 4:30:00,,
12/23/2022,5:00,11.55,29.73,34.16,1488.83,12/23/2022 5:00:00,,
12/23/2022,5:30,11.58,29.61,34.06,1488.79,12/23/2022 5:30:00,,
12/23/2022,6:00,11.58,29.75,34.21,1488.97,12/23/2022 6:00:00,,
12/23/2022,6:30,11.61,29.39,33.86,1488.64,12/23/2022 6:30:00,,
12/23/2022,7:00,11.61,29.99,34.49,1489.38,12/23/2022 7:00:00,,
12/23/2022,7:30,11.61,28.23,32.66,1487.23,12/23/2022 7:30:00,,
12/23/2022,8:00,11.61,30.16,34.66,1489.58,12/23/2022 8:00:00,,
12/23/2022,8:30,11.61,29.17,33.64,1488.38,12/23/2022 8:30:00,,
12/23/2022,9:00,11.61,30.07,34.56,1489.47,12/23/2022 9:00:00,,
12/23/2022,9:30,11.61,30.19,34.69,1489.61,12/23/2022 9:30:00,,
12/23/2022,10:00,11.61,30.31,34.81,1489.76,12/23/2022 10:00:00,,
12/23/2022,10:30,11.61,29.29,33.76,1488.52,12/23/2022 10:30:00,,
12/23/2022,11:00,11.64,29.24,33.74,1488.58,12/23/2022 11:00:00,,
12/23/2022,11:30,11.68,28.28,32.76,1487.52,12/23/2022 11:30:00,,
12/23/2022,12:00,11.71,29.87,34.44,1489.56,12/23/2022 12:00:00,,
12/23/2022,12:30,11.74,29.89,34.49,1489.7,12/23/2022 12:30:00,,
12/23/2022,13:00,11.74,29.77,34.37,1489.56,12/23/2022 13:00:00,,
12/23/2022,13:30,11.77,29.53,34.14,1489.37,12/23/2022 13:30:00,,
12/23/2022,14:00,11.8,30.06,34.72,1490.13,12/23/2022 14:00:00,,
,,,,,,,,
,,,,,,,,
,,,,,,,,
,,,,,,,,
,,,,,,,,
,,,,,,,,
,,,,,,,,
,,,,,,,,
,,,,,,,,
,,,,,,,,
12/23/2022,19:30,11.74,30.21,34.82,1490.09,12/23/2022 19:30:00,,
12/23/2022,20:00,11.74,28.84,33.39,1488.41,12/23/2022 20:00:00,,
12/23/2022,20:30,11.77,29.75,34.37,1489.64,12/23/2022 20:30:00,,
12/23/2022,21:00,11.77,29.43,34.04,1489.26,12/23/2022 21:00:00,,
12/23/2022,21:30,11.8,29.19,33.82,1489.08,12/23/2022 21:30:00,,
12/23/2022,22:00,11.77,29.96,34.59,1489.9,12/23/2022 22:00:00,,
12/23/2022,22:30,11.77,30.01,34.64,1489.96,12/23/2022 22:30:00,,
12/23/2022,23:00,11.74,29.87,34.47,1489.67,12/23/2022 23:00:00,,
12/23/2022,23:30,11.71,30.13,34.72,1489.89,12/23/2022 23:30:00,,
12/24/2022,0:00,11.71,30.06,34.64,1489.8,12/24/2022 0:00:00,,
12/24/2022,0:30,11.68,29.39,33.91,1488.86,12/24/2022 0:30:00,,
12/24/2022,1:00,11.68,29.51,34.04,1489.01,12/24/2022 1:00:00,,
12/24/2022,1:30,11.68,30.21,34.77,1489.86,12/24/2022 1:30:00,,
12/24/2022,2:00,11.64,30.19,34.72,1489.72,12/24/2022 2:00:00,,
12/24/2022,2:30,11.64,28.88,33.36,1488.14,12/24/2022 2:30:00,,
12/24/2022,3:00,11.64,29.99,34.52,1489.49,12/24/2022 3:00:00,,
12/24/2022,3:30,11.61,15.48,18.88,1471.66,12/24/2022 3:30:00,,
12/24/2022,4:00,11.61,29.46,33.94,1488.73,12/24/2022 4:00:00,,
12/24/2022,4:30,11.61,30.43,34.94,1489.91,12/24/2022 4:30:00,,
12/24/2022,5:00,11.61,29.8,34.29,1489.14,12/24/2022 5:00:00,,
12/24/2022,5:30,11.61,29.99,34.49,1489.38,12/24/2022 5:30:00,,
12/24/2022,6:00,11.61,30.19,34.69,1489.61,12/24/2022 6:00:00,,
12/24/2022,6:30,11.61,30.09,34.59,1489.49,12/24/2022 6:30:00,,
12/24/2022,7:00,11.61,29.87,34.36,1489.23,12/24/2022 7:00:00,,
12/24/2022,7:30,11.61,30.02,34.51,1489.41,12/24/2022 7:30:00,,
12/24/2022,8:00,11.61,29.17,33.64,1488.38,12/24/2022 8:00:00,,
12/24/2022,8:30,11.61,28.93,33.39,1488.08,12/24/2022 8:30:00,,
12/24/2022,9:00,11.61,29.22,33.69,1488.43,12/24/2022 9:00:00,,
12/24/2022,9:30,11.61,29.61,34.09,1488.91,12/24/2022 9:30:00,,
12/24/2022,10:00,11.61,29.25,33.71,1488.46,12/24/2022 10:00:00,,
12/24/2022,10:30,11.64,29.24,33.74,1488.58,12/24/2022 10:30:00,,
12/24/2022,11:00,11.64,29.22,33.71,1488.55,12/24/2022 11:00:00,,
12/24/2022,11:30,11.68,29.82,34.37,1489.39,12/24/2022 11:30:00,,
12/24/2022,12:00,11.68,29.65,34.19,1489.19,12/24/2022 12:00:00,,
12/24/2022,12:30,11.71,29.29,33.84,1488.86,12/24/2022 12:30:00,,
12/24/2022,13:00,11.74,29.08,33.64,1488.71,12/24/2022 13:00:00,,
12/24/2022,13:30,11.74,29.56,34.14,1489.29,12/24/2022 13:30:00,,
12/24/2022,14:00,11.74,29.24,33.82,1488.91,12/24/2022 14:00:00,,
12/24/2022,14:30,11.77,29.39,33.99,1489.2,12/24/2022 14:30:00,,
,,,,,,,,
,,,,,,,,
,,,,,,,,
,,,,,,,,
,,,,,,,,
,,,,,,,,
,,,,,,,,
,,,,,,,,
,,,,,,,,
,,,,,,,,
,,,,,,,,
12/24/2022,20:30,11.74,29.48,34.07,1489.2,12/24/2022 20:30:00,,
12/24/2022,21:00,11.74,29.51,34.09,1489.23,12/24/2022 21:00:00,,
12/24/2022,21:30,11.74,30.04,34.64,1489.88,12/24/2022 21:30:00,,
12/24/2022,22:00,11.74,28.76,33.31,1488.33,12/24/2022 22:00:00,,
12/24/2022,22:30,11.74,29.96,34.57,1489.79,12/24/2022 22:30:00,,
12/24/2022,23:00,11.74,30.04,34.64,1489.88,12/24/2022 23:00:00,,
12/24/2022,23:30,11.74,30.06,34.67,1489.91,12/24/2022 23:30:00,,
12/25/2022,0:00,11.74,29.53,34.12,1489.26,12/25/2022 0:00:00,,
12/25/2022,0:30,11.74,29.87,34.47,1489.67,12/25/2022 0:30:00,,
12/25/2022,1:00,11.74,29.77,34.37,1489.56,12/25/2022 1:00:00,,
12/25/2022,1:30,11.71,30.16,34.74,1489.92,12/25/2022 1:30:00,,
12/25/2022,2:00,11.71,30.06,34.64,1489.8,12/25/2022 2:00:00,,
12/25/2022,2:30,11.71,29.7,34.27,1489.36,12/25/2022 2:30:00,,
12/25/2022,3:00,11.71,29.22,33.76,1488.77,12/25/2022 3:00:00,,
12/25/2022,3:30,11.71,26.54,30.95,1485.5,12/25/2022 3:30:00,,
12/25/2022,4:00,11.71,29.41,33.97,1489.01,12/25/2022 4:00:00,,
12/25/2022,4:30,11.74,29.36,33.94,1489.06,12/25/2022 4:30:00,,
12/25/2022,5:00,11.74,30.09,34.69,1489.94,12/25/2022 5:00:00,,
12/25/2022,5:30,11.74,29.68,34.27,1489.44,12/25/2022 5:30:00,,
12/25/2022,6:00,11.74,30.01,34.62,1489.85,12/25/2022 6:00:00,,
12/25/2022,6:30,11.74,29.99,34.59,1489.82,12/25/2022 6:30:00,,
12/25/2022,7:00,11.74,29.87,34.47,1489.67,12/25/2022 7:00:00,,
12/25/2022,7:30,11.74,29.92,34.52,1489.73,12/25/2022 7:30:00,,
12/25/2022,8:00,11.74,26.92,31.38,1486.08,12/25/2022 8:00:00,,
12/25/2022,8:30,11.74,30.06,34.67,1489.91,12/25/2022 8:30:00,,
12/25/2022,9:00,11.74,29.2,33.77,1488.85,12/25/2022 9:00:00,,
12/25/2022,9:30,11.74,29.39,33.97,1489.09,12/25/2022 9:30:00,,
12/25/2022,10:00,11.74,29.65,34.24,1489.41,12/25/2022 10:00:00,,
12/25/2022,10:30,11.74,29.48,34.07,1489.2,12/25/2022 10:30:00,,
12/25/2022,11:00,11.74,29.51,34.09,1489.23,12/25/2022 11:00:00,,
12/25/2022,11:30,11.74,29.58,34.17,1489.32,12/25/2022 11:30:00,,
12/25/2022,12:00,11.77,29.46,34.07,1489.29,12/25/2022 12:00:00,,
12/25/2022,12:30,11.84,29.65,34.32,1489.74,12/25/2022 12:30:00,,
12/25/2022,13:00,11.87,29.82,34.52,1490.06,12/25/2022 13:00:00,,
12/25/2022,13:30,11.9,30.01,34.75,1490.4,12/25/2022 13:30:00,,
12/25/2022,14:00,11.96,29.81,34.6,1490.39,12/25/2022 14:00:00,,
12/25/2022,14:30,12.03,29.84,34.67,1490.64,12/25/2022 14:30:00,,
12/25/2022,15:00,12.06,29.02,33.85,1489.76,12/25/2022 15:00:00,,
12/25/2022,15:30,12.06,29.5,34.35,1490.34,12/25/2022 15:30:00,,
,,,,,,,,
,,,,,,,,
,,,,,,,,
,,,,,,,,
,,,,,,,,
,,,,,,,,
,,,,,,,,
,,,,,,,,
,,,,,,,,
,,,,,,,,
12/25/2022,21:00,11.87,26.67,31.21,1486.22,12/25/2022 21:00:00,,
12/25/2022,21:30,11.87,28.74,33.39,1488.75,12/25/2022 21:30:00,,
12/25/2022,22:00,11.87,27.83,32.44,1487.64,12/25/2022 22:00:00,,
12/25/2022,22:30,11.87,29.46,34.14,1489.62,12/25/2022 22:30:00,,
12/25/2022,23:00,11.87,29.41,34.09,1489.56,12/25/2022 23:00:00,,
12/25/2022,23:30,11.87,29.6,34.29,1489.8,12/25/2022 23:30:00,,
12/26/2022,0:00,11.87,29.62,34.32,1489.82,12/26/2022 0:00:00,,
12/26/2022,0:30,11.87,29.22,33.89,1489.33,12/26/2022 0:30:00,,
12/26/2022,1:00,11.87,29.65,34.35,1489.85,12/26/2022 1:00:00,,
12/26/2022,1:30,11.84,29.27,33.92,1489.28,12/26/2022 1:30:00,,
12/26/2022,2:00,11.84,29.34,33.99,1489.36,12/26/2022 2:00:00,,
12/26/2022,2:30,11.84,29.1,33.74,1489.07,12/26/2022 2:30:00,,
12/26/2022,3:00,11.84,29.63,34.29,1489.71,12/26/2022 3:00:00,,
12/26/2022,3:30,11.84,29.75,34.42,1489.86,12/26/2022 3:30:00,,
12/26/2022,4:00,11.84,29.51,34.17,1489.57,12/26/2022 4:00:00,,
12/26/2022,4:30,11.84,29.96,34.64,1490.12,12/26/2022 4:30:00,,
12/26/2022,5:00,11.84,29.58,34.24,1489.66,12/26/2022 5:00:00,,
12/26/2022,5:30,11.84,29.72,34.39,1489.83,12/26/2022 5:30:00,,
12/26/2022,6:00,11.84,29.12,33.77,1489.1,12/26/2022 6:00:00,,
12/26/2022,6:30,11.84,29.41,34.07,1489.45,12/26/2022 6:30:00,,
12/26/2022,7:00,11.84,26.76,31.28,1486.22,12/26/2022 7:00:00,,
12/26/2022,7:30,11.84,30.11,34.8,1490.3,12/26/2022 7:30:00,,
12/26/2022,8:00,11.84,29.63,34.29,1489.71,12/26/2022 8:00:00,,
12/26/2022,8:30,11.84,29.55,34.22,1489.63,12/26/2022 8:30:00,,
12/26/2022,9:00,11.84,29.46,34.12,1489.51,12/26/2022 9:00:00,,
12/26/2022,9:30,11.84,29.77,34.44,1489.89,12/26/2022 9:30:00,,
12/26/2022,10:00,11.84,29.51,34.17,1489.57,12/26/2022 10:00:00,,
12/26/2022,10:30,11.84,29.05,33.69,1489.01,12/26/2022 10:30:00,,
12/26/2022,11:00,11.84,29.99,34.67,1490.15,12/26/2022 11:00:00,,
12/26/2022,11:30,11.84,29.58,34.24,1489.66,12/26/2022 11:30:00,,
12/26/2022,12:00,11.87,29.82,34.52,1490.06,12/26/2022 12:00:00,,
12/26/2022,12:30,11.87,27.17,31.74,1486.83,12/26/2022 12:30:00,,
12/26/2022,13:00,11.87,29.5,34.19,1489.68,12/26/2022 13:00:00,,
12/26/2022,13:30,11.87,29.48,34.17,1489.65,12/26/2022 13:30:00,,
12/26/2022,14:00,11.87,28.62,33.27,1488.6,12/26/2022 14:00:00,,
12/26/2022,14:30,11.87,28.69,33.34,1488.69,12/26/2022 14:30:00,,
12/26/2022,15:00,11.9,29.84,34.57,1490.2,12/26/2022 15:00:00,,
12/26/2022,15:30,11.93,29.79,34.55,1490.25,12/26/2022 15:30:00,,
12/26/2022,16:00,11.93,28.88,33.59,1489.14,12/26/2022 16:00:00,,
12/26/2022,16:30,11.96,28.88,33.62,1489.25,12/26/2022 16:30:00,,
12/26/2022,17:00,11.96,29,33.75,1489.4,12/26/2022 17:00:00,,
,,,,,,,,
,,,,,,,,
,,,,,,,,
,,,,,,,,
,,,,,,,,
,,,,,,,,
,,,,,,,,
,,,,,,,,
,,,,,,,,
12/26/2022,22:00,12.09,29.33,34.2,1490.25,12/26/2022 22:00:00,,
12/26/2022,22:30,12.09,29.36,34.22,1490.28,12/26/2022 22:30:00,,
12/26/2022,23:00,12.09,25.22,29.83,1485.24,12/26/2022 23:00:00,,
12/26/2022,23:30,12.06,25.47,30.08,1485.44,12/26/2022 23:30:00,,
12/27/2022,0:00,12.06,29.76,34.63,1490.66,12/27/2022 0:00:00,,
12/27/2022,0:30,12.06,29.1,33.92,1489.85,12/27/2022 0:30:00,,
12/27/2022,1:00,12.09,29.55,34.43,1490.51,12/27/2022 1:00:00,,
12/27/2022,1:30,12.06,28.74,33.55,1489.41,12/27/2022 1:30:00,,
12/27/2022,2:00,12.06,29.76,34.63,1490.66,12/27/2022 2:00:00,,
12/27/2022,2:30,12.06,29.33,34.17,1490.14,12/27/2022 2:30:00,,
12/27/2022,3:00,12.12,29.52,34.43,1490.59,12/27/2022 3:00:00,,
12/27/2022,3:30,12.12,29.07,33.95,1490.04,12/27/2022 3:30:00,,
12/27/2022,4:00,12.16,29.45,34.38,1490.61,12/27/2022 4:00:00,,
12/27/2022,4:30,12.16,29.59,34.53,1490.79,12/27/2022 4:30:00,,
12/27/2022,5:00,12.16,29.45,34.38,1490.61,12/27/2022 5:00:00,,
12/27/2022,5:30,12.19,29.5,34.45,1490.78,12/27/2022 5:30:00,,
12/27/2022,6:00,12.19,28.43,33.32,1489.48,12/27/2022 6:00:00,,
12/27/2022,6:30,12.16,29.31,34.23,1490.44,12/27/2022 6:30:00,,
12/27/2022,7:00,12.19,25.02,29.68,1485.33,12/27/2022 7:00:00,,
12/27/2022,7:30,12.22,29.86,34.85,1491.32,12/27/2022 7:30:00,,
12/27/2022,8:00,12.22,25.09,29.78,1485.53,12/27/2022 8:00:00,,
12/27/2022,8:30,12.22,29.59,34.58,1491,12/27/2022 8:30:00,,
12/27/2022,9:00,12.25,29.45,34.45,1490.94,12/27/2022 9:00:00,,
12/27/2022,9:30,12.22,29.05,34,1490.34,12/27/2022 9:30:00,,
12/27/2022,10:00,12.25,29.31,34.3,1490.77,12/27/2022 10:00:00,,
12/27/2022,10:30,12.25,29.62,34.63,1491.14,12/27/2022 10:30:00,,
12/27/2022,11:00,12.28,29.57,34.61,1491.19,12/27/2022 11:00:00,,
12/27/2022,11:30,12.28,29.31,34.33,1490.88,12/27/2022 11:30:00,,
12/27/2022,12:00,12.28,29.21,34.23,1490.76,12/27/2022 12:00:00,,
12/27/2022,12:30,12.28,24.3,28.98,1484.8,12/27/2022 12:30:00,,
12/27/2022,13:00,12.28,29.43,34.46,1491.02,12/27/2022 13:00:00,,
12/27/2022,13:30,12.25,29.4,34.4,1490.88,12/27/2022 13:30:00,,
12/27/2022,14:00,12.28,29.64,34.68,1491.28,12/27/2022 14:00:00,,
12/27/2022,14:30,12.28,29.12,34.13,1490.65,12/27/2022 14:30:00,,
12/27/2022,15:00,12.28,23.53,28.14,1483.87,12/27/2022 15:00:00,,
12/27/2022,15:30,12.25,29.07,34.05,1490.48,12/27/2022 15:30:00,,
12/27/2022,16:00,12.28,29.35,34.38,1490.93,12/27/2022 16:00:00,,
12/27/2022,16:30,12.28,27.75,32.67,1488.98,12/27/2022 16:30:00,,
12/27/2022,17:00,12.28,29.47,34.51,1491.08,12/27/2022 17:00:00,,
12/27/2022,17:30,12.31,29.59,34.66,1491.33,12/27/2022 17:30:00,,
12/27/2022,18:00,12.28,21.24,25.63,1481.08,12/27/2022 18:00:00,,
,,,,,,,,
,,,,,,,,
,,,,,,,,
,,,,,,,,
,,,,,,,,
,,,,,,,,
,,,,,,,,
12/27/2022,22:00,12.25,24.95,29.66,1485.48,12/27/2022 22:00:00,,
12/27/2022,22:30,12.22,20.46,24.74,1479.91,12/27/2022 22:30:00,,
12/27/2022,23:00,12.22,27.39,32.25,1488.33,12/27/2022 23:00:00,,
12/27/2022,23:30,12.22,26.64,31.44,1487.41,12/27/2022 23:30:00,,
12/28/2022,0:00,12.22,21.85,26.27,1481.6,12/28/2022 0:00:00,,
12/28/2022,0:30,12.19,28.67,33.58,1489.77,12/28/2022 0:30:00,,
12/28/2022,1:00,12.22,27.16,31.99,1488.04,12/28/2022 1:00:00,,
12/28/2022,1:30,12.19,25.39,30.08,1485.79,12/28/2022 1:30:00,,
12/28/2022,2:00,12.22,25.37,30.08,1485.87,12/28/2022 2:00:00,,
12/28/2022,2:30,12.19,24.38,29,1484.56,12/28/2022 2:30:00,,
12/28/2022,3:00,12.22,29.38,34.35,1490.74,12/28/2022 3:00:00,,
12/28/2022,3:30,12.19,28.76,33.68,1489.88,12/28/2022 3:30:00,,
12/28/2022,4:00,12.19,25.27,29.96,1485.65,12/28/2022 4:00:00,,
12/28/2022,4:30,12.19,23.89,28.47,1483.97,12/28/2022 4:30:00,,
12/28/2022,5:00,12.19,29.67,34.63,1490.98,12/28/2022 5:00:00,,
12/28/2022,5:30,12.19,26.87,31.67,1487.59,12/28/2022 5:30:00,,
12/28/2022,6:00,12.19,29.55,34.5,1490.84,12/28/2022 6:00:00,,
12/28/2022,6:30,12.19,29.74,34.7,1491.07,12/28/2022 6:30:00,,
12/28/2022,7:00,12.16,29.29,34.2,1490.41,12/28/2022 7:00:00,,
12/28/2022,7:30,12.16,29.76,34.7,1490.99,12/28/2022 7:30:00,,
12/28/2022,8:00,12.16,29.29,34.2,1490.41,12/28/2022 8:00:00,,
12/28/2022,8:30,12.16,28.79,33.67,1489.8,12/28/2022 8:30:00,,
12/28/2022,9:00,12.16,29.21,34.13,1490.32,12/28/2022 9:00:00,,
12/28/2022,9:30,12.16,29.64,34.58,1490.84,12/28/2022 9:30:00,,
12/28/2022,10:00,12.16,28.83,33.73,1489.86,12/28/2022 10:00:00,,
12/28/2022,10:30,12.16,29.69,34.63,1490.9,12/28/2022 10:30:00,,
12/28/2022,11:00,12.16,30.17,35.13,1491.48,12/28/2022 11:00:00,,
12/28/2022,11:30,12.19,24.92,29.58,1485.22,12/28/2022 11:30:00,,
12/28/2022,12:00,12.22,28.45,33.38,1489.62,12/28/2022 12:00:00,,
12/28/2022,12:30,12.22,29.21,34.18,1490.54,12/28/2022 12:30:00,,
12/28/2022,13:00,12.25,29.12,34.1,1490.54,12/28/2022 13:00:00,,
12/28/2022,13:30,12.25,29.43,34.43,1490.91,12/28/2022 13:30:00,,
12/28/2022,14:00,12.28,28.95,33.95,1490.45,12/28/2022 14:00:00,,
12/28/2022,14:30,12.25,29.19,34.18,1490.62,12/28/2022 14:30:00,,
12/28/2022,15:00,12.28,28.34,33.3,1489.7,12/28/2022 15:00:00,,
12/28/2022,15:30,12.28,27.32,32.22,1488.47,12/28/2022 15:30:00,,
12/28/2022,16:00,12.28,28.57,33.55,1489.99,12/28/2022 16:00:00,,
12/28/2022,16:30,12.31,29.21,34.26,1490.87,12/28/2022 16:30:00,,
12/28/2022,17:00,12.28,29.02,34.03,1490.53,12/28/2022 17:00:00,,
12/28/2022,17:30,12.31,29.21,34.26,1490.87,12/28/2022 17:30:00,,
12/28/2022,18:00,12.31,29.47,34.53,1491.19,12/28/2022 18:00:00,,
12/28/2022,18:30,12.31,29.73,34.81,1491.5,12/28/2022 18:30:00,,
12/28/2022,19:00,12.31,29.76,34.83,1491.53,12/28/2022 19:00:00,,
12/28/2022,19:30,12.28,28.98,33.98,1490.47,12/28/2022 19:30:00,,
12/28/2022,20:00,12.28,29.59,34.63,1491.22,12/28/2022 20:00:00,,
12/28/2022,20:30,12.28,29.21,34.23,1490.76,12/28/2022 20:30:00,,
12/28/2022,21:00,12.25,29.21,34.2,1490.65,12/28/2022 21:00:00,,
12/28/2022,21:30,12.25,29.52,34.53,1491.03,12/28/2022 21:30:00,,
12/28/2022,22:00,12.25,28.64,33.6,1489.96,12/28/2022 22:00:00,,
12/28/2022,22:30,12.25,28.45,33.4,1489.73,12/28/2022 22:30:00,,
12/28/2022,23:00,12.25,28.53,33.48,1489.82,12/28/2022 23:00:00,,
12/28/2022,23:30,12.25,29.19,34.18,1490.62,12/28/2022 23:30:00,,
12/29/2022,0:00,12.22,27.6,32.47,1488.59,12/29/2022 0:00:00,,
12/29/2022,0:30,12.22,28.83,33.78,1490.08,12/29/2022 0:30:00,,
12/29/2022,1:00,12.22,28.69,33.63,1489.91,12/29/2022 1:00:00,,
12/29/2022,1:30,12.22,29.26,34.23,1490.6,12/29/2022 1:30:00,,
12/29/2022,2:00,12.22,29.76,34.75,1491.21,12/29/2022 2:00:00,,
12/29/2022,2:30,12.22,29.83,34.83,1491.29,12/29/2022 2:30:00,,
12/29/2022,3:00,12.19,29.98,34.95,1491.36,12/29/2022 3:00:00,,
12/29/2022,3:30,12.19,29.33,34.28,1490.58,12/29/2022 3:30:00,,
12/29/2022,4:00,12.19,29.86,34.83,1491.21,12/29/2022 4:00:00,,
12/29/2022,4:30,12.19,29.26,34.2,1490.49,12/29/2022 4:30:00,,
12/29/2022,5:00,12.19,29.05,33.98,1490.23,12/29/2022 5:00:00,,
12/29/2022,5:30,12.19,28.26,33.15,1489.28,12/29/2022 5:30:00,,
12/29/2022,6:00,12.19,28.41,33.3,1489.45,12/29/2022 6:00:00,,
12/29/2022,6:30,12.19,29.33,34.28,1490.58,12/29/2022 6:30:00,,
12/29/2022,7:00,12.19,30.24,35.23,1491.68,12/29/2022 7:00:00,,
12/29/2022,7:30,12.19,29.59,34.55,1490.9,12/29/2022 7:30:00,,
12/29/2022,8:00,12.19,30,34.98,1491.39,12/29/2022 8:00:00,,
12/29/2022,8:30,12.19,29.9,34.88,1491.27,12/29/2022 8:30:00,,
12/29/2022,9:00,12.19,29.52,34.48,1490.81,12/29/2022 9:00:00,,
12/29/2022,9:30,12.19,29.21,34.15,1490.43,12/29/2022 9:30:00,,
12/29/2022,10:00,12.19,29.07,34,1490.26,12/29/2022 10:00:00,,
12/29/2022,10:30,12.19,29.36,34.3,1490.61,12/29/2022 10:30:00,,
12/29/2022,11:00,12.19,28.64,33.55,1489.74,12/29/2022 11:00:00,,
12/29/2022,11:30,12.19,28.29,33.17,1489.31,12/29/2022 11:30:00,,
12/29/2022,12:00,12.19,28.38,33.27,1489.42,12/29/2022 12:00:00,,
12/29/2022,12:30,12.22,28.03,32.92,1489.1,12/29/2022 12:30:00,,
12/29/2022,13:00,12.22,29.74,34.73,1491.18,12/29/2022 13:00:00,,
12/29/2022,13:30,12.22,29.36,34.33,1490.72,12/29/2022 13:30:00,,
12/29/2022,14:00,12.22,29.38,34.35,1490.74,12/29/2022 14:00:00,,
12/29/2022,14:30,12.25,29.05,34.03,1490.45,12/29/2022 14:30:00,,
12/29/2022,15:00,12.25,28.36,33.3,1489.62,12/29/2022 15:00:00,,
12/29/2022,15:30,12.25,29.52,34.53,1491.03,12/29/2022 15:30:00,,
12/29/2022,16:00,12.25,29.21,34.2,1490.65,12/29/2022 16:00:00,,
12/29/2022,16:30,12.25,27.96,32.87,1489.13,12/29/2022 16:30:00,,
12/29/2022,17:00,12.25,28.88,33.85,1490.25,12/29/2022 17:00:00,,
12/29/2022,17:30,12.22,29,33.95,1490.28,12/29/2022 17:30:00,,
12/29/2022,18:00,12.25,29.76,34.78,1491.32,12/29/2022 18:00:00,,
12/29/2022,18:30,12.22,28.98,33.93,1490.25,12/29/2022 18:30:00,,
12/29/2022,19:00,12.25,30,35.03,1491.6,12/29/2022 19:00:00,,
12/29/2022,19:30,12.22,29.74,34.73,1491.18,12/29/2022 19:30:00,,
12/29/2022,20:00,12.22,29.38,34.35,1490.74,12/29/2022 20:00:00,,
12/29/2022,20:30,12.25,30.19,35.23,1491.84,12/29/2022 20:30:00,,
12/29/2022,21:00,12.25,29.62,34.63,1491.14,12/29/2022 21:00:00,,
12/29/2022,21:30,12.25,29.95,34.98,1491.55,12/29/2022 21:30:00,,
12/29/2022,22:00,12.28,29.64,34.68,1491.28,12/29/2022 22:00:00,,
12/29/2022,22:30,12.28,29.66,34.71,1491.31,12/29/2022 22:30:00,,
12/29/2022,23:00,12.28,29.59,34.63,1491.22,12/29/2022 23:00:00,,
12/29/2022,23:30,12.31,29.88,34.96,1491.68,12/29/2022 23:30:00,,
12/30/2022,0:00,12.31,29.83,34.91,1491.62,12/30/2022 0:00:00,,
12/30/2022,0:30,12.31,28.24,33.23,1489.69,12/30/2022 0:30:00,,
12/30/2022,1:00,12.28,29.69,34.73,1491.34,12/30/2022 1:00:00,,
12/30/2022,1:30,12.31,29.97,35.06,1491.79,12/30/2022 1:30:00,,
12/30/2022,2:00,12.28,29.83,34.88,1491.51,12/30/2022 2:00:00,,
12/30/2022,2:30,12.31,29.81,34.88,1491.59,12/30/2022 2:30:00,,
12/30/2022,3:00,12.31,30.02,35.11,1491.85,12/30/2022 3:00:00,,
12/30/2022,3:30,12.31,29.78,34.86,1491.56,12/30/2022 3:30:00,,
12/30/2022,4:00,12.28,29.85,34.91,1491.54,12/30/2022 4:00:00,,
12/30/2022,4:30,12.28,29.85,34.91,1491.54,12/30/2022 4:30:00,,
12/30/2022,5:00,12.28,29.92,34.98,1491.63,12/30/2022 5:00:00,,
12/30/2022,5:30,12.28,30.07,35.13,1491.8,12/30/2022 5:30:00,,
12/30/2022,6:00,12.28,29.76,34.81,1491.42,12/30/2022 6:00:00,,
12/30/2022,6:30,12.28,29.83,34.88,1491.51,12/30/2022 6:30:00,,
12/30/2022,7:00,12.28,30.23,35.31,1492,12/30/2022 7:00:00,,
12/30/2022,7:30,12.28,30.09,35.16,1491.83,12/30/2022 7:30:00,,
12/30/2022,8:00,12.31,30.04,35.13,1491.88,12/30/2022 8:00:00,,
12/30/2022,8:30,12.31,30.09,35.18,1491.94,12/30/2022 8:30:00,,
12/30/2022,9:00,12.35,29.54,34.63,1491.38,12/30/2022 9:00:00,,
12/30/2022,9:30,12.38,29.42,34.53,1491.35,12/30/2022 9:30:00,,
12/30/2022,10:00,12.41,29.26,34.38,1491.26,12/30/2022 10:00:00,,
12/30/2022,10:30,12.47,29.52,34.71,1491.79,12/30/2022 10:30:00,,
12/30/2022,11:00,12.51,29.71,34.94,1492.13,12/30/2022 11:00:00,,
12/30/2022,11:30,12.51,29.92,35.16,1492.38,12/30/2022 11:30:00,,
12/30/2022,12:00,12.54,29.71,34.96,1492.23,12/30/2022 12:00:00,,
12/30/2022,12:30,12.57,29.89,35.19,1492.57,12/30/2022 12:30:00,,
12/30/2022,13:00,12.6,29.37,34.66,1492.05,12/30/2022 13:00:00,,
12/30/2022,13:30,12.57,29.78,35.06,1492.43,12/30/2022 13:30:00,,
12/30/2022,14:00,12.6,29.92,35.24,1492.71,12/30/2022 14:00:00,,
12/30/2022,14:30,12.63,29.96,35.32,1492.87,12/30/2022 14:30:00,,
12/30/2022,15:00,12.66,30.03,35.42,1493.06,12/30/2022 15:00:00,,
12/30/2022,15:30,12.63,30.03,35.39,1492.96,12/30/2022 15:30:00,,
12/30/2022,16:00,12.63,29.28,34.59,1492.04,12/30/2022 16:00:00,,
12/30/2022,16:30,12.6,28.95,34.21,1491.54,12/30/2022 16:30:00,,
12/30/2022,17:00,12.6,29.19,34.46,1491.82,12/30/2022 17:00:00,,
12/30/2022,17:30,12.51,29.47,34.69,1491.84,12/30/2022 17:30:00,,
12/30/2022,18:00,12.47,29.16,34.33,1491.36,12/30/2022 18:00:00,,
12/30/2022,18:30,12.44,29.38,34.53,1491.51,12/30/2022 18:30:00,,
12/30/2022,19:00,12.47,29.35,34.53,1491.59,12/30/2022 19:00:00,,
12/30/2022,19:30,12.47,30.11,35.34,1492.51,12/30/2022 19:30:00,,
12/30/2022,20:00,12.47,30.06,35.29,1492.45,12/30/2022 20:00:00,,
12/30/2022,20:30,12.47,29.94,35.16,1492.3,12/30/2022 20:30:00,,
12/30/2022,21:00,12.51,30.11,35.36,1492.61,12/30/2022 21:00:00,,
12/30/2022,21:30,12.51,29.94,35.19,1492.41,12/30/2022 21:30:00,,
12/30/2022,22:00,12.54,29.89,35.16,1492.46,12/30/2022 22:00:00,,
12/30/2022,22:30,12.54,28.32,33.48,1490.55,12/30/2022 22:30:00,,
12/30/2022,23:00,12.54,29.61,34.86,1492.12,12/30/2022 23:00:00,,
12/30/2022,23:30,12.57,29.47,34.74,1492.06,12/30/2022 23:30:00,,
12/31/2022,0:00,12.6,29.61,34.91,1492.33,12/31/2022 0:00:00,,
12/31/2022,0:30,12.57,29.09,34.34,1491.6,12/31/2022 0:30:00,,
12/31/2022,1:00,12.57,29.56,34.84,1492.17,12/31/2022 1:00:00,,
12/31/2022,1:30,12.57,29.4,34.66,1491.97,12/31/2022 1:30:00,,
12/31/2022,2:00,12.54,29.45,34.69,1491.92,12/31/2022 2:00:00,,
12/31/2022,2:30,12.51,29.14,34.33,1491.44,12/31/2022 2:30:00,,
12/31/2022,3:00,12.51,29.35,34.56,1491.7,12/31/2022 3:00:00,,
12/31/2022,3:30,12.51,29.87,35.11,1492.33,12/31/2022 3:30:00,,
12/31/2022,4:00,12.47,28.6,33.73,1490.67,12/31/2022 4:00:00,,
12/31/2022,4:30,12.44,29.21,34.36,1491.31,12/31/2022 4:30:00,,
12/31/2022,5:00,12.44,29.42,34.58,1491.57,12/31/2022 5:00:00,,
12/31/2022,5:30,12.44,29.97,35.16,1492.23,12/31/2022 5:30:00,,
12/31/2022,6:00,12.44,29.52,34.68,1491.68,12/31/2022 6:00:00,,
12/31/2022,6:30,12.44,28.88,34.01,1490.91,12/31/2022 6:30:00,,
12/31/2022,7:00,12.44,29.87,35.06,1492.11,12/31/2022 7:00:00,,
12/31/2022,7:30,12.47,29.92,35.14,1492.28,12/31/2022 7:30:00,,
12/31/2022,8:00,12.47,29.14,34.31,1491.33,12/31/2022 8:00:00,,
12/31/2022,8:30,12.47,28.29,33.41,1490.3,12/31/2022 8:30:00,,
12/31/2022,9:00,12.47,28.74,33.88,1490.84,12/31/2022 9:00:00,,
12/31/2022,9:30,12.51,28.06,33.18,1490.13,12/31/2022 9:30:00,,
12/31/2022,10:00,12.54,27.85,32.98,1489.98,12/31/2022 10:00:00,,
12/31/2022,10:30,12.54,27.92,33.06,1490.07,12/31/2022 10:30:00,,
12/31/2022,11:00,12.54,27.54,32.65,1489.61,12/31/2022 11:00:00,,
12/31/2022,11:30,12.57,27.17,32.28,1489.27,12/31/2022 11:30:00,,
12/31/2022,12:00,12.57,26.23,31.27,1488.14,12/31/2022 12:00:00,,
12/31/2022,12:30,12.57,24.1,28.96,1485.55,12/31/2022 12:30:00,,
12/31/2022,13:00,12.57,25,29.94,1486.65,12/31/2022 13:00:00,,
12/31/2022,13:30,12.6,26.03,31.07,1488,12/31/2022 13:30:00,,
12/31/2022,14:00,12.6,26.03,31.07,1488,12/31/2022 14:00:00,,
12/31/2022,14:30,12.54,27.38,32.48,1489.41,12/31/2022 14:30:00,,
12/31/2022,15:00,12.51,28.53,33.68,1490.7,12/31/2022 15:00:00,,
12/31/2022,15:30,12.47,26.98,32,1488.71,12/31/2022 15:30:00,,
12/31/2022,16:00,12.47,26.23,31.2,1487.8,12/31/2022 16:00:00,,
12/31/2022,16:30,12.44,26.51,31.47,1488.03,12/31/2022 16:30:00,,
12/31/2022,17:00,12.44,24.94,29.79,1486.13,12/31/2022 17:00:00,,
12/31/2022,17:30,12.44,26.46,31.42,1487.97,12/31/2022 17:30:00,,
12/31/2022,18:00,12.44,26.53,31.5,1488.06,12/31/2022 18:00:00,,
12/31/2022,18:30,12.44,26.69,31.67,1488.26,12/31/2022 18:30:00,,
12/31/2022,19:00,12.44,26.37,31.32,1487.86,12/31/2022 19:00:00,,
12/31/2022,19:30,12.44,24.55,29.36,1485.66,12/31/2022 19:30:00,,
12/31/2022,20:00,12.44,25.11,29.96,1486.33,12/31/2022 20:00:00,,
12/31/2022,20:30,12.47,26.04,31,1487.58,12/31/2022 20:30:00,,
12/31/2022,21:00,12.44,27.23,32.25,1488.91,12/31/2022 21:00:00,,
12/31/2022,21:30,12.44,26.69,31.67,1488.26,12/31/2022 21:30:00,,
12/31/2022,22:00,12.44,25.97,30.89,1487.38,12/31/2022 22:00:00,,
12/31/2022,22:30,12.44,25.32,30.19,1486.59,12/31/2022 22:30:00,,
12/31/2022,23:00,12.41,26.6,31.55,1488.03,12/31/2022 23:00:00,,
12/31/2022,23:30,12.41,25.94,30.84,1487.24,12/31/2022 23:30:00,,
1/1/2023,0:00,12.41,25.59,30.47,1486.81,01/01/2023 0:00:00,,
1/1/2023,0:30,12.44,25.99,30.92,1487.41,01/01/2023 0:30:00,,
1/1/2023,1:00,12.41,23.87,28.6,1484.72,01/01/2023 1:00:00,,
1/1/2023,1:30,12.41,25.78,30.67,1487.04,01/01/2023 1:30:00,,
1/1/2023,2:00,12.41,25.83,30.72,1487.1,01/01/2023 2:00:00,,
1/1/2023,2:30,12.41,26.18,31.09,1487.52,01/01/2023 2:30:00,,
1/1/2023,3:00,12.38,25.24,30.06,1486.27,01/01/2023 3:00:00,,
1/1/2023,3:30,12.35,26.2,31.07,1487.32,01/01/2023 3:30:00,,
1/1/2023,4:00,12.31,25.61,30.41,1486.5,01/01/2023 4:00:00,,
1/1/2023,4:30,12.35,25.26,30.06,1486.19,01/01/2023 4:30:00,,
1/1/2023,5:00,12.35,25.24,30.04,1486.16,01/01/2023 5:00:00,,
1/1/2023,5:30,12.35,18.28,22.39,1477.72,01/01/2023 5:30:00,,
1/1/2023,6:00,12.35,26.78,31.7,1488.03,01/01/2023 6:00:00,,
1/1/2023,6:30,12.31,23.35,27.97,1483.76,01/01/2023 6:30:00,,
1/1/2023,7:00,12.31,26.1,30.94,1487.1,01/01/2023 7:00:00,,
1/1/2023,7:30,12.31,26.76,31.65,1487.89,01/01/2023 7:30:00,,
1/1/2023,8:00,12.31,26.88,31.77,1488.04,01/01/2023 8:00:00,,
1/1/2023,8:30,12.31,26.76,31.65,1487.89,01/01/2023 8:30:00,,
1/1/2023,9:00,12.31,26.08,30.92,1487.07,01/01/2023 9:00:00,,
1/1/2023,9:30,12.28,26.08,30.89,1486.95,01/01/2023 9:30:00,,
1/1/2023,10:00,12.31,25.73,30.54,1486.64,01/01/2023 10:00:00,,
1/1/2023,10:30,12.31,23.7,28.35,1484.18,01/01/2023 10:30:00,,
1/1/2023,11:00,12.31,25.82,30.64,1486.76,01/01/2023 11:00:00,,
1/1/2023,11:30,12.31,27.16,32.07,1488.38,01/01/2023 11:30:00,,
1/1/2023,12:00,12.31,27.28,32.2,1488.52,01/01/2023 12:00:00,,
1/1/2023,12:30,12.35,27.21,32.15,1488.55,01/01/2023 12:30:00,,
1/1/2023,13:00,12.38,27.33,32.3,1488.8,01/01/2023 13:00:00,,
1/1/2023,13:30,12.44,26.62,31.6,1488.17,01/01/2023 13:30:00,,
1/1/2023,14:00,12.44,19.82,24.16,1479.92,01/01/2023 14:00:00,,
1/1/2023,14:30,12.44,24.13,28.9,1485.15,01/01/2023 14:30:00,,
1/1/2023,15:00,12.47,26.95,31.98,1488.68,01/01/2023 15:00:00,,
1/1/2023,15:30,12.44,23.78,28.53,1484.73,01/01/2023 15:30:00,,
1/1/2023,16:00,12.44,24.02,28.78,1485.01,01/01/2023 16:00:00,,
1/1/2023,16:30,12.44,24.39,29.18,1485.46,01/01/2023 16:30:00,,
1/1/2023,17:00,12.41,26.27,31.19,1487.63,01/01/2023 17:00:00,,
1/1/2023,17:30,12.38,26.88,31.82,1488.26,01/01/2023 17:30:00,,
1/1/2023,18:00,12.38,26.34,31.24,1487.61,01/01/2023 18:00:00,,
1/1/2023,18:30,12.38,28.93,34.01,1490.75,01/01/2023 18:30:00,,
1/1/2023,19:00,12.38,27.3,32.27,1488.77,01/01/2023 19:00:00,,
1/1/2023,19:30,12.38,26.22,31.12,1487.46,01/01/2023 19:30:00,,
1/1/2023,20:00,12.38,25.34,30.16,1486.39,01/01/2023 20:00:00,,
1/1/2023,20:30,12.35,28.46,33.48,1490.06,01/01/2023 20:30:00,,
1/1/2023,21:00,12.35,25.92,30.77,1486.98,01/01/2023 21:00:00,,
1/1/2023,21:30,12.31,26.06,30.89,1487.04,01/01/2023 21:30:00,,
1/1/2023,22:00,12.31,26.52,31.39,1487.61,01/01/2023 22:00:00,,
1/1/2023,22:30,12.28,26.15,30.97,1487.04,01/01/2023 22:30:00,,
1/1/2023,23:00,12.28,27.49,32.4,1488.67,01/01/2023 23:00:00,,
1/1/2023,23:30,12.31,27.04,31.95,1488.24,01/01/2023 23:30:00,,
1/2/2023,0:00,12.31,27.79,32.75,1489.15,01/02/2023 0:00:00,,
1/2/2023,0:30,12.31,28.24,33.23,1489.69,01/02/2023 0:30:00,,
1/2/2023,1:00,12.28,27.49,32.4,1488.67,01/02/2023 1:00:00,,
1/2/2023,1:30,12.25,27.42,32.3,1488.47,01/02/2023 1:30:00,,
1/2/2023,2:00,12.25,27.23,32.1,1488.24,01/02/2023 2:00:00,,
1/2/2023,2:30,12.28,26.88,31.75,1487.92,01/02/2023 2:30:00,,
1/2/2023,3:00,12.28,27.82,32.75,1489.07,01/02/2023 3:00:00,,
1/2/2023,3:30,12.28,26.52,31.37,1487.5,01/02/2023 3:30:00,,
1/2/2023,4:00,12.28,27.63,32.55,1488.84,01/02/2023 4:00:00,,
1/2/2023,4:30,12.28,27.13,32.02,1488.24,01/02/2023 4:30:00,,
1/2/2023,5:00,12.28,27.39,32.3,1488.55,01/02/2023 5:00:00,,
1/2/2023,5:30,12.28,26.92,31.8,1487.98,01/02/2023 5:30:00,,
1/2/2023,6:00,12.31,27.7,32.65,1489.04,01/02/2023 6:00:00,,
1/2/2023,6:30,12.31,28.48,33.48,1489.98,01/02/2023 6:30:00,,
1/2/2023,7:00,12.31,28.57,33.58,1490.1,01/02/2023 7:00:00,,
1/2/2023,7:30,12.31,28.46,33.45,1489.95,01/02/2023 7:30:00,,
1/2/2023,8:00,12.31,27.98,32.95,1489.38,01/02/2023 8:00:00,,
1/2/2023,8:30,12.31,26.97,31.87,1488.15,01/02/2023 8:30:00,,
1/2/2023,9:00,12.31,27.51,32.45,1488.81,01/02/2023 9:00:00,,
1/2/2023,9:30,12.31,27.89,32.85,1489.26,01/02/2023 9:30:00,,
1/2/2023,10:00,12.28,27.75,32.67,1488.98,01/02/2023 10:00:00,,
1/2/2023,10:30,12.25,27.11,31.97,1488.1,01/02/2023 10:30:00,,
1/2/2023,11:00,12.22,26.92,31.74,1487.76,01/02/2023 11:00:00,,
1/2/2023,11:30,12.25,28.15,33.08,1489.36,01/02/2023 11:30:00,,
1/2/2023,12:00,12.25,26.4,31.22,1487.24,01/02/2023 12:00:00,,
1/2/2023,12:30,12.25,28.05,32.97,1489.24,01/02/2023 12:30:00,,
1/2/2023,13:00,12.25,27.86,32.77,1489.01,01/02/2023 13:00:00,,
1/2/2023,13:30,12.25,27.7,32.6,1488.81,01/02/2023 13:30:00,,
1/2/2023,14:00,12.25,26.19,30.99,1486.98,01/02/2023 14:00:00,,
1/2/2023,14:30,12.22,27.89,32.77,1488.93,01/02/2023 14:30:00,,
1/2/2023,15:00,12.22,27.84,32.72,1488.87,01/02/2023 15:00:00,,
1/2/2023,15:30,12.22,27.49,32.35,1488.44,01/02/2023 15:30:00,,
1/2/2023,16:00,12.22,27.49,32.35,1488.44,01/02/2023 16:00:00,,
1/2/2023,16:30,12.22,27.44,32.3,1488.39,01/02/2023 16:30:00,,
1/2/2023,17:00,12.22,27.7,32.57,1488.7,01/02/2023 17:00:00,,
1/2/2023,17:30,12.22,28.45,33.38,1489.62,01/02/2023 17:30:00,,
1/2/2023,18:00,12.22,27.08,31.92,1487.96,01/02/2023 18:00:00,,
1/2/2023,18:30,12.22,28.17,33.07,1489.28,01/02/2023 18:30:00,,
1/2/2023,19:00,12.22,26.38,31.17,1487.1,01/02/2023 19:00:00,,
1/2/2023,19:30,12.22,27.91,32.8,1488.96,01/02/2023 19:30:00,,
1/2/2023,20:00,12.19,27.93,32.8,1488.88,01/02/2023 20:00:00,,
1/2/2023,20:30,12.19,26.56,31.34,1487.21,01/02/2023 20:30:00,,
1/2/2023,21:00,12.19,29.55,34.5,1490.84,01/02/2023 21:00:00,,
1/2/2023,21:30,12.22,29.19,34.15,1490.51,01/02/2023 21:30:00,,
1/2/2023,22:00,12.25,29.52,34.53,1491.03,01/02/2023 22:00:00,,
1/2/2023,22:30,12.28,29.73,34.78,1491.4,01/02/2023 22:30:00,,
1/2/2023,23:00,12.28,29.09,34.1,1490.62,01/02/2023 23:00:00,,
1/2/2023,23:30,12.31,28.83,33.85,1490.41,01/02/2023 23:30:00,,
1/3/2023,0:00,12.28,28.76,33.75,1490.22,01/03/2023 0:00:00,,
1/3/2023,0:30,12.28,28.19,33.15,1489.53,01/03/2023 0:30:00,,
1/3/2023,1:00,12.28,28.27,33.23,1489.61,01/03/2023 1:00:00,,
1/3/2023,1:30,12.28,29.4,34.43,1490.99,01/03/2023 1:30:00,,
1/3/2023,2:00,12.25,28.69,33.65,1490.02,01/03/2023 2:00:00,,
1/3/2023,2:30,12.25,29.24,34.23,1490.68,01/03/2023 2:30:00,,
1/3/2023,3:00,12.25,28.01,32.92,1489.19,01/03/2023 3:00:00,,
1/3/2023,3:30,12.25,26.85,31.69,1487.78,01/03/2023 3:30:00,,
1/3/2023,4:00,12.25,29.19,34.18,1490.62,01/03/2023 4:00:00,,
1/3/2023,4:30,12.25,29.81,34.83,1491.37,01/03/2023 4:30:00,,
1/3/2023,5:00,12.25,27.89,32.8,1489.04,01/03/2023 5:00:00,,
1/3/2023,5:30,12.25,30.09,35.13,1491.72,01/03/2023 5:30:00,,
1/3/2023,6:00,12.25,29.85,34.88,1491.43,01/03/2023 6:00:00,,
1/3/2023,6:30,12.25,29.66,34.68,1491.2,01/03/2023 6:30:00,,
1/3/2023,7:00,12.25,30.16,35.21,1491.81,01/03/2023 7:00:00,,
1/3/2023,7:30,12.28,28.34,33.3,1489.7,01/03/2023 7:30:00,,
1/3/2023,8:00,12.25,28.69,33.65,1490.02,01/03/2023 8:00:00,,
1/3/2023,8:30,12.28,29.92,34.98,1491.63,01/03/2023 8:30:00,,
1/3/2023,9:00,12.28,29.66,34.71,1491.31,01/03/2023 9:00:00,,
1/3/2023,9:30,12.25,29.19,34.18,1490.62,01/03/2023 9:30:00,,
1/3/2023,10:00,12.25,29.28,34.28,1490.74,01/03/2023 10:00:00,,
1/3/2023,10:30,12.25,29.59,34.6,1491.11,01/03/2023 10:30:00,,
1/3/2023,11:00,12.28,28.64,33.63,1490.07,01/03/2023 11:00:00,,
1/3/2023,11:30,12.28,29.66,34.71,1491.31,01/03/2023 11:30:00,,
1/3/2023,12:00,12.31,29.54,34.61,1491.27,01/03/2023 12:00:00,,
1/3/2023,12:30,12.31,29.83,34.91,1491.62,01/03/2023 12:30:00,,
1/3/2023,13:00,12.35,30.07,35.18,1492.02,01/03/2023 13:00:00,,
1/3/2023,13:30,12.38,30.06,35.21,1492.12,01/03/2023 13:30:00,,
1/3/2023,14:00,12.41,28.81,33.91,1490.71,01/03/2023 14:00:00,,
1/3/2023,14:30,12.41,29.4,34.53,1491.43,01/03/2023 14:30:00,,
1/3/2023,15:00,12.41,30.06,35.23,1492.23,01/03/2023 15:00:00,,
1/3/2023,15:30,12.41,29.64,34.78,1491.72,01/03/2023 15:30:00,,
1/3/2023,16:00,12.38,29.76,34.88,1491.75,01/03/2023 16:00:00,,
1/3/2023,16:30,12.38,29.31,34.41,1491.2,01/03/2023 16:30:00,,
1/3/2023,17:00,12.35,28.41,33.43,1490.01,01/03/2023 17:00:00,,
1/3/2023,17:30,12.35,29.73,34.83,1491.61,01/03/2023 17:30:00,,
1/3/2023,18:00,12.31,28.79,33.8,1490.35,01/03/2023 18:00:00,,
1/3/2023,18:30,12.31,30.14,35.23,1491.99,01/03/2023 18:30:00,,
1/3/2023,19:00,12.31,29.31,34.36,1490.99,01/03/2023 19:00:00,,
1/3/2023,19:30,12.28,30.28,35.36,1492.06,01/03/2023 19:30:00,,
1/3/2023,20:00,12.28,30.31,35.38,1492.09,01/03/2023 20:00:00,,
1/3/2023,20:30,12.28,26.03,30.84,1486.9,01/03/2023 20:30:00,,
1/3/2023,21:00,12.28,27.7,32.62,1488.92,01/03/2023 21:00:00,,
1/3/2023,21:30,12.28,28.45,33.43,1489.84,01/03/2023 21:30:00,,
1/3/2023,22:00,12.25,28.76,33.73,1490.11,01/03/2023 22:00:00,,
1/3/2023,22:30,12.25,24.37,29.03,1484.77,01/03/2023 22:30:00,,
1/3/2023,23:00,12.25,26.1,30.89,1486.87,01/03/2023 23:00:00,,
1/3/2023,23:30,12.25,26.78,31.62,1487.7,01/03/2023 23:30:00,,
1/4/2023,0:00,12.25,28.38,33.33,1489.65,01/04/2023 0:00:00,,
1/4/2023,0:30,12.25,27.93,32.85,1489.1,01/04/2023 0:30:00,,
1/4/2023,1:00,12.25,27.11,31.97,1488.1,01/04/2023 1:00:00,,
1/4/2023,1:30,12.25,27.79,32.7,1488.93,01/04/2023 1:30:00,,
1/4/2023,2:00,12.25,29.09,34.08,1490.51,01/04/2023 2:00:00,,
1/4/2023,2:30,12.22,27.08,31.92,1487.96,01/04/2023 2:30:00,,
1/4/2023,3:00,12.22,26.9,31.72,1487.73,01/04/2023 3:00:00,,
1/4/2023,3:30,12.22,29.17,34.13,1490.49,01/04/2023 3:30:00,,
1/4/2023,4:00,12.22,28.15,33.05,1489.25,01/04/2023 4:00:00,,
1/4/2023,4:30,12.22,28.45,33.38,1489.62,01/04/2023 4:30:00,,
1/4/2023,5:00,12.22,25.79,30.54,1486.39,01/04/2023 5:00:00,,
1/4/2023,5:30,12.22,27.98,32.87,1489.05,01/04/2023 5:30:00,,
1/4/2023,6:00,12.22,26.92,31.74,1487.76,01/04/2023 6:00:00,,
1/4/2023,6:30,12.22,27.89,32.77,1488.93,01/04/2023 6:30:00,,
1/4/2023,7:00,12.22,26.47,31.27,1487.21,01/04/2023 7:00:00,,
1/4/2023,7:30,12.22,26.78,31.59,1487.58,01/04/2023 7:30:00,,
1/4/2023,8:00,12.22,26.47,31.27,1487.21,01/04/2023 8:00:00,,
1/4/2023,8:30,12.22,27.7,32.57,1488.7,01/04/2023 8:30:00,,
1/4/2023,9:00,12.22,27.53,32.4,1488.5,01/04/2023 9:00:00,,
1/4/2023,9:30,12.22,27.49,32.35,1488.44,01/04/2023 9:30:00,,
1/4/2023,10:00,12.22,27.53,32.4,1488.5,01/04/2023 10:00:00,,
1/4/2023,10:30,12.25,27.46,32.35,1488.53,01/04/2023 10:30:00,,
1/4/2023,11:00,12.25,28.55,33.5,1489.85,01/04/2023 11:00:00,,
1/4/2023,11:30,12.25,26.57,31.39,1487.44,01/04/2023 11:30:00,,
1/4/2023,12:00,12.25,27.01,31.87,1487.98,01/04/2023 12:00:00,,
1/4/2023,12:30,12.28,26.64,31.49,1487.64,01/04/2023 12:30:00,,
1/4/2023,13:00,12.28,27.68,32.6,1488.9,01/04/2023 13:00:00,,
1/4/2023,13:30,12.31,25.94,30.77,1486.9,01/04/2023 13:30:00,,
1/4/2023,14:00,12.38,26.5,31.42,1487.81,01/04/2023 14:00:00,,
,,,,,,,,
,,,,,,,,
,,,,,,,,
,,,,,,,,
,,,,,,,,
,,,,,,,,
1/4/2023,17:30,12.51,26.32,31.32,1488.03,01/04/2023 17:30:00,,
1/4/2023,18:00,12.51,26.04,31.02,1487.69,01/04/2023 18:00:00,,
1/4/2023,18:30,12.51,27.47,32.55,1489.42,01/04/2023 18:30:00,,
1/4/2023,19:00,12.47,27.21,32.25,1488.99,01/04/2023 19:00:00,,
1/4/2023,19:30,12.44,25.67,30.57,1487.01,01/04/2023 19:30:00,,
1/4/2023,20:00,12.38,26.76,31.7,1488.12,01/04/2023 20:00:00,,
1/4/2023,20:30,12.35,26.55,31.44,1487.75,01/04/2023 20:30:00,,
1/4/2023,21:00,12.35,26.76,31.67,1488.01,01/04/2023 21:00:00,,
1/4/2023,21:30,12.38,27.11,32.07,1488.55,01/04/2023 21:30:00,,
1/4/2023,22:00,12.38,28.24,33.28,1489.91,01/04/2023 22:00:00,,
1/4/2023,22:30,12.38,27.58,32.58,1489.12,01/04/2023 22:30:00,,
1/4/2023,23:00,12.38,26.6,31.52,1487.92,01/04/2023 23:00:00,,
1/4/2023,23:30,12.35,23.96,28.65,1484.61,01/04/2023 23:30:00,,
1/5/2023,0:00,12.35,25.66,30.49,1486.67,01/05/2023 0:00:00,,
1/5/2023,0:30,12.38,26.81,31.75,1488.18,01/05/2023 0:30:00,,
1/5/2023,1:00,12.38,26.25,31.14,1487.49,01/05/2023 1:00:00,,
1/5/2023,1:30,12.35,27.23,32.17,1488.58,01/05/2023 1:30:00,,
1/5/2023,2:00,12.38,26.27,31.17,1487.52,01/05/2023 2:00:00,,
1/5/2023,2:30,12.35,26.2,31.07,1487.32,01/05/2023 2:30:00,,
1/5/2023,3:00,12.38,24.89,29.68,1485.85,01/05/2023 3:00:00,,
1/5/2023,3:30,12.38,23.99,28.7,1484.75,01/05/2023 3:30:00,,
1/5/2023,4:00,12.35,26.76,31.67,1488.01,01/05/2023 4:00:00,,
1/5/2023,4:30,12.38,25.36,30.19,1486.42,01/05/2023 4:30:00,,
1/5/2023,5:00,12.38,26.18,31.07,1487.41,01/05/2023 5:00:00,,
1/5/2023,5:30,12.35,26.6,31.5,1487.81,01/05/2023 5:30:00,,
1/5/2023,6:00,12.35,27.23,32.17,1488.58,01/05/2023 6:00:00,,
1/5/2023,6:30,12.35,28.79,33.83,1490.46,01/05/2023 6:30:00,,
1/5/2023,7:00,12.38,30.02,35.16,1492.07,01/05/2023 7:00:00,,
1/5/2023,7:30,12.38,29.95,35.08,1491.98,01/05/2023 7:30:00,,
1/5/2023,8:00,12.38,30.04,35.18,1492.1,01/05/2023 8:00:00,,
1/5/2023,8:30,12.38,30.14,35.28,1492.21,01/05/2023 8:30:00,,
1/5/2023,9:00,12.41,30.11,35.28,1492.29,01/05/2023 9:00:00,,
1/5/2023,9:30,12.41,29.76,34.91,1491.86,01/05/2023 9:30:00,,
1/5/2023,10:00,12.44,29.21,34.36,1491.31,01/05/2023 10:00:00,,
1/5/2023,10:30,12.44,26.51,31.47,1488.03,01/05/2023 10:30:00,,
1/5/2023,11:00,12.44,29.19,34.33,1491.28,01/05/2023 11:00:00,,
1/5/2023,11:30,12.47,29.85,35.06,1492.19,01/05/2023 11:30:00,,
1/5/2023,12:00,12.47,25.16,30.04,1486.5,01/05/2023 12:00:00,,
1/5/2023,12:30,12.47,27.56,32.63,1489.42,01/05/2023 12:30:00,,
1/5/2023,13:00,12.51,19.65,24.01,1479.94,01/05/2023 13:00:00,,
1/5/2023,13:30,12.47,29.94,35.16,1492.3,01/05/2023 13:30:00,,
1/5/2023,14:00,12.51,26.21,31.2,1487.89,01/05/2023 14:00:00,,
1/5/2023,14:30,12.51,29.3,34.51,1491.64,01/05/2023 14:30:00,,
,,,,,,,,
,,,,,,,,
,,,,,,,,
,,,,,,,,
,,,,,,,,
,,,,,,,,
1/5/2023,18:00,12.51,16.86,20.87,1476.56,01/05/2023 18:00:00,,
1/5/2023,18:30,12.51,13.03,16.48,1471.92,01/05/2023 18:30:00,,
1/5/2023,19:00,12.51,11.26,14.41,1469.78,01/05/2023 19:00:00,,
1/5/2023,19:30,12.47,12.14,15.42,1470.72,01/05/2023 19:30:00,,
1/5/2023,20:00,12.51,12.49,15.85,1471.26,01/05/2023 20:00:00,,
1/5/2023,20:30,12.47,13.84,17.4,1472.79,01/05/2023 20:30:00,,
1/5/2023,21:00,12.47,19.32,23.62,1479.43,01/05/2023 21:00:00,,
1/5/2023,21:30,12.47,17.15,21.18,1476.79,01/05/2023 21:30:00,,
1/5/2023,22:00,12.51,17.47,21.57,1477.3,01/05/2023 22:00:00,,
1/5/2023,22:30,12.51,18.05,22.21,1478,01/05/2023 22:30:00,,
1/5/2023,23:00,12.51,12.74,16.14,1471.56,01/05/2023 23:00:00,,
1/5/2023,23:30,12.51,10.83,13.9,1469.26,01/05/2023 23:30:00,,
1/6/2023,0:00,12.51,12.38,15.71,1471.12,01/06/2023 0:00:00,,
1/6/2023,0:30,12.51,12.26,15.58,1470.99,01/06/2023 0:30:00,,
1/6/2023,1:00,12.51,13.65,17.19,1472.67,01/06/2023 1:00:00,,
1/6/2023,1:30,12.51,9.1,11.83,1467.15,01/06/2023 1:30:00,,
1/6/2023,2:00,12.47,14.52,18.19,1473.61,01/06/2023 2:00:00,,
1/6/2023,2:30,12.51,13.76,17.32,1472.8,01/06/2023 2:30:00,,
1/6/2023,3:00,12.47,10.78,13.82,1469.07,01/06/2023 3:00:00,,
1/6/2023,3:30,12.44,10.47,13.44,1468.58,01/06/2023 3:30:00,,
1/6/2023,4:00,12.47,8.07,10.58,1465.79,01/06/2023 4:00:00,,
1/6/2023,4:30,12.47,13.27,16.74,1472.1,01/06/2023 4:30:00,,
1/6/2023,5:00,12.44,7.99,10.47,1465.58,01/06/2023 5:00:00,,
1/6/2023,5:30,12.44,7.19,9.49,1464.6,01/06/2023 5:30:00,,
1/6/2023,6:00,12.44,8.26,10.8,1465.9,01/06/2023 6:00:00,,
1/6/2023,6:30,12.41,8.13,10.63,1465.63,01/06/2023 6:30:00,,
1/6/2023,7:00,12.41,7.55,9.92,1464.93,01/06/2023 7:00:00,,
1/6/2023,7:30,12.41,8.02,10.5,1465.5,01/06/2023 7:30:00,,
1/6/2023,8:00,12.41,10.2,13.12,1468.15,01/06/2023 8:00:00,,
1/6/2023,8:30,12.41,9.35,12.1,1467.1,01/06/2023 8:30:00,,
1/6/2023,9:00,12.41,10.5,13.47,1468.5,01/06/2023 9:00:00,,
1/6/2023,9:30,12.38,10.1,12.99,1467.9,01/06/2023 9:30:00,,
1/6/2023,10:00,12.41,9.89,12.74,1467.76,01/06/2023 10:00:00,,
1/6/2023,10:30,12.41,10.23,13.15,1468.17,01/06/2023 10:30:00,,
1/6/2023,11:00,12.44,9.29,12.04,1467.16,01/06/2023 11:00:00,,
1/6/2023,11:30,12.44,9.04,11.74,1466.86,01/06/2023 11:30:00,,
1/6/2023,12:00,12.44,9.81,12.66,1467.79,01/06/2023 12:00:00,,
1/6/2023,12:30,12.44,11.58,14.75,1469.93,01/06/2023 12:30:00,,
1/6/2023,13:00,12.44,10.63,13.63,1468.77,01/06/2023 13:00:00,,
1/6/2023,13:30,12.44,9.92,12.8,1467.92,01/06/2023 13:30:00,,
1/6/2023,14:00,12.44,16.84,20.82,1476.31,01/06/2023 14:00:00,,
1/6/2023,14:30,12.51,13.81,17.38,1472.86,01/06/2023 14:30:00,,
,,,,,,,,
2/18/2023,18:00,11.16,31.27,35.42,1489.36,2/18/2023 18:00:00,,
2/18/2023,18:20,11.16,30.88,35.02,1488.88,2/18/2023 18:20:00,,
2/18/2023,18:40,11.13,31.01,35.12,1488.92,2/18/2023 18:40:00,,
2/18/2023,19:00,11.1,30.67,34.75,1488.38,2/18/2023 19:00:00,,
2/18/2023,19:20,11.06,30.52,34.57,1488.09,2/18/2023 19:20:00,,
2/18/2023,19:40,11.03,29.62,33.63,1486.87,2/18/2023 19:40:00,,
2/18/2023,20:00,11.03,30.06,34.08,1487.41,2/18/2023 20:00:00,,
2/18/2023,20:20,10.97,31.21,35.19,1488.59,2/18/2023 20:20:00,,
2/18/2023,20:40,10.97,31.02,34.99,1488.35,2/18/2023 20:40:00,,
2/18/2023,21:00,10.93,31.27,35.22,1488.54,2/18/2023 21:00:00,,
2/18/2023,21:20,10.93,31.22,35.17,1488.48,2/18/2023 21:20:00,,
2/18/2023,21:40,10.9,31.29,35.22,1488.46,2/18/2023 21:40:00,,
2/18/2023,22:00,10.9,31.37,35.29,1488.55,2/18/2023 22:00:00,,
2/18/2023,22:20,10.9,31.34,35.27,1488.52,2/18/2023 22:20:00,,
2/18/2023,22:40,10.9,31.29,35.22,1488.46,2/18/2023 22:40:00,,
2/18/2023,23:00,10.9,31.37,35.29,1488.55,2/18/2023 23:00:00,,
2/18/2023,23:20,10.87,31.37,35.27,1488.44,2/18/2023 23:20:00,,
2/18/2023,23:40,10.87,31.37,35.27,1488.44,2/18/2023 23:40:00,,
2/19/2023,0:00,10.87,31.32,35.22,1488.38,2/19/2023 0:00:00,,
2/19/2023,0:20,10.87,31.29,35.19,1488.35,2/19/2023 0:20:00,,
2/19/2023,0:40,10.87,31.22,35.12,1488.26,2/19/2023 0:40:00,,
2/19/2023,1:00,10.87,31.32,35.22,1488.38,2/19/2023 1:00:00,,
2/19/2023,1:20,10.87,31.39,35.29,1488.47,2/19/2023 1:20:00,,
2/19/2023,1:40,10.87,31.42,35.32,1488.5,2/19/2023 1:40:00,,
2/19/2023,2:00,10.87,31.39,35.29,1488.47,2/19/2023 2:00:00,,
2/19/2023,2:20,10.84,31.37,35.24,1488.33,2/19/2023 2:20:00,,
2/19/2023,2:40,10.87,31.37,35.27,1488.44,2/19/2023 2:40:00,,
2/19/2023,3:00,10.9,31.37,35.29,1488.55,2/19/2023 3:00:00,,
2/19/2023,3:20,10.93,31.36,35.32,1488.66,2/19/2023 3:20:00,,
2/19/2023,3:40,10.9,31.42,35.34,1488.61,2/19/2023 3:40:00,,
2/19/2023,4:00,10.9,31.39,35.32,1488.58,2/19/2023 4:00:00,,
2/19/2023,4:20,10.9,31.42,35.34,1488.61,2/19/2023 4:20:00,,
2/19/2023,4:40,10.9,31.42,35.34,1488.61,2/19/2023 4:40:00,,
2/19/2023,5:00,10.84,31.44,35.31,1488.42,2/19/2023 5:00:00,,
2/19/2023,5:20,10.84,31.42,35.29,1488.39,2/19/2023 5:20:00,,
2/19/2023,5:40,10.84,31.37,35.24,1488.33,2/19/2023 5:40:00,,
2/19/2023,6:00,10.84,31.42,35.29,1488.39,2/19/2023 6:00:00,,
2/19/2023,6:20,10.84,31.4,35.26,1488.36,2/19/2023 6:20:00,,
2/19/2023,6:40,10.84,31.42,35.29,1488.39,2/19/2023 6:40:00,,
2/19/2023,7:00,10.84,31.42,35.29,1488.39,2/19/2023 7:00:00,,
2/19/2023,7:20,10.84,31.42,35.29,1488.39,2/19/2023 7:20:00,,
2/19/2023,7:40,10.84,31.42,35.29,1488.39,2/19/2023 7:40:00,,
2/19/2023,8:00,10.84,31.42,35.29,1488.39,2/19/2023 8:00:00,,
2/19/2023,8:20,10.84,31.42,35.29,1488.39,2/19/2023 8:20:00,,
2/19/2023,8:40,10.84,31.42,35.29,1488.39,2/19/2023 8:40:00,,
2/19/2023,9:00,10.84,31.44,35.31,1488.42,2/19/2023 9:00:00,,
2/19/2023,9:20,10.87,31.44,35.34,1488.53,2/19/2023 9:20:00,,
2/19/2023,9:40,10.9,31.42,35.34,1488.61,2/19/2023 9:40:00,,
2/19/2023,10:00,10.9,31.46,35.39,1488.67,2/19/2023 10:00:00,,
2/19/2023,10:20,10.97,31.43,35.42,1488.87,2/19/2023 10:20:00,,
2/19/2023,10:40,10.97,31.46,35.44,1488.9,2/19/2023 10:40:00,,
2/19/2023,11:00,11,31.46,35.47,1489.01,2/19/2023 11:00:00,,
2/19/2023,11:20,11,31.46,35.47,1489.01,2/19/2023 11:20:00,,
2/19/2023,11:40,11.03,31.45,35.49,1489.12,2/19/2023 11:40:00,,
2/19/2023,12:00,11.06,31.43,35.49,1489.2,2/19/2023 12:00:00,,
2/19/2023,12:20,11.13,31.42,35.55,1489.42,2/19/2023 12:20:00,,
2/19/2023,12:40,11.23,31.42,35.62,1489.76,2/19/2023 12:40:00,,
2/19/2023,13:00,11.35,31.41,35.73,1490.2,2/19/2023 13:00:00,,
2/19/2023,13:20,11.42,31.4,35.78,1490.42,2/19/2023 13:20:00,,
2/19/2023,13:40,11.48,31.18,35.6,1490.37,2/19/2023 13:40:00,,
2/19/2023,14:00,11.52,31.25,35.7,1490.57,2/19/2023 14:00:00,,
2/19/2023,14:20,11.55,31.22,35.7,1490.65,2/19/2023 14:20:00,,
,,,,,,,,
,,,,,,,,
,,,,,,,,
,,,,,,,,
,,,,,,,,
,,,,,,,,
,,,,,,,,
,,,,,,,,
,,,,,,,,
,,,,,,,,
,,,,,,,,
,,,,,,,,
,,,,,,,,
2/19/2023,19:00,11.35,28.84,33.09,1487.07,2/19/2023 19:00:00,,
2/19/2023,19:20,11.32,27,31.14,1484.69,2/19/2023 19:20:00,,
2/19/2023,19:40,11.29,24.71,28.72,1481.77,2/19/2023 19:40:00,,
2/19/2023,20:00,11.26,24.45,28.41,1481.34,2/19/2023 20:00:00,,
2/19/2023,20:20,11.23,27.09,31.16,1484.46,2/19/2023 20:20:00,,
2/19/2023,20:40,11.16,27.18,31.21,1484.34,2/19/2023 20:40:00,,
2/19/2023,21:00,11.1,23.64,27.46,1479.77,2/19/2023 21:00:00,,
2/19/2023,21:20,11.1,24.93,28.81,1481.35,2/19/2023 21:20:00,,
2/19/2023,21:40,11.06,24.24,28.06,1480.38,2/19/2023 21:40:00,,
2/19/2023,22:00,11.06,17.33,20.66,1471.91,2/19/2023 22:00:00,,
2/19/2023,22:20,11.06,18.04,21.43,1472.78,2/19/2023 22:20:00,,
2/19/2023,22:40,11.03,16.15,19.35,1470.34,2/19/2023 22:40:00,,
2/19/2023,23:00,11.03,16.5,19.74,1470.77,2/19/2023 23:00:00,,
2/19/2023,23:20,11.03,15.37,18.5,1469.39,2/19/2023 23:20:00,,
2/19/2023,23:40,11,13.56,16.46,1467.04,2/19/2023 23:40:00,,
2/20/2023,0:00,11,10.33,12.82,1463.08,2/20/2023 0:00:00,,
2/20/2023,0:20,11.03,9.51,11.88,1462.2,2/20/2023 0:20:00,,
2/20/2023,0:40,11,9.01,11.29,1461.46,2/20/2023 0:40:00,,
2/20/2023,1:00,11,11.96,14.67,1465.08,2/20/2023 1:00:00,,
2/20/2023,1:20,11,23.9,27.66,1479.73,2/20/2023 1:20:00,,
2/20/2023,1:40,11,25.09,28.91,1481.19,2/20/2023 1:40:00,,
2/20/2023,2:00,11,28.07,32.01,1484.86,2/20/2023 2:00:00,,
2/20/2023,2:20,11,28.05,31.98,1484.83,2/20/2023 2:20:00,,
2/20/2023,2:40,11,31.07,35.07,1488.53,2/20/2023 2:40:00,,
2/20/2023,3:00,11,30.84,34.85,1488.26,2/20/2023 3:00:00,,
2/20/2023,3:20,10.97,30.26,34.22,1487.42,2/20/2023 3:20:00,,
2/20/2023,3:40,10.97,28.92,32.85,1485.78,2/20/2023 3:40:00,,
2/20/2023,4:00,10.97,27.9,31.81,1484.53,2/20/2023 4:00:00,,
2/20/2023,4:20,10.97,26.05,29.88,1482.25,2/20/2023 4:20:00,,
2/20/2023,4:40,10.97,28.65,32.58,1485.45,2/20/2023 4:40:00,,
2/20/2023,5:00,10.97,31.48,35.47,1488.93,2/20/2023 5:00:00,,
2/20/2023,5:20,10.97,31.36,35.34,1488.78,2/20/2023 5:20:00,,
2/20/2023,5:40,10.93,31.34,35.29,1488.63,2/20/2023 5:40:00,,
2/20/2023,6:00,10.93,28.1,31.98,1484.65,2/20/2023 6:00:00,,
2/20/2023,6:20,10.9,31.34,35.27,1488.52,2/20/2023 6:20:00,,
2/20/2023,6:40,10.9,31.02,34.94,1488.13,2/20/2023 6:40:00,,
2/20/2023,7:00,10.9,31.19,35.12,1488.34,2/20/2023 7:00:00,,
2/20/2023,7:20,10.9,31.51,35.44,1488.73,2/20/2023 7:20:00,,
2/20/2023,7:40,10.9,31.37,35.29,1488.55,2/20/2023 7:40:00,,
2/20/2023,8:00,10.9,31.46,35.39,1488.67,2/20/2023 8:00:00,,
2/20/2023,8:20,10.9,31.49,35.42,1488.7,2/20/2023 8:20:00,,
2/20/2023,8:40,10.9,31.49,35.42,1488.7,2/20/2023 8:40:00,,
2/20/2023,9:00,10.93,28.97,32.88,1485.73,2/20/2023 9:00:00,,
2/20/2023,9:20,10.93,16.97,20.2,1470.98,2/20/2023 9:20:00,,
2/20/2023,9:40,10.97,16.65,19.87,1470.71,2/20/2023 9:40:00,,
2/20/2023,10:00,10.97,13.85,16.78,1467.28,2/20/2023 10:00:00,,
2/20/2023,10:20,10.97,22.44,26.1,1477.82,2/20/2023 10:20:00,,
2/20/2023,10:40,11,14.96,18.03,1468.77,2/20/2023 10:40:00,,
2/20/2023,11:00,11.03,14.72,17.77,1468.58,2/20/2023 11:00:00,,
2/20/2023,11:20,11.03,12.12,14.86,1465.39,2/20/2023 11:20:00,,
2/20/2023,11:40,11.03,8.91,11.18,1461.46,2/20/2023 11:40:00,,
2/20/2023,12:00,11.03,22.52,26.23,1478.16,2/20/2023 12:00:00,,
2/20/2023,12:20,11.06,15.83,19.02,1470.07,2/20/2023 12:20:00,,
2/20/2023,12:40,11.1,10.28,12.79,1463.39,2/20/2023 12:40:00,,
2/20/2023,13:00,11.06,21.81,25.5,1477.41,2/20/2023 13:00:00,,
2/20/2023,13:20,11.1,25.27,29.16,1481.76,2/20/2023 13:20:00,,
2/20/2023,13:40,11.16,12.45,15.28,1466.28,2/20/2023 13:40:00,,
2/20/2023,14:00,11.19,18.61,22.12,1473.95,2/20/2023 14:00:00,,
2/20/2023,14:20,11.26,26.21,30.27,1483.49,2/20/2023 14:20:00,,
2/20/2023,14:40,11.39,23.91,27.94,1481.15,2/20/2023 14:40:00,,
,,,,,,,,
,,,,,,,,
,,,,,,,,
,,,,,,,,
,,,,,,,,
,,,,,,,,
,,,,,,,,
,,,,,,,,
,,,,,,,,
,,,,,,,,
,,,,,,,,
2/20/2023,18:40,11.29,11.69,14.47,1465.83,2/20/2023 18:40:00,,
2/20/2023,19:00,11.26,0.24,0.37,1451.7,2/20/2023 19:00:00,,
2/20/2023,19:20,11.23,20.71,24.41,1476.64,2/20/2023 19:20:00,,
2/20/2023,19:40,11.23,24.54,28.49,1481.33,2/20/2023 19:40:00,,
2/20/2023,20:00,11.19,20.04,23.68,1475.71,2/20/2023 20:00:00,,
2/20/2023,20:20,11.19,16.45,19.77,1471.31,2/20/2023 20:20:00,,
2/20/2023,20:40,11.16,22.7,26.5,1478.85,2/20/2023 20:40:00,,
2/20/2023,21:00,11.13,21.7,25.42,1477.51,2/20/2023 21:00:00,,
2/20/2023,21:20,11.1,19.86,23.42,1475.13,2/20/2023 21:20:00,,
2/20/2023,21:40,11.03,19.84,23.37,1474.87,2/20/2023 21:40:00,,
2/20/2023,22:00,10.97,14.95,18,1468.63,2/20/2023 22:00:00,,
2/20/2023,22:20,10.93,15.41,18.5,1469.08,2/20/2023 22:20:00,,
2/20/2023,22:40,10.93,31.04,34.99,1488.27,2/20/2023 22:40:00,,
2/20/2023,23:00,10.9,29.19,33.08,1485.88,2/20/2023 23:00:00,,
2/20/2023,23:20,10.9,28.32,32.18,1484.8,2/20/2023 23:20:00,,
2/20/2023,23:40,10.9,28.19,32.05,1484.66,2/20/2023 23:40:00,,
2/21/2023,0:00,10.9,26,29.78,1481.96,2/21/2023 0:00:00,,
2/21/2023,0:20,10.93,22.13,25.74,1477.32,2/21/2023 0:20:00,,
2/21/2023,0:40,10.97,21.63,25.24,1476.83,2/21/2023 0:40:00,,
2/21/2023,1:00,10.97,21.09,24.66,1476.16,2/21/2023 1:00:00,,
2/21/2023,1:20,10.97,18.98,22.4,1473.58,2/21/2023 1:20:00,,
2/21/2023,1:40,10.93,23.15,26.83,1478.58,2/21/2023 1:40:00,,
2/21/2023,2:00,10.93,28.63,32.53,1485.31,2/21/2023 2:00:00,,
2/21/2023,2:20,10.9,24.15,27.86,1479.69,2/21/2023 2:20:00,,
2/21/2023,2:40,10.87,31.44,35.34,1488.53,2/21/2023 2:40:00,,
2/21/2023,3:00,10.87,31.37,35.27,1488.44,2/21/2023 3:00:00,,
2/21/2023,3:20,10.87,21.14,24.66,1475.87,2/21/2023 3:20:00,,
2/21/2023,3:40,10.84,25.05,28.76,1480.56,2/21/2023 3:40:00,,
2/21/2023,4:00,10.84,23.28,26.9,1478.38,2/21/2023 4:00:00,,
2/21/2023,4:20,10.8,12.1,14.75,1464.52,2/21/2023 4:20:00,,
2/21/2023,4:40,10.8,22.06,25.59,1476.76,2/21/2023 4:40:00,,
2/21/2023,5:00,10.8,14.33,17.25,1467.26,2/21/2023 5:00:00,,
2/21/2023,5:20,10.84,26.28,30.03,1482.07,2/21/2023 5:20:00,,
2/21/2023,5:40,10.84,20.56,24.03,1475.04,2/21/2023 5:40:00,,
2/21/2023,6:00,10.8,22.39,25.94,1477.17,2/21/2023 6:00:00,,
2/21/2023,6:20,10.8,27.25,31.01,1483.14,2/21/2023 6:20:00,,
2/21/2023,6:40,10.8,25.77,29.48,1481.33,2/21/2023 6:40:00,,
2/21/2023,7:00,10.77,25,28.65,1480.26,2/21/2023 7:00:00,,
2/21/2023,7:20,10.8,22.61,26.17,1477.44,2/21/2023 7:20:00,,
2/21/2023,7:40,10.8,28.92,32.73,1485.2,2/21/2023 7:40:00,,
2/21/2023,8:00,10.8,24.19,27.83,1479.38,2/21/2023 8:00:00,,
2/21/2023,8:20,10.8,21.01,24.48,1475.47,2/21/2023 8:20:00,,
2/21/2023,8:40,10.84,26.74,30.51,1482.64,2/21/2023 8:40:00,,
2/21/2023,9:00,10.84,29.56,33.4,1486.1,2/21/2023 9:00:00,,
2/21/2023,9:20,10.84,27.25,31.03,1483.26,2/21/2023 9:20:00,,
2/21/2023,9:40,10.87,28.22,32.05,1484.57,2/21/2023 9:40:00,,
2/21/2023,10:00,10.9,31.46,35.39,1488.67,2/21/2023 10:00:00,,
2/21/2023,10:20,10.9,31.34,35.27,1488.52,2/21/2023 10:20:00,,
2/21/2023,10:40,10.9,31.46,35.39,1488.67,2/21/2023 10:40:00,,
2/21/2023,11:00,10.93,29.58,33.5,1486.47,2/21/2023 11:00:00,,
2/21/2023,11:20,10.97,22.77,26.45,1478.23,2/21/2023 11:20:00,,
2/21/2023,11:40,10.97,30.8,34.77,1488.08,2/21/2023 11:40:00,,
2/21/2023,12:00,11.03,28.05,32.01,1484.94,2/21/2023 12:00:00,,
2/21/2023,12:20,11.03,29.04,33.03,1486.16,2/21/2023 12:20:00,,
2/21/2023,12:40,11.03,28.19,32.16,1485.12,2/21/2023 12:40:00,,
2/21/2023,13:00,11.06,30.43,34.47,1487.97,2/21/2023 13:00:00,,
2/21/2023,13:20,11.1,30.23,34.3,1487.85,2/21/2023 13:20:00,,
2/21/2023,13:40,11.06,19.21,22.71,1474.22,2/21/2023 13:40:00,,
2/21/2023,14:00,11.1,21.79,25.5,1477.5,2/21/2023 14:00:00,,
2/21/2023,14:20,11.13,19.37,22.91,1474.65,2/21/2023 14:20:00,,
2/21/2023,14:40,11.1,22.41,26.15,1478.26,2/21/2023 14:40:00,,
2/21/2023,15:00,11.1,26.37,30.31,1483.11,2/21/2023 15:00:00,,
2/21/2023,15:20,11.06,28.65,32.66,1485.8,2/21/2023 15:20:00,,
2/21/2023,15:40,11.06,17.76,21.13,1472.43,2/21/2023 15:40:00,,
,,,,,,,,
,,,,,,,,
,,,,,,,,
,,,,,,,,
,,,,,,,,
,,,,,,,,
,,,,,,,,
,,,,,,,,
,,,,,,,,
,,,,,,,,
,,,,,,,,
,,,,,,,,
2/21/2023,20:00,10.77,20.31,23.72,1474.5,2/21/2023 20:00:00,,
2/21/2023,20:20,10.74,18.17,21.4,1471.74,2/21/2023 20:20:00,,
2/21/2023,20:40,10.71,19.97,23.31,1473.83,2/21/2023 20:40:00,,
2/21/2023,21:00,10.71,26.25,29.9,1481.56,2/21/2023 21:00:00,,
2/21/2023,21:20,10.71,15.6,18.6,1468.46,2/21/2023 21:20:00,,
2/21/2023,21:40,10.67,13.96,16.77,1466.31,2/21/2023 21:40:00,,
2/21/2023,22:00,10.67,12.99,15.7,1465.12,2/21/2023 22:00:00,,
2/21/2023,22:20,10.67,11.57,14.11,1463.38,2/21/2023 22:20:00,,
2/21/2023,22:40,10.67,11.55,14.09,1463.35,2/21/2023 22:40:00,,
2/21/2023,23:00,10.67,29.56,33.27,1485.52,2/21/2023 23:00:00,,
2/21/2023,23:20,10.67,27.85,31.53,1483.42,2/21/2023 23:20:00,,
2/21/2023,23:40,10.67,21.13,24.53,1475.14,2/21/2023 23:40:00,,
2/22/2023,0:00,10.67,29.34,33.05,1485.25,2/22/2023 0:00:00,,
2/22/2023,0:20,10.64,29.32,33,1485.1,2/22/2023 0:20:00,,
2/22/2023,0:40,10.64,24.27,27.8,1478.88,2/22/2023 0:40:00,,
2/22/2023,1:00,10.64,29.05,32.72,1484.77,2/22/2023 1:00:00,,
2/22/2023,1:20,10.64,24.73,28.28,1479.45,2/22/2023 1:20:00,,
2/22/2023,1:40,10.64,26.39,30,1481.5,2/22/2023 1:40:00,,
2/22/2023,2:00,10.61,28.27,31.9,1483.69,2/22/2023 2:00:00,,
2/22/2023,2:20,10.61,21.07,24.43,1474.83,2/22/2023 2:20:00,,
2/22/2023,2:40,10.61,28.27,31.9,1483.69,2/22/2023 2:40:00,,
2/22/2023,3:00,10.64,23.4,26.9,1477.82,2/22/2023 3:00:00,,
2/22/2023,3:20,10.64,25.69,29.28,1480.64,2/22/2023 3:20:00,,
2/22/2023,3:40,10.61,28.63,32.27,1484.14,2/22/2023 3:40:00,,
2/22/2023,4:00,10.58,28.17,31.77,1483.45,2/22/2023 4:00:00,,
2/22/2023,4:20,10.58,22.96,26.39,1477.04,2/22/2023 4:20:00,,
2/22/2023,4:40,10.58,24.07,27.55,1478.4,2/22/2023 4:40:00,,
2/22/2023,5:00,10.58,18.7,21.89,1471.79,2/22/2023 5:00:00,,
2/22/2023,5:20,10.58,24.41,27.9,1478.82,2/22/2023 5:20:00,,
2/22/2023,5:40,10.58,28.49,32.1,1483.84,2/22/2023 5:40:00,,
2/22/2023,6:00,10.58,22.36,25.76,1476.3,2/22/2023 6:00:00,,
2/22/2023,6:20,10.58,21.76,25.13,1475.56,2/22/2023 6:20:00,,
2/22/2023,6:40,10.54,25.73,29.25,1480.33,2/22/2023 6:40:00,,
2/22/2023,7:00,10.54,27.88,31.45,1482.97,2/22/2023 7:00:00,,
2/22/2023,7:20,10.51,26.49,30,1481.14,2/22/2023 7:20:00,,
2/22/2023,7:40,10.51,25.71,29.2,1480.18,2/22/2023 7:40:00,,
2/22/2023,8:00,10.51,13.8,16.54,1465.51,2/22/2023 8:00:00,,
2/22/2023,8:20,10.51,10.16,12.46,1461.02,2/22/2023 8:20:00,,
2/22/2023,8:40,10.51,12.21,14.77,1463.55,2/22/2023 8:40:00,,
2/22/2023,9:00,10.48,28.78,32.32,1483.85,2/22/2023 9:00:00,,
2/22/2023,9:20,10.48,19.11,22.27,1471.93,2/22/2023 9:20:00,,
2/22/2023,9:40,10.48,27.68,31.2,1482.49,2/22/2023 9:40:00,,
2/22/2023,10:00,10.51,28.78,32.34,1483.97,2/22/2023 10:00:00,,
2/22/2023,10:20,10.54,28.93,32.52,1484.27,2/22/2023 10:20:00,,
2/22/2023,10:40,10.51,28.71,32.27,1483.88,2/22/2023 10:40:00,,
2/22/2023,11:00,10.54,12.34,14.93,1463.84,2/22/2023 11:00:00,,
2/22/2023,11:20,10.54,28.51,32.1,1483.76,2/22/2023 11:20:00,,
2/22/2023,11:40,10.51,29,32.57,1484.24,2/22/2023 11:40:00,,
2/22/2023,12:00,10.51,22.59,25.96,1476.34,2/22/2023 12:00:00,,
2/22/2023,12:20,10.54,28.9,32.5,1484.24,2/22/2023 12:20:00,,
2/22/2023,12:40,10.54,25.32,28.83,1479.83,2/22/2023 12:40:00,,
2/22/2023,13:00,10.58,29.25,32.87,1484.78,2/22/2023 13:00:00,,
2/22/2023,13:20,10.58,29.49,33.12,1485.08,2/22/2023 13:20:00,,
2/22/2023,13:40,10.58,28.98,32.6,1484.45,2/22/2023 13:40:00,,
2/22/2023,14:00,10.61,14.71,17.58,1467,2/22/2023 14:00:00,,
2/22/2023,14:20,10.61,17.78,20.91,1470.78,2/22/2023 14:20:00,,
2/22/2023,14:40,10.64,28.73,32.4,1484.38,2/22/2023 14:40:00,,
2/22/2023,15:00,10.64,16.91,19.99,1469.83,2/22/2023 15:00:00,,
2/22/2023,15:20,10.64,15.65,18.62,1468.28,2/22/2023 15:20:00,,
2/22/2023,15:40,10.64,11.65,14.19,1463.36,2/22/2023 15:40:00,,
2/22/2023,16:00,10.64,21.17,24.55,1475.07,2/22/2023 16:00:00,,
2/22/2023,16:20,10.64,14.39,17.24,1466.73,2/22/2023 16:20:00,,
2/22/2023,16:40,10.61,29.25,32.9,1484.9,2/22/2023 16:40:00,,
2/22/2023,17:00,10.61,29.32,32.97,1484.99,2/22/2023 17:00:00,,
2/22/2023,17:20,10.58,29.08,32.7,1484.57,2/22/2023 17:20:00,,
2/22/2023,17:40,10.58,24.82,28.33,1479.32,2/22/2023 17:40:00,,
2/22/2023,18:00,10.54,27.93,31.5,1483.03,2/22/2023 18:00:00,,
2/22/2023,18:20,10.54,29.37,32.97,1484.81,2/22/2023 18:20:00,,
2/22/2023,18:40,10.54,29.4,32.99,1484.84,2/22/2023 18:40:00,,
2/22/2023,19:00,10.51,29.27,32.84,1484.58,2/22/2023 19:00:00,,
2/22/2023,19:20,10.51,27.49,31.02,1482.37,2/22/2023 19:20:00,,
2/22/2023,19:40,10.51,29.5,33.07,1484.85,2/22/2023 19:40:00,,
2/22/2023,20:00,10.48,29.59,33.14,1484.85,2/22/2023 20:00:00,,
2/22/2023,20:20,10.45,29.79,33.31,1484.98,2/22/2023 20:20:00,,
2/22/2023,20:40,10.41,29.7,33.19,1484.74,2/22/2023 20:40:00,,
2/22/2023,21:00,10.45,29.72,33.24,1484.89,2/22/2023 21:00:00,,
2/22/2023,21:20,10.45,29.69,33.22,1484.86,2/22/2023 21:20:00,,
2/22/2023,21:40,10.41,29.7,33.19,1484.74,2/22/2023 21:40:00,,
2/22/2023,22:00,10.38,29.75,33.21,1484.69,2/22/2023 22:00:00,,
2/22/2023,22:20,10.35,29.4,32.84,1484.14,2/22/2023 22:20:00,,
2/22/2023,22:40,10.35,29.35,32.79,1484.08,2/22/2023 22:40:00,,
2/22/2023,23:00,10.35,28.32,31.74,1482.8,2/22/2023 23:00:00,,
2/22/2023,23:20,10.35,28.34,31.77,1482.83,2/22/2023 23:20:00,,
2/22/2023,23:40,10.31,28.74,32.14,1483.2,2/22/2023 23:40:00,,
2/23/2023,0:00,10.28,29.73,33.11,1484.3,2/23/2023 0:00:00,,
2/23/2023,0:20,10.28,29.08,32.46,1483.51,2/23/2023 0:20:00,,
2/23/2023,0:40,10.28,28.22,31.59,1482.44,2/23/2023 0:40:00,,
2/23/2023,1:00,10.28,27.78,31.14,1481.9,2/23/2023 1:00:00,,
2/23/2023,1:20,10.25,26.08,29.39,1479.69,2/23/2023 1:20:00,,
2/23/2023,1:40,10.25,23.02,26.24,1475.9,2/23/2023 1:40:00,,
2/23/2023,2:00,10.22,22.91,26.11,1475.65,2/23/2023 2:00:00,,
2/23/2023,2:20,10.18,21.87,25,1474.24,2/23/2023 2:20:00,,
2/23/2023,2:40,10.09,29.91,33.13,1483.81,2/23/2023 2:40:00,,
2/23/2023,3:00,10.05,31.06,34.25,1485.11,2/23/2023 3:00:00,,
2/23/2023,3:20,10.02,30.81,33.98,1484.69,2/23/2023 3:20:00,,
2/23/2023,3:40,10.02,29.79,32.96,1483.42,2/23/2023 3:40:00,,
2/23/2023,4:00,10.05,29.41,32.61,1483.08,2/23/2023 4:00:00,,
2/23/2023,4:20,10.05,21.24,24.26,1472.97,2/23/2023 4:20:00,,
2/23/2023,4:40,10.05,30.68,33.88,1484.65,2/23/2023 4:40:00,,
2/23/2023,5:00,10.05,29.69,32.88,1483.42,2/23/2023 5:00:00,,
2/23/2023,5:20,10.05,24.75,27.89,1477.31,2/23/2023 5:20:00,,
2/23/2023,5:40,10.09,30.28,33.51,1484.27,2/23/2023 5:40:00,,
2/23/2023,6:00,10.09,30.48,33.7,1484.52,2/23/2023 6:00:00,,
2/23/2023,6:20,10.12,24.83,28.02,1477.65,2/23/2023 6:20:00,,
2/23/2023,6:40,10.09,25.78,28.97,1478.71,2/23/2023 6:40:00,,
2/23/2023,7:00,10.05,21.07,24.09,1472.76,2/23/2023 7:00:00,,
2/23/2023,7:20,10.02,30.11,33.28,1483.82,2/23/2023 7:20:00,,
2/23/2023,7:40,10.02,30.73,33.9,1484.6,2/23/2023 7:40:00,,
2/23/2023,8:00,9.99,30.44,33.58,1484.11,2/23/2023 8:00:00,,
2/23/2023,8:20,9.99,30.79,33.93,1484.54,2/23/2023 8:20:00,,
2/23/2023,8:40,9.99,30.54,33.68,1484.23,2/23/2023 8:40:00,,
2/23/2023,9:00,9.92,30.92,34,1484.46,2/23/2023 9:00:00,,
2/23/2023,9:20,9.89,31.22,34.27,1484.72,2/23/2023 9:20:00,,
2/23/2023,9:40,9.85,21.52,24.44,1472.58,2/23/2023 9:40:00,,
2/23/2023,10:00,9.85,31.2,34.22,1484.57,2/23/2023 10:00:00,,
2/23/2023,10:20,9.92,29.89,32.98,1483.19,2/23/2023 10:20:00,,
2/23/2023,10:40,9.92,29.57,32.66,1482.79,2/23/2023 10:40:00,,
2/23/2023,11:00,9.89,27.13,30.19,1479.65,2/23/2023 11:00:00,,
2/23/2023,11:20,9.85,30.67,33.7,1483.91,2/23/2023 11:20:00,,
2/23/2023,11:40,9.85,29.14,32.18,1482.02,2/23/2023 11:40:00,,
2/23/2023,12:00,9.89,30.92,33.97,1484.34,2/23/2023 12:00:00,,
2/23/2023,12:20,9.92,26.88,29.96,1479.46,2/23/2023 12:20:00,,
2/23/2023,12:40,9.85,30.75,33.77,1484.01,2/23/2023 12:40:00,,
2/23/2023,13:00,9.85,16.59,19.26,1466.46,2/23/2023 13:00:00,,
2/23/2023,13:20,9.92,31.39,34.47,1485.05,2/23/2023 13:20:00,,
2/23/2023,13:40,9.95,25.8,28.89,1478.24,2/23/2023 13:40:00,,
2/23/2023,14:00,9.99,17.37,20.16,1467.94,2/23/2023 14:00:00,,
2/23/2023,14:20,10.02,28.52,31.69,1481.85,2/23/2023 14:20:00,,
2/23/2023,14:40,10.12,31.2,34.45,1485.53,2/23/2023 14:40:00,,
2/23/2023,15:00,10.05,23.21,26.31,1475.41,2/23/2023 15:00:00,,
2/23/2023,15:20,10.05,24.16,27.29,1476.59,2/23/2023 15:20:00,,
2/23/2023,15:40,10.09,28.81,32.04,1482.46,2/23/2023 15:40:00,,
2/23/2023,16:00,10.05,29.19,32.38,1482.8,2/23/2023 16:00:00,,
2/23/2023,16:20,10.05,30.93,34.13,1484.96,2/23/2023 16:20:00,,
2/23/2023,16:40,10.09,28.72,31.94,1482.34,2/23/2023 16:40:00,,
2/23/2023,17:00,10.09,31.11,34.33,1485.29,2/23/2023 17:00:00,,
2/23/2023,17:20,10.05,28.91,32.11,1482.46,2/23/2023 17:20:00,,
2/23/2023,17:40,10.05,16.67,19.44,1467.32,2/23/2023 17:40:00,,
2/23/2023,18:00,10.05,11.88,14.24,1461.4,2/23/2023 18:00:00,,
2/23/2023,18:20,10.05,29.56,32.76,1483.26,2/23/2023 18:20:00,,
2/23/2023,18:40,10.02,23.67,26.76,1475.85,2/23/2023 18:40:00,,
2/23/2023,19:00,9.99,30.26,33.4,1483.89,2/23/2023 19:00:00,,
2/23/2023,19:20,9.99,30.41,33.55,1484.08,2/23/2023 19:20:00,,
2/23/2023,19:40,9.95,22.69,25.7,1474.39,2/23/2023 19:40:00,,
2/23/2023,20:00,9.92,27.6,30.69,1480.35,2/23/2023 20:00:00,,
2/23/2023,20:20,9.92,24.13,27.16,1476.05,2/23/2023 20:20:00,,
2/23/2023,20:40,9.89,30.84,33.9,1484.25,2/23/2023 20:40:00,,
2/23/2023,21:00,9.89,31.4,34.45,1484.93,2/23/2023 21:00:00,,
2/23/2023,21:20,9.85,31.2,34.22,1484.57,2/23/2023 21:20:00,,
2/23/2023,21:40,9.85,31.22,34.25,1484.6,2/23/2023 21:40:00,,
2/23/2023,22:00,9.85,30.17,33.2,1483.29,2/23/2023 22:00:00,,
2/23/2023,22:20,9.85,31.32,34.35,1484.72,2/23/2023 22:20:00,,
2/23/2023,22:40,9.92,31.39,34.47,1485.05,2/23/2023 22:40:00,,
2/23/2023,23:00,9.89,31.25,34.3,1484.75,2/23/2023 23:00:00,,
2/23/2023,23:20,9.85,31.3,34.32,1484.69,2/23/2023 23:20:00,,
2/23/2023,23:40,9.89,31.37,34.42,1484.9,2/23/2023 23:40:00,,
2/24/2023,0:00,9.85,29.72,32.75,1482.73,2/24/2023 0:00:00,,
2/24/2023,0:20,9.89,31.07,34.12,1484.53,2/24/2023 0:20:00,,
2/24/2023,0:40,9.89,31.07,34.12,1484.53,2/24/2023 0:40:00,,
2/24/2023,1:00,9.92,31.29,34.37,1484.93,2/24/2023 1:00:00,,
2/24/2023,1:20,9.92,31.19,34.27,1484.8,2/24/2023 1:20:00,,
2/24/2023,1:40,9.92,31.27,34.35,1484.9,2/24/2023 1:40:00,,
2/24/2023,2:00,9.92,31.19,34.27,1484.8,2/24/2023 2:00:00,,
2/24/2023,2:20,9.95,31.19,34.3,1484.92,2/24/2023 2:20:00,,
2/24/2023,2:40,9.99,31.26,34.4,1485.13,2/24/2023 2:40:00,,
2/24/2023,3:00,9.99,31.14,34.27,1484.97,2/24/2023 3:00:00,,
2/24/2023,3:20,9.99,31.19,34.32,1485.04,2/24/2023 3:20:00,,
2/24/2023,3:40,9.99,31.21,34.35,1485.07,2/24/2023 3:40:00,,
2/24/2023,4:00,9.92,31.19,34.27,1484.8,2/24/2023 4:00:00,,
2/24/2023,4:20,9.89,30.89,33.95,1484.31,2/24/2023 4:20:00,,
2/24/2023,4:40,9.92,31.27,34.35,1484.9,2/24/2023 4:40:00,,
2/24/2023,5:00,9.89,30.09,33.15,1483.32,2/24/2023 5:00:00,,
2/24/2023,5:20,9.85,31.25,34.27,1484.63,2/24/2023 5:20:00,,
2/24/2023,5:40,9.85,29.17,32.21,1482.05,2/24/2023 5:40:00,,
2/24/2023,6:00,9.85,27.87,30.91,1480.45,2/24/2023 6:00:00,,
2/24/2023,6:20,9.82,31.1,34.1,1484.33,2/24/2023 6:20:00,,
2/24/2023,6:40,9.82,29.12,32.13,1481.87,2/24/2023 6:40:00,,
2/24/2023,7:00,9.79,31.08,34.05,1484.18,2/24/2023 7:00:00,,
2/24/2023,7:20,9.79,30.52,33.5,1483.49,2/24/2023 7:20:00,,
2/24/2023,7:40,9.76,31.23,34.17,1484.25,2/24/2023 7:40:00,,
2/24/2023,8:00,9.76,31.31,34.24,1484.34,2/24/2023 8:00:00,,
2/24/2023,8:20,9.76,31.28,34.22,1484.31,2/24/2023 8:20:00,,
2/24/2023,8:40,9.79,27.3,30.28,1479.5,2/24/2023 8:40:00,,
2/24/2023,9:00,9.79,31.38,34.34,1484.55,2/24/2023 9:00:00,,
2/24/2023,9:20,9.79,31.08,34.05,1484.18,2/24/2023 9:20:00,,
2/24/2023,9:40,9.79,31.05,34.02,1484.14,2/24/2023 9:40:00,,
2/24/2023,10:00,9.79,30.95,33.92,1484.02,2/24/2023 10:00:00,,
2/24/2023,10:20,9.79,31.35,34.32,1484.52,2/24/2023 10:20:00,,
2/24/2023,10:40,9.82,31.5,34.49,1484.82,2/24/2023 10:40:00,,
2/24/2023,11:00,9.85,31.2,34.22,1484.57,2/24/2023 11:00:00,,
2/24/2023,11:20,9.89,31.42,34.47,1484.96,2/24/2023 11:20:00,,
2/24/2023,11:40,9.85,28,31.03,1480.6,2/24/2023 11:40:00,,
2/24/2023,12:00,9.82,31.4,34.39,1484.7,2/24/2023 12:00:00,,
2/24/2023,12:20,9.85,31.37,34.4,1484.79,2/24/2023 12:20:00,,
2/24/2023,12:40,9.89,31.17,34.22,1484.65,2/24/2023 12:40:00,,
2/24/2023,13:00,9.92,31.14,34.22,1484.74,2/24/2023 13:00:00,,
2/24/2023,13:20,10.02,31.31,34.47,1485.31,2/24/2023 13:20:00,,
2/24/2023,13:40,10.05,31.28,34.47,1485.39,2/24/2023 13:40:00,,
2/24/2023,14:00,10.09,28.05,31.26,1481.51,2/24/2023 14:00:00,,
2/24/2023,14:20,10.12,27.82,31.06,1481.36,2/24/2023 14:20:00,,
2/24/2023,14:40,10.05,31.41,34.6,1485.55,2/24/2023 14:40:00,,
2/24/2023,15:00,10.02,24.85,27.96,1477.31,2/24/2023 15:00:00,,
2/24/2023,15:20,10.02,31.51,34.67,1485.56,2/24/2023 15:20:00,,
2/24/2023,15:40,10.02,31.46,34.62,1485.49,2/24/2023 15:40:00,,
2/24/2023,16:00,10.02,30.91,34.08,1484.81,2/24/2023 16:00:00,,
2/24/2023,16:20,10.05,31.16,34.35,1485.24,2/24/2023 16:20:00,,
2/24/2023,16:40,10.05,31.38,34.57,1485.52,2/24/2023 16:40:00,,
2/24/2023,17:00,10.15,31,34.28,1485.4,2/24/2023 17:00:00,,
2/24/2023,17:20,10.15,31.28,34.55,1485.74,2/24/2023 17:20:00,,
2/24/2023,17:40,10.15,20.6,23.66,1472.55,2/24/2023 17:40:00,,
2/24/2023,18:00,10.15,31.05,34.33,1485.46,2/24/2023 18:00:00,,
2/24/2023,18:20,10.15,26.23,29.47,1479.5,2/24/2023 18:20:00,,
2/24/2023,18:40,10.15,31.13,34.4,1485.56,2/24/2023 18:40:00,,
2/24/2023,19:00,10.15,29.98,33.26,1484.14,2/24/2023 19:00:00,,
2/24/2023,19:20,10.12,31.15,34.4,1485.47,2/24/2023 19:20:00,,
2/24/2023,19:40,10.09,15.23,17.91,1465.67,2/24/2023 19:40:00,,
2/24/2023,20:00,10.09,31.31,34.53,1485.54,2/24/2023 20:00:00,,
2/24/2023,20:20,10.12,19.17,22.13,1470.66,2/24/2023 20:20:00,,
2/24/2023,20:40,10.12,19.97,22.97,1471.64,2/24/2023 20:40:00,,
2/24/2023,21:00,10.12,25.37,28.57,1478.32,2/24/2023 21:00:00,,
2/24/2023,21:20,10.09,30.93,34.15,1485.08,2/24/2023 21:20:00,,
2/24/2023,21:40,10.09,19.82,22.79,1471.33,2/24/2023 21:40:00,,
2/24/2023,22:00,10.09,31.01,34.23,1485.17,2/24/2023 22:00:00,,
2/24/2023,22:20,10.09,26.76,29.97,1479.92,2/24/2023 22:20:00,,
2/24/2023,22:40,10.09,27.87,31.09,1481.3,2/24/2023 22:40:00,,
2/24/2023,23:00,10.09,29.34,32.56,1483.1,2/24/2023 23:00:00,,
2/24/2023,23:20,10.05,29.64,32.83,1483.36,2/24/2023 23:20:00,,
2/24/2023,23:40,10.05,27.11,30.29,1480.23,2/24/2023 23:40:00,,
2/25/2023,0:00,10.05,30.78,33.98,1484.77,2/25/2023 0:00:00,,
2/25/2023,0:20,10.05,30.38,33.58,1484.28,2/25/2023 0:20:00,,
2/25/2023,0:40,10.09,25.19,28.37,1477.98,2/25/2023 0:40:00,,
2/25/2023,1:00,10.05,30.26,33.45,1484.13,2/25/2023 1:00:00,,
2/25/2023,1:20,10.05,29.93,33.13,1483.72,2/25/2023 1:20:00,,
2/25/2023,1:40,10.05,29.64,32.83,1483.36,2/25/2023 1:40:00,,
2/25/2023,2:00,10.05,29.21,32.41,1482.83,2/25/2023 2:00:00,,
2/25/2023,2:20,10.05,26.69,29.87,1479.71,2/25/2023 2:20:00,,
2/25/2023,2:40,10.05,30.61,33.8,1484.56,2/25/2023 2:40:00,,
2/25/2023,3:00,10.02,30.01,33.18,1483.7,2/25/2023 3:00:00,,
2/25/2023,3:20,10.02,23.01,26.08,1475.04,2/25/2023 3:20:00,,
2/25/2023,3:40,10.02,26.32,29.46,1479.13,2/25/2023 3:40:00,,
2/25/2023,4:00,10.02,31.19,34.35,1485.15,2/25/2023 4:00:00,,
2/25/2023,4:20,10.02,30.53,33.7,1484.35,2/25/2023 4:20:00,,
2/25/2023,4:40,10.02,30.26,33.43,1484.01,2/25/2023 4:40:00,,
2/25/2023,5:00,9.99,27.16,30.29,1480.05,2/25/2023 5:00:00,,
2/25/2023,5:20,9.99,27.55,30.69,1480.54,2/25/2023 5:20:00,,
2/25/2023,5:40,9.99,27.35,30.49,1480.29,2/25/2023 5:40:00,,
2/25/2023,6:00,10.02,23.65,26.73,1475.82,2/25/2023 6:00:00,,
2/25/2023,6:20,9.99,27.55,30.69,1480.54,2/25/2023 6:20:00,,
2/25/2023,6:40,9.99,19.43,22.33,1470.49,2/25/2023 6:40:00,,
2/25/2023,7:00,9.95,24.74,27.81,1476.94,2/25/2023 7:00:00,,
2/25/2023,7:20,9.92,29.89,32.98,1483.19,2/25/2023 7:20:00,,
2/25/2023,7:40,9.92,29.22,32.31,1482.35,2/25/2023 7:40:00,,
2/25/2023,8:00,9.95,30.94,34.05,1484.61,2/25/2023 8:00:00,,
2/25/2023,8:20,9.99,30.21,33.35,1483.83,2/25/2023 8:20:00,,
2/25/2023,8:40,9.99,27.16,30.29,1480.05,2/25/2023 8:40:00,,
2/25/2023,9:00,9.99,26.42,29.54,1479.13,2/25/2023 9:00:00,,
2/25/2023,9:20,10.02,19.08,21.98,1470.17,2/25/2023 9:20:00,,
2/25/2023,9:40,10.02,20.77,23.76,1472.27,2/25/2023 9:40:00,,
2/25/2023,10:00,10.05,16.21,18.95,1466.75,2/25/2023 10:00:00,,
2/25/2023,10:20,10.05,30.83,34.03,1484.84,2/25/2023 10:20:00,,
2/25/2023,10:40,10.12,29.14,32.39,1482.98,2/25/2023 10:40:00,,
2/25/2023,11:00,10.12,25,28.19,1477.86,2/25/2023 11:00:00,,
2/25/2023,11:20,10.12,28.32,31.56,1481.97,2/25/2023 11:20:00,,
2/25/2023,11:40,10.12,31.15,34.4,1485.47,2/25/2023 11:40:00,,
2/25/2023,12:00,10.15,25.86,29.09,1479.05,2/25/2023 12:00:00,,
2/25/2023,12:20,10.22,30.17,33.51,1484.62,2/25/2023 12:20:00,,
2/25/2023,12:40,10.25,30.37,33.73,1484.98,2/25/2023 12:40:00,,
2/25/2023,13:00,10.22,28.24,31.57,1482.24,2/25/2023 13:00:00,,
2/25/2023,13:20,10.22,30.97,34.3,1485.6,2/25/2023 13:20:00,,
2/25/2023,13:40,10.25,24.77,28.04,1478.06,2/25/2023 13:40:00,,
2/25/2023,14:00,10.31,29.06,32.47,1483.6,2/25/2023 14:00:00,,
2/25/2023,14:20,10.35,23,26.29,1476.25,2/25/2023 14:20:00,,
2/25/2023,14:40,10.35,30.56,34.01,1485.58,2/25/2023 14:40:00,,
2/25/2023,15:00,10.31,30.67,34.08,1485.58,2/25/2023 15:00:00,,
2/25/2023,15:20,10.28,31.31,34.7,1486.27,2/25/2023 15:20:00,,
2/25/2023,15:40,10.22,31.34,34.68,1486.07,2/25/2023 15:40:00,,
2/25/2023,16:00,10.18,31.37,34.68,1485.98,2/25/2023 16:00:00,,
2/25/2023,16:20,10.12,31.45,34.7,1485.84,2/25/2023 16:20:00,,
2/25/2023,16:40,10.12,29.93,33.18,1483.96,2/25/2023 16:40:00,,
2/25/2023,17:00,10.09,27.6,30.81,1480.96,2/25/2023 17:00:00,,
2/25/2023,17:20,10.05,31.46,34.65,1485.61,2/25/2023 17:20:00,,
2/25/2023,17:40,10.02,31.11,34.28,1485.06,2/25/2023 17:40:00,,
2/25/2023,18:00,10.02,31.29,34.45,1485.28,2/25/2023 18:00:00,,
2/25/2023,18:20,10.05,31.43,34.62,1485.58,2/25/2023 18:20:00,,
2/25/2023,18:40,10.05,29.69,32.88,1483.42,2/25/2023 18:40:00,,
2/25/2023,19:00,10.05,30.78,33.98,1484.77,2/25/2023 19:00:00,,
2/25/2023,19:20,10.09,29.78,33.01,1483.66,2/25/2023 19:20:00,,
2/25/2023,19:40,10.09,31.41,34.62,1485.66,2/25/2023 19:40:00,,
2/25/2023,20:00,10.12,28.05,31.29,1481.63,2/25/2023 20:00:00,,
2/25/2023,20:20,10.09,31.38,34.6,1485.63,2/25/2023 20:20:00,,
2/25/2023,20:40,10.05,30.36,33.55,1484.25,2/25/2023 20:40:00,,
2/25/2023,21:00,10.05,23.58,26.68,1475.86,2/25/2023 21:00:00,,
2/25/2023,21:20,10.05,25.51,28.67,1478.25,2/25/2023 21:20:00,,
2/25/2023,21:40,10.09,31.08,34.3,1485.26,2/25/2023 21:40:00,,
2/25/2023,22:00,10.12,26.15,29.37,1479.29,2/25/2023 22:00:00,,
2/25/2023,22:20,10.12,31.18,34.43,1485.5,2/25/2023 22:20:00,,
2/25/2023,22:40,10.12,31.23,34.48,1485.56,2/25/2023 22:40:00,,
2/25/2023,23:00,10.12,31.3,34.55,1485.66,2/25/2023 23:00:00,,
2/25/2023,23:20,10.12,31.28,34.53,1485.63,2/25/2023 23:20:00,,
2/25/2023,23:40,10.09,28.22,31.44,1481.73,2/25/2023 23:40:00,,
2/26/2023,0:00,10.09,31.31,34.53,1485.54,2/26/2023 0:00:00,,
2/26/2023,0:20,10.09,28.84,32.06,1482.49,2/26/2023 0:20:00,,
2/26/2023,0:40,10.12,31.33,34.58,1485.69,2/26/2023 0:40:00,,
2/26/2023,1:00,10.12,31.28,34.53,1485.63,2/26/2023 1:00:00,,
2/26/2023,1:20,10.09,25.12,28.29,1477.89,2/26/2023 1:20:00,,
2/26/2023,1:40,10.09,23.53,26.66,1475.93,2/26/2023 1:40:00,,
2/26/2023,2:00,10.09,27.55,30.76,1480.9,2/26/2023 2:00:00,,
2/26/2023,2:20,10.05,27.85,31.04,1481.15,2/26/2023 2:20:00,,
2/26/2023,2:40,10.05,31.41,34.6,1485.55,2/26/2023 2:40:00,,
2/26/2023,3:00,10.02,27.58,30.74,1480.69,2/26/2023 3:00:00,,
2/26/2023,3:20,10.02,28.54,31.71,1481.88,2/26/2023 3:20:00,,
2/26/2023,3:40,10.02,28.67,31.84,1482.04,2/26/2023 3:40:00,,
2/26/2023,4:00,10.02,29.06,32.23,1482.53,2/26/2023 4:00:00,,
2/26/2023,4:20,10.02,29.16,32.33,1482.65,2/26/2023 4:20:00,,
2/26/2023,4:40,9.99,31.46,34.6,1485.38,2/26/2023 4:40:00,,
2/26/2023,5:00,9.99,31.46,34.6,1485.38,2/26/2023 5:00:00,,
2/26/2023,5:20,9.99,31.41,34.55,1485.32,2/26/2023 5:20:00,,
2/26/2023,5:40,9.99,31.41,34.55,1485.32,2/26/2023 5:40:00,,
2/26/2023,6:00,9.99,30.61,33.75,1484.32,2/26/2023 6:00:00,,
2/26/2023,6:20,9.99,30.11,33.25,1483.7,2/26/2023 6:20:00,,
2/26/2023,6:40,9.99,31.39,34.52,1485.28,2/26/2023 6:40:00,,
2/26/2023,7:00,9.99,31.21,34.35,1485.07,2/26/2023 7:00:00,,
2/26/2023,7:20,9.99,31.04,34.17,1484.85,2/26/2023 7:20:00,,
2/26/2023,7:40,10.02,30.81,33.98,1484.69,2/26/2023 7:40:00,,
2/26/2023,8:00,10.02,31.09,34.25,1485.03,2/26/2023 8:00:00,,
2/26/2023,8:20,10.02,24.06,27.16,1476.34,2/26/2023 8:20:00,,
2/26/2023,8:40,10.05,25.98,29.14,1478.83,2/26/2023 8:40:00,,
2/26/2023,9:00,10.09,23.8,26.94,1476.26,2/26/2023 9:00:00,,
2/26/2023,9:20,10.09,19.19,22.13,1470.56,2/26/2023 9:20:00,,
2/26/2023,9:40,10.12,31.25,34.5,1485.59,2/26/2023 9:40:00,,
2/26/2023,10:00,10.12,25.34,28.54,1478.29,2/26/2023 10:00:00,,
2/26/2023,10:20,10.05,19.23,22.16,1470.48,2/26/2023 10:20:00,,
2/26/2023,10:40,10.05,25.66,28.82,1478.43,2/26/2023 10:40:00,,
2/26/2023,11:00,10.09,24.34,27.49,1476.92,2/26/2023 11:00:00,,
2/26/2023,11:20,10.15,21.01,24.09,1473.06,2/26/2023 11:20:00,,
2/26/2023,11:40,10.18,28.22,31.52,1482.09,2/26/2023 11:40:00,,
2/26/2023,12:00,10.22,31.1,34.43,1485.76,2/26/2023 12:00:00,,
2/26/2023,12:20,10.22,30.97,34.3,1485.6,2/26/2023 12:20:00,,
2/26/2023,12:40,10.25,30.97,34.33,1485.72,2/26/2023 12:40:00,,
2/26/2023,13:00,10.22,31.39,34.73,1486.13,2/26/2023 13:00:00,,
2/26/2023,13:20,10.22,30.45,33.78,1484.96,2/26/2023 13:20:00,,
2/26/2023,13:40,10.18,31.17,34.48,1485.73,2/26/2023 13:40:00,,
2/26/2023,14:00,10.18,31.35,34.65,1485.95,2/26/2023 14:00:00,,
2/26/2023,14:20,10.15,31.35,34.63,1485.83,2/26/2023 14:20:00,,
2/26/2023,14:40,10.12,30.25,33.51,1484.36,2/26/2023 14:40:00,,
2/26/2023,15:00,10.09,30.31,33.53,1484.3,2/26/2023 15:00:00,,
2/26/2023,15:20,10.09,29.56,32.78,1483.38,2/26/2023 15:20:00,,
2/26/2023,15:40,10.09,31.26,34.48,1485.48,2/26/2023 15:40:00,,
2/26/2023,16:00,10.05,31.11,34.3,1485.18,2/26/2023 16:00:00,,
2/26/2023,16:20,10.05,31.21,34.4,1485.3,2/26/2023 16:20:00,,
2/26/2023,16:40,10.05,31.23,34.43,1485.33,2/26/2023 16:40:00,,
2/26/2023,17:00,10.05,30.23,33.43,1484.09,2/26/2023 17:00:00,,
2/26/2023,17:20,10.05,31.31,34.5,1485.42,2/26/2023 17:20:00,,
2/26/2023,17:40,10.05,31.18,34.38,1485.27,2/26/2023 17:40:00,,
2/26/2023,18:00,10.05,31.23,34.43,1485.33,2/26/2023 18:00:00,,
2/26/2023,18:20,10.02,30.93,34.1,1484.84,2/26/2023 18:20:00,,
2/26/2023,18:40,10.02,24.11,27.21,1476.4,2/26/2023 18:40:00,,
2/26/2023,19:00,10.02,31.21,34.37,1485.18,2/26/2023 19:00:00,,
2/26/2023,19:20,10.02,29.96,33.13,1483.64,2/26/2023 19:20:00,,
2/26/2023,19:40,9.99,28.05,31.19,1481.15,2/26/2023 19:40:00,,
2/26/2023,20:00,9.99,25.65,28.76,1478.19,2/26/2023 20:00:00,,
2/26/2023,20:20,9.95,28.84,31.96,1482.01,2/26/2023 20:20:00,,
2/26/2023,20:40,9.95,28.07,31.19,1481.06,2/26/2023 20:40:00,,
2/26/2023,21:00,9.95,27.5,30.61,1480.35,2/26/2023 21:00:00,,
2/26/2023,21:20,9.95,26.56,29.66,1479.19,2/26/2023 21:20:00,,
2/26/2023,21:40,9.95,23.39,26.43,1475.27,2/26/2023 21:40:00,,
2/26/2023,22:00,9.92,24.64,27.69,1476.69,2/26/2023 22:00:00,,
2/26/2023,22:20,9.92,28.52,31.61,1481.49,2/26/2023 22:20:00,,
2/26/2023,22:40,9.92,29.64,32.73,1482.88,2/26/2023 22:40:00,,
2/26/2023,23:00,9.92,31.29,34.37,1484.93,2/26/2023 23:00:00,,
2/26/2023,23:20,9.89,31.37,34.42,1484.9,2/26/2023 23:20:00,,
2/26/2023,23:40,9.89,31.02,34.07,1484.47,2/26/2023 23:40:00,,
2/27/2023,0:00,9.92,31.34,34.42,1484.99,2/27/2023 0:00:00,,
2/27/2023,0:20,9.92,31.17,34.25,1484.77,2/27/2023 0:20:00,,
2/27/2023,0:40,9.89,31.2,34.25,1484.68,2/27/2023 0:40:00,,
2/27/2023,1:00,9.89,31.35,34.4,1484.87,2/27/2023 1:00:00,,
2/27/2023,1:20,9.85,31.3,34.32,1484.69,2/27/2023 1:20:00,,
2/27/2023,1:40,9.82,31.18,34.17,1484.42,2/27/2023 1:40:00,,
2/27/2023,2:00,9.82,31.2,34.2,1484.45,2/27/2023 2:00:00,,
2/27/2023,2:20,9.82,31.25,34.25,1484.51,2/27/2023 2:20:00,,
2/27/2023,2:40,9.82,31.23,34.22,1484.48,2/27/2023 2:40:00,,
2/27/2023,3:00,9.85,31.25,34.27,1484.63,2/27/2023 3:00:00,,
2/27/2023,3:20,9.85,31.27,34.3,1484.66,2/27/2023 3:20:00,,
2/27/2023,3:40,9.85,31.3,34.32,1484.69,2/27/2023 3:40:00,,
2/27/2023,4:00,9.85,31.32,34.35,1484.72,2/27/2023 4:00:00,,
2/27/2023,4:20,9.85,31.32,34.35,1484.72,2/27/2023 4:20:00,,
2/27/2023,4:40,9.85,31.3,34.32,1484.69,2/27/2023 4:40:00,,
2/27/2023,5:00,9.89,31.35,34.4,1484.87,2/27/2023 5:00:00,,
2/27/2023,5:20,9.89,31.42,34.47,1484.96,2/27/2023 5:20:00,,
2/27/2023,5:40,9.92,31.39,34.47,1485.05,2/27/2023 5:40:00,,
2/27/2023,6:00,9.92,31.29,34.37,1484.93,2/27/2023 6:00:00,,
2/27/2023,6:20,9.92,31.42,34.5,1485.08,2/27/2023 6:20:00,,
2/27/2023,6:40,9.92,31.09,34.17,1484.68,2/27/2023 6:40:00,,
2/27/2023,7:00,9.92,30.39,33.48,1483.81,2/27/2023 7:00:00,,
2/27/2023,7:20,9.92,29.29,32.38,1482.45,2/27/2023 7:20:00,,
2/27/2023,7:40,9.92,31.19,34.27,1484.8,2/27/2023 7:40:00,,
2/27/2023,8:00,9.89,22.46,25.42,1473.86,2/27/2023 8:00:00,,
2/27/2023,8:20,9.89,29.52,32.58,1482.61,2/27/2023 8:20:00,,
2/27/2023,8:40,9.89,20.16,23.04,1471.02,2/27/2023 8:40:00,,
2/27/2023,9:00,9.85,28.99,32.03,1481.84,2/27/2023 9:00:00,,
2/27/2023,9:20,9.82,18.96,21.74,1469.28,2/27/2023 9:20:00,,
2/27/2023,9:40,9.82,31.28,34.27,1484.54,2/27/2023 9:40:00,,
2/27/2023,10:00,9.82,25.77,28.76,1477.72,2/27/2023 10:00:00,,
2/27/2023,10:20,9.82,29.84,32.85,1482.77,2/27/2023 10:20:00,,
2/27/2023,10:40,9.82,31.23,34.22,1484.48,2/27/2023 10:40:00,,
2/27/2023,11:00,9.82,28.45,31.46,1481.04,2/27/2023 11:00:00,,
2/27/2023,11:20,9.79,30.55,33.52,1483.52,2/27/2023 11:20:00,,
2/27/2023,11:40,9.82,27.5,30.51,1479.86,2/27/2023 11:40:00,,
2/27/2023,12:00,9.82,26.98,29.99,1479.22,2/27/2023 12:00:00,,
2/27/2023,12:20,9.85,28.84,31.88,1481.65,2/27/2023 12:20:00,,
2/27/2023,12:40,9.85,24.78,27.78,1476.62,2/27/2023 12:40:00,,
2/27/2023,13:00,9.82,30.75,33.75,1483.89,2/27/2023 13:00:00,,
2/27/2023,13:20,9.85,31.27,34.3,1484.66,2/27/2023 13:20:00,,
2/27/2023,13:40,9.89,27.72,30.79,1480.39,2/27/2023 13:40:00,,
2/27/2023,14:00,9.92,24.74,27.79,1476.81,2/27/2023 14:00:00,,
2/27/2023,14:20,9.92,25.16,28.21,1477.33,2/27/2023 14:20:00,,
2/27/2023,14:40,9.95,21.78,24.77,1473.27,2/27/2023 14:40:00,,
2/27/2023,15:00,9.92,31.34,34.42,1484.99,2/27/2023 15:00:00,,
2/27/2023,15:20,9.92,23.76,26.78,1475.59,2/27/2023 15:20:00,,
2/27/2023,15:40,9.89,29.34,32.41,1482.39,2/27/2023 15:40:00,,
2/27/2023,16:00,9.92,27.11,30.19,1479.74,2/27/2023 16:00:00,,
2/27/2023,16:20,9.92,23.56,26.58,1475.35,2/27/2023 16:20:00,,
2/27/2023,16:40,9.92,24.96,28.01,1477.08,2/27/2023 16:40:00,,
2/27/2023,17:00,9.92,27.75,30.84,1480.54,2/27/2023 17:00:00,,
2/27/2023,17:20,9.92,27.58,30.66,1480.32,2/27/2023 17:20:00,,
2/27/2023,17:40,9.92,27.7,30.79,1480.48,2/27/2023 17:40:00,,
2/27/2023,18:00,9.92,24.67,27.71,1476.72,2/27/2023 18:00:00,,
2/27/2023,18:20,9.92,25.3,28.36,1477.51,2/27/2023 18:20:00,,
2/27/2023,18:40,9.92,25.28,28.34,1477.48,2/27/2023 18:40:00,,
2/27/2023,19:00,9.92,20.07,22.97,1471.03,2/27/2023 19:00:00,,
2/27/2023,19:20,9.92,24,27.03,1475.9,2/27/2023 19:20:00,,
2/27/2023,19:40,9.92,22.39,25.37,1473.9,2/27/2023 19:40:00,,
2/27/2023,20:00,9.92,29.27,32.36,1482.42,2/27/2023 20:00:00,,
2/27/2023,20:20,9.92,18.47,21.29,1469.05,2/27/2023 20:20:00,,
2/27/2023,20:40,9.92,29.52,32.61,1482.72,2/27/2023 20:40:00,,
2/27/2023,21:00,9.89,30.62,33.67,1483.97,2/27/2023 21:00:00,,
2/27/2023,21:20,9.89,30.07,33.13,1483.29,2/27/2023 21:20:00,,
2/27/2023,21:40,9.89,30.77,33.82,1484.16,2/27/2023 21:40:00,,
2/27/2023,22:00,9.89,22.46,25.42,1473.86,2/27/2023 22:00:00,,
2/27/2023,22:20,9.85,22.79,25.75,1474.16,2/27/2023 22:20:00,,
2/27/2023,22:40,9.85,26.86,29.89,1479.19,2/27/2023 22:40:00,,
2/27/2023,23:00,9.85,15.3,17.88,1464.87,2/27/2023 23:00:00,,
2/27/2023,23:20,9.82,13.57,16,1462.6,2/27/2023 23:20:00,,
2/27/2023,23:40,9.85,12.93,15.32,1461.94,2/27/2023 23:40:00,,
2/28/2023,0:00,9.82,12.49,14.82,1461.26,2/28/2023 0:00:00,,
2/28/2023,0:20,9.82,18.06,20.8,1468.16,2/28/2023 0:20:00,,
2/28/2023,0:40,9.85,12.26,14.58,1461.1,2/28/2023 0:40:00,,
2/28/2023,1:00,9.85,12.04,14.34,1460.83,2/28/2023 1:00:00,,
2/28/2023,1:20,9.85,9.76,11.81,1458.01,2/28/2023 1:20:00,,
2/28/2023,1:40,9.85,14.17,16.66,1463.47,2/28/2023 1:40:00,,
2/28/2023,2:00,9.85,11.8,14.08,1460.54,2/28/2023 2:00:00,,
2/28/2023,2:20,9.85,9.36,11.36,1457.51,2/28/2023 2:20:00,,
2/28/2023,2:40,9.85,8.78,10.71,1456.8,2/28/2023 2:40:00,,
2/28/2023,3:00,9.85,8.59,10.5,1456.56,2/28/2023 3:00:00,,
2/28/2023,3:20,9.85,8.52,10.42,1456.47,2/28/2023 3:20:00,,
2/28/2023,3:40,9.85,8.43,10.31,1456.36,2/28/2023 3:40:00,,
2/28/2023,4:00,9.85,8.31,10.18,1456.21,2/28/2023 4:00:00,,
2/28/2023,4:20,9.85,8.21,10.07,1456.09,2/28/2023 4:20:00,,
2/28/2023,4:40,9.85,8.19,10.04,1456.06,2/28/2023 4:40:00,,
2/28/2023,5:00,9.85,7.95,9.77,1455.77,2/28/2023 5:00:00,,
2/28/2023,5:20,9.85,7.93,9.74,1455.74,2/28/2023 5:20:00,,
2/28/2023,5:40,9.89,7.88,9.69,1455.8,2/28/2023 5:40:00,,
2/28/2023,6:00,9.89,7.85,9.66,1455.77,2/28/2023 6:00:00,,
2/28/2023,6:20,9.89,7.85,9.66,1455.77,2/28/2023 6:20:00,,
2/28/2023,6:40,9.89,7.83,9.64,1455.74,2/28/2023 6:40:00,,
2/28/2023,7:00,9.89,7.83,9.64,1455.74,2/28/2023 7:00:00,,
2/28/2023,7:20,9.89,7.81,9.61,1455.71,2/28/2023 7:20:00,,
2/28/2023,7:40,9.89,7.69,9.48,1455.57,2/28/2023 7:40:00,,
2/28/2023,8:00,9.89,7.62,9.39,1455.48,2/28/2023 8:00:00,,
2/28/2023,8:20,9.89,7.62,9.39,1455.48,2/28/2023 8:20:00,,
2/28/2023,8:40,9.89,7.57,9.34,1455.42,2/28/2023 8:40:00,,
2/28/2023,9:00,9.89,8.75,10.69,1456.89,2/28/2023 9:00:00,,
2/28/2023,9:20,9.89,7.5,9.26,1455.33,2/28/2023 9:20:00,,
2/28/2023,9:40,9.92,7.66,9.45,1455.66,2/28/2023 9:40:00,,
2/28/2023,10:00,9.92,7.85,9.66,1455.89,2/28/2023 10:00:00,,
2/28/2023,10:20,9.92,8.84,10.8,1457.12,2/28/2023 10:20:00,,
2/28/2023,10:40,9.95,8.29,10.18,1456.57,2/28/2023 10:40:00,,
2/28/2023,11:00,9.95,11.27,13.52,1460.25,2/28/2023 11:00:00,,
2/28/2023,11:20,9.99,9.39,11.44,1458.06,2/28/2023 11:20:00,,
2/28/2023,11:40,9.99,8.73,10.69,1457.24,2/28/2023 11:40:00,,
2/28/2023,12:00,10.02,8.72,10.69,1457.36,2/28/2023 12:00:00,,
2/28/2023,12:20,10.02,8.51,10.45,1457.1,2/28/2023 12:20:00,,
2/28/2023,12:40,10.05,8.5,10.45,1457.21,2/28/2023 12:40:00,,
2/28/2023,13:00,10.05,8.71,10.69,1457.48,2/28/2023 13:00:00,,
2/28/2023,13:20,10.09,8.68,10.66,1457.57,2/28/2023 13:20:00,,
2/28/2023,13:40,10.09,8.99,11.01,1457.95,2/28/2023 13:40:00,,
2/28/2023,14:00,10.12,8.84,10.85,1457.89,2/28/2023 14:00:00,,
2/28/2023,14:20,10.12,9.05,11.09,1458.15,2/28/2023 14:20:00,,
2/28/2023,14:40,10.12,9.2,11.25,1458.33,2/28/2023 14:40:00,,
2/28/2023,15:00,10.12,9.17,11.23,1458.3,2/28/2023 15:00:00,,
2/28/2023,15:20,10.12,9.13,11.17,1458.24,2/28/2023 15:20:00,,
2/28/2023,15:40,10.12,9.67,11.79,1458.91,2/28/2023 15:40:00,,
2/28/2023,16:00,10.12,9.96,12.11,1459.26,2/28/2023 16:00:00,,
2/28/2023,16:20,10.12,8.77,10.77,1457.8,2/28/2023 16:20:00,,
2/28/2023,16:40,10.12,31.05,34.3,1485.35,2/28/2023 16:40:00,,
2/28/2023,17:00,10.09,19.31,22.26,1470.7,2/28/2023 17:00:00,,
2/28/2023,17:20,10.09,9.92,12.06,1459.09,2/28/2023 17:20:00,,
2/28/2023,17:40,10.09,11.08,13.36,1460.53,2/28/2023 17:40:00,,
2/28/2023,18:00,10.05,11.67,14,1461.13,2/28/2023 18:00:00,,
2/28/2023,18:20,10.05,10.62,12.83,1459.83,2/28/2023 18:20:00,,
2/28/2023,18:40,10.05,10.64,12.86,1459.86,2/28/2023 18:40:00,,
2/28/2023,19:00,10.05,10.14,12.3,1459.24,2/28/2023 19:00:00,,
2/28/2023,19:20,10.02,9.96,12.08,1458.89,2/28/2023 19:20:00,,
2/28/2023,19:40,10.02,9.17,11.2,1457.92,2/28/2023 19:40:00,,
2/28/2023,20:00,10.02,9.6,11.68,1458.45,2/28/2023 20:00:00,,
2/28/2023,20:20,10.02,14.68,17.29,1464.73,2/28/2023 20:20:00,,
2/28/2023,20:40,10.05,13.47,15.98,1463.36,2/28/2023 20:40:00,,
2/28/2023,21:00,10.05,18.67,21.57,1469.79,2/28/2023 21:00:00,,
2/28/2023,21:20,10.05,29.96,33.16,1483.76,2/28/2023 21:20:00,,
2/28/2023,21:40,10.02,13.29,15.77,1463.01,2/28/2023 21:40:00,,
2/28/2023,22:00,10.02,10.89,13.12,1460.04,2/28/2023 22:00:00,,
2/28/2023,22:20,9.99,10.16,12.3,1459.01,2/28/2023 22:20:00,,
2/28/2023,22:40,9.99,13.97,16.5,1463.73,2/28/2023 22:40:00,,
2/28/2023,23:00,9.99,14.16,16.71,1463.97,2/28/2023 23:00:00,,
2/28/2023,23:20,9.99,12.72,15.14,1462.18,2/28/2023 23:20:00,,
2/28/2023,23:40,9.95,14.54,17.1,1464.3,2/28/2023 23:40:00,,
3/1/2023,0:00,9.95,14.01,16.53,1463.65,3/1/2023 0:00:00,,
3/1/2023,0:20,9.95,27.4,30.51,1480.23,3/1/2023 0:20:00,,
3/1/2023,0:40,9.92,13.54,16,1462.94,3/1/2023 0:40:00,,
3/1/2023,1:00,9.92,12.45,14.82,1461.6,3/1/2023 1:00:00,,
3/1/2023,1:20,9.89,31.17,34.22,1484.65,3/1/2023 1:20:00,,
3/1/2023,1:40,9.85,15.91,18.53,1465.62,3/1/2023 1:40:00,,
3/1/2023,2:00,9.85,16.93,19.62,1466.89,3/1/2023 2:00:00,,
3/1/2023,2:20,9.85,13.32,15.74,1462.42,3/1/2023 2:20:00,,
3/1/2023,2:40,9.85,12.14,14.45,1460.95,3/1/2023 2:40:00,,
3/1/2023,3:00,9.85,11.63,13.89,1460.33,3/1/2023 3:00:00,,
3/1/2023,3:20,9.82,10.08,12.16,1458.28,3/1/2023 3:20:00,,
3/1/2023,3:40,9.79,10.62,12.75,1458.81,3/1/2023 3:40:00,,
3/1/2023,4:00,9.79,10.93,13.09,1459.2,3/1/2023 4:00:00,,
3/1/2023,4:20,9.79,10.02,12.08,1458.07,3/1/2023 4:20:00,,
3/1/2023,4:40,9.76,8.97,10.9,1456.65,3/1/2023 4:40:00,,
3/1/2023,5:00,9.72,8.12,9.93,1455.46,3/1/2023 5:00:00,,
3/1/2023,5:20,9.72,8.08,9.88,1455.41,3/1/2023 5:20:00,,
3/1/2023,5:40,9.72,7.2,8.88,1454.32,3/1/2023 5:40:00,,
3/1/2023,6:00,9.69,7.26,8.93,1454.26,3/1/2023 6:00:00,,
3/1/2023,6:20,9.69,6.97,8.61,1453.91,3/1/2023 6:20:00,,
3/1/2023,6:40,9.69,6.97,8.61,1453.91,3/1/2023 6:40:00,,
3/1/2023,7:00,9.66,6.84,8.45,1453.61,3/1/2023 7:00:00,,
3/1/2023,7:20,9.66,6.81,8.42,1453.58,3/1/2023 7:20:00,,
3/1/2023,7:40,9.66,7.07,8.72,1453.9,3/1/2023 7:40:00,,
3/1/2023,8:00,9.66,6.88,8.5,1453.67,3/1/2023 8:00:00,,
3/1/2023,8:20,9.66,6.84,8.45,1453.61,3/1/2023 8:20:00,,
3/1/2023,8:40,9.66,6.81,8.42,1453.58,3/1/2023 8:40:00,,
3/1/2023,9:00,9.66,7.36,9.04,1454.25,3/1/2023 9:00:00,,
3/1/2023,9:20,9.66,7.4,9.1,1454.31,3/1/2023 9:20:00,,
3/1/2023,9:40,9.69,11.35,13.52,1459.33,3/1/2023 9:40:00,,
3/1/2023,10:00,9.69,10.05,12.08,1457.72,3/1/2023 10:00:00,,
3/1/2023,10:20,9.69,12.29,14.55,1460.5,3/1/2023 10:20:00,,
3/1/2023,10:40,9.72,9.25,11.2,1456.85,3/1/2023 10:40:00,,
3/1/2023,11:00,9.76,8.9,10.82,1456.56,3/1/2023 11:00:00,,
3/1/2023,11:20,9.76,9.09,11.04,1456.8,3/1/2023 11:20:00,,
3/1/2023,11:40,9.79,9.49,11.49,1457.42,3/1/2023 11:40:00,,
3/1/2023,12:00,9.82,9.82,11.87,1457.95,3/1/2023 12:00:00,,
3/1/2023,12:20,9.82,9.63,11.65,1457.71,3/1/2023 12:20:00,,
3/1/2023,12:40,9.85,9.14,11.12,1457.24,3/1/2023 12:40:00,,
3/1/2023,13:00,9.85,10,12.08,1458.3,3/1/2023 13:00:00,,
3/1/2023,13:20,9.92,10.29,12.43,1458.92,3/1/2023 13:20:00,,
3/1/2023,13:40,9.89,10.5,12.64,1459.04,3/1/2023 13:40:00,,
3/1/2023,14:00,9.89,9.3,11.31,1457.56,3/1/2023 14:00:00,,
3/1/2023,14:20,9.92,9.03,11.01,1457.36,3/1/2023 14:20:00,,
3/1/2023,14:40,9.92,8.22,10.1,1456.36,3/1/2023 14:40:00,,
3/1/2023,15:00,9.95,8.22,10.1,1456.48,3/1/2023 15:00:00,,
3/1/2023,15:20,9.95,9.05,11.04,1457.51,3/1/2023 15:20:00,,
3/1/2023,15:40,9.95,9.43,11.47,1457.98,3/1/2023 15:40:00,,
3/1/2023,16:00,9.95,8.76,10.71,1457.15,3/1/2023 16:00:00,,
3/1/2023,16:20,9.95,7.82,9.64,1455.98,3/1/2023 16:20:00,,
3/1/2023,16:40,9.95,9.24,11.25,1457.74,3/1/2023 16:40:00,,
3/1/2023,17:00,9.95,8.55,10.47,1456.89,3/1/2023 17:00:00,,
3/1/2023,17:20,9.95,8.86,10.82,1457.27,3/1/2023 17:20:00,,
3/1/2023,17:40,9.95,8.48,10.39,1456.8,3/1/2023 17:40:00,,
3/1/2023,18:00,9.95,8.95,10.93,1457.39,3/1/2023 18:00:00,,
3/1/2023,18:20,9.95,7.93,9.77,1456.13,3/1/2023 18:20:00,,
3/1/2023,18:40,9.99,7.43,9.21,1455.64,3/1/2023 18:40:00,,
3/1/2023,19:00,9.95,7.16,8.88,1455.17,3/1/2023 19:00:00,,
3/1/2023,19:20,9.95,7.23,8.96,1455.25,3/1/2023 19:20:00,,
3/1/2023,19:40,9.99,6.82,8.5,1454.88,3/1/2023 19:40:00,,
3/1/2023,20:00,9.99,7.76,9.58,1456.04,3/1/2023 20:00:00,,
3/1/2023,20:20,9.99,7.32,9.07,1455.49,3/1/2023 20:20:00,,
3/1/2023,20:40,9.99,6.8,8.48,1454.85,3/1/2023 20:40:00,,
3/1/2023,21:00,9.99,7.41,9.18,1455.61,3/1/2023 21:00:00,,
3/1/2023,21:20,9.99,7.13,8.86,1455.26,3/1/2023 21:20:00,,
3/1/2023,21:40,9.99,8.16,10.04,1456.54,3/1/2023 21:40:00,,
3/1/2023,22:00,9.99,7.1,8.83,1455.23,3/1/2023 22:00:00,,
3/1/2023,22:20,9.99,6.96,8.67,1455.06,3/1/2023 22:20:00,,
3/1/2023,22:40,9.99,6.45,8.07,1454.42,3/1/2023 22:40:00,,
3/1/2023,23:00,9.99,6.38,7.99,1454.34,3/1/2023 23:00:00,,
3/1/2023,23:20,9.99,5.94,7.48,1453.79,3/1/2023 23:20:00,,
3/1/2023,23:40,9.99,5.87,7.39,1453.71,3/1/2023 23:40:00,,
3/2/2023,0:00,9.99,7.32,9.07,1455.49,3/2/2023 0:00:00,,
3/2/2023,0:20,9.95,7.3,9.04,1455.34,3/2/2023 0:20:00,,
3/2/2023,0:40,9.95,8.71,10.66,1457.09,3/2/2023 0:40:00,,
3/2/2023,1:00,9.95,8.69,10.63,1457.06,3/2/2023 1:00:00,,
3/2/2023,1:20,9.92,7.21,8.94,1455.1,3/2/2023 1:20:00,,
3/2/2023,1:40,9.92,6.56,8.18,1454.29,3/2/2023 1:40:00,,
3/2/2023,2:00,9.89,6.31,7.88,1453.86,3/2/2023 2:00:00,,
3/2/2023,2:20,9.89,7.22,8.94,1454.98,3/2/2023 2:20:00,,
3/2/2023,2:40,9.89,11.07,13.28,1459.76,3/2/2023 2:40:00,,
3/2/2023,3:00,9.85,9.45,11.47,1457.62,3/2/2023 3:00:00,,
3/2/2023,3:20,9.85,9.05,11.01,1457.12,3/2/2023 3:20:00,,
3/2/2023,3:40,9.89,9.49,11.52,1457.8,3/2/2023 3:40:00,,
3/2/2023,4:00,9.85,8.88,10.82,1456.91,3/2/2023 4:00:00,,
3/2/2023,4:20,9.85,8.29,10.15,1456.18,3/2/2023 4:20:00,,
3/2/2023,4:40,9.85,8.4,10.28,1456.33,3/2/2023 4:40:00,,
3/2/2023,5:00,9.82,8.41,10.28,1456.21,3/2/2023 5:00:00,,
3/2/2023,5:20,9.82,8.34,10.2,1456.12,3/2/2023 5:20:00,,
3/2/2023,5:40,9.82,8.32,10.18,1456.09,3/2/2023 5:40:00,,
3/2/2023,6:00,9.82,8.03,9.85,1455.74,3/2/2023 6:00:00,,
3/2/2023,6:20,9.82,8.01,9.83,1455.71,3/2/2023 6:20:00,,
3/2/2023,6:40,9.82,8.01,9.83,1455.71,3/2/2023 6:40:00,,
3/2/2023,7:00,9.82,7.99,9.8,1455.68,3/2/2023 7:00:00,,
3/2/2023,7:20,9.82,8.08,9.91,1455.8,3/2/2023 7:20:00,,
3/2/2023,7:40,9.82,8.06,9.88,1455.77,3/2/2023 7:40:00,,
3/2/2023,8:00,9.85,8.03,9.85,1455.86,3/2/2023 8:00:00,,
3/2/2023,8:20,9.85,7.98,9.8,1455.8,3/2/2023 8:20:00,,
3/2/2023,8:40,9.85,8.5,10.39,1456.44,3/2/2023 8:40:00,,
3/2/2023,9:00,9.85,9.07,11.04,1457.15,3/2/2023 9:00:00,,
3/2/2023,9:20,9.85,9.55,11.57,1457.74,3/2/2023 9:20:00,,
3/2/2023,9:40,9.85,9.55,11.57,1457.74,3/2/2023 9:40:00,,
3/2/2023,10:00,9.89,9.06,11.04,1457.27,3/2/2023 10:00:00,,
3/2/2023,10:20,9.92,9.15,11.14,1457.5,3/2/2023 10:20:00,,
3/2/2023,10:40,9.92,8.96,10.93,1457.27,3/2/2023 10:40:00,,
3/2/2023,11:00,9.95,8.5,10.42,1456.83,3/2/2023 11:00:00,,
3/2/2023,11:20,9.99,8,9.85,1456.33,3/2/2023 11:20:00,,
3/2/2023,11:40,9.99,8.02,9.88,1456.36,3/2/2023 11:40:00,,
3/2/2023,12:00,10.02,7.8,9.64,1456.22,3/2/2023 12:00:00,,
3/2/2023,12:20,10.09,7.53,9.34,1456.14,3/2/2023 12:20:00,,
3/2/2023,12:40,10.15,7.63,9.48,1456.52,3/2/2023 12:40:00,,
3/2/2023,13:00,10.22,7.46,9.29,1456.56,3/2/2023 13:00:00,,
3/2/2023,13:20,10.35,7.39,9.24,1456.98,3/2/2023 13:20:00,,
3/2/2023,13:40,10.41,7.54,9.43,1457.41,3/2/2023 13:40:00,,
3/2/2023,14:00,10.45,7.41,9.29,1457.39,3/2/2023 14:00:00,,
3/2/2023,14:20,10.41,8.12,10.1,1458.13,3/2/2023 14:20:00,,
3/2/2023,14:40,10.38,8.1,10.07,1457.98,3/2/2023 14:40:00,,
3/2/2023,15:00,10.38,8.1,10.07,1457.98,3/2/2023 15:00:00,,
3/2/2023,15:20,10.35,8.25,10.23,1458.04,3/2/2023 15:20:00,,
3/2/2023,15:40,10.28,8.17,10.13,1457.69,3/2/2023 15:40:00,,
3/2/2023,16:00,10.22,8.07,9.99,1457.31,3/2/2023 16:00:00,,
3/2/2023,16:20,10.22,8.09,10.02,1457.34,3/2/2023 16:20:00,,
3/2/2023,16:40,10.22,8.16,10.1,1457.43,3/2/2023 16:40:00,,
3/2/2023,17:00,10.22,8.3,10.26,1457.6,3/2/2023 17:00:00,,
3/2/2023,17:20,10.22,8.16,10.1,1457.43,3/2/2023 17:20:00,,
3/2/2023,17:40,10.22,8.28,10.23,1457.57,3/2/2023 17:40:00,,
3/2/2023,18:00,10.25,8.39,10.37,1457.83,3/2/2023 18:00:00,,
3/2/2023,18:20,10.28,8.54,10.56,1458.15,3/2/2023 18:20:00,,
3/2/2023,18:40,10.28,8.5,10.5,1458.1,3/2/2023 18:40:00,,
3/2/2023,19:00,10.28,9.49,11.63,1459.32,3/2/2023 19:00:00,,
3/2/2023,19:20,10.28,9.49,11.63,1459.32,3/2/2023 19:20:00,,
3/2/2023,19:40,10.28,9.65,11.82,1459.52,3/2/2023 19:40:00,,
3/2/2023,20:00,10.28,9.89,12.09,1459.81,3/2/2023 20:00:00,,
3/2/2023,20:20,10.28,9.56,11.71,1459.4,3/2/2023 20:20:00,,
3/2/2023,20:40,10.28,10.39,12.65,1460.43,3/2/2023 20:40:00,,
3/2/2023,21:00,10.28,10.27,12.51,1460.28,3/2/2023 21:00:00,,
3/2/2023,21:20,10.25,11.06,13.39,1461.13,3/2/2023 21:20:00,,
3/2/2023,21:40,10.28,10.96,13.29,1461.13,3/2/2023 21:40:00,,
3/2/2023,22:00,10.25,12.01,14.45,1462.31,3/2/2023 22:00:00,,
3/2/2023,22:20,10.25,13.76,16.38,1464.46,3/2/2023 22:20:00,,
3/2/2023,22:40,10.22,13.46,16.03,1463.97,3/2/2023 22:40:00,,
3/2/2023,23:00,10.22,13.55,16.14,1464.09,3/2/2023 23:00:00,,
3/2/2023,23:20,10.22,12.79,15.3,1463.14,3/2/2023 23:20:00,,
3/2/2023,23:40,10.18,12.77,15.27,1463,3/2/2023 23:40:00,,
3/3/2023,0:00,10.18,12.51,14.98,1462.68,3/3/2023 0:00:00,,
3/3/2023,0:20,10.15,12.4,14.85,1462.42,3/3/2023 0:20:00,,
3/3/2023,0:40,10.15,12.21,14.64,1462.18,3/3/2023 0:40:00,,
3/3/2023,1:00,10.15,11.47,13.82,1461.26,3/3/2023 1:00:00,,
3/3/2023,1:20,10.15,10.4,12.62,1459.94,3/3/2023 1:20:00,,
3/3/2023,1:40,10.15,10.47,12.7,1460.03,3/3/2023 1:40:00,,
3/3/2023,2:00,10.15,10.61,12.86,1460.2,3/3/2023 2:00:00,,
3/3/2023,2:20,10.12,10.26,12.46,1459.65,3/3/2023 2:20:00,,
3/3/2023,2:40,10.12,10.6,12.83,1460.06,3/3/2023 2:40:00,,
3/3/2023,3:00,10.15,10.73,12.99,1460.35,3/3/2023 3:00:00,,
3/3/2023,3:20,10.15,10.59,12.83,1460.17,3/3/2023 3:20:00,,
3/3/2023,3:40,10.18,10.32,12.54,1459.97,3/3/2023 3:40:00,,
3/3/2023,4:00,10.18,10.1,12.3,1459.7,3/3/2023 4:00:00,,
3/3/2023,4:20,10.22,9.29,11.39,1458.82,3/3/2023 4:20:00,,
3/3/2023,4:40,10.22,8.91,10.96,1458.36,3/3/2023 4:40:00,,
3/3/2023,5:00,10.22,8.75,10.77,1458.15,3/3/2023 5:00:00,,
3/3/2023,5:20,10.18,8.31,10.26,1457.48,3/3/2023 5:20:00,,
3/3/2023,5:40,10.15,7.99,9.88,1456.96,3/3/2023 5:40:00,,
3/3/2023,6:00,10.18,8.05,9.96,1457.16,3/3/2023 6:00:00,,
3/3/2023,6:20,10.18,8.24,10.18,1457.39,3/3/2023 6:20:00,,
3/3/2023,6:40,10.18,7.77,9.64,1456.82,3/3/2023 6:40:00,,
3/3/2023,7:00,10.18,7.82,9.69,1456.87,3/3/2023 7:00:00,,
3/3/2023,7:20,10.18,7.56,9.4,1456.55,3/3/2023 7:20:00,,
3/3/2023,7:40,10.18,7.35,9.15,1456.3,3/3/2023 7:40:00,,
3/3/2023,8:00,10.18,7.28,9.07,1456.21,3/3/2023 8:00:00,,
3/3/2023,8:20,10.18,7.28,9.07,1456.21,3/3/2023 8:20:00,,
3/3/2023,8:40,10.18,7.21,8.99,1456.12,3/3/2023 8:40:00,,
3/3/2023,9:00,10.18,7.07,8.83,1455.95,3/3/2023 9:00:00,,
3/3/2023,9:20,10.18,7.21,8.99,1456.12,3/3/2023 9:20:00,,
3/3/2023,9:40,10.22,7.02,8.78,1456.01,3/3/2023 9:40:00,,
3/3/2023,10:00,10.22,6.95,8.69,1455.93,3/3/2023 10:00:00,,
3/3/2023,10:20,10.22,6.95,8.69,1455.93,3/3/2023 10:20:00,,
3/3/2023,10:40,10.25,7.15,8.94,1456.3,3/3/2023 10:40:00,,
3/3/2023,11:00,10.25,7.01,8.78,1456.13,3/3/2023 11:00:00,,
3/3/2023,11:20,10.28,6.73,8.45,1455.91,3/3/2023 11:20:00,,
3/3/2023,11:40,10.28,6.59,8.29,1455.74,3/3/2023 11:40:00,,
3/3/2023,12:00,10.35,6.25,7.91,1455.58,3/3/2023 12:00:00,,
3/3/2023,12:20,10.38,6.13,7.78,1455.56,3/3/2023 12:20:00,,
3/3/2023,12:40,10.41,5.99,7.61,1455.51,3/3/2023 12:40:00,,
3/3/2023,13:00,10.51,5.91,7.53,1455.78,3/3/2023 13:00:00,,
3/3/2023,13:20,10.51,5.93,7.56,1455.81,3/3/2023 13:20:00,,
3/3/2023,13:40,10.54,5.83,7.45,1455.82,3/3/2023 13:40:00,,
3/3/2023,14:00,10.54,5.83,7.45,1455.82,3/3/2023 14:00:00,,
3/3/2023,14:20,10.58,5.83,7.45,1455.94,3/3/2023 14:20:00,,
3/3/2023,14:40,10.54,5.81,7.43,1455.79,3/3/2023 14:40:00,,
3/3/2023,15:00,10.51,5.82,7.43,1455.67,3/3/2023 15:00:00,,
3/3/2023,15:20,10.58,5.81,7.43,1455.91,3/3/2023 15:20:00,,
3/3/2023,15:40,10.54,5.77,7.37,1455.73,3/3/2023 15:40:00,,
3/3/2023,16:00,10.41,5.76,7.34,1455.23,3/3/2023 16:00:00,,
3/3/2023,16:20,10.35,5.75,7.32,1454.96,3/3/2023 16:20:00,,
3/3/2023,16:40,10.31,5.71,7.26,1454.78,3/3/2023 16:40:00,,
3/3/2023,17:00,10.28,5.69,7.23,1454.63,3/3/2023 17:00:00,,
3/3/2023,17:20,10.28,5.69,7.23,1454.63,3/3/2023 17:20:00,,
3/3/2023,17:40,10.28,5.78,7.34,1454.74,3/3/2023 17:40:00,,
3/3/2023,18:00,10.35,5.77,7.34,1454.98,3/3/2023 18:00:00,,
3/3/2023,18:20,10.35,5.61,7.15,1454.79,3/3/2023 18:20:00,,
3/3/2023,18:40,10.35,6.12,7.75,1455.41,3/3/2023 18:40:00,,
3/3/2023,19:00,10.31,5.98,7.59,1455.12,3/3/2023 19:00:00,,
3/3/2023,19:20,10.31,6.65,8.37,1455.94,3/3/2023 19:20:00,,
3/3/2023,19:40,10.28,7.28,9.1,1456.59,3/3/2023 19:40:00,,
3/3/2023,20:00,10.25,7.47,9.32,1456.71,3/3/2023 20:00:00,,
3/3/2023,20:20,10.22,7.64,9.51,1456.79,3/3/2023 20:20:00,,
3/3/2023,20:40,10.22,7.11,8.88,1456.13,3/3/2023 20:40:00,,
3/3/2023,21:00,10.22,6.34,7.99,1455.18,3/3/2023 21:00:00,,
3/3/2023,21:20,10.18,7.51,9.34,1456.5,3/3/2023 21:20:00,,
3/3/2023,21:40,10.18,6.51,8.18,1455.26,3/3/2023 21:40:00,,
3/3/2023,22:00,10.18,7.37,9.18,1456.32,3/3/2023 22:00:00,,
3/3/2023,22:20,10.18,9.25,11.33,1458.65,3/3/2023 22:20:00,,
3/3/2023,22:40,10.15,10.3,12.51,1459.82,3/3/2023 22:40:00,,
3/3/2023,23:00,10.15,9.19,11.25,1458.44,3/3/2023 23:00:00,,
3/3/2023,23:20,10.15,12.45,14.9,1462.47,3/3/2023 23:20:00,,
3/3/2023,23:40,10.15,8.88,10.91,1458.06,3/3/2023 23:40:00,,
3/4/2023,0:00,10.12,9.24,11.31,1458.38,3/4/2023 0:00:00,,
3/4/2023,0:20,10.15,9.38,11.47,1458.68,3/4/2023 0:20:00,,
3/4/2023,0:40,10.15,10.14,12.33,1459.62,3/4/2023 0:40:00,,
3/4/2023,1:00,10.18,10.51,12.75,1460.2,3/4/2023 1:00:00,,
3/4/2023,1:20,10.15,11.73,14.11,1461.59,3/4/2023 1:20:00,,
3/4/2023,1:40,10.15,12.69,15.17,1462.77,3/4/2023 1:40:00,,
3/4/2023,2:00,10.15,11.59,13.95,1461.41,3/4/2023 2:00:00,,
3/4/2023,2:20,10.15,12.21,14.64,1462.18,3/4/2023 2:20:00,,
3/4/2023,2:40,10.15,12.12,14.53,1462.06,3/4/2023 2:40:00,,
3/4/2023,3:00,10.12,11.36,13.68,1461,3/4/2023 3:00:00,,
3/4/2023,3:20,10.12,10.31,12.51,1459.71,3/4/2023 3:20:00,,
3/4/2023,3:40,10.12,9.96,12.11,1459.26,3/4/2023 3:40:00,,
3/4/2023,4:00,10.09,10.2,12.38,1459.44,3/4/2023 4:00:00,,
3/4/2023,4:20,10.09,9.94,12.08,1459.12,3/4/2023 4:20:00,,
3/4/2023,4:40,10.05,8.38,10.31,1457.07,3/4/2023 4:40:00,,
3/4/2023,5:00,10.09,8.94,10.96,1457.89,3/4/2023 5:00:00,,
3/4/2023,5:20,10.09,8.14,10.04,1456.89,3/4/2023 5:20:00,,
3/4/2023,5:40,10.09,8.57,10.53,1457.42,3/4/2023 5:40:00,,
3/4/2023,6:00,10.09,7.65,9.48,1456.28,3/4/2023 6:00:00,,
3/4/2023,6:20,10.09,7.77,9.61,1456.43,3/4/2023 6:20:00,,
3/4/2023,6:40,10.09,7.23,8.99,1455.76,3/4/2023 6:40:00,,
3/4/2023,7:00,10.09,7.32,9.1,1455.88,3/4/2023 7:00:00,,
3/4/2023,7:20,10.05,7.51,9.31,1455.99,3/4/2023 7:20:00,,
3/4/2023,7:40,10.05,7.84,9.69,1456.4,3/4/2023 7:40:00,,
3/4/2023,8:00,10.05,8.08,9.96,1456.69,3/4/2023 8:00:00,,
3/4/2023,8:20,10.05,7.49,9.29,1455.96,3/4/2023 8:20:00,,
3/4/2023,8:40,10.05,7.42,9.21,1455.88,3/4/2023 8:40:00,,
3/4/2023,9:00,10.05,7.44,9.23,1455.9,3/4/2023 9:00:00,,
3/4/2023,9:20,10.05,8.12,10.02,1456.75,3/4/2023 9:20:00,,
3/4/2023,9:40,10.05,8.12,10.02,1456.75,3/4/2023 9:40:00,,
3/4/2023,10:00,10.05,7.49,9.29,1455.96,3/4/2023 10:00:00,,
3/4/2023,10:20,10.05,6.65,8.31,1454.92,3/4/2023 10:20:00,,
3/4/2023,10:40,10.05,9.26,11.31,1458.15,3/4/2023 10:40:00,,
3/4/2023,11:00,10.02,8.32,10.23,1456.86,3/4/2023 11:00:00,,
3/4/2023,11:20,10.02,7.03,8.75,1455.26,3/4/2023 11:20:00,,
3/4/2023,11:40,10.02,6.66,8.31,1454.8,3/4/2023 11:40:00,,
3/4/2023,12:00,10.05,7.21,8.96,1455.61,3/4/2023 12:00:00,,
3/4/2023,12:20,10.09,6.48,8.13,1454.84,3/4/2023 12:20:00,,
3/4/2023,12:40,10.09,6.3,7.91,1454.61,3/4/2023 12:40:00,,
3/4/2023,13:00,10.09,6.18,7.77,1454.47,3/4/2023 13:00:00,,
3/4/2023,13:20,10.09,6.09,7.67,1454.36,3/4/2023 13:20:00,,
3/4/2023,13:40,10.09,5.93,7.48,1454.16,3/4/2023 13:40:00,,
3/4/2023,14:00,10.15,5.89,7.45,1454.37,3/4/2023 14:00:00,,
3/4/2023,14:20,10.18,5.84,7.4,1454.44,3/4/2023 14:20:00,,
3/4/2023,14:40,10.18,5.89,7.45,1454.49,3/4/2023 14:40:00,,
3/4/2023,15:00,10.18,5.84,7.4,1454.44,3/4/2023 15:00:00,,
3/4/2023,15:20,10.18,5.87,7.42,1454.46,3/4/2023 15:20:00,,
3/4/2023,15:40,10.22,5.82,7.37,1454.53,3/4/2023 15:40:00,,
3/4/2023,16:00,10.18,5.82,7.37,1454.41,3/4/2023 16:00:00,,
3/4/2023,16:20,10.18,5.8,7.34,1454.38,3/4/2023 16:20:00,,
3/4/2023,16:40,10.18,5.8,7.34,1454.38,3/4/2023 16:40:00,,
3/4/2023,17:00,10.15,5.8,7.34,1454.26,3/4/2023 17:00:00,,
3/4/2023,17:20,10.15,5.76,7.29,1454.2,3/4/2023 17:20:00,,
3/4/2023,17:40,10.15,5.76,7.29,1454.2,3/4/2023 17:40:00,,
3/4/2023,18:00,10.15,5.8,7.34,1454.26,3/4/2023 18:00:00,,
3/4/2023,18:20,10.15,5.8,7.34,1454.26,3/4/2023 18:20:00,,
3/4/2023,18:40,10.15,5.87,7.42,1454.34,3/4/2023 18:40:00,,
3/4/2023,19:00,10.12,6.11,7.69,1454.51,3/4/2023 19:00:00,,
3/4/2023,19:20,10.12,6.38,8.02,1454.85,3/4/2023 19:20:00,,
3/4/2023,19:40,10.09,8.02,9.91,1456.75,3/4/2023 19:40:00,,
3/4/2023,20:00,10.02,8.25,10.15,1456.77,3/4/2023 20:00:00,,
3/4/2023,20:20,10.02,6.94,8.64,1455.15,3/4/2023 20:20:00,,
3/4/2023,20:40,10.02,6.84,8.53,1455.03,3/4/2023 20:40:00,,
3/4/2023,21:00,10.05,7.91,9.77,1456.49,3/4/2023 21:00:00,,
3/4/2023,21:20,10.02,7.29,9.04,1455.58,3/4/2023 21:20:00,,
3/4/2023,21:40,9.99,6.82,8.5,1454.88,3/4/2023 21:40:00,,
3/4/2023,22:00,9.99,6.66,8.31,1454.68,3/4/2023 22:00:00,,
3/4/2023,22:20,9.99,7.13,8.86,1455.26,3/4/2023 22:20:00,,
3/4/2023,22:40,10.02,6.82,8.5,1455,3/4/2023 22:40:00,,
3/4/2023,23:00,10.02,6.87,8.56,1455.06,3/4/2023 23:00:00,,
3/4/2023,23:20,10.02,6.52,8.15,1454.63,3/4/2023 23:20:00,,
3/4/2023,23:40,9.99,7.13,8.86,1455.26,3/4/2023 23:40:00,,
3/5/2023,0:00,9.99,6.66,8.31,1454.68,3/5/2023 0:00:00,,
3/5/2023,0:20,9.99,6.55,8.18,1454.54,3/5/2023 0:20:00,,
3/5/2023,0:40,9.99,7.81,9.64,1456.1,3/5/2023 0:40:00,,
3/5/2023,1:00,9.95,7.11,8.83,1455.11,3/5/2023 1:00:00,,
3/5/2023,1:20,9.95,8.29,10.18,1456.57,3/5/2023 1:20:00,,
3/5/2023,1:40,9.92,8.56,10.47,1456.77,3/5/2023 1:40:00,,
3/5/2023,2:00,9.95,9.71,11.79,1458.33,3/5/2023 2:00:00,,
3/5/2023,2:20,9.95,10.12,12.24,1458.83,3/5/2023 2:20:00,,
3/5/2023,2:40,9.95,8.76,10.71,1457.15,3/5/2023 2:40:00,,
3/5/2023,3:00,9.92,9.89,11.98,1458.42,3/5/2023 3:00:00,,
3/5/2023,3:20,9.89,10.47,12.62,1459.01,3/5/2023 3:20:00,,
3/5/2023,3:40,9.89,11.24,13.47,1459.97,3/5/2023 3:40:00,,
3/5/2023,4:00,9.85,8.55,10.44,1456.5,3/5/2023 4:00:00,,
3/5/2023,4:20,9.85,9.5,11.52,1457.68,3/5/2023 4:20:00,,
3/5/2023,4:40,9.85,9.28,11.28,1457.42,3/5/2023 4:40:00,,
3/5/2023,5:00,9.85,9.36,11.36,1457.51,3/5/2023 5:00:00,,
3/5/2023,5:20,9.82,9.75,11.79,1457.86,3/5/2023 5:20:00,,
3/5/2023,5:40,9.82,8.63,10.53,1456.47,3/5/2023 5:40:00,,
3/5/2023,6:00,9.79,8.78,10.69,1456.53,3/5/2023 6:00:00,,
3/5/2023,6:20,9.79,8.56,10.44,1456.26,3/5/2023 6:20:00,,
3/5/2023,6:40,9.79,8.68,10.58,1456.41,3/5/2023 6:40:00,,
3/5/2023,7:00,9.79,9.56,11.57,1457.51,3/5/2023 7:00:00,,
3/5/2023,7:20,9.79,8.51,10.39,1456.21,3/5/2023 7:20:00,,
3/5/2023,7:40,9.79,7.66,9.42,1455.15,3/5/2023 7:40:00,,
3/5/2023,8:00,9.79,8.97,10.9,1456.77,3/5/2023 8:00:00,,
3/5/2023,8:20,9.79,9.09,11.04,1456.91,3/5/2023 8:20:00,,
3/5/2023,8:40,9.76,10.46,12.56,1458.49,3/5/2023 8:40:00,,
3/5/2023,9:00,9.76,8.64,10.52,1456.23,3/5/2023 9:00:00,,
3/5/2023,9:20,9.76,7.93,9.72,1455.35,3/5/2023 9:20:00,,
3/5/2023,9:40,9.76,7.34,9.04,1454.62,3/5/2023 9:40:00,,
3/5/2023,10:00,9.79,8.02,9.82,1455.59,3/5/2023 10:00:00,,
3/5/2023,10:20,9.79,10.81,12.96,1459.05,3/5/2023 10:20:00,,
3/5/2023,10:40,9.79,9.8,11.84,1457.8,3/5/2023 10:40:00,,
3/5/2023,11:00,9.82,10.11,12.19,1458.31,3/5/2023 11:00:00,,
3/5/2023,11:20,9.85,8.1,9.93,1455.94,3/5/2023 11:20:00,,
3/5/2023,11:40,9.85,8.1,9.93,1455.94,3/5/2023 11:40:00,,
3/5/2023,12:00,9.89,9.51,11.55,1457.83,3/5/2023 12:00:00,,
3/5/2023,12:20,9.92,13.76,16.24,1463.21,3/5/2023 12:20:00,,
3/5/2023,12:40,9.95,10.52,12.7,1459.34,3/5/2023 12:40:00,,
3/5/2023,13:00,9.95,9.95,12.06,1458.63,3/5/2023 13:00:00,,
3/5/2023,13:20,9.99,8.35,10.26,1456.77,3/5/2023 13:20:00,,
3/5/2023,13:40,10.05,7.84,9.69,1456.4,3/5/2023 13:40:00,,
3/5/2023,14:00,10.05,7,8.72,1455.35,3/5/2023 14:00:00,,
3/5/2023,14:20,10.09,6.78,8.48,1455.22,3/5/2023 14:20:00,,
3/5/2023,14:40,10.12,6.71,8.4,1455.25,3/5/2023 14:40:00,,
3/5/2023,15:00,10.12,6.78,8.48,1455.34,3/5/2023 15:00:00,,
3/5/2023,15:20,10.15,6.79,8.51,1455.49,3/5/2023 15:20:00,,
3/5/2023,15:40,10.15,7.17,8.94,1455.95,3/5/2023 15:40:00,,
3/5/2023,16:00,10.15,7.33,9.13,1456.15,3/5/2023 16:00:00,,
3/5/2023,16:20,10.15,7.38,9.18,1456.2,3/5/2023 16:20:00,,
3/5/2023,16:40,10.12,7.29,9.07,1455.97,3/5/2023 16:40:00,,
3/5/2023,17:00,10.12,7.34,9.13,1456.03,3/5/2023 17:00:00,,
3/5/2023,17:20,10.12,7.36,9.15,1456.06,3/5/2023 17:20:00,,
3/5/2023,17:40,10.09,7.32,9.1,1455.88,3/5/2023 17:40:00,,
3/5/2023,18:00,10.09,7.44,9.23,1456.02,3/5/2023 18:00:00,,
3/5/2023,18:20,10.05,7.51,9.31,1455.99,3/5/2023 18:20:00,,
3/5/2023,18:40,10.05,9.14,11.17,1458,3/5/2023 18:40:00,,
3/5/2023,19:00,10.02,8.18,10.07,1456.69,3/5/2023 19:00:00,,
3/5/2023,19:20,10.02,10.41,12.59,1459.45,3/5/2023 19:20:00,,
3/5/2023,19:40,9.99,9.75,11.84,1458.51,3/5/2023 19:40:00,,
3/5/2023,20:00,9.95,11.96,14.29,1461.12,3/5/2023 20:00:00,,
3/5/2023,20:20,9.92,11.23,13.47,1460.08,3/5/2023 20:20:00,,
3/5/2023,20:40,9.92,10.03,12.14,1458.6,3/5/2023 20:40:00,,
3/5/2023,21:00,9.92,16.22,18.9,1466.26,3/5/2023 21:00:00,,
3/5/2023,21:20,9.89,8.85,10.79,1457,3/5/2023 21:20:00,,
3/5/2023,21:40,9.89,10.97,13.18,1459.64,3/5/2023 21:40:00,,
3/5/2023,22:00,9.85,17.14,19.85,1467.16,3/5/2023 22:00:00,,
3/5/2023,22:20,9.85,16.73,19.41,1466.64,3/5/2023 22:20:00,,
3/5/2023,22:40,9.85,20.09,22.94,1470.8,3/5/2023 22:40:00,,
3/5/2023,23:00,9.85,29.22,32.26,1482.11,3/5/2023 23:00:00,,
3/5/2023,23:20,9.85,25.69,28.71,1477.75,3/5/2023 23:20:00,,
3/5/2023,23:40,9.85,23.38,26.35,1474.88,3/5/2023 23:40:00,,
3/6/2023,0:00,9.85,31.05,34.07,1484.38,3/6/2023 0:00:00,,
3/6/2023,0:20,9.85,18.8,21.59,1469.2,3/6/2023 0:20:00,,
3/6/2023,0:40,9.82,19.01,21.8,1469.34,3/6/2023 0:40:00,,
3/6/2023,1:00,9.82,19.49,22.31,1469.94,3/6/2023 1:00:00,,
3/6/2023,1:20,9.85,24.91,27.91,1476.77,3/6/2023 1:20:00,,
3/6/2023,1:40,9.85,12.77,15.14,1461.73,3/6/2023 1:40:00,,
3/6/2023,2:00,9.85,10.36,12.48,1458.75,3/6/2023 2:00:00,,
3/6/2023,2:20,9.82,10.8,12.96,1459.17,3/6/2023 2:20:00,,
3/6/2023,2:40,9.79,9.47,11.46,1457.39,3/6/2023 2:40:00,,
3/6/2023,3:00,9.79,9.35,11.33,1457.24,3/6/2023 3:00:00,,
3/6/2023,3:20,9.79,8.04,9.85,1455.62,3/6/2023 3:20:00,,
3/6/2023,3:40,9.79,8.21,10.04,1455.82,3/6/2023 3:40:00,,
3/6/2023,4:00,9.76,8,9.8,1455.44,3/6/2023 4:00:00,,
3/6/2023,4:20,9.76,8.4,10.26,1455.94,3/6/2023 4:20:00,,
3/6/2023,4:40,9.79,7.61,9.37,1455.09,3/6/2023 4:40:00,,
3/6/2023,5:00,9.76,7.15,8.83,1454.38,3/6/2023 5:00:00,,
3/6/2023,5:20,9.76,8.86,10.77,1456.5,3/6/2023 5:20:00,,
3/6/2023,5:40,9.76,8.69,10.58,1456.29,3/6/2023 5:40:00,,
3/6/2023,6:00,9.72,7.39,9.1,1454.55,3/6/2023 6:00:00,,
3/6/2023,6:20,9.72,9.1,11.03,1456.68,3/6/2023 6:20:00,,
3/6/2023,6:40,9.72,16.04,18.61,1465.28,3/6/2023 6:40:00,,
3/6/2023,7:00,9.72,22.41,25.27,1473.18,3/6/2023 7:00:00,,
3/6/2023,7:20,9.72,21.11,23.93,1471.57,3/6/2023 7:20:00,,
3/6/2023,7:40,9.72,16.11,18.69,1465.37,3/6/2023 7:40:00,,
3/6/2023,8:00,9.72,13.34,15.71,1461.94,3/6/2023 8:00:00,,
3/6/2023,8:20,9.72,13.49,15.87,1462.12,3/6/2023 8:20:00,,
3/6/2023,8:40,9.76,16.51,19.13,1465.99,3/6/2023 8:40:00,,
3/6/2023,9:00,9.76,16.02,18.61,1465.39,3/6/2023 9:00:00,,
3/6/2023,9:20,9.79,13.83,16.26,1462.79,3/6/2023 9:20:00,,
3/6/2023,9:40,9.79,13.73,16.16,1462.67,3/6/2023 9:40:00,,
3/6/2023,10:00,9.79,13.63,16.05,1462.55,3/6/2023 10:00:00,,
3/6/2023,10:20,9.79,12.69,15.03,1461.38,3/6/2023 10:20:00,,
3/6/2023,10:40,9.82,13.48,15.9,1462.49,3/6/2023 10:40:00,,
3/6/2023,11:00,9.82,13.33,15.74,1462.31,3/6/2023 11:00:00,,
3/6/2023,11:20,9.85,13.78,16.24,1462.99,3/6/2023 11:20:00,,
3/6/2023,11:40,9.85,12.89,15.27,1461.88,3/6/2023 11:40:00,,
3/6/2023,12:00,9.92,13.44,15.9,1462.82,3/6/2023 12:00:00,,
3/6/2023,12:20,9.95,14.3,16.84,1464.01,3/6/2023 12:20:00,,
3/6/2023,12:40,9.99,13.59,16.08,1463.25,3/6/2023 12:40:00,,
3/6/2023,13:00,10.05,27.87,31.06,1481.18,3/6/2023 13:00:00,,
3/6/2023,13:20,10.05,20,22.97,1471.44,3/6/2023 13:20:00,,
3/6/2023,13:40,10.09,16.68,19.47,1467.45,3/6/2023 13:40:00,,
3/6/2023,14:00,10.09,16.29,19.05,1466.98,3/6/2023 14:00:00,,
3/6/2023,14:20,10.15,16.43,19.23,1467.4,3/6/2023 14:20:00,,
3/6/2023,14:40,10.18,16.42,19.23,1467.5,3/6/2023 14:40:00,,
3/6/2023,15:00,10.18,17.48,20.37,1468.81,3/6/2023 15:00:00,,
3/6/2023,15:20,10.15,15.88,18.64,1466.71,3/6/2023 15:20:00,,
3/6/2023,15:40,10.18,15.15,17.86,1465.93,3/6/2023 15:40:00,,
3/6/2023,16:00,10.18,15.05,17.76,1465.81,3/6/2023 16:00:00,,
3/6/2023,16:20,10.18,14.14,16.77,1464.69,3/6/2023 16:20:00,,
3/6/2023,16:40,10.18,14.04,16.66,1464.57,3/6/2023 16:40:00,,
3/6/2023,17:00,10.18,14.74,17.42,1465.43,3/6/2023 17:00:00,,
3/6/2023,17:20,10.18,13.56,16.14,1463.98,3/6/2023 17:20:00,,
3/6/2023,17:40,10.18,13.3,15.85,1463.65,3/6/2023 17:40:00,,
3/6/2023,18:00,10.18,17.72,20.62,1469.11,3/6/2023 18:00:00,,
3/6/2023,18:20,10.15,17.47,20.34,1468.68,3/6/2023 18:20:00,,
3/6/2023,18:40,10.15,17.32,20.19,1468.5,3/6/2023 18:40:00,,
3/6/2023,19:00,10.15,19.25,22.24,1470.88,3/6/2023 19:00:00,,
3/6/2023,19:20,10.12,20.02,23.02,1471.7,3/6/2023 19:20:00,,
3/6/2023,19:40,10.09,23.02,26.13,1475.29,3/6/2023 19:40:00,,
3/6/2023,20:00,10.09,22.22,25.3,1474.3,3/6/2023 20:00:00,,
3/6/2023,20:20,10.09,20.4,23.4,1472.05,3/6/2023 20:20:00,,
3/6/2023,20:40,10.09,17.91,20.78,1468.97,3/6/2023 20:40:00,,
3/6/2023,21:00,10.05,24.85,27.99,1477.43,3/6/2023 21:00:00,,
3/6/2023,21:20,10.05,26.89,30.07,1479.96,3/6/2023 21:20:00,,
3/6/2023,21:40,10.05,27.23,30.41,1480.38,3/6/2023 21:40:00,,
3/6/2023,22:00,10.05,25.12,28.26,1477.77,3/6/2023 22:00:00,,
3/6/2023,22:20,10.05,28.64,31.84,1482.13,3/6/2023 22:20:00,,
3/6/2023,22:40,10.05,31.08,34.28,1485.15,3/6/2023 22:40:00,,
3/6/2023,23:00,10.05,30.98,34.18,1485.02,3/6/2023 23:00:00,,
3/6/2023,23:20,10.05,30.21,33.41,1484.06,3/6/2023 23:20:00,,
3/6/2023,23:40,10.05,30.73,33.93,1484.71,3/6/2023 23:40:00,,
3/7/2023,0:00,10.02,30.53,33.7,1484.35,3/7/2023 0:00:00,,
3/7/2023,0:20,10.02,30.53,33.7,1484.35,3/7/2023 0:20:00,,
3/7/2023,0:40,10.02,30.63,33.8,1484.47,3/7/2023 0:40:00,,
3/7/2023,1:00,9.99,30.99,34.13,1484.79,3/7/2023 1:00:00,,
3/7/2023,1:20,9.99,29.14,32.28,1482.5,3/7/2023 1:20:00,,
3/7/2023,1:40,9.99,31.06,34.2,1484.88,3/7/2023 1:40:00,,
3/7/2023,2:00,9.99,30.99,34.13,1484.79,3/7/2023 2:00:00,,
3/7/2023,2:20,9.99,30.89,34.03,1484.66,3/7/2023 2:20:00,,
3/7/2023,2:40,9.95,27.85,30.96,1480.78,3/7/2023 2:40:00,,
3/7/2023,3:00,9.99,28.62,31.76,1481.86,3/7/2023 3:00:00,,
3/7/2023,3:20,9.99,25.09,28.19,1477.49,3/7/2023 3:20:00,,
3/7/2023,3:40,9.99,26.37,29.49,1479.07,3/7/2023 3:40:00,,
3/7/2023,4:00,9.95,28.12,31.24,1481.12,3/7/2023 4:00:00,,
3/7/2023,4:20,9.95,26.02,29.11,1478.52,3/7/2023 4:20:00,,
3/7/2023,4:40,9.92,25.43,28.49,1477.66,3/7/2023 4:40:00,,
3/7/2023,5:00,9.92,23.51,26.53,1475.29,3/7/2023 5:00:00,,
3/7/2023,5:20,9.92,27.9,30.99,1480.72,3/7/2023 5:20:00,,
3/7/2023,5:40,9.92,24,27.03,1475.9,3/7/2023 5:40:00,,
3/7/2023,6:00,9.92,29.67,32.75,1482.91,3/7/2023 6:00:00,,
3/7/2023,6:20,9.92,27.68,30.76,1480.45,3/7/2023 6:20:00,,
3/7/2023,6:40,9.92,29.24,32.33,1482.39,3/7/2023 6:40:00,,
3/7/2023,7:00,9.92,30.79,33.87,1484.3,3/7/2023 7:00:00,,
3/7/2023,7:20,9.92,31.02,34.1,1484.58,3/7/2023 7:20:00,,
3/7/2023,7:40,9.92,30.32,33.4,1483.72,3/7/2023 7:40:00,,
3/7/2023,8:00,9.95,27.38,30.49,1480.2,3/7/2023 8:00:00,,
3/7/2023,8:20,9.92,25.87,28.94,1478.21,3/7/2023 8:20:00,,
3/7/2023,8:40,9.92,25.11,28.16,1477.27,3/7/2023 8:40:00,,
3/7/2023,9:00,9.95,25.21,28.29,1477.51,3/7/2023 9:00:00,,
3/7/2023,9:20,9.99,23.69,26.76,1475.76,3/7/2023 9:20:00,,
3/7/2023,9:40,9.99,23.42,26.48,1475.43,3/7/2023 9:40:00,,
3/7/2023,10:00,10.02,23.04,26.11,1475.07,3/7/2023 10:00:00,,
3/7/2023,10:20,10.05,23.04,26.13,1475.2,3/7/2023 10:20:00,,
3/7/2023,10:40,10.05,22.24,25.3,1474.2,3/7/2023 10:40:00,,
3/7/2023,11:00,10.05,21.48,24.52,1473.27,3/7/2023 11:00:00,,
3/7/2023,11:20,10.05,17.68,20.52,1468.57,3/7/2023 11:20:00,,
3/7/2023,11:40,10.09,16.68,19.47,1467.45,3/7/2023 11:40:00,,
3/7/2023,12:00,10.12,23.34,26.48,1475.81,3/7/2023 12:00:00,,
3/7/2023,12:20,10.12,31.05,34.3,1485.35,3/7/2023 12:20:00,,
3/7/2023,12:40,10.12,29.46,32.71,1483.38,3/7/2023 12:40:00,,
3/7/2023,13:00,10.12,25.59,28.79,1478.59,3/7/2023 13:00:00,,
3/7/2023,13:20,10.12,18.33,21.24,1469.61,3/7/2023 13:20:00,,
3/7/2023,13:40,10.18,28.86,32.16,1482.88,3/7/2023 13:40:00,,
3/7/2023,14:00,10.22,24.45,27.69,1477.54,3/7/2023 14:00:00,,
3/7/2023,14:20,10.25,24.38,27.64,1477.58,3/7/2023 14:20:00,,
3/7/2023,14:40,10.28,24.84,28.14,1478.27,3/7/2023 14:40:00,,
3/7/2023,15:00,10.25,26.45,29.77,1480.14,3/7/2023 15:00:00,,
3/7/2023,15:20,10.25,28.2,31.54,1482.29,3/7/2023 15:20:00,,
3/7/2023,15:40,10.28,17.19,20.11,1468.83,3/7/2023 15:40:00,,
3/7/2023,16:00,10.31,21.94,25.15,1474.81,3/7/2023 16:00:00,,
3/7/2023,16:20,10.28,19.62,22.7,1471.82,3/7/2023 16:20:00,,
3/7/2023,16:40,10.22,26.84,30.14,1480.5,3/7/2023 16:40:00,,
3/7/2023,17:00,10.22,23.01,26.21,1475.77,3/7/2023 17:00:00,,
3/7/2023,17:20,10.18,20.78,23.86,1472.89,3/7/2023 17:20:00,,
3/7/2023,17:40,10.18,26.55,29.82,1480.02,3/7/2023 17:40:00,,
3/7/2023,18:00,10.18,23.13,26.31,1475.8,3/7/2023 18:00:00,,
3/7/2023,18:20,10.18,23.91,27.11,1476.76,3/7/2023 18:20:00,,
3/7/2023,18:40,10.18,16.66,19.49,1467.8,3/7/2023 18:40:00,,
3/7/2023,19:00,10.18,24.61,27.84,1477.63,3/7/2023 19:00:00,,
3/7/2023,19:20,10.18,26.15,29.42,1479.53,3/7/2023 19:20:00,,
3/7/2023,19:40,10.18,25.1,28.34,1478.23,3/7/2023 19:40:00,,
3/7/2023,20:00,10.15,22.37,25.5,1474.74,3/7/2023 20:00:00,,
3/7/2023,20:20,10.15,21.77,24.87,1473.99,3/7/2023 20:20:00,,
3/7/2023,20:40,10.15,15.45,18.17,1466.18,3/7/2023 20:40:00,,
3/7/2023,21:00,10.15,20.87,23.94,1472.88,3/7/2023 21:00:00,,
3/7/2023,21:20,10.15,27.04,30.29,1480.5,3/7/2023 21:20:00,,
3/7/2023,21:40,10.18,20.8,23.89,1472.92,3/7/2023 21:40:00,,
3/7/2023,22:00,10.15,31.1,34.38,1485.53,3/7/2023 22:00:00,,
3/7/2023,22:20,10.15,31.13,34.4,1485.56,3/7/2023 22:20:00,,
3/7/2023,22:40,10.15,29.95,33.23,1484.11,3/7/2023 22:40:00,,
3/7/2023,23:00,10.15,29.16,32.44,1483.13,3/7/2023 23:00:00,,
3/7/2023,23:20,10.18,28.34,31.64,1482.24,3/7/2023 23:20:00,,
3/7/2023,23:40,10.18,27.63,30.92,1481.35,3/7/2023 23:40:00,,
3/8/2023,0:00,10.15,26.72,29.97,1480.11,3/8/2023 0:00:00,,
3/8/2023,0:20,10.15,26.64,29.89,1480.02,3/8/2023 0:20:00,,
3/8/2023,0:40,10.15,26.32,29.57,1479.62,3/8/2023 0:40:00,,
3/8/2023,1:00,10.15,29.51,32.79,1483.56,3/8/2023 1:00:00,,
3/8/2023,1:20,10.12,27.95,31.19,1481.51,3/8/2023 1:20:00,,
3/8/2023,1:40,10.09,25.81,28.99,1478.74,3/8/2023 1:40:00,,
3/8/2023,2:00,10.09,21.17,24.21,1473.01,3/8/2023 2:00:00,,
3/8/2023,2:20,10.09,18.9,21.83,1470.2,3/8/2023 2:20:00,,
3/8/2023,2:40,10.05,31.08,34.28,1485.15,3/8/2023 2:40:00,,
3/8/2023,3:00,10.05,26.89,30.07,1479.96,3/8/2023 3:00:00,,
3/8/2023,3:20,10.02,30.86,34.03,1484.75,3/8/2023 3:20:00,,
3/8/2023,3:40,10.02,27.58,30.74,1480.69,3/8/2023 3:40:00,,
3/8/2023,4:00,10.02,23.55,26.63,1475.7,3/8/2023 4:00:00,,
3/8/2023,4:20,10.02,19.49,22.41,1470.68,3/8/2023 4:20:00,,
3/8/2023,4:40,10.02,27.16,30.31,1480.17,3/8/2023 4:40:00,,
3/8/2023,5:00,9.99,19.48,22.39,1470.55,3/8/2023 5:00:00,,
3/8/2023,5:20,9.99,24.3,27.39,1476.52,3/8/2023 5:20:00,,
3/8/2023,5:40,9.99,21.08,24.06,1472.53,3/8/2023 5:40:00,,
3/8/2023,6:00,9.95,29.07,32.18,1482.29,3/8/2023 6:00:00,,
3/8/2023,6:20,9.95,28,31.11,1480.97,3/8/2023 6:20:00,,
3/8/2023,6:40,9.99,23.15,26.21,1475.09,3/8/2023 6:40:00,,
3/8/2023,7:00,9.99,29.24,32.38,1482.62,3/8/2023 7:00:00,,
3/8/2023,7:20,9.99,27.3,30.44,1480.23,3/8/2023 7:20:00,,
3/8/2023,7:40,9.99,23.03,26.08,1474.94,3/8/2023 7:40:00,,
3/8/2023,8:00,10.02,21.67,24.69,1473.38,3/8/2023 8:00:00,,
3/8/2023,8:20,10.05,21.63,24.67,1473.45,3/8/2023 8:20:00,,
3/8/2023,8:40,10.05,30.83,34.03,1484.84,3/8/2023 8:40:00,,
3/8/2023,9:00,10.05,30.63,33.83,1484.59,3/8/2023 9:00:00,,
3/8/2023,9:20,10.12,29.96,33.21,1483.99,3/8/2023 9:20:00,,
3/8/2023,9:40,10.18,29.98,33.28,1484.26,3/8/2023 9:40:00,,
3/8/2023,10:00,10.22,29.48,32.81,1483.76,3/8/2023 10:00:00,,
3/8/2023,10:20,10.25,29.48,32.84,1483.88,3/8/2023 10:20:00,,
3/8/2023,10:40,10.31,31.04,34.46,1486.04,3/8/2023 10:40:00,,
3/8/2023,11:00,10.38,31.01,34.48,1486.24,3/8/2023 11:00:00,,
3/8/2023,11:20,10.45,31.03,34.56,1486.5,3/8/2023 11:20:00,,
3/8/2023,11:40,10.51,30.88,34.46,1486.55,3/8/2023 11:40:00,,
3/8/2023,12:00,10.58,30.92,34.56,1486.84,3/8/2023 12:00:00,,
3/8/2023,12:20,10.64,30.82,34.51,1486.95,3/8/2023 12:20:00,,
3/8/2023,12:40,10.67,30.42,34.14,1486.58,3/8/2023 12:40:00,,
3/8/2023,13:00,10.71,29.95,33.69,1486.12,3/8/2023 13:00:00,,
3/8/2023,13:20,10.74,28.85,32.6,1484.88,3/8/2023 13:20:00,,
3/8/2023,13:40,10.71,29.54,33.27,1485.61,3/8/2023 13:40:00,,
3/8/2023,14:00,10.71,28.15,31.85,1483.89,3/8/2023 14:00:00,,
3/8/2023,14:20,10.64,29.17,32.85,1484.92,3/8/2023 14:20:00,,
3/8/2023,14:40,10.61,25.54,29.1,1480.34,3/8/2023 14:40:00,,
3/8/2023,15:00,10.67,28.05,31.73,1483.66,3/8/2023 15:00:00,,
3/8/2023,15:20,10.67,20.44,23.79,1474.29,3/8/2023 15:20:00,,
3/8/2023,15:40,10.71,27.56,31.25,1483.17,3/8/2023 15:40:00,,
3/8/2023,16:00,10.67,21.06,24.45,1475.05,3/8/2023 16:00:00,,
3/8/2023,16:20,10.61,30.43,34.09,1486.35,3/8/2023 16:20:00,,
3/8/2023,16:40,10.54,24.81,28.3,1479.2,3/8/2023 16:40:00,,
3/8/2023,17:00,10.48,21.36,24.65,1474.7,3/8/2023 17:00:00,,
3/8/2023,17:20,10.41,21.54,24.8,1474.69,3/8/2023 17:20:00,,
3/8/2023,17:40,10.38,20.36,23.54,1473.1,3/8/2023 17:40:00,,
3/8/2023,18:00,10.35,19.17,22.26,1471.52,3/8/2023 18:00:00,,
3/8/2023,18:20,10.28,27.14,30.49,1481.11,3/8/2023 18:20:00,,
3/8/2023,18:40,10.25,21.71,24.87,1474.28,3/8/2023 18:40:00,,
3/8/2023,19:00,10.25,24.96,28.24,1478.3,3/8/2023 19:00:00,,
3/8/2023,19:20,10.25,17.76,20.7,1469.4,3/8/2023 19:20:00,,
3/8/2023,19:40,10.28,26.87,30.22,1480.78,3/8/2023 19:40:00,,
3/8/2023,20:00,10.28,21.98,25.18,1474.74,3/8/2023 20:00:00,,
3/8/2023,20:20,10.31,28.37,31.77,1482.75,3/8/2023 20:20:00,,
3/8/2023,20:40,10.38,30.98,34.46,1486.21,3/8/2023 20:40:00,,
3/8/2023,21:00,10.38,30.71,34.18,1485.88,3/8/2023 21:00:00,,
3/8/2023,21:20,10.38,29.94,33.41,1484.93,3/8/2023 21:20:00,,
3/8/2023,21:40,10.38,29.85,33.31,1484.81,3/8/2023 21:40:00,,
3/8/2023,22:00,10.35,29.92,33.36,1484.78,3/8/2023 22:00:00,,
3/8/2023,22:20,10.31,31.06,34.48,1486.07,3/8/2023 22:20:00,,
3/8/2023,22:40,10.28,30.07,33.46,1484.73,3/8/2023 22:40:00,,
3/8/2023,23:00,10.25,30.12,33.48,1484.68,3/8/2023 23:00:00,,
3/8/2023,23:20,10.25,30.2,33.56,1484.77,3/8/2023 23:20:00,,
3/8/2023,23:40,10.22,30.25,33.58,1484.71,3/8/2023 23:40:00,,
3/9/2023,0:00,10.18,30.28,33.58,1484.63,3/9/2023 0:00:00,,
3/9/2023,0:20,10.15,31.1,34.38,1485.53,3/9/2023 0:20:00,,
3/9/2023,0:40,10.15,31.1,34.38,1485.53,3/9/2023 0:40:00,,
3/9/2023,1:00,10.15,31.05,34.33,1485.46,3/9/2023 1:00:00,,
3/9/2023,1:20,10.15,30.43,33.71,1484.69,3/9/2023 1:20:00,,
3/9/2023,1:40,10.09,30.41,33.63,1484.43,3/9/2023 1:40:00,,
3/9/2023,2:00,10.05,30.46,33.65,1484.37,3/9/2023 2:00:00,,
3/9/2023,2:20,10.05,30.41,33.6,1484.31,3/9/2023 2:20:00,,
3/9/2023,2:40,10.02,30.31,33.48,1484.07,3/9/2023 2:40:00,,
3/9/2023,3:00,10.02,31.16,34.32,1485.12,3/9/2023 3:00:00,,
3/9/2023,3:20,10.02,30.88,34.05,1484.78,3/9/2023 3:20:00,,
3/9/2023,3:40,9.99,29.51,32.66,1482.96,3/9/2023 3:40:00,,
3/9/2023,4:00,9.99,27.35,30.49,1480.29,3/9/2023 4:00:00,,
3/9/2023,4:20,9.95,25.18,28.26,1477.48,3/9/2023 4:20:00,,
3/9/2023,4:40,9.95,31.04,34.15,1484.73,3/9/2023 4:40:00,,
3/9/2023,5:00,9.95,26.44,29.54,1479.04,3/9/2023 5:00:00,,
3/9/2023,5:20,9.92,24.25,27.28,1476.2,3/9/2023 5:20:00,,
3/9/2023,5:40,9.89,23.19,26.18,1474.77,3/9/2023 5:40:00,,
3/9/2023,6:00,9.89,21.85,24.79,1473.1,3/9/2023 6:00:00,,
3/9/2023,6:20,9.89,19.78,22.64,1470.54,3/9/2023 6:20:00,,
3/9/2023,6:40,9.89,17.64,20.39,1467.89,3/9/2023 6:40:00,,
3/9/2023,7:00,9.89,29.24,32.31,1482.27,3/9/2023 7:00:00,,
3/9/2023,7:20,9.89,28.22,31.28,1481,3/9/2023 7:20:00,,
3/9/2023,7:40,9.92,28.37,31.46,1481.31,3/9/2023 7:40:00,,
3/9/2023,8:00,9.95,28.17,31.29,1481.18,3/9/2023 8:00:00,,
3/9/2023,8:20,9.95,28.42,31.53,1481.49,3/9/2023 8:20:00,,
3/9/2023,8:40,9.99,28.42,31.56,1481.61,3/9/2023 8:40:00,,
3/9/2023,9:00,9.99,28.54,31.69,1481.76,3/9/2023 9:00:00,,
3/9/2023,9:20,10.05,28.62,31.81,1482.1,3/9/2023 9:20:00,,
3/9/2023,9:40,10.05,28.69,31.89,1482.19,3/9/2023 9:40:00,,
3/9/2023,10:00,10.09,28.79,32.01,1482.43,3/9/2023 10:00:00,,
3/9/2023,10:20,10.12,28.81,32.06,1482.58,3/9/2023 10:20:00,,
3/9/2023,10:40,10.15,29.16,32.44,1483.13,3/9/2023 10:40:00,,
3/9/2023,11:00,10.15,29.28,32.56,1483.28,3/9/2023 11:00:00,,
3/9/2023,11:20,10.15,29.26,32.54,1483.25,3/9/2023 11:20:00,,
3/9/2023,11:40,10.18,29.31,32.61,1483.43,3/9/2023 11:40:00,,
3/9/2023,12:00,10.18,29.41,32.71,1483.55,3/9/2023 12:00:00,,
3/9/2023,12:20,10.18,29.41,32.71,1483.55,3/9/2023 12:20:00,,
3/9/2023,12:40,10.15,29.58,32.86,1483.65,3/9/2023 12:40:00,,
3/9/2023,13:00,10.15,29.53,32.81,1483.59,3/9/2023 13:00:00,,
3/9/2023,13:20,10.15,29.61,32.88,1483.68,3/9/2023 13:20:00,,
3/9/2023,13:40,10.15,29.66,32.93,1483.74,3/9/2023 13:40:00,,
3/9/2023,14:00,10.15,29.76,33.03,1483.86,3/9/2023 14:00:00,,
3/9/2023,14:20,10.18,29.7,33.01,1483.92,3/9/2023 14:20:00,,
3/9/2023,14:40,10.18,29.75,33.06,1483.98,3/9/2023 14:40:00,,
3/9/2023,15:00,10.18,29.83,33.13,1484.07,3/9/2023 15:00:00,,
3/9/2023,15:20,10.22,29.78,33.11,1484.13,3/9/2023 15:20:00,,
3/9/2023,15:40,10.22,29.9,33.23,1484.28,3/9/2023 15:40:00,,
3/9/2023,16:00,10.18,29.88,33.18,1484.13,3/9/2023 16:00:00,,
3/9/2023,16:20,10.18,29.85,33.16,1484.1,3/9/2023 16:20:00,,
3/9/2023,16:40,10.15,29.78,33.06,1483.89,3/9/2023 16:40:00,,
3/9/2023,17:00,10.12,29.46,32.71,1483.38,3/9/2023 17:00:00,,
3/9/2023,17:20,10.12,27.16,30.39,1480.53,3/9/2023 17:20:00,,
3/9/2023,17:40,10.12,26.89,30.12,1480.2,3/9/2023 17:40:00,,
3/9/2023,18:00,10.12,26.94,30.17,1480.26,3/9/2023 18:00:00,,
3/9/2023,18:20,10.12,25.98,29.19,1479.08,3/9/2023 18:20:00,,
3/9/2023,18:40,10.12,25.64,28.84,1478.65,3/9/2023 18:40:00,,
3/9/2023,19:00,10.12,24.73,27.92,1477.53,3/9/2023 19:00:00,,
3/9/2023,19:20,10.15,25.54,28.77,1478.65,3/9/2023 19:20:00,,
3/9/2023,19:40,10.12,25.07,28.27,1477.95,3/9/2023 19:40:00,,
3/9/2023,20:00,10.12,24.95,28.14,1477.8,3/9/2023 20:00:00,,
3/9/2023,20:20,10.09,24.92,28.09,1477.65,3/9/2023 20:20:00,,
3/9/2023,20:40,10.05,25.36,28.52,1478.07,3/9/2023 20:40:00,,
3/9/2023,21:00,10.05,25.46,28.62,1478.19,3/9/2023 21:00:00,,
3/9/2023,21:20,10.05,25.88,29.04,1478.71,3/9/2023 21:20:00,,
3/9/2023,21:40,10.05,26.47,29.64,1479.44,3/9/2023 21:40:00,,
3/9/2023,22:00,10.05,26.22,29.39,1479.13,3/9/2023 22:00:00,,
3/9/2023,22:20,10.05,26.52,29.69,1479.5,3/9/2023 22:20:00,,
3/9/2023,22:40,10.05,26.81,29.99,1479.86,3/9/2023 22:40:00,,
3/9/2023,23:00,10.05,27.11,30.29,1480.23,3/9/2023 23:00:00,,
3/9/2023,23:20,10.05,27.7,30.89,1480.96,3/9/2023 23:20:00,,
3/9/2023,23:40,10.09,27.45,30.66,1480.78,3/9/2023 23:40:00,,
3/10/2023,0:00,10.09,27.75,30.96,1481.14,3/10/2023 0:00:00,,
3/10/2023,0:20,10.12,28.02,31.26,1481.6,3/10/2023 0:20:00,,
3/10/2023,0:40,10.12,28.05,31.29,1481.63,3/10/2023 0:40:00,,
3/10/2023,1:00,10.12,28.15,31.39,1481.75,3/10/2023 1:00:00,,
3/10/2023,1:20,10.12,27.97,31.21,1481.54,3/10/2023 1:20:00,,
3/10/2023,1:40,10.15,28.15,31.41,1481.87,3/10/2023 1:40:00,,
3/10/2023,2:00,10.15,28.22,31.49,1481.97,3/10/2023 2:00:00,,
3/10/2023,2:20,10.18,28.29,31.59,1482.18,3/10/2023 2:20:00,,
3/10/2023,2:40,10.18,28.39,31.69,1482.3,3/10/2023 2:40:00,,
3/10/2023,3:00,10.18,28.37,31.66,1482.27,3/10/2023 3:00:00,,
3/10/2023,3:20,10.18,27.85,31.14,1481.63,3/10/2023 3:20:00,,
3/10/2023,3:40,10.18,27.01,30.29,1480.59,3/10/2023 3:40:00,,
3/10/2023,4:00,10.15,27.26,30.52,1480.78,3/10/2023 4:00:00,,
3/10/2023,4:20,10.12,25.42,28.62,1478.38,3/10/2023 4:20:00,,
3/10/2023,4:40,10.12,25.22,28.42,1478.14,3/10/2023 4:40:00,,
3/10/2023,5:00,10.12,24.27,27.44,1476.96,3/10/2023 5:00:00,,
3/10/2023,5:20,10.09,28.86,32.09,1482.52,3/10/2023 5:20:00,,
3/10/2023,5:40,10.09,25.44,28.62,1478.28,3/10/2023 5:40:00,,
3/10/2023,6:00,10.09,18.61,21.52,1469.84,3/10/2023 6:00:00,,
3/10/2023,6:20,10.09,27.7,30.91,1481.08,3/10/2023 6:20:00,,
3/10/2023,6:40,10.05,24.33,27.46,1476.8,3/10/2023 6:40:00,,
3/10/2023,7:00,10.05,20.83,23.83,1472.46,3/10/2023 7:00:00,,
3/10/2023,7:20,10.05,29.78,32.98,1483.54,3/10/2023 7:20:00,,
3/10/2023,7:40,10.05,28.86,32.06,1482.4,3/10/2023 7:40:00,,
3/10/2023,8:00,10.05,25.76,28.92,1478.56,3/10/2023 8:00:00,,
3/10/2023,8:20,10.05,24.16,27.29,1476.59,3/10/2023 8:20:00,,
3/10/2023,8:40,10.09,23.26,26.38,1475.6,3/10/2023 8:40:00,,
3/10/2023,9:00,10.09,30.96,34.18,1485.11,3/10/2023 9:00:00,,
3/10/2023,9:20,10.09,27.75,30.96,1481.14,3/10/2023 9:20:00,,
3/10/2023,9:40,10.09,31.08,34.3,1485.26,3/10/2023 9:40:00,,
3/10/2023,10:00,10.05,28.37,31.56,1481.79,3/10/2023 10:00:00,,
3/10/2023,10:20,10.09,26.25,29.44,1479.29,3/10/2023 10:20:00,,
3/10/2023,10:40,10.09,29.71,32.93,1483.57,3/10/2023 10:40:00,,
3/10/2023,11:00,10.12,28.1,31.34,1481.69,3/10/2023 11:00:00,,
3/10/2023,11:20,10.12,27.13,30.37,1480.5,3/10/2023 11:20:00,,
3/10/2023,11:40,10.12,26.84,30.07,1480.14,3/10/2023 11:40:00,,
3/10/2023,12:00,10.12,31.13,34.38,1485.44,3/10/2023 12:00:00,,
3/10/2023,12:20,10.15,31.18,34.45,1485.62,3/10/2023 12:20:00,,
3/10/2023,12:40,10.18,31.17,34.48,1485.73,3/10/2023 12:40:00,,
3/10/2023,13:00,10.22,31.24,34.58,1485.94,3/10/2023 13:00:00,,
3/10/2023,13:20,10.25,31.22,34.58,1486.03,3/10/2023 13:20:00,,
3/10/2023,13:40,10.25,30.69,34.06,1485.38,3/10/2023 13:40:00,,
3/10/2023,14:00,10.25,31.19,34.55,1486,3/10/2023 14:00:00,,
3/10/2023,14:20,10.25,30.5,33.86,1485.14,3/10/2023 14:20:00,,
3/10/2023,14:40,10.28,28.12,31.49,1482.32,3/10/2023 14:40:00,,
3/10/2023,15:00,10.31,25.65,29,1479.39,3/10/2023 15:00:00,,
3/10/2023,15:20,10.31,28.47,31.87,1482.87,3/10/2023 15:20:00,,
3/10/2023,15:40,10.35,24.85,28.2,1478.52,3/10/2023 15:40:00,,
3/10/2023,16:00,10.35,20.71,23.89,1473.42,3/10/2023 16:00:00,,
3/10/2023,16:20,10.35,30.19,33.64,1485.12,3/10/2023 16:20:00,,
3/10/2023,16:40,10.38,26.99,30.42,1481.29,3/10/2023 16:40:00,,
3/10/2023,17:00,10.38,30.86,34.33,1486.06,3/10/2023 17:00:00,,
3/10/2023,17:20,10.38,24.53,27.9,1478.26,3/10/2023 17:20:00,,
3/10/2023,17:40,10.38,19.9,23.05,1472.54,3/10/2023 17:40:00,,
3/10/2023,18:00,10.35,27.43,30.85,1481.71,3/10/2023 18:00:00,,
3/10/2023,18:20,10.31,29.97,33.39,1484.73,3/10/2023 18:20:00,,
3/10/2023,18:40,10.31,30.54,33.96,1485.43,3/10/2023 18:40:00,,
3/10/2023,19:00,10.28,27.73,31.09,1481.84,3/10/2023 19:00:00,,
3/10/2023,19:20,10.28,24.57,27.87,1477.94,3/10/2023 19:20:00,,
3/10/2023,19:40,10.28,30.72,34.11,1485.53,3/10/2023 19:40:00,,
3/10/2023,20:00,10.35,27.97,31.39,1482.38,3/10/2023 20:00:00,,
3/10/2023,20:20,10.45,27.09,30.57,1481.65,3/10/2023 20:20:00,,
3/10/2023,20:40,10.45,23.11,26.47,1476.74,3/10/2023 20:40:00,,
3/10/2023,21:00,10.45,29.52,33.04,1484.65,3/10/2023 21:00:00,,
3/10/2023,21:20,10.41,26.9,30.35,1481.29,3/10/2023 21:20:00,,
3/10/2023,21:40,10.38,25.02,28.4,1478.85,3/10/2023 21:40:00,,
3/10/2023,22:00,10.35,21.63,24.85,1474.55,3/10/2023 22:00:00,,
3/10/2023,22:20,10.31,21.55,24.75,1474.33,3/10/2023 22:20:00,,
3/10/2023,22:40,10.28,18.99,22.03,1471.05,3/10/2023 22:40:00,,
3/10/2023,23:00,10.25,30.99,34.36,1485.75,3/10/2023 23:00:00,,
3/10/2023,23:20,10.25,30.84,34.21,1485.57,3/10/2023 23:20:00,,
3/10/2023,23:40,10.22,30.85,34.18,1485.45,3/10/2023 23:40:00,,
3/11/2023,0:00,10.22,30.85,34.18,1485.45,3/11/2023 0:00:00,,
3/11/2023,0:20,10.22,30.82,34.16,1485.42,3/11/2023 0:20:00,,
3/11/2023,0:40,10.18,30.85,34.15,1485.33,3/11/2023 0:40:00,,
3/11/2023,1:00,10.18,30.9,34.2,1485.4,3/11/2023 1:00:00,,
3/11/2023,1:20,10.18,30.77,34.08,1485.24,3/11/2023 1:20:00,,
3/11/2023,1:40,10.15,30.98,34.25,1485.37,3/11/2023 1:40:00,,
3/11/2023,2:00,10.15,30.93,34.2,1485.31,3/11/2023 2:00:00,,
3/11/2023,2:20,10.15,30.5,33.78,1484.79,3/11/2023 2:20:00,,
3/11/2023,2:40,10.18,29.85,33.16,1484.1,3/11/2023 2:40:00,,
3/11/2023,3:00,10.22,29.36,32.69,1483.61,3/11/2023 3:00:00,,
3/11/2023,3:20,10.22,29.31,32.64,1483.55,3/11/2023 3:20:00,,
3/11/2023,3:40,10.22,26.89,30.19,1480.56,3/11/2023 3:40:00,,
3/11/2023,4:00,10.22,30.37,33.71,1484.87,3/11/2023 4:00:00,,
3/11/2023,4:20,10.22,31.15,34.48,1485.82,3/11/2023 4:20:00,,
3/11/2023,4:40,10.25,26.89,30.22,1480.69,3/11/2023 4:40:00,,
3/11/2023,5:00,10.25,24.77,28.04,1478.06,3/11/2023 5:00:00,,
3/11/2023,5:20,10.25,21.08,24.22,1473.51,3/11/2023 5:20:00,,
3/11/2023,5:40,10.25,20.77,23.89,1473.12,3/11/2023 5:40:00,,
3/11/2023,6:00,10.25,29.11,32.46,1483.42,3/11/2023 6:00:00,,
3/11/2023,6:20,10.25,29.83,33.19,1484.31,3/11/2023 6:20:00,,
3/11/2023,6:40,10.22,24.25,27.49,1477.3,3/11/2023 6:40:00,,
3/11/2023,7:00,10.22,23.06,26.26,1475.83,3/11/2023 7:00:00,,
3/11/2023,7:20,10.25,19.25,22.29,1471.25,3/11/2023 7:20:00,,
3/11/2023,7:40,10.25,15.6,18.38,1466.74,3/11/2023 7:40:00,,
3/11/2023,8:00,10.28,26.28,29.62,1480.05,3/11/2023 8:00:00,,
3/11/2023,8:20,10.28,23.48,26.74,1476.59,3/11/2023 8:20:00,,
3/11/2023,8:40,10.31,30.86,34.28,1485.83,3/11/2023 8:40:00,,
3/11/2023,9:00,10.31,25.5,28.85,1479.21,3/11/2023 9:00:00,,
3/11/2023,9:20,10.31,23.19,26.46,1476.36,3/11/2023 9:20:00,,
3/11/2023,9:40,10.35,21.84,25.08,1474.82,3/11/2023 9:40:00,,
3/11/2023,10:00,10.35,21.17,24.37,1473.98,3/11/2023 10:00:00,,
3/11/2023,10:20,10.38,29.65,33.11,1484.56,3/11/2023 10:20:00,,
3/11/2023,10:40,10.41,26.07,29.5,1480.27,3/11/2023 10:40:00,,
3/11/2023,11:00,10.45,24.93,28.35,1478.98,3/11/2023 11:00:00,,
3/11/2023,11:20,10.48,29.67,33.22,1484.94,3/11/2023 11:20:00,,
3/11/2023,11:40,10.51,29.18,32.74,1484.45,3/11/2023 11:40:00,,
3/11/2023,12:00,10.48,26.14,29.62,1480.6,3/11/2023 12:00:00,,
3/11/2023,12:20,10.51,25.05,28.52,1479.38,3/11/2023 12:20:00,,
3/11/2023,12:40,10.54,30.01,33.62,1485.6,3/11/2023 12:40:00,,
3/11/2023,13:00,10.58,28.81,32.42,1484.24,3/11/2023 13:00:00,,
3/11/2023,13:20,10.54,30.87,34.49,1486.67,3/11/2023 13:20:00,,
3/11/2023,13:40,10.48,28.56,32.1,1483.58,3/11/2023 13:40:00,,
3/11/2023,14:00,10.51,25.98,29.48,1480.51,3/11/2023 14:00:00,,
3/11/2023,14:20,10.48,22.61,25.96,1476.24,3/11/2023 14:20:00,,
3/11/2023,14:40,10.45,26.92,30.4,1481.44,3/11/2023 14:40:00,,
3/11/2023,15:00,10.48,30.9,34.46,1486.47,3/11/2023 15:00:00,,
3/11/2023,15:20,10.48,31.13,34.68,1486.74,3/11/2023 15:20:00,,
3/11/2023,15:40,10.48,31.32,34.88,1486.99,3/11/2023 15:40:00,,
3/11/2023,16:00,10.51,31.12,34.71,1486.86,3/11/2023 16:00:00,,
3/11/2023,16:20,10.51,31.12,34.71,1486.86,3/11/2023 16:20:00,,
3/11/2023,16:40,10.54,31.2,34.81,1487.06,3/11/2023 16:40:00,,
3/11/2023,17:00,10.54,31.24,34.86,1487.12,3/11/2023 17:00:00,,
3/11/2023,17:20,10.54,31.24,34.86,1487.12,3/11/2023 17:20:00,,
3/11/2023,17:40,10.54,31.1,34.71,1486.94,3/11/2023 17:40:00,,
3/11/2023,18:00,10.51,31.27,34.86,1487.04,3/11/2023 18:00:00,,
3/11/2023,18:20,10.51,31.37,34.96,1487.16,3/11/2023 18:20:00,,
3/11/2023,18:40,10.54,31.24,34.86,1487.12,3/11/2023 18:40:00,,
3/11/2023,19:00,10.54,31.24,34.86,1487.12,3/11/2023 19:00:00,,
3/11/2023,19:20,10.58,31.14,34.79,1487.11,3/11/2023 19:20:00,,
3/11/2023,19:40,10.58,31.12,34.76,1487.08,3/11/2023 19:40:00,,
3/11/2023,20:00,10.58,31.24,34.89,1487.24,3/11/2023 20:00:00,,
3/11/2023,20:20,10.58,31.14,34.79,1487.11,3/11/2023 20:20:00,,
3/11/2023,20:40,10.58,31.09,34.74,1487.05,3/11/2023 20:40:00,,
3/11/2023,21:00,10.58,31.17,34.81,1487.14,3/11/2023 21:00:00,,
3/11/2023,21:20,10.58,31.04,34.69,1486.99,3/11/2023 21:20:00,,
3/11/2023,21:40,10.58,31.07,34.71,1487.02,3/11/2023 21:40:00,,
3/11/2023,22:00,10.54,30.75,34.36,1486.51,3/11/2023 22:00:00,,
3/11/2023,22:20,10.54,29.4,32.99,1484.84,3/11/2023 22:20:00,,
3/11/2023,22:40,10.54,29.94,33.54,1485.51,3/11/2023 22:40:00,,
3/11/2023,23:00,10.54,29.99,33.59,1485.57,3/11/2023 23:00:00,,
3/11/2023,23:20,10.51,30.83,34.41,1486.49,3/11/2023 23:20:00,,
3/11/2023,23:40,10.51,30.83,34.41,1486.49,3/11/2023 23:40:00,,
3/12/2023,0:00,10.51,30.83,34.41,1486.49,3/12/2023 0:00:00,,
3/12/2023,0:20,10.51,30.83,34.41,1486.49,3/12/2023 0:20:00,,
3/12/2023,0:40,10.51,30.83,34.41,1486.49,3/12/2023 0:40:00,,
3/12/2023,1:00,10.48,30.85,34.41,1486.41,3/12/2023 1:00:00,,
3/12/2023,1:20,10.48,30.88,34.44,1486.44,3/12/2023 1:20:00,,
3/12/2023,1:40,10.48,30.95,34.51,1486.53,3/12/2023 1:40:00,,
3/12/2023,2:00,10.48,30.98,34.53,1486.56,3/12/2023 2:00:00,,
3/12/2023,2:20,10.51,30.98,34.56,1486.67,3/12/2023 2:20:00,,
3/12/2023,2:40,10.51,30.98,34.56,1486.67,3/12/2023 2:40:00,,
3/12/2023,3:00,10.51,31,34.59,1486.7,3/12/2023 3:00:00,,
3/12/2023,3:20,10.51,30.98,34.56,1486.67,3/12/2023 3:20:00,,
3/12/2023,3:40,10.51,31,34.59,1486.7,3/12/2023 3:40:00,,
3/12/2023,4:00,10.54,31.34,34.96,1487.24,3/12/2023 4:00:00,,
3/12/2023,4:20,10.54,31.29,34.91,1487.18,3/12/2023 4:20:00,,
3/12/2023,4:40,10.54,31.22,34.83,1487.09,3/12/2023 4:40:00,,
3/12/2023,5:00,10.58,18.72,21.91,1471.82,3/12/2023 5:00:00,,
3/12/2023,5:20,10.58,23.54,27,1477.75,3/12/2023 5:20:00,,
3/12/2023,5:40,10.58,24.36,27.85,1478.76,3/12/2023 5:40:00,,
3/12/2023,6:00,10.58,23.83,27.3,1478.1,3/12/2023 6:00:00,,
3/12/2023,6:20,10.58,23.83,27.3,1478.1,3/12/2023 6:20:00,,
3/12/2023,6:40,10.61,22.87,26.32,1477.04,3/12/2023 6:40:00,,
3/12/2023,7:00,10.61,22.03,25.44,1476.01,3/12/2023 7:00:00,,
3/12/2023,7:20,10.61,21.65,25.03,1475.54,3/12/2023 7:20:00,,
3/12/2023,7:40,10.64,20.43,23.77,1474.16,3/12/2023 7:40:00,,
3/12/2023,8:00,10.64,20.19,23.51,1473.87,3/12/2023 8:00:00,,
3/12/2023,8:20,10.64,19,22.24,1472.4,3/12/2023 8:20:00,,
3/12/2023,8:40,10.67,18.98,22.24,1472.5,3/12/2023 8:40:00,,
3/12/2023,9:00,10.67,17.72,20.89,1470.95,3/12/2023 9:00:00,,
3/12/2023,9:20,10.71,17.64,20.81,1470.97,3/12/2023 9:20:00,,
3/12/2023,9:40,10.77,18.06,21.3,1471.72,3/12/2023 9:40:00,,
3/12/2023,10:00,10.84,18.15,21.43,1472.07,3/12/2023 10:00:00,,
3/12/2023,10:20,10.8,16.95,20.12,1470.49,3/12/2023 10:20:00,,
3/12/2023,10:40,10.84,17.62,20.87,1471.43,3/12/2023 10:40:00,,
3/12/2023,11:00,10.84,17.1,20.3,1470.79,3/12/2023 11:00:00,,
3/12/2023,11:20,10.87,25.03,28.76,1480.65,3/12/2023 11:20:00,,
3/12/2023,11:40,10.84,25.08,28.78,1480.59,3/12/2023 11:40:00,,
3/12/2023,12:00,10.8,20.32,23.75,1474.63,3/12/2023 12:00:00,,
3/12/2023,12:20,10.77,30.79,34.59,1487.37,3/12/2023 12:20:00,,
3/12/2023,12:40,10.74,25.5,29.15,1480.76,3/12/2023 12:40:00,,
3/12/2023,13:00,10.74,26.06,29.73,1481.45,3/12/2023 13:00:00,,
3/12/2023,13:20,10.74,30.52,34.29,1486.93,3/12/2023 13:20:00,,
3/12/2023,13:40,10.74,31.11,34.89,1487.65,3/12/2023 13:40:00,,
3/12/2023,14:00,10.74,27.83,31.55,1483.62,3/12/2023 14:00:00,,
3/12/2023,14:20,10.77,28.61,32.38,1484.7,3/12/2023 14:20:00,,
3/12/2023,14:40,10.8,23.49,27.1,1478.52,3/12/2023 14:40:00,,
3/12/2023,15:00,10.84,31.27,35.14,1488.2,3/12/2023 15:00:00,,
3/12/2023,15:20,10.84,29.73,33.57,1486.31,3/12/2023 15:20:00,,
3/12/2023,15:40,10.84,28.8,32.63,1485.17,3/12/2023 15:40:00,,
3/12/2023,16:00,10.87,14.71,17.69,1467.97,3/12/2023 16:00:00,,
3/12/2023,16:20,10.87,18.89,22.25,1473.1,3/12/2023 16:20:00,,
3/12/2023,16:40,10.87,16.24,19.37,1469.85,3/12/2023 16:40:00,,
3/12/2023,17:00,10.87,18.2,21.51,1472.26,3/12/2023 17:00:00,,
3/12/2023,17:20,10.87,17.78,21.05,1471.74,3/12/2023 17:20:00,,
3/12/2023,17:40,10.9,16.51,19.68,1470.3,3/12/2023 17:40:00,,
3/12/2023,18:00,10.9,16.51,19.68,1470.3,3/12/2023 18:00:00,,
3/12/2023,18:20,10.9,15.24,18.29,1468.74,3/12/2023 18:20:00,,
3/12/2023,18:40,10.9,15.8,18.91,1469.43,3/12/2023 18:40:00,,
3/12/2023,19:00,10.9,16.23,19.37,1469.96,3/12/2023 19:00:00,,
3/12/2023,19:20,10.9,16.27,19.43,1470.01,3/12/2023 19:20:00,,
3/12/2023,19:40,10.93,16.07,19.22,1469.89,3/12/2023 19:40:00,,
3/12/2023,20:00,10.93,15.2,18.26,1468.82,3/12/2023 20:00:00,,
3/12/2023,20:20,10.93,15.37,18.44,1469.02,3/12/2023 20:20:00,,
3/12/2023,20:40,10.93,15.01,18.05,1468.58,3/12/2023 20:40:00,,
3/12/2023,21:00,10.93,13.67,16.57,1466.94,3/12/2023 21:00:00,,
3/12/2023,21:20,10.9,12.93,15.73,1465.91,3/12/2023 21:20:00,,
3/12/2023,21:40,10.9,15.24,18.29,1468.74,3/12/2023 21:40:00,,
3/12/2023,22:00,10.9,13.78,16.67,1466.95,3/12/2023 22:00:00,,
3/12/2023,22:20,10.9,12.89,15.68,1465.85,3/12/2023 22:20:00,,
3/12/2023,22:40,10.9,13.12,15.94,1466.14,3/12/2023 22:40:00,,
3/12/2023,23:00,10.87,12.29,14.99,1464.99,3/12/2023 23:00:00,,
3/12/2023,23:20,10.87,12.12,14.81,1464.79,3/12/2023 23:20:00,,
3/12/2023,23:40,10.87,11.86,14.51,1464.48,3/12/2023 23:40:00,,
3/13/2023,0:00,10.87,11.77,14.41,1464.36,3/13/2023 0:00:00,,
3/13/2023,0:20,10.87,11.7,14.33,1464.27,3/13/2023 0:20:00,,
3/13/2023,0:40,10.87,11.68,14.3,1464.24,3/13/2023 0:40:00,,
3/13/2023,1:00,10.87,11.42,14.01,1463.93,3/13/2023 1:00:00,,
3/13/2023,1:20,10.87,11.49,14.09,1464.01,3/13/2023 1:20:00,,
3/13/2023,1:40,10.87,11.49,14.09,1464.01,3/13/2023 1:40:00,,
3/13/2023,2:00,10.87,11.49,14.09,1464.01,3/13/2023 2:00:00,,
3/13/2023,2:20,10.87,11.56,14.17,1464.1,3/13/2023 2:20:00,,
3/13/2023,2:40,10.87,11.42,14.01,1463.93,3/13/2023 2:40:00,,
3/13/2023,3:00,10.87,11.3,13.88,1463.78,3/13/2023 3:00:00,,
3/13/2023,3:20,10.9,11.13,13.69,1463.69,3/13/2023 3:20:00,,
3/13/2023,3:40,10.87,11.04,13.59,1463.47,3/13/2023 3:40:00,,
3/13/2023,4:00,10.9,10.89,13.43,1463.41,3/13/2023 4:00:00,,
3/13/2023,4:20,10.9,10.78,13.29,1463.26,3/13/2023 4:20:00,,
3/13/2023,4:40,10.9,11.18,13.75,1463.75,3/13/2023 4:40:00,,
3/13/2023,5:00,10.9,11.25,13.83,1463.84,3/13/2023 5:00:00,,
3/13/2023,5:20,10.9,11.22,13.8,1463.81,3/13/2023 5:20:00,,
3/13/2023,5:40,10.9,11.22,13.8,1463.81,3/13/2023 5:40:00,,
3/13/2023,6:00,10.93,11,13.56,1463.66,3/13/2023 6:00:00,,
3/13/2023,6:20,10.93,10.82,13.35,1463.43,3/13/2023 6:20:00,,
3/13/2023,6:40,10.93,10.75,13.27,1463.35,3/13/2023 6:40:00,,
3/13/2023,7:00,10.93,10.4,12.87,1462.92,3/13/2023 7:00:00,,
3/13/2023,7:20,10.93,10.16,12.6,1462.63,3/13/2023 7:20:00,,
3/13/2023,7:40,10.97,10.29,12.76,1462.91,3/13/2023 7:40:00,,
3/13/2023,8:00,11,10.28,12.76,1463.02,3/13/2023 8:00:00,,
3/13/2023,8:20,11,10.35,12.84,1463.11,3/13/2023 8:20:00,,
3/13/2023,8:40,11.03,10.25,12.74,1463.11,3/13/2023 8:40:00,,
3/13/2023,9:00,11.1,10.19,12.68,1463.27,3/13/2023 9:00:00,,
3/13/2023,9:20,11.13,10.16,12.66,1463.35,3/13/2023 9:20:00,,
3/13/2023,9:40,11.13,9.93,12.39,1463.07,3/13/2023 9:40:00,,
3/13/2023,10:00,11.16,10.22,12.74,1463.55,3/13/2023 10:00:00,,
3/13/2023,10:20,11.19,10.26,12.79,1463.72,3/13/2023 10:20:00,,
3/13/2023,10:40,11.23,10.29,12.84,1463.88,3/13/2023 10:40:00,,
3/13/2023,11:00,11.23,10.36,12.92,1463.97,3/13/2023 11:00:00,,
3/13/2023,11:20,11.29,10.25,12.82,1464.08,3/13/2023 11:20:00,,
3/13/2023,11:40,11.35,10.28,12.87,1464.35,3/13/2023 11:40:00,,
3/13/2023,12:00,11.35,10.28,12.87,1464.35,3/13/2023 12:00:00,,
3/13/2023,12:20,11.35,10.49,13.11,1464.61,3/13/2023 12:20:00,,
3/13/2023,12:40,11.39,10.83,13.51,1465.14,3/13/2023 12:40:00,,
3/13/2023,13:00,11.42,11.3,14.07,1465.84,3/13/2023 13:00:00,,
3/13/2023,13:20,11.35,11.04,13.75,1465.29,3/13/2023 13:20:00,,
3/13/2023,13:40,11.26,11.4,14.12,1465.36,3/13/2023 13:40:00,,
3/13/2023,14:00,11.23,12.82,15.73,1466.98,3/13/2023 14:00:00,,
3/13/2023,14:20,11.23,13.43,16.41,1467.73,3/13/2023 14:20:00,,
3/13/2023,14:40,11.26,12.67,15.57,1466.92,3/13/2023 14:40:00,,
3/13/2023,15:00,11.29,13.36,16.36,1467.88,3/13/2023 15:00:00,,
3/13/2023,15:20,11.29,12.59,15.5,1466.94,3/13/2023 15:20:00,,
3/13/2023,15:40,11.29,16.39,19.74,1471.59,3/13/2023 15:40:00,,
3/13/2023,16:00,11.29,16.74,20.13,1472.02,3/13/2023 16:00:00,,
3/13/2023,16:20,11.26,17.52,20.98,1472.86,3/13/2023 16:20:00,,
3/13/2023,16:40,11.26,17.5,20.95,1472.83,3/13/2023 16:40:00,,
3/13/2023,17:00,11.29,17.56,21.03,1473.02,3/13/2023 17:00:00,,
3/13/2023,17:20,11.26,17.74,21.21,1473.12,3/13/2023 17:20:00,,
3/13/2023,17:40,11.29,17.84,21.33,1473.36,3/13/2023 17:40:00,,
3/13/2023,18:00,11.29,17.88,21.39,1473.42,3/13/2023 18:00:00,,
3/13/2023,18:20,11.26,17.27,20.69,1472.55,3/13/2023 18:20:00,,
3/13/2023,18:40,11.29,17.16,20.59,1472.53,3/13/2023 18:40:00,,
3/13/2023,19:00,11.29,17,20.41,1472.33,3/13/2023 19:00:00,,
3/13/2023,19:20,11.29,16.95,20.36,1472.27,3/13/2023 19:20:00,,
3/13/2023,19:40,11.26,17.52,20.98,1472.86,3/13/2023 19:40:00,,
3/13/2023,20:00,11.26,17.24,20.67,1472.52,3/13/2023 20:00:00,,
3/13/2023,20:20,11.26,16.59,19.95,1471.72,3/13/2023 20:20:00,,
3/13/2023,20:40,11.26,17.22,20.64,1472.49,3/13/2023 20:40:00,,
3/13/2023,21:00,11.26,16.92,20.31,1472.12,3/13/2023 21:00:00,,
3/13/2023,21:20,11.26,16.85,20.23,1472.03,3/13/2023 21:20:00,,
3/13/2023,21:40,11.26,16.82,20.2,1472,3/13/2023 21:40:00,,
3/13/2023,22:00,11.26,16.33,19.66,1471.4,3/13/2023 22:00:00,,
3/13/2023,22:20,11.26,14.77,17.93,1469.49,3/13/2023 22:20:00,,
3/13/2023,22:40,11.26,14.89,18.06,1469.63,3/13/2023 22:40:00,,
3/13/2023,23:00,11.23,15.44,18.66,1470.18,3/13/2023 23:00:00,,
3/13/2023,23:20,11.23,15.81,19.07,1470.64,3/13/2023 23:20:00,,
3/13/2023,23:40,11.26,15.61,18.86,1470.51,3/13/2023 23:40:00,,
3/14/2023,0:00,11.23,15.81,19.07,1470.64,3/14/2023 0:00:00,,
3/14/2023,0:20,11.26,16.99,20.38,1472.2,3/14/2023 0:20:00,,
3/14/2023,0:40,11.26,17.1,20.51,1472.35,3/14/2023 0:40:00,,
3/14/2023,1:00,11.23,17.16,20.56,1472.3,3/14/2023 1:00:00,,
3/14/2023,1:20,11.23,17.09,20.49,1472.22,3/14/2023 1:20:00,,
3/14/2023,1:40,11.23,17.16,20.56,1472.3,3/14/2023 1:40:00,,
3/14/2023,2:00,11.23,17.33,20.74,1472.5,3/14/2023 2:00:00,,
3/14/2023,2:20,11.23,17.35,20.77,1472.53,3/14/2023 2:20:00,,
3/14/2023,2:40,11.23,17.35,20.77,1472.53,3/14/2023 2:40:00,,
3/14/2023,3:00,11.23,17.28,20.69,1472.45,3/14/2023 3:00:00,,
3/14/2023,3:20,11.23,17.26,20.67,1472.42,3/14/2023 3:20:00,,
3/14/2023,3:40,11.23,17.26,20.67,1472.42,3/14/2023 3:40:00,,
3/14/2023,4:00,11.23,17.28,20.69,1472.45,3/14/2023 4:00:00,,
3/14/2023,4:20,11.19,17.27,20.67,1472.32,3/14/2023 4:20:00,,
3/14/2023,4:40,11.19,17.32,20.72,1472.37,3/14/2023 4:40:00,,
3/14/2023,5:00,11.19,17.32,20.72,1472.37,3/14/2023 5:00:00,,
3/14/2023,5:20,11.19,17.32,20.72,1472.37,3/14/2023 5:20:00,,
3/14/2023,5:40,11.23,17.33,20.74,1472.5,3/14/2023 5:40:00,,
3/14/2023,6:00,11.23,17.42,20.85,1472.62,3/14/2023 6:00:00,,
3/14/2023,6:20,11.26,17.38,20.82,1472.69,3/14/2023 6:20:00,,
3/14/2023,6:40,11.26,16.52,19.87,1471.63,3/14/2023 6:40:00,,
3/14/2023,7:00,11.26,15.8,19.07,1470.74,3/14/2023 7:00:00,,
3/14/2023,7:20,11.29,15.25,18.48,1470.19,3/14/2023 7:20:00,,
3/14/2023,7:40,11.32,15,18.22,1470.01,3/14/2023 7:40:00,,
3/14/2023,8:00,11.35,15.48,18.76,1470.71,3/14/2023 8:00:00,,
3/14/2023,8:20,11.39,15.3,18.58,1470.61,3/14/2023 8:20:00,,
3/14/2023,8:40,11.42,14.85,18.09,1470.18,3/14/2023 8:40:00,,
3/14/2023,9:00,11.48,14.59,17.83,1470.1,3/14/2023 9:00:00,,
3/14/2023,9:20,11.52,14.44,17.67,1470.03,3/14/2023 9:20:00,,
3/14/2023,9:40,11.58,14.25,17.49,1470.04,3/14/2023 9:40:00,,
3/14/2023,10:00,11.61,14.24,17.49,1470.14,3/14/2023 10:00:00,,
3/14/2023,10:20,11.68,14.1,17.36,1470.21,3/14/2023 10:20:00,,
3/14/2023,10:40,11.68,13.66,16.87,1469.68,3/14/2023 10:40:00,,
3/14/2023,11:00,11.71,13.58,16.79,1469.69,3/14/2023 11:00:00,,
3/14/2023,11:20,11.74,13.43,16.63,1469.63,3/14/2023 11:20:00,,
3/14/2023,11:40,11.74,13.41,16.6,1469.6,3/14/2023 11:40:00,,
3/14/2023,12:00,11.74,13.62,16.84,1469.85,3/14/2023 12:00:00,,
3/14/2023,12:20,11.68,13.48,16.66,1469.45,3/14/2023 12:20:00,,
3/14/2023,12:40,11.61,13.53,16.68,1469.27,3/14/2023 12:40:00,,
3/14/2023,13:00,11.61,13.43,16.58,1469.16,3/14/2023 13:00:00,,
3/14/2023,13:20,11.61,13.41,16.55,1469.13,3/14/2023 13:20:00,,
3/14/2023,13:40,11.61,13.5,16.66,1469.24,3/14/2023 13:40:00,,
3/14/2023,14:00,11.52,13.4,16.5,1468.76,3/14/2023 14:00:00,,
3/14/2023,14:20,11.45,13.67,16.78,1468.86,3/14/2023 14:20:00,,
3/14/2023,14:40,11.42,13.22,16.26,1468.19,3/14/2023 14:40:00,,
3/14/2023,15:00,11.39,13.21,16.23,1468.06,3/14/2023 15:00:00,,
3/14/2023,15:20,11.35,13.38,16.42,1468.15,3/14/2023 15:20:00,,
3/14/2023,15:40,11.32,13.35,16.36,1467.99,3/14/2023 15:40:00,,
3/14/2023,16:00,11.29,13.29,16.28,1467.79,3/14/2023 16:00:00,,
3/14/2023,16:20,11.29,13.27,16.26,1467.77,3/14/2023 16:20:00,,
3/14/2023,16:40,11.29,13.22,16.21,1467.71,3/14/2023 16:40:00,,
3/14/2023,17:00,11.26,13.14,16.1,1467.49,3/14/2023 17:00:00,,
3/14/2023,17:20,11.26,13.09,16.05,1467.43,3/14/2023 17:20:00,,
3/14/2023,17:40,11.26,13.05,16,1467.38,3/14/2023 17:40:00,,
3/14/2023,18:00,11.23,13.01,15.94,1467.21,3/14/2023 18:00:00,,
3/14/2023,18:20,11.19,13.42,16.39,1467.59,3/14/2023 18:20:00,,
3/14/2023,18:40,11.19,13.16,16.1,1467.28,3/14/2023 18:40:00,,
3/14/2023,19:00,11.19,12.65,15.52,1466.65,3/14/2023 19:00:00,,
3/14/2023,19:20,11.19,12.6,15.47,1466.59,3/14/2023 19:20:00,,
3/14/2023,19:40,11.16,14.01,17.04,1468.2,3/14/2023 19:40:00,,
3/14/2023,20:00,11.16,14.57,17.67,1468.89,3/14/2023 20:00:00,,
3/14/2023,20:20,11.19,14.42,17.51,1468.82,3/14/2023 20:20:00,,
3/14/2023,20:40,11.16,13.69,16.68,1467.8,3/14/2023 20:40:00,,
3/14/2023,21:00,11.16,16.8,20.13,1471.61,3/14/2023 21:00:00,,
3/14/2023,21:20,11.16,16.05,19.3,1470.69,3/14/2023 21:20:00,,
3/14/2023,21:40,11.16,17.43,20.82,1472.39,3/14/2023 21:40:00,,
3/14/2023,22:00,11.16,16.56,19.87,1471.32,3/14/2023 22:00:00,,
3/14/2023,22:20,11.16,16.96,20.31,1471.81,3/14/2023 22:20:00,,
3/14/2023,22:40,11.16,15.95,19.2,1470.58,3/14/2023 22:40:00,,
3/14/2023,23:00,11.13,17.07,20.41,1471.83,3/14/2023 23:00:00,,
3/14/2023,23:20,11.13,17,20.33,1471.74,3/14/2023 23:20:00,,
3/14/2023,23:40,11.13,16.97,20.31,1471.71,3/14/2023 23:40:00,,
3/15/2023,0:00,11.1,16.97,20.28,1471.58,3/15/2023 0:00:00,,
3/15/2023,0:20,11.1,16.28,19.53,1470.75,3/15/2023 0:20:00,,
3/15/2023,0:40,11.1,16.5,19.76,1471.01,3/15/2023 0:40:00,,
3/15/2023,1:00,11.1,16.33,19.58,1470.8,3/15/2023 1:00:00,,
3/15/2023,1:20,11.06,16.13,19.35,1470.44,3/15/2023 1:20:00,,
3/15/2023,1:40,11.06,16.49,19.74,1470.87,3/15/2023 1:40:00,,
3/15/2023,2:00,11.06,16.35,19.58,1470.7,3/15/2023 2:00:00,,
3/15/2023,2:20,11.06,16.18,19.4,1470.5,3/15/2023 2:20:00,,
3/15/2023,2:40,11.06,15.88,19.07,1470.13,3/15/2023 2:40:00,,
3/15/2023,3:00,11.06,15.36,18.5,1469.49,3/15/2023 3:00:00,,
3/15/2023,3:20,11.06,14.8,17.87,1468.8,3/15/2023 3:20:00,,
3/15/2023,3:40,11.06,14.91,18,1468.95,3/15/2023 3:40:00,,
3/15/2023,4:00,11.03,14.69,17.74,1468.55,3/15/2023 4:00:00,,
3/15/2023,4:20,11.03,13.97,16.94,1467.66,3/15/2023 4:20:00,,
3/15/2023,4:40,11.03,14.55,17.59,1468.38,3/15/2023 4:40:00,,
3/15/2023,5:00,11.03,14.39,17.41,1468.18,3/15/2023 5:00:00,,
3/15/2023,5:20,11,14.33,17.33,1467.99,3/15/2023 5:20:00,,
3/15/2023,5:40,11.03,13.73,16.67,1467.37,3/15/2023 5:40:00,,
3/15/2023,6:00,11,13.74,16.67,1467.27,3/15/2023 6:00:00,,
3/15/2023,6:20,11,13.11,15.97,1466.49,3/15/2023 6:20:00,,
3/15/2023,6:40,11,12.88,15.7,1466.2,3/15/2023 6:40:00,,
3/15/2023,7:00,10.97,13.22,16.07,1466.5,3/15/2023 7:00:00,,
3/15/2023,7:20,10.97,15.56,18.68,1469.38,3/15/2023 7:20:00,,
3/15/2023,7:40,10.97,16.46,19.66,1470.48,3/15/2023 7:40:00,,
3/15/2023,8:00,10.97,16.53,19.74,1470.57,3/15/2023 8:00:00,,
3/15/2023,8:20,11,16.37,19.58,1470.5,3/15/2023 8:20:00,,
3/15/2023,8:40,11.03,16.17,19.38,1470.37,3/15/2023 8:40:00,,
3/15/2023,9:00,11.06,15.92,19.12,1470.18,3/15/2023 9:00:00,,
3/15/2023,9:20,11.1,15.58,18.76,1469.88,3/15/2023 9:20:00,,
3/15/2023,9:40,11.19,15.71,18.94,1470.39,3/15/2023 9:40:00,,
3/15/2023,10:00,11.23,15.58,18.81,1470.35,3/15/2023 10:00:00,,
3/15/2023,10:20,11.32,15.47,18.73,1470.58,3/15/2023 10:20:00,,
3/15/2023,10:40,11.39,15.37,18.66,1470.7,3/15/2023 10:40:00,,
3/15/2023,11:00,11.42,15.4,18.71,1470.86,3/15/2023 11:00:00,,
3/15/2023,11:20,11.42,15.22,18.5,1470.63,3/15/2023 11:20:00,,
3/15/2023,11:40,11.45,14.88,18.14,1470.33,3/15/2023 11:40:00,,
3/15/2023,12:00,11.48,14.73,17.98,1470.27,3/15/2023 12:00:00,,
3/15/2023,12:20,11.52,14.92,18.22,1470.63,3/15/2023 12:20:00,,
3/15/2023,12:40,11.55,14.77,18.06,1470.56,3/15/2023 12:40:00,,
3/15/2023,13:00,11.61,14.75,18.06,1470.76,3/15/2023 13:00:00,,
3/15/2023,13:20,11.64,14.62,17.93,1470.73,3/15/2023 13:20:00,,
3/15/2023,13:40,11.68,14.49,17.81,1470.69,3/15/2023 13:40:00,,
3/15/2023,14:00,11.64,13.1,16.21,1468.87,3/15/2023 14:00:00,,
3/15/2023,14:20,11.64,14,17.23,1469.97,3/15/2023 14:20:00,,
3/15/2023,14:40,11.68,13.92,17.15,1469.98,3/15/2023 14:40:00,,
3/15/2023,15:00,11.68,13.87,17.1,1469.93,3/15/2023 15:00:00,,
3/15/2023,15:20,11.68,13.87,17.1,1469.93,3/15/2023 15:20:00,,
3/15/2023,15:40,11.71,14.55,17.88,1470.87,3/15/2023 15:40:00,,
3/15/2023,16:00,11.64,15.08,18.45,1471.29,3/15/2023 16:00:00,,
3/15/2023,16:20,11.58,14.85,18.17,1470.77,3/15/2023 16:20:00,,
3/15/2023,16:40,11.48,14.5,17.72,1469.98,3/15/2023 16:40:00,,
3/15/2023,17:00,11.39,14.16,17.31,1469.22,3/15/2023 17:00:00,,
3/15/2023,17:20,11.26,14.26,17.36,1468.86,3/15/2023 17:20:00,,
3/15/2023,17:40,11.23,14.71,17.85,1469.3,3/15/2023 17:40:00,,
3/15/2023,18:00,11.23,14.52,17.64,1469.07,3/15/2023 18:00:00,,
3/15/2023,18:20,11.23,14.41,17.51,1468.92,3/15/2023 18:20:00,,
3/15/2023,18:40,11.26,14.26,17.36,1468.86,3/15/2023 18:40:00,,
3/15/2023,19:00,11.29,14.27,17.38,1468.99,3/15/2023 19:00:00,,
3/15/2023,19:20,11.32,15,18.22,1470.01,3/15/2023 19:20:00,,
3/15/2023,19:40,11.35,14.94,18.16,1470.05,3/15/2023 19:40:00,,
3/15/2023,20:00,11.35,14.64,17.83,1469.68,3/15/2023 20:00:00,,
3/15/2023,20:20,11.32,16.58,19.97,1471.95,3/15/2023 20:20:00,,
3/15/2023,20:40,11.29,16.67,20.05,1471.93,3/15/2023 20:40:00,,
3/15/2023,21:00,11.29,16.67,20.05,1471.93,3/15/2023 21:00:00,,
3/15/2023,21:20,11.26,16.68,20.05,1471.83,3/15/2023 21:20:00,,
3/15/2023,21:40,11.26,16.59,19.95,1471.72,3/15/2023 21:40:00,,
3/15/2023,22:00,11.26,16.71,20.08,1471.86,3/15/2023 22:00:00,,
3/15/2023,22:20,11.26,16.68,20.05,1471.83,3/15/2023 22:20:00,,
3/15/2023,22:40,11.26,16.64,20,1471.77,3/15/2023 22:40:00,,
3/15/2023,23:00,11.26,16.57,19.92,1471.69,3/15/2023 23:00:00,,
3/15/2023,23:20,11.26,15.96,19.25,1470.94,3/15/2023 23:20:00,,
3/15/2023,23:40,11.26,16.36,19.69,1471.43,3/15/2023 23:40:00,,
3/16/2023,0:00,11.23,16.63,19.97,1471.64,3/16/2023 0:00:00,,
3/16/2023,0:20,11.23,16.42,19.74,1471.38,3/16/2023 0:20:00,,
3/16/2023,0:40,11.23,16.65,20,1471.67,3/16/2023 0:40:00,,
3/16/2023,1:00,11.23,16.63,19.97,1471.64,3/16/2023 1:00:00,,
3/16/2023,1:20,11.23,16.72,20.08,1471.76,3/16/2023 1:20:00,,
3/16/2023,1:40,11.23,16.7,20.05,1471.73,3/16/2023 1:40:00,,
3/16/2023,2:00,11.23,16.7,20.05,1471.73,3/16/2023 2:00:00,,
3/16/2023,2:20,11.23,16.7,20.05,1471.73,3/16/2023 2:20:00,,
3/16/2023,2:40,11.23,16.72,20.08,1471.76,3/16/2023 2:40:00,,
3/16/2023,3:00,11.23,16.7,20.05,1471.73,3/16/2023 3:00:00,,
3/16/2023,3:20,11.23,16.6,19.95,1471.61,3/16/2023 3:20:00,,
3/16/2023,3:40,11.26,16.71,20.08,1471.86,3/16/2023 3:40:00,,
3/16/2023,4:00,11.26,16.71,20.08,1471.86,3/16/2023 4:00:00,,
3/16/2023,4:20,11.26,16.64,20,1471.77,3/16/2023 4:20:00,,
3/16/2023,4:40,11.26,16.22,19.54,1471.26,3/16/2023 4:40:00,,
3/16/2023,5:00,11.26,16.54,19.9,1471.66,3/16/2023 5:00:00,,
3/16/2023,5:20,11.26,16.73,20.1,1471.89,3/16/2023 5:20:00,,
3/16/2023,5:40,11.26,16.66,20.02,1471.8,3/16/2023 5:40:00,,
3/16/2023,6:00,11.26,16.71,20.08,1471.86,3/16/2023 6:00:00,,
3/16/2023,6:20,11.23,16.7,20.05,1471.73,3/16/2023 6:20:00,,
3/16/2023,6:40,11.23,16.32,19.64,1471.27,3/16/2023 6:40:00,,
3/16/2023,7:00,11.23,16.77,20.13,1471.81,3/16/2023 7:00:00,,
3/16/2023,7:20,11.23,16.72,20.08,1471.76,3/16/2023 7:20:00,,
3/16/2023,7:40,11.23,16.77,20.13,1471.81,3/16/2023 7:40:00,,
3/16/2023,8:00,11.23,16.79,20.15,1471.84,3/16/2023 8:00:00,,
3/16/2023,8:20,11.26,16.73,20.1,1471.89,3/16/2023 8:20:00,,
3/16/2023,8:40,11.26,16.15,19.46,1471.17,3/16/2023 8:40:00,,
3/16/2023,9:00,11.32,16.65,20.05,1472.03,3/16/2023 9:00:00,,
3/16/2023,9:20,11.35,16.64,20.05,1472.13,3/16/2023 9:20:00,,
3/16/2023,9:40,11.45,16.65,20.1,1472.49,3/16/2023 9:40:00,,
3/16/2023,10:00,11.52,16.64,20.13,1472.72,3/16/2023 10:00:00,,
3/16/2023,10:20,11.68,15.44,18.87,1471.84,3/16/2023 10:20:00,,
3/16/2023,10:40,11.77,16.58,20.19,1473.58,3/16/2023 10:40:00,,
3/16/2023,11:00,11.9,14.85,18.3,1471.93,3/16/2023 11:00:00,,
3/16/2023,11:20,11.93,15.11,18.61,1472.37,3/16/2023 11:20:00,,
3/16/2023,11:40,11.9,15.03,18.51,1472.16,3/16/2023 11:40:00,,
,,,,,,,,
,,,,,,,,
,,,,,,,,
,,,,,,,,
,,,,,,,,
,,,,,,,,
,,,,,,,,
,,,,,,,,
,,,,,,,,
,,,,,,,,
3/16/2023,15:20,12.03,16.35,20.06,1474.23,3/16/2023 15:20:00,,
3/16/2023,15:40,11.96,15.69,19.29,1473.2,3/16/2023 15:40:00,,
3/16/2023,16:00,11.93,16,19.62,1473.46,3/16/2023 16:00:00,,
3/16/2023,16:20,11.87,15.85,19.42,1473.04,3/16/2023 16:20:00,,
3/16/2023,16:40,11.84,16.2,19.8,1473.36,3/16/2023 16:40:00,,
3/16/2023,17:00,11.8,16.1,19.67,1473.12,3/16/2023 17:00:00,,
3/16/2023,17:20,11.71,16.19,19.72,1472.87,3/16/2023 17:20:00,,
3/16/2023,17:40,11.68,16.25,19.77,1472.83,3/16/2023 17:40:00,,
3/16/2023,18:00,11.64,16.26,19.77,1472.73,3/16/2023 18:00:00,,
3/16/2023,18:20,11.68,16.43,19.98,1473.05,3/16/2023 18:20:00,,
3/16/2023,18:40,11.71,16.53,20.11,1473.29,3/16/2023 18:40:00,,
3/16/2023,19:00,11.68,16.59,20.16,1473.25,3/16/2023 19:00:00,,
3/16/2023,19:20,11.68,16.48,20.03,1473.11,3/16/2023 19:20:00,,
3/16/2023,19:40,11.64,16.47,20,1472.98,3/16/2023 19:40:00,,
3/16/2023,20:00,11.61,16.48,20,1472.88,3/16/2023 20:00:00,,
3/16/2023,20:20,11.55,16.49,19.98,1472.65,3/16/2023 20:20:00,,
3/16/2023,20:40,11.52,16.66,20.16,1472.75,3/16/2023 20:40:00,,
3/16/2023,21:00,11.48,15.87,19.25,1471.66,3/16/2023 21:00:00,,
3/16/2023,21:20,11.48,15.56,18.92,1471.29,3/16/2023 21:20:00,,
3/16/2023,21:40,11.45,16.58,20.03,1472.41,3/16/2023 21:40:00,,
3/16/2023,22:00,11.45,16.39,19.82,1472.18,3/16/2023 22:00:00,,
3/16/2023,22:20,11.42,16.45,19.87,1472.14,3/16/2023 22:20:00,,
3/16/2023,22:40,11.42,16.66,20.1,1472.39,3/16/2023 22:40:00,,
3/16/2023,23:00,11.45,16.58,20.03,1472.41,3/16/2023 23:00:00,,
3/16/2023,23:20,11.45,15.44,18.76,1471.02,3/16/2023 23:20:00,,
3/16/2023,23:40,11.42,16.78,20.23,1472.53,3/16/2023 23:40:00,,
3/17/2023,0:00,11.42,16.94,20.41,1472.73,3/17/2023 0:00:00,,
3/17/2023,0:20,11.42,16.15,19.54,1471.77,3/17/2023 0:20:00,,
3/17/2023,0:40,11.42,16.26,19.67,1471.91,3/17/2023 0:40:00,,
3/17/2023,1:00,11.42,13.71,16.81,1468.78,3/17/2023 1:00:00,,
3/17/2023,1:20,11.42,13.45,16.52,1468.47,3/17/2023 1:20:00,,
3/17/2023,1:40,11.42,18.52,22.15,1474.67,3/17/2023 1:40:00,,
3/17/2023,2:00,11.42,15.33,18.63,1470.77,3/17/2023 2:00:00,,
3/17/2023,2:20,11.45,14.6,17.83,1469.99,3/17/2023 2:20:00,,
3/17/2023,2:40,11.45,13.56,16.65,1468.72,3/17/2023 2:40:00,,
3/17/2023,3:00,11.45,11.99,14.87,1466.8,3/17/2023 3:00:00,,
3/17/2023,3:20,11.42,14.94,18.19,1470.29,3/17/2023 3:20:00,,
3/17/2023,3:40,11.42,14.73,17.96,1470.03,3/17/2023 3:40:00,,
3/17/2023,4:00,11.42,15.87,19.23,1471.43,3/17/2023 4:00:00,,
3/17/2023,4:20,11.39,15.18,18.45,1470.47,3/17/2023 4:20:00,,
3/17/2023,4:40,11.39,14.07,17.2,1469.11,3/17/2023 4:40:00,,
3/17/2023,5:00,11.39,15.56,18.87,1470.93,3/17/2023 5:00:00,,
3/17/2023,5:20,11.35,15.2,18.45,1470.37,3/17/2023 5:20:00,,
3/17/2023,5:40,11.35,15.64,18.94,1470.91,3/17/2023 5:40:00,,
3/17/2023,6:00,11.35,15.34,18.61,1470.54,3/17/2023 6:00:00,,
3/17/2023,6:20,11.35,15.97,19.3,1471.31,3/17/2023 6:20:00,,
3/17/2023,6:40,11.32,16.19,19.54,1471.46,3/17/2023 6:40:00,,
3/17/2023,7:00,11.32,16.24,19.59,1471.52,3/17/2023 7:00:00,,
3/17/2023,7:20,11.32,16.37,19.74,1471.69,3/17/2023 7:20:00,,
3/17/2023,7:40,11.35,16.38,19.77,1471.82,3/17/2023 7:40:00,,
3/17/2023,8:00,11.39,16.39,19.79,1471.95,3/17/2023 8:00:00,,
3/17/2023,8:20,11.39,16.21,19.59,1471.72,3/17/2023 8:20:00,,
3/17/2023,8:40,11.42,18.01,21.59,1474.04,3/17/2023 8:40:00,,
3/17/2023,9:00,11.48,18.05,21.67,1474.33,3/17/2023 9:00:00,,
3/17/2023,9:20,11.55,18.14,21.8,1474.67,3/17/2023 9:20:00,,
3/17/2023,9:40,11.64,17.79,21.47,1474.59,3/17/2023 9:40:00,,
3/17/2023,10:00,11.74,15.85,19.36,1472.58,3/17/2023 10:00:00,,
3/17/2023,10:20,11.8,15.6,19.1,1472.5,3/17/2023 10:20:00,,
3/17/2023,10:40,11.96,14.39,17.81,1471.61,3/17/2023 10:40:00,,
3/17/2023,11:00,12.09,12.74,15.98,1470.07,3/17/2023 11:00:00,,
3/17/2023,11:20,12.22,10.6,13.52,1467.93,3/17/2023 11:20:00,,
3/17/2023,11:40,12.31,8.4,10.93,1465.6,3/17/2023 11:40:00,,
3/17/2023,12:00,12.38,8.74,11.36,1466.25,3/17/2023 12:00:00,,
3/17/2023,12:20,12.51,17.67,21.79,1477.54,3/17/2023 12:20:00,,
3/17/2023,12:40,12.57,16.94,21,1476.88,3/17/2023 12:40:00,,
,,,,,,,,
,,,,,,,,
,,,,,,,,
,,,,,,,,
,,,,,,,,
,,,,,,,,
,,,,,,,,
,,,,,,,,
,,,,,,,,
,,,,,,,,
3/17/2023,16:20,12.38,17.52,21.56,1476.91,3/17/2023 16:20:00,,
3/17/2023,16:40,12.41,17.49,21.53,1476.98,3/17/2023 16:40:00,,
3/17/2023,17:00,12.44,17.43,21.48,1477.02,3/17/2023 17:00:00,,
3/17/2023,17:20,12.44,17.45,21.51,1477.05,3/17/2023 17:20:00,,
3/17/2023,17:40,12.44,17.45,21.51,1477.05,3/17/2023 17:40:00,,
3/17/2023,18:00,12.38,17.5,21.53,1476.88,3/17/2023 18:00:00,,
3/17/2023,18:20,12.31,17.62,21.63,1476.8,3/17/2023 18:20:00,,
3/17/2023,18:40,12.25,17.56,21.53,1476.5,3/17/2023 18:40:00,,
3/17/2023,19:00,12.16,17.55,21.48,1476.15,3/17/2023 19:00:00,,
3/17/2023,19:20,12.03,17.59,21.45,1475.74,3/17/2023 19:20:00,,
3/17/2023,19:40,11.93,17.59,21.4,1475.39,3/17/2023 19:40:00,,
3/17/2023,20:00,11.8,17.6,21.34,1474.94,3/17/2023 20:00:00,,
3/17/2023,20:20,11.74,17.61,21.32,1474.72,3/17/2023 20:20:00,,
3/17/2023,20:40,11.68,17.64,21.31,1474.52,3/17/2023 20:40:00,,
3/17/2023,21:00,11.61,17.62,21.26,1474.27,3/17/2023 21:00:00,,
3/17/2023,21:20,11.55,17.62,21.24,1474.04,3/17/2023 21:20:00,,
3/17/2023,21:40,11.48,17.65,21.24,1473.84,3/17/2023 21:40:00,,
3/17/2023,22:00,11.45,17.67,21.23,1473.74,3/17/2023 22:00:00,,
3/17/2023,22:20,11.45,17.65,21.21,1473.72,3/17/2023 22:20:00,,
3/17/2023,22:40,11.45,17.65,21.21,1473.72,3/17/2023 22:40:00,,
3/17/2023,23:00,11.45,17.65,21.21,1473.72,3/17/2023 23:00:00,,
3/17/2023,23:20,11.45,17.62,21.18,1473.69,3/17/2023 23:20:00,,
3/17/2023,23:40,11.42,18.1,21.69,1474.16,3/17/2023 23:40:00,,
3/18/2023,0:00,11.42,18.08,21.67,1474.13,3/18/2023 0:00:00,,
3/18/2023,0:20,11.42,18.01,21.59,1474.04,3/18/2023 0:20:00,,
3/18/2023,0:40,11.42,18.1,21.69,1474.16,3/18/2023 0:40:00,,
3/18/2023,1:00,11.39,18.17,21.75,1474.12,3/18/2023 1:00:00,,
3/18/2023,1:20,11.35,18.65,22.26,1474.59,3/18/2023 1:20:00,,
3/18/2023,1:40,11.35,18.62,22.23,1474.56,3/18/2023 1:40:00,,
3/18/2023,2:00,11.35,18.6,22.2,1474.53,3/18/2023 2:00:00,,
3/18/2023,2:20,11.32,18.59,22.18,1474.41,3/18/2023 2:20:00,,
3/18/2023,2:40,11.32,18.62,22.2,1474.43,3/18/2023 2:40:00,,
3/18/2023,3:00,11.29,18.61,22.18,1474.31,3/18/2023 3:00:00,,
3/18/2023,3:20,11.29,18.59,22.15,1474.28,3/18/2023 3:20:00,,
3/18/2023,3:40,11.29,18.61,22.18,1474.31,3/18/2023 3:40:00,,
3/18/2023,4:00,11.23,18.45,21.97,1473.88,3/18/2023 4:00:00,,
3/18/2023,4:20,11.23,18.45,21.97,1473.88,3/18/2023 4:20:00,,
3/18/2023,4:40,11.26,18.48,22.02,1474.04,3/18/2023 4:40:00,,
3/18/2023,5:00,11.26,18.51,22.05,1474.06,3/18/2023 5:00:00,,
3/18/2023,5:20,11.26,18.53,22.07,1474.09,3/18/2023 5:20:00,,
3/18/2023,5:40,11.29,18.52,22.08,1474.19,3/18/2023 5:40:00,,
3/18/2023,6:00,11.26,18.51,22.05,1474.06,3/18/2023 6:00:00,,
3/18/2023,6:20,11.26,18.48,22.02,1474.04,3/18/2023 6:20:00,,
3/18/2023,6:40,11.26,18.46,22,1474.01,3/18/2023 6:40:00,,
3/18/2023,7:00,11.26,18.46,22,1474.01,3/18/2023 7:00:00,,
3/18/2023,7:20,11.29,18.45,22,1474.11,3/18/2023 7:20:00,,
3/18/2023,7:40,11.32,18.45,22.02,1474.23,3/18/2023 7:40:00,,
3/18/2023,8:00,11.35,18.46,22.05,1474.36,3/18/2023 8:00:00,,
3/18/2023,8:20,11.39,18.45,22.05,1474.46,3/18/2023 8:20:00,,
3/18/2023,8:40,11.45,18.46,22.1,1474.71,3/18/2023 8:40:00,,
3/18/2023,9:00,11.52,18.45,22.13,1474.94,3/18/2023 9:00:00,,
3/18/2023,9:20,11.58,18.47,22.18,1475.19,3/18/2023 9:20:00,,
3/18/2023,9:40,11.61,18.5,22.23,1475.34,3/18/2023 9:40:00,,
3/18/2023,10:00,11.68,18.49,22.26,1475.57,3/18/2023 10:00:00,,
3/18/2023,10:20,11.74,18.51,22.31,1475.82,3/18/2023 10:20:00,,
3/18/2023,10:40,11.77,18.52,22.34,1475.94,3/18/2023 10:40:00,,
3/18/2023,11:00,11.77,18.52,22.34,1475.94,3/18/2023 11:00:00,,
3/18/2023,11:20,11.8,18.5,22.34,1476.04,3/18/2023 11:20:00,,
3/18/2023,11:40,11.87,18.49,22.37,1476.26,3/18/2023 11:40:00,,
3/18/2023,12:00,11.96,18.35,22.27,1476.44,3/18/2023 12:00:00,,
3/18/2023,12:20,12.09,18.18,22.14,1476.68,3/18/2023 12:20:00,,
3/18/2023,12:40,12.16,18.13,22.12,1476.85,3/18/2023 12:40:00,,
3/18/2023,13:00,12.19,18.13,22.14,1476.97,3/18/2023 13:00:00,,
3/18/2023,13:20,12.25,13.08,16.43,1471.06,3/18/2023 13:20:00,,
3/18/2023,13:40,12.28,16.7,20.58,1475.57,3/18/2023 13:40:00,,
,,,,,,,,
,,,,,,,,
,,,,,,,,
,,,,,,,,
,,,,,,,,
,,,,,,,,
,,,,,,,,
,,,,,,,,
,,,,,,,,
,,,,,,,,
3/18/2023,17:20,12.09,17.68,21.58,1476.07,3/18/2023 17:20:00,,
3/18/2023,17:40,12.06,17.69,21.58,1475.97,3/18/2023 17:40:00,,
3/18/2023,18:00,12.06,17.55,21.42,1475.81,3/18/2023 18:00:00,,
3/18/2023,18:20,12.03,17.66,21.53,1475.82,3/18/2023 18:20:00,,
3/18/2023,18:40,12,17.65,21.5,1475.7,3/18/2023 18:40:00,,
3/18/2023,19:00,11.96,17.64,21.47,1475.57,3/18/2023 19:00:00,,
3/18/2023,19:20,11.9,17.67,21.47,1475.38,3/18/2023 19:20:00,,
3/18/2023,19:40,11.87,17.66,21.45,1475.25,3/18/2023 19:40:00,,
3/18/2023,20:00,11.77,17.68,21.42,1474.93,3/18/2023 20:00:00,,
3/18/2023,20:20,11.68,17.73,21.42,1474.63,3/18/2023 20:20:00,,
3/18/2023,20:40,11.64,17.72,21.39,1474.51,3/18/2023 20:40:00,,
3/18/2023,21:00,11.55,17.69,21.31,1474.13,3/18/2023 21:00:00,,
3/18/2023,21:20,11.55,17.67,21.29,1474.1,3/18/2023 21:20:00,,
3/18/2023,21:40,11.55,17.69,21.31,1474.13,3/18/2023 21:40:00,,
3/18/2023,22:00,11.55,17.69,21.31,1474.13,3/18/2023 22:00:00,,
3/18/2023,22:20,11.55,17.67,21.29,1474.1,3/18/2023 22:20:00,,
3/18/2023,22:40,11.52,17.69,21.29,1474,3/18/2023 22:40:00,,
3/18/2023,23:00,11.48,17.68,21.26,1473.87,3/18/2023 23:00:00,,
3/18/2023,23:20,11.48,17.68,21.26,1473.87,3/18/2023 23:20:00,,
3/18/2023,23:40,11.45,17.81,21.39,1473.92,3/18/2023 23:40:00,,
3/19/2023,0:00,11.45,17.81,21.39,1473.92,3/19/2023 0:00:00,,
3/19/2023,0:20,11.42,17.8,21.36,1473.79,3/19/2023 0:20:00,,
3/19/2023,0:40,11.42,17.78,21.34,1473.76,3/19/2023 0:40:00,,
3/19/2023,1:00,11.42,17.8,21.36,1473.79,3/19/2023 1:00:00,,
3/19/2023,1:20,11.42,17.82,21.39,1473.82,3/19/2023 1:20:00,,
3/19/2023,1:40,11.42,17.82,21.39,1473.82,3/19/2023 1:40:00,,
3/19/2023,2:00,11.42,17.73,21.29,1473.7,3/19/2023 2:00:00,,
3/19/2023,2:20,11.42,17.75,21.31,1473.73,3/19/2023 2:20:00,,
3/19/2023,2:40,11.42,17.66,21.21,1473.62,3/19/2023 2:40:00,,
3/19/2023,3:00,11.42,17.75,21.31,1473.73,3/19/2023 3:00:00,,
3/19/2023,3:20,11.42,17.8,21.36,1473.79,3/19/2023 3:20:00,,
3/19/2023,3:40,11.42,17.71,21.26,1473.67,3/19/2023 3:40:00,,
3/19/2023,4:00,11.42,17.73,21.29,1473.7,3/19/2023 4:00:00,,
3/19/2023,4:20,11.42,17.66,21.21,1473.62,3/19/2023 4:20:00,,
3/19/2023,4:40,11.42,17.61,21.16,1473.56,3/19/2023 4:40:00,,
3/19/2023,5:00,11.42,17.64,21.18,1473.59,3/19/2023 5:00:00,,
3/19/2023,5:20,11.35,17.41,20.9,1473.08,3/19/2023 5:20:00,,
3/19/2023,5:40,11.39,17.37,20.87,1473.15,3/19/2023 5:40:00,,
3/19/2023,6:00,11.39,17.42,20.93,1473.2,3/19/2023 6:00:00,,
3/19/2023,6:20,11.39,17.23,20.72,1472.98,3/19/2023 6:20:00,,
3/19/2023,6:40,11.39,16.93,20.39,1472.61,3/19/2023 6:40:00,,
3/19/2023,7:00,11.42,18.43,22.05,1474.56,3/19/2023 7:00:00,,
3/19/2023,7:20,11.42,18.31,21.92,1474.41,3/19/2023 7:20:00,,
3/19/2023,7:40,11.42,18.38,22,1474.5,3/19/2023 7:40:00,,
3/19/2023,8:00,11.42,17.8,21.36,1473.79,3/19/2023 8:00:00,,
3/19/2023,8:20,11.45,17.79,21.36,1473.89,3/19/2023 8:20:00,,
3/19/2023,8:40,11.45,17.76,21.34,1473.86,3/19/2023 8:40:00,,
3/19/2023,9:00,11.45,17.62,21.18,1473.69,3/19/2023 9:00:00,,
3/19/2023,9:20,11.45,17.55,21.11,1473.6,3/19/2023 9:20:00,,
3/19/2023,9:40,11.45,17.55,21.11,1473.6,3/19/2023 9:40:00,,
3/19/2023,10:00,11.48,17.51,21.08,1473.67,3/19/2023 10:00:00,,
3/19/2023,10:20,11.55,17.11,20.67,1473.42,3/19/2023 10:20:00,,
3/19/2023,10:40,11.61,16.92,20.49,1473.42,3/19/2023 10:40:00,,
3/19/2023,11:00,11.71,16.93,20.55,1473.77,3/19/2023 11:00:00,,
3/19/2023,11:20,11.77,17.15,20.83,1474.28,3/19/2023 11:20:00,,
3/19/2023,11:40,11.87,17.13,20.86,1474.61,3/19/2023 11:40:00,,
3/19/2023,12:00,12,17.17,20.96,1475.11,3/19/2023 12:00:00,,
3/19/2023,12:20,12.06,17.23,21.06,1475.42,3/19/2023 12:20:00,,
3/19/2023,12:40,12.22,17.27,21.2,1476.04,3/19/2023 12:40:00,,
3/19/2023,13:00,12.35,17.2,21.17,1476.4,3/19/2023 13:00:00,,
3/19/2023,13:20,12.38,17.34,21.35,1476.69,3/19/2023 13:20:00,,
3/19/2023,13:40,12.44,17.27,21.3,1476.83,3/19/2023 13:40:00,,
3/19/2023,14:00,12.54,17.16,21.23,1477.03,3/19/2023 14:00:00,,
3/19/2023,14:20,12.51,17.28,21.35,1477.07,3/19/2023 14:20:00,,
,,,,,,,,
,,,,,,,,
,,,,,,,,
,,,,,,,,
,,,,,,,,
,,,,,,,,
,,,,,,,,
,,,,,,,,
3/19/2023,17:20,11.87,16.6,20.27,1473.96,3/19/2023 17:20:00,,
3/19/2023,17:40,11.87,16.14,19.75,1473.4,3/19/2023 17:40:00,,
3/19/2023,18:00,11.87,16.17,19.78,1473.43,3/19/2023 18:00:00,,
3/19/2023,18:20,11.87,16.08,19.67,1473.32,3/19/2023 18:20:00,,
3/19/2023,18:40,11.87,15.96,19.54,1473.18,3/19/2023 18:40:00,,
3/19/2023,19:00,11.9,16.15,19.78,1473.53,3/19/2023 19:00:00,,
3/19/2023,19:20,11.87,16.24,19.85,1473.51,3/19/2023 19:20:00,,
3/19/2023,19:40,11.87,16.24,19.85,1473.51,3/19/2023 19:40:00,,
3/19/2023,20:00,11.84,16.3,19.9,1473.47,3/19/2023 20:00:00,,
3/19/2023,20:20,11.8,16.31,19.9,1473.37,3/19/2023 20:20:00,,
3/19/2023,20:40,11.77,16.37,19.96,1473.33,3/19/2023 20:40:00,,
3/19/2023,21:00,11.77,16.48,20.08,1473.47,3/19/2023 21:00:00,,
3/19/2023,21:20,11.77,16.41,20.01,1473.38,3/19/2023 21:20:00,,
3/19/2023,21:40,11.77,16.41,20.01,1473.38,3/19/2023 21:40:00,,
3/19/2023,22:00,11.77,16.44,20.03,1473.41,3/19/2023 22:00:00,,
3/19/2023,22:20,11.74,16.43,20.01,1473.28,3/19/2023 22:20:00,,
3/19/2023,22:40,11.74,16.45,20.03,1473.31,3/19/2023 22:40:00,,
3/19/2023,23:00,11.71,16.44,20.01,1473.18,3/19/2023 23:00:00,,
3/19/2023,23:20,11.71,16.42,19.98,1473.15,3/19/2023 23:20:00,,
3/19/2023,23:40,11.71,16.4,19.95,1473.13,3/19/2023 23:40:00,,
3/20/2023,0:00,11.68,16.36,19.9,1472.97,3/20/2023 0:00:00,,
3/20/2023,0:20,11.68,16.34,19.88,1472.94,3/20/2023 0:20:00,,
3/20/2023,0:40,11.68,16.25,19.77,1472.83,3/20/2023 0:40:00,,
3/20/2023,1:00,11.64,16.22,19.72,1472.67,3/20/2023 1:00:00,,
3/20/2023,1:20,11.64,15.94,19.41,1472.33,3/20/2023 1:20:00,,
3/20/2023,1:40,11.64,15.89,19.36,1472.28,3/20/2023 1:40:00,,
3/20/2023,2:00,11.64,15.66,19.1,1471.99,3/20/2023 2:00:00,,
3/20/2023,2:20,11.61,15.84,19.28,1472.09,3/20/2023 2:20:00,,
3/20/2023,2:40,11.61,15.56,18.97,1471.75,3/20/2023 2:40:00,,
3/20/2023,3:00,11.58,16.13,19.59,1472.33,3/20/2023 3:00:00,,
3/20/2023,3:20,11.55,17.35,20.93,1473.7,3/20/2023 3:20:00,,
3/20/2023,3:40,11.55,19.07,22.82,1475.8,3/20/2023 3:40:00,,
3/20/2023,4:00,11.55,19.28,23.05,1476.06,3/20/2023 4:00:00,,
3/20/2023,4:20,11.55,18.32,22,1474.89,3/20/2023 4:20:00,,
3/20/2023,4:40,11.55,18.39,22.08,1474.98,3/20/2023 4:40:00,,
3/20/2023,5:00,11.55,22.83,26.89,1480.4,3/20/2023 5:00:00,,
3/20/2023,5:20,11.55,22.5,26.54,1480,3/20/2023 5:20:00,,
3/20/2023,5:40,11.55,22.33,26.36,1479.79,3/20/2023 5:40:00,,
3/20/2023,6:00,11.58,26.6,30.92,1485.12,3/20/2023 6:00:00,,
3/20/2023,6:20,11.58,20.73,24.65,1477.95,3/20/2023 6:20:00,,
3/20/2023,6:40,11.55,16.67,20.18,1472.88,3/20/2023 6:40:00,,
3/20/2023,7:00,11.48,16.17,19.59,1472.03,3/20/2023 7:00:00,,
3/20/2023,7:20,11.45,15.44,18.76,1471.02,3/20/2023 7:20:00,,
3/20/2023,7:40,11.45,15.25,18.56,1470.79,3/20/2023 7:40:00,,
3/20/2023,8:00,11.48,14.78,18.04,1470.32,3/20/2023 8:00:00,,
3/20/2023,8:20,11.52,14.74,18.01,1470.4,3/20/2023 8:20:00,,
3/20/2023,8:40,11.55,14.68,17.96,1470.45,3/20/2023 8:40:00,,
3/20/2023,9:00,11.58,14.6,17.88,1470.46,3/20/2023 9:00:00,,
3/20/2023,9:20,11.58,14.76,18.06,1470.66,3/20/2023 9:20:00,,
3/20/2023,9:40,11.61,14.7,18.01,1470.71,3/20/2023 9:40:00,,
3/20/2023,10:00,11.61,14.63,17.93,1470.62,3/20/2023 10:00:00,,
3/20/2023,10:20,11.61,14.45,17.73,1470.4,3/20/2023 10:20:00,,
3/20/2023,10:40,11.61,14.4,17.67,1470.34,3/20/2023 10:40:00,,
3/20/2023,11:00,11.61,14.15,17.39,1470.03,3/20/2023 11:00:00,,
3/20/2023,11:20,11.61,14.03,17.26,1469.89,3/20/2023 11:20:00,,
3/20/2023,11:40,11.68,18.93,22.74,1476.1,3/20/2023 11:40:00,,
3/20/2023,12:00,11.74,18.28,22.06,1475.54,3/20/2023 12:00:00,,
3/20/2023,12:20,11.8,25.48,29.9,1484.55,3/20/2023 12:20:00,,
3/20/2023,12:40,11.9,18.71,22.62,1476.64,3/20/2023 12:40:00,,
3/20/2023,13:00,11.93,17.63,21.45,1475.45,3/20/2023 13:00:00,,
3/20/2023,13:20,11.96,17.43,21.24,1475.32,3/20/2023 13:20:00,,
3/20/2023,13:40,12,18.02,21.91,1476.14,3/20/2023 13:40:00,,
3/20/2023,14:00,12.03,17.77,21.65,1475.96,3/20/2023 14:00:00,,
3/20/2023,14:20,12.06,17.69,21.58,1475.97,3/20/2023 14:20:00,,
3/20/2023,14:40,12.09,17.47,21.35,1475.82,3/20/2023 14:40:00,,
3/20/2023,15:00,12.09,18.43,22.42,1476.99,3/20/2023 15:00:00,,
,,,,,,,,
,,,,,,,,
,,,,,,,,
,,,,,,,,
,,,,,,,,
,,,,,,,,
,,,,,,,,
,,,,,,,,
,,,,,,,,
,,,,,,,,
3/20/2023,18:40,12.06,28.25,33.03,1488.81,3/20/2023 18:40:00,,
3/20/2023,19:00,12.03,27.59,32.3,1487.9,3/20/2023 19:00:00,,
3/20/2023,19:20,12,29.12,33.9,1489.66,3/20/2023 19:20:00,,
3/20/2023,19:40,11.96,29.29,34.05,1489.75,3/20/2023 19:40:00,,
3/20/2023,20:00,11.96,20.36,24.48,1478.88,3/20/2023 20:00:00,,
3/20/2023,20:20,11.93,22.3,26.57,1481.12,3/20/2023 20:20:00,,
3/20/2023,20:40,11.87,23.29,27.6,1482.1,3/20/2023 20:40:00,,
3/20/2023,21:00,11.8,23.09,27.35,1481.64,3/20/2023 21:00:00,,
3/20/2023,21:20,11.71,22.92,27.09,1481.08,3/20/2023 21:20:00,,
3/20/2023,21:40,11.58,22.95,27.04,1480.66,3/20/2023 21:40:00,,
3/20/2023,22:00,11.52,23.01,27.06,1480.51,3/20/2023 22:00:00,,
3/20/2023,22:20,11.48,23.03,27.06,1480.41,3/20/2023 22:20:00,,
3/20/2023,22:40,11.52,22.87,26.91,1480.33,3/20/2023 22:40:00,,
3/20/2023,23:00,11.55,25.96,30.22,1484.23,3/20/2023 23:00:00,,
3/20/2023,23:20,11.55,27.53,31.87,1486.14,3/20/2023 23:20:00,,
3/20/2023,23:40,11.55,27.77,32.12,1486.43,3/20/2023 23:40:00,,
3/21/2023,0:00,11.52,28.36,32.72,1487.05,3/21/2023 0:00:00,,
3/21/2023,0:20,11.48,25.08,29.25,1482.92,3/21/2023 0:20:00,,
3/21/2023,0:40,11.48,25.48,29.67,1483.41,3/21/2023 0:40:00,,
3/21/2023,1:00,11.48,29.15,33.51,1487.9,3/21/2023 1:00:00,,
3/21/2023,1:20,11.48,24.04,28.14,1481.65,3/21/2023 1:20:00,,
3/21/2023,1:40,11.48,30.31,34.71,1489.31,3/21/2023 1:40:00,,
3/21/2023,2:00,11.48,30.5,34.91,1489.55,3/21/2023 2:00:00,,
3/21/2023,2:20,11.48,30.26,34.66,1489.25,3/21/2023 2:20:00,,
3/21/2023,2:40,11.48,29.44,33.81,1488.25,3/21/2023 2:40:00,,
3/21/2023,3:00,11.45,28.91,33.24,1487.49,3/21/2023 3:00:00,,
3/21/2023,3:20,11.42,28.6,32.89,1487,3/21/2023 3:20:00,,
3/21/2023,3:40,11.42,28.82,33.11,1487.26,3/21/2023 3:40:00,,
3/21/2023,4:00,11.42,29.37,33.69,1487.94,3/21/2023 4:00:00,,
3/21/2023,4:20,11.42,29.71,34.03,1488.35,3/21/2023 4:20:00,,
3/21/2023,4:40,11.42,29.88,34.21,1488.56,3/21/2023 4:40:00,,
3/21/2023,5:00,11.42,30.12,34.46,1488.85,3/21/2023 5:00:00,,
3/21/2023,5:20,11.39,29.98,34.28,1488.56,3/21/2023 5:20:00,,
3/21/2023,5:40,11.39,29.85,34.16,1488.42,3/21/2023 5:40:00,,
3/21/2023,6:00,11.35,29.78,34.06,1488.22,3/21/2023 6:00:00,,
3/21/2023,6:20,11.35,29.71,33.98,1488.13,3/21/2023 6:20:00,,
3/21/2023,6:40,11.32,29.66,33.91,1487.95,3/21/2023 6:40:00,,
3/21/2023,7:00,11.32,29.62,33.86,1487.9,3/21/2023 7:00:00,,
3/21/2023,7:20,11.29,29.5,33.71,1487.64,3/21/2023 7:20:00,,
3/21/2023,7:40,11.32,29.42,33.66,1487.66,3/21/2023 7:40:00,,
3/21/2023,8:00,11.35,29.45,33.71,1487.8,3/21/2023 8:00:00,,
3/21/2023,8:20,11.35,29.45,33.71,1487.8,3/21/2023 8:20:00,,
3/21/2023,8:40,11.35,29.45,33.71,1487.8,3/21/2023 8:40:00,,
3/21/2023,9:00,11.39,29.42,33.71,1487.89,3/21/2023 9:00:00,,
3/21/2023,9:20,11.39,29.35,33.64,1487.8,3/21/2023 9:20:00,,
3/21/2023,9:40,11.39,29.25,33.54,1487.68,3/21/2023 9:40:00,,
3/21/2023,10:00,11.39,29.35,33.64,1487.8,3/21/2023 10:00:00,,
3/21/2023,10:20,11.42,29.28,33.59,1487.82,3/21/2023 10:20:00,,
3/21/2023,10:40,11.42,29.08,33.39,1487.59,3/21/2023 10:40:00,,
3/21/2023,11:00,11.42,29.23,33.54,1487.76,3/21/2023 11:00:00,,
3/21/2023,11:20,11.48,29.25,33.61,1488.02,3/21/2023 11:20:00,,
3/21/2023,11:40,11.52,29.18,33.56,1488.04,3/21/2023 11:40:00,,
3/21/2023,12:00,11.55,29.25,33.66,1488.24,3/21/2023 12:00:00,,
3/21/2023,12:20,11.55,29.32,33.74,1488.33,3/21/2023 12:20:00,,
3/21/2023,12:40,11.58,29.27,33.71,1488.38,3/21/2023 12:40:00,,
3/21/2023,13:00,11.61,29.3,33.77,1488.53,3/21/2023 13:00:00,,
3/21/2023,13:20,11.61,29.22,33.69,1488.44,3/21/2023 13:20:00,,
3/21/2023,13:40,11.68,29.25,33.77,1488.69,3/21/2023 13:40:00,,
3/21/2023,14:00,11.74,29.39,33.97,1489.09,3/21/2023 14:00:00,,
3/21/2023,14:20,11.58,29.34,33.79,1488.47,3/21/2023 14:20:00,,
3/21/2023,14:40,11.52,29.18,33.56,1488.04,3/21/2023 14:40:00,,
3/21/2023,15:00,11.55,29.11,33.51,1488.07,3/21/2023 15:00:00,,
3/21/2023,15:20,11.55,29.66,34.09,1488.74,3/21/2023 15:20:00,,
3/21/2023,15:40,11.58,29.92,34.39,1489.18,3/21/2023 15:40:00,,
3/21/2023,16:00,11.48,30.24,34.63,1489.22,3/21/2023 16:00:00,,
3/21/2023,16:20,11.42,30.24,34.58,1489,3/21/2023 16:20:00,,
3/21/2023,16:40,11.42,30.22,34.56,1488.97,3/21/2023 16:40:00,,
3/21/2023,17:00,11.39,30.22,34.53,1488.86,3/21/2023 17:00:00,,
3/21/2023,17:20,11.39,30.17,34.48,1488.8,3/21/2023 17:20:00,,
3/21/2023,17:40,11.35,30.34,34.63,1488.9,3/21/2023 17:40:00,,
3/21/2023,18:00,11.39,30.46,34.78,1489.15,3/21/2023 18:00:00,,
3/21/2023,18:20,11.39,30.39,34.71,1489.07,3/21/2023 18:20:00,,
3/21/2023,18:40,11.35,30.46,34.75,1489.04,3/21/2023 18:40:00,,
3/21/2023,19:00,11.35,30.03,34.31,1488.51,3/21/2023 19:00:00,,
3/21/2023,19:20,11.35,30.46,34.75,1489.04,3/21/2023 19:20:00,,
3/21/2023,19:40,11.32,30.39,34.65,1488.84,3/21/2023 19:40:00,,
3/21/2023,20:00,11.35,30.34,34.63,1488.9,3/21/2023 20:00:00,,
3/21/2023,20:20,11.35,30.61,34.9,1489.22,3/21/2023 20:20:00,,
3/21/2023,20:40,11.35,30.29,34.58,1488.84,3/21/2023 20:40:00,,
3/21/2023,21:00,11.35,30.27,34.56,1488.81,3/21/2023 21:00:00,,
3/21/2023,21:20,11.35,30.1,34.38,1488.6,3/21/2023 21:20:00,,
3/21/2023,21:40,11.35,29.98,34.26,1488.45,3/21/2023 21:40:00,,
3/21/2023,22:00,11.35,29.81,34.08,1488.24,3/21/2023 22:00:00,,
3/21/2023,22:20,11.35,29.78,34.06,1488.22,3/21/2023 22:20:00,,
3/21/2023,22:40,11.35,29.57,33.83,1487.95,3/21/2023 22:40:00,,
3/21/2023,23:00,11.35,29.25,33.51,1487.57,3/21/2023 23:00:00,,
3/21/2023,23:20,11.35,28.94,33.19,1487.18,3/21/2023 23:20:00,,
3/21/2023,23:40,11.32,28.96,33.19,1487.1,3/21/2023 23:40:00,,
3/22/2023,0:00,11.32,28.87,33.09,1486.98,3/22/2023 0:00:00,,
3/22/2023,0:20,11.32,28.89,33.11,1487.01,3/22/2023 0:20:00,,
3/22/2023,0:40,11.32,28.84,33.06,1486.95,3/22/2023 0:40:00,,
3/22/2023,1:00,11.32,28.77,32.99,1486.86,3/22/2023 1:00:00,,
3/22/2023,1:20,11.32,28.89,33.11,1487.01,3/22/2023 1:20:00,,
3/22/2023,1:40,11.32,30.17,34.43,1488.58,3/22/2023 1:40:00,,
3/22/2023,2:00,11.32,28.29,32.49,1486.28,3/22/2023 2:00:00,,
3/22/2023,2:20,11.32,29.83,34.08,1488.16,3/22/2023 2:20:00,,
3/22/2023,2:40,11.32,29.66,33.91,1487.95,3/22/2023 2:40:00,,
3/22/2023,3:00,11.29,30.2,34.43,1488.49,3/22/2023 3:00:00,,
3/22/2023,3:20,11.29,29.86,34.08,1488.08,3/22/2023 3:20:00,,
3/22/2023,3:40,11.29,29.79,34.01,1487.99,3/22/2023 3:40:00,,
3/22/2023,4:00,11.26,29.98,34.18,1488.11,3/22/2023 4:00:00,,
3/22/2023,4:20,11.26,29.62,33.81,1487.67,3/22/2023 4:20:00,,
3/22/2023,4:40,11.26,29.4,33.58,1487.4,3/22/2023 4:40:00,,
3/22/2023,5:00,11.26,29.18,33.36,1487.14,3/22/2023 5:00:00,,
3/22/2023,5:20,11.26,28.77,32.93,1486.64,3/22/2023 5:20:00,,
3/22/2023,5:40,11.29,28.6,32.79,1486.54,3/22/2023 5:40:00,,
3/22/2023,6:00,11.26,28.05,32.19,1485.75,3/22/2023 6:00:00,,
3/22/2023,6:20,11.26,27.71,31.84,1485.34,3/22/2023 6:20:00,,
3/22/2023,6:40,11.26,27.57,31.69,1485.16,3/22/2023 6:40:00,,
3/22/2023,7:00,11.29,28.41,32.59,1486.31,3/22/2023 7:00:00,,
3/22/2023,7:20,11.32,20.02,23.73,1476.15,3/22/2023 7:20:00,,
3/22/2023,7:40,11.32,15.14,18.37,1470.18,3/22/2023 7:40:00,,
3/22/2023,8:00,11.35,14.43,17.59,1469.43,3/22/2023 8:00:00,,
3/22/2023,8:20,11.35,13.55,16.6,1468.35,3/22/2023 8:20:00,,
3/22/2023,8:40,11.39,13.74,16.84,1468.71,3/22/2023 8:40:00,,
3/22/2023,9:00,11.42,13.32,16.36,1468.3,3/22/2023 9:00:00,,
3/22/2023,9:20,11.45,12.98,16,1468.01,3/22/2023 9:20:00,,
3/22/2023,9:40,11.45,12.84,15.84,1467.84,3/22/2023 9:40:00,,
3/22/2023,10:00,11.45,12.63,15.6,1467.59,3/22/2023 10:00:00,,
3/22/2023,10:20,11.45,12.73,15.71,1467.7,3/22/2023 10:20:00,,
3/22/2023,10:40,11.45,12.84,15.84,1467.84,3/22/2023 10:40:00,,
3/22/2023,11:00,11.42,12.94,15.94,1467.85,3/22/2023 11:00:00,,
3/22/2023,11:20,11.42,13.22,16.26,1468.19,3/22/2023 11:20:00,,
3/22/2023,11:40,11.45,13.35,16.42,1468.46,3/22/2023 11:40:00,,
3/22/2023,12:00,11.45,13.33,16.39,1468.44,3/22/2023 12:00:00,,
3/22/2023,12:20,11.45,13.28,16.34,1468.38,3/22/2023 12:20:00,,
3/22/2023,12:40,11.45,13.4,16.47,1468.52,3/22/2023 12:40:00,,
3/22/2023,13:00,11.52,16.39,19.85,1472.41,3/22/2023 13:00:00,,
3/22/2023,13:20,11.48,17.56,21.13,1473.73,3/22/2023 13:20:00,,
3/22/2023,13:40,11.52,16.66,20.16,1472.75,3/22/2023 13:40:00,,
3/22/2023,14:00,11.52,21.7,25.65,1478.9,3/22/2023 14:00:00,,
3/22/2023,14:20,11.55,17.35,20.93,1473.7,3/22/2023 14:20:00,,
3/22/2023,14:40,11.55,19.79,23.61,1476.68,3/22/2023 14:40:00,,
3/22/2023,15:00,11.61,29.89,34.39,1489.26,3/22/2023 15:00:00,,
3/22/2023,15:20,11.58,30.26,34.74,1489.59,3/22/2023 15:20:00,,
3/22/2023,15:40,11.58,29.8,34.26,1489.03,3/22/2023 15:40:00,,
3/22/2023,16:00,11.58,29.58,34.04,1488.76,3/22/2023 16:00:00,,
3/22/2023,16:20,11.52,27.15,31.44,1485.56,3/22/2023 16:20:00,,
3/22/2023,16:40,11.52,29.51,33.91,1488.45,3/22/2023 16:40:00,,
3/22/2023,17:00,11.52,29.56,33.96,1488.51,3/22/2023 17:00:00,,
3/22/2023,17:20,11.52,28.58,32.94,1487.31,3/22/2023 17:20:00,,
3/22/2023,17:40,11.58,19.28,23.07,1476.18,3/22/2023 17:40:00,,
3/22/2023,18:00,11.64,24.46,28.7,1482.73,3/22/2023 18:00:00,,
3/22/2023,18:20,11.55,24.83,29.02,1482.84,3/22/2023 18:20:00,,
3/22/2023,18:40,11.52,21.72,25.68,1478.93,3/22/2023 18:40:00,,
3/22/2023,19:00,11.48,22.72,26.74,1480.04,3/22/2023 19:00:00,,
3/22/2023,19:20,11.48,24.63,28.77,1482.37,3/22/2023 19:20:00,,
3/22/2023,19:40,11.52,28.48,32.84,1487.19,3/22/2023 19:40:00,,
3/22/2023,20:00,11.55,30.74,35.21,1490.06,3/22/2023 20:00:00,,
3/22/2023,20:20,11.55,30.76,35.23,1490.09,3/22/2023 20:20:00,,
3/22/2023,20:40,11.61,30.81,35.33,1490.37,3/22/2023 20:40:00,,
3/22/2023,21:00,11.61,30.86,35.38,1490.43,3/22/2023 21:00:00,,
3/22/2023,21:20,11.61,30.86,35.38,1490.43,3/22/2023 21:20:00,,
3/22/2023,21:40,11.61,30.86,35.38,1490.43,3/22/2023 21:40:00,,
3/22/2023,22:00,11.61,30.81,35.33,1490.37,3/22/2023 22:00:00,,
3/22/2023,22:20,11.58,30.74,35.23,1490.17,3/22/2023 22:20:00,,
3/22/2023,22:40,11.58,30.71,35.21,1490.14,3/22/2023 22:40:00,,
3/22/2023,23:00,11.58,30.79,35.28,1490.23,3/22/2023 23:00:00,,
3/22/2023,23:20,11.58,30.91,35.41,1490.38,3/22/2023 23:20:00,,
3/22/2023,23:40,11.58,30.69,35.18,1490.12,3/22/2023 23:40:00,,
3/23/2023,0:00,11.58,30.88,35.38,1490.35,3/23/2023 0:00:00,,
3/23/2023,0:20,11.55,30.43,34.88,1489.68,3/23/2023 0:20:00,,
3/23/2023,0:40,11.55,30.74,35.21,1490.06,3/23/2023 0:40:00,,
3/23/2023,1:00,11.55,30.43,34.88,1489.68,3/23/2023 1:00:00,,
3/23/2023,1:20,11.55,30.74,35.21,1490.06,3/23/2023 1:20:00,,
3/23/2023,1:40,11.55,30.72,35.18,1490.03,3/23/2023 1:40:00,,
3/23/2023,2:00,11.55,30.74,35.21,1490.06,3/23/2023 2:00:00,,
3/23/2023,2:20,11.55,30.31,34.76,1489.53,3/23/2023 2:20:00,,
3/23/2023,2:40,11.55,30.62,35.08,1489.92,3/23/2023 2:40:00,,
3/23/2023,3:00,11.55,29.97,34.41,1489.12,3/23/2023 3:00:00,,
3/23/2023,3:20,11.55,30.72,35.18,1490.03,3/23/2023 3:20:00,,
3/23/2023,3:40,11.52,30.6,35.03,1489.78,3/23/2023 3:40:00,,
3/23/2023,4:00,11.48,30.43,34.83,1489.46,3/23/2023 4:00:00,,
3/23/2023,4:20,11.48,30.48,34.88,1489.52,3/23/2023 4:20:00,,
3/23/2023,4:40,11.48,30.41,34.81,1489.43,3/23/2023 4:40:00,,
3/23/2023,5:00,11.45,29.95,34.31,1488.76,3/23/2023 5:00:00,,
3/23/2023,5:20,11.42,30.41,34.76,1489.21,3/23/2023 5:20:00,,
3/23/2023,5:40,11.42,30.12,34.46,1488.85,3/23/2023 5:40:00,,
3/23/2023,6:00,11.42,30.05,34.38,1488.76,3/23/2023 6:00:00,,
3/23/2023,6:20,11.42,29.37,33.69,1487.94,3/23/2023 6:20:00,,
3/23/2023,6:40,11.42,29.25,33.56,1487.79,3/23/2023 6:40:00,,
3/23/2023,7:00,11.39,28.63,32.89,1486.91,3/23/2023 7:00:00,,
3/23/2023,7:20,11.35,28.17,32.39,1486.24,3/23/2023 7:20:00,,
3/23/2023,7:40,11.32,29.18,33.41,1487.36,3/23/2023 7:40:00,,
3/23/2023,8:00,11.32,28.99,33.21,1487.13,3/23/2023 8:00:00,,
3/23/2023,8:20,11.35,27.48,31.67,1485.39,3/23/2023 8:20:00,,
3/23/2023,8:40,11.35,29.18,33.44,1487.48,3/23/2023 8:40:00,,
3/23/2023,9:00,11.35,29.08,33.34,1487.36,3/23/2023 9:00:00,,
3/23/2023,9:20,11.35,29.25,33.51,1487.57,3/23/2023 9:20:00,,
3/23/2023,9:40,11.39,29.18,33.46,1487.59,3/23/2023 9:40:00,,
3/23/2023,10:00,11.39,29.06,33.34,1487.44,3/23/2023 10:00:00,,
3/23/2023,10:20,11.39,29.08,33.36,1487.47,3/23/2023 10:20:00,,
3/23/2023,10:40,11.42,29.11,33.41,1487.62,3/23/2023 10:40:00,,
3/23/2023,11:00,11.42,29.11,33.41,1487.62,3/23/2023 11:00:00,,
3/23/2023,11:20,11.45,29.25,33.59,1487.91,3/23/2023 11:20:00,,
3/23/2023,11:40,11.52,29.18,33.56,1488.04,3/23/2023 11:40:00,,
3/23/2023,12:00,11.52,29.13,33.51,1487.98,3/23/2023 12:00:00,,
3/23/2023,12:20,11.58,29.03,33.47,1488.09,3/23/2023 12:20:00,,
3/23/2023,12:40,11.61,29.03,33.49,1488.2,3/23/2023 12:40:00,,
3/23/2023,13:00,11.61,29.13,33.59,1488.32,3/23/2023 13:00:00,,
3/23/2023,13:20,11.58,29.22,33.66,1488.33,3/23/2023 13:20:00,,
3/23/2023,13:40,11.55,29.51,33.94,1488.57,3/23/2023 13:40:00,,
3/23/2023,14:00,11.58,29.42,33.86,1488.56,3/23/2023 14:00:00,,
3/23/2023,14:20,11.58,29.39,33.84,1488.53,3/23/2023 14:20:00,,
3/23/2023,14:40,11.61,29.13,33.59,1488.32,3/23/2023 14:40:00,,
3/23/2023,15:00,11.61,27.79,32.2,1486.69,3/23/2023 15:00:00,,
3/23/2023,15:20,11.64,28.34,32.79,1487.47,3/23/2023 15:20:00,,
3/23/2023,15:40,11.71,26.8,31.22,1485.82,3/23/2023 15:40:00,,
3/23/2023,16:00,11.74,29.36,33.94,1489.06,3/23/2023 16:00:00,,
3/23/2023,16:20,11.71,29.48,34.04,1489.09,3/23/2023 16:20:00,,
3/23/2023,16:40,11.74,29.29,33.87,1488.97,3/23/2023 16:40:00,,
3/23/2023,17:00,11.77,28.98,33.57,1488.71,3/23/2023 17:00:00,,
3/23/2023,17:20,11.77,28.7,33.27,1488.36,3/23/2023 17:20:00,,
3/23/2023,17:40,11.74,28.89,33.44,1488.48,3/23/2023 17:40:00,,
3/23/2023,18:00,11.74,28.96,33.52,1488.56,3/23/2023 18:00:00,,
3/23/2023,18:20,11.71,28.96,33.49,1488.45,3/23/2023 18:20:00,,
3/23/2023,18:40,11.68,28.7,33.19,1488.02,3/23/2023 18:40:00,,
3/23/2023,19:00,11.74,27.96,32.47,1487.35,3/23/2023 19:00:00,,
3/23/2023,19:20,11.77,24.75,29.1,1483.55,3/23/2023 19:20:00,,
3/23/2023,19:40,11.87,19.25,23.21,1477.19,3/23/2023 19:40:00,,
3/23/2023,20:00,11.93,24.65,29.1,1483.99,3/23/2023 20:00:00,,
3/23/2023,20:20,11.93,26.64,31.23,1486.41,3/23/2023 20:20:00,,
3/23/2023,20:40,11.9,26.66,31.23,1486.33,3/23/2023 20:40:00,,
3/23/2023,21:00,11.9,26.78,31.35,1486.47,3/23/2023 21:00:00,,
3/23/2023,21:20,11.9,26.76,31.33,1486.44,3/23/2023 21:20:00,,
3/23/2023,21:40,11.9,26.9,31.48,1486.62,3/23/2023 21:40:00,,
3/23/2023,22:00,11.9,27.21,31.8,1486.99,3/23/2023 22:00:00,,
3/23/2023,22:20,11.87,25.44,29.9,1484.72,3/23/2023 22:20:00,,
3/23/2023,22:40,11.8,27.84,32.4,1487.43,3/23/2023 22:40:00,,
3/23/2023,23:00,11.77,28.1,32.65,1487.63,3/23/2023 23:00:00,,
3/23/2023,23:20,11.74,28.08,32.6,1487.49,3/23/2023 23:20:00,,
3/23/2023,23:40,11.74,27.84,32.35,1487.2,3/23/2023 23:40:00,,
3/24/2023,0:00,11.74,27.89,32.4,1487.26,3/24/2023 0:00:00,,
3/24/2023,0:20,11.71,27.63,32.1,1486.83,3/24/2023 0:20:00,,
3/24/2023,0:40,11.71,27.51,31.97,1486.68,3/24/2023 0:40:00,,
3/24/2023,1:00,11.71,27.37,31.82,1486.51,3/24/2023 1:00:00,,
3/24/2023,1:20,11.68,27.39,31.82,1486.42,3/24/2023 1:20:00,,
3/24/2023,1:40,11.68,26.99,31.4,1485.93,3/24/2023 1:40:00,,
3/24/2023,2:00,11.68,27.44,31.87,1486.48,3/24/2023 2:00:00,,
3/24/2023,2:20,11.64,27.89,32.32,1486.92,3/24/2023 2:20:00,,
3/24/2023,2:40,11.61,27.93,32.34,1486.86,3/24/2023 2:40:00,,
3/24/2023,3:00,11.61,22.69,26.79,1480.47,3/24/2023 3:00:00,,
3/24/2023,3:20,11.58,20.4,24.29,1477.55,3/24/2023 3:20:00,,
3/24/2023,3:40,11.52,19.17,22.92,1475.82,3/24/2023 3:40:00,,
3/24/2023,4:00,11.48,17.93,21.54,1474.18,3/24/2023 4:00:00,,
3/24/2023,4:20,11.45,17.69,21.26,1473.77,3/24/2023 4:20:00,,
3/24/2023,4:40,11.42,18.41,22.03,1474.53,3/24/2023 4:40:00,,
3/24/2023,5:00,11.35,20.78,24.57,1477.2,3/24/2023 5:00:00,,
3/24/2023,5:20,11.32,21.03,24.82,1477.39,3/24/2023 5:20:00,,
3/24/2023,5:40,11.29,20.16,23.86,1476.2,3/24/2023 5:40:00,,
3/24/2023,6:00,11.26,20.81,24.54,1476.88,3/24/2023 6:00:00,,
3/24/2023,6:20,11.23,9.53,11.96,1462.95,3/24/2023 6:20:00,,
3/24/2023,6:40,11.23,18.45,21.97,1473.88,3/24/2023 6:40:00,,
3/24/2023,7:00,11.23,20.26,23.93,1476.09,3/24/2023 7:00:00,,
3/24/2023,7:20,11.23,11.03,13.7,1464.79,3/24/2023 7:20:00,,
3/24/2023,7:40,11.26,27.55,31.66,1485.13,3/24/2023 7:40:00,,
3/24/2023,8:00,11.26,27.86,31.99,1485.52,3/24/2023 8:00:00,,
3/24/2023,8:20,11.39,27.72,31.94,1485.8,3/24/2023 8:20:00,,
3/24/2023,8:40,11.39,27.69,31.92,1485.77,3/24/2023 8:40:00,,
3/24/2023,9:00,11.42,25.48,29.62,1483.18,3/24/2023 9:00:00,,
3/24/2023,9:20,11.45,24.53,28.64,1482.14,3/24/2023 9:20:00,,
3/24/2023,9:40,11.48,27.74,32.04,1486.17,3/24/2023 9:40:00,,
3/24/2023,10:00,11.52,27.74,32.07,1486.29,3/24/2023 10:00:00,,
3/24/2023,10:20,11.58,27.67,32.04,1486.43,3/24/2023 10:20:00,,
3/24/2023,10:40,11.61,27.7,32.1,1486.57,3/24/2023 10:40:00,,
3/24/2023,11:00,11.61,28.1,32.52,1487.07,3/24/2023 11:00:00,,
3/24/2023,11:20,11.64,27.86,32.3,1486.89,3/24/2023 11:20:00,,
3/24/2023,11:40,11.68,28.98,33.49,1488.37,3/24/2023 11:40:00,,
3/24/2023,12:00,11.74,28.94,33.49,1488.54,3/24/2023 12:00:00,,
3/24/2023,12:20,11.74,28.84,33.39,1488.42,3/24/2023 12:20:00,,
3/24/2023,12:40,11.77,28.51,33.07,1488.13,3/24/2023 12:40:00,,
3/24/2023,13:00,11.8,27.06,31.58,1486.48,3/24/2023 13:00:00,,
3/24/2023,13:20,11.8,28.41,33,1488.12,3/24/2023 13:20:00,,
3/24/2023,13:40,11.8,28.39,32.97,1488.09,3/24/2023 13:40:00,,
3/24/2023,14:00,11.84,26.35,30.85,1485.73,3/24/2023 14:00:00,,
3/24/2023,14:20,11.84,27.23,31.78,1486.79,3/24/2023 14:20:00,,
3/24/2023,14:40,11.84,28.25,32.85,1488.03,3/24/2023 14:40:00,,
3/24/2023,15:00,11.74,28.82,33.37,1488.39,3/24/2023 15:00:00,,
3/24/2023,15:20,11.71,28.94,33.47,1488.42,3/24/2023 15:20:00,,
3/24/2023,15:40,11.68,29.25,33.77,1488.69,3/24/2023 15:40:00,,
3/24/2023,16:00,11.71,29.29,33.84,1488.86,3/24/2023 16:00:00,,
3/24/2023,16:20,11.74,28.24,32.77,1487.69,3/24/2023 16:20:00,,
3/24/2023,16:40,11.71,28.58,33.09,1487.99,3/24/2023 16:40:00,,
3/24/2023,17:00,11.71,29.2,33.74,1488.74,3/24/2023 17:00:00,,
3/24/2023,17:20,11.68,27.63,32.07,1486.71,3/24/2023 17:20:00,,
3/24/2023,17:40,11.68,27.29,31.72,1486.31,3/24/2023 17:40:00,,
3/24/2023,18:00,11.68,29.03,33.54,1488.43,3/24/2023 18:00:00,,
3/24/2023,18:20,11.64,28.03,32.47,1487.09,3/24/2023 18:20:00,,
3/24/2023,18:40,11.61,28.63,33.07,1487.71,3/24/2023 18:40:00,,
3/24/2023,19:00,11.61,24.64,28.87,1482.84,3/24/2023 19:00:00,,
3/24/2023,19:20,11.61,25.66,29.95,1484.08,3/24/2023 19:20:00,,
3/24/2023,19:40,11.61,23.98,28.17,1482.04,3/24/2023 19:40:00,,
3/24/2023,20:00,11.61,20.15,24.04,1477.36,3/24/2023 20:00:00,,
3/24/2023,20:20,11.64,26.77,31.15,1485.56,3/24/2023 20:20:00,,
3/24/2023,20:40,11.64,26.42,30.77,1485.12,3/24/2023 20:40:00,,
3/24/2023,21:00,11.68,26.44,30.82,1485.27,3/24/2023 21:00:00,,
3/24/2023,21:20,11.71,26.21,30.6,1485.09,3/24/2023 21:20:00,,
3/24/2023,21:40,11.71,26.25,30.65,1485.15,3/24/2023 21:40:00,,
3/24/2023,22:00,11.68,26.35,30.72,1485.15,3/24/2023 22:00:00,,
3/24/2023,22:20,11.68,25.61,29.95,1484.26,3/24/2023 22:20:00,,
3/24/2023,22:40,11.68,25.59,29.92,1484.23,3/24/2023 22:40:00,,
3/24/2023,23:00,11.64,26.32,30.67,1485.01,3/24/2023 23:00:00,,
3/24/2023,23:20,11.64,26.63,31,1485.38,3/24/2023 23:20:00,,
3/24/2023,23:40,11.64,26.84,31.22,1485.64,3/24/2023 23:40:00,,
3/25/2023,0:00,11.61,26.91,31.27,1485.62,3/25/2023 0:00:00,,
3/25/2023,0:20,11.61,27.15,31.52,1485.91,3/25/2023 0:20:00,,
3/25/2023,0:40,11.61,27.41,31.8,1486.22,3/25/2023 0:40:00,,
3/25/2023,1:00,11.61,27.89,32.29,1486.81,3/25/2023 1:00:00,,
3/25/2023,1:20,11.58,27.43,31.8,1486.14,3/25/2023 1:20:00,,
3/25/2023,1:40,11.55,27.43,31.77,1486.02,3/25/2023 1:40:00,,
3/25/2023,2:00,11.52,28.72,33.09,1487.49,3/25/2023 2:00:00,,
3/25/2023,2:20,11.48,18.03,21.64,1474.3,3/25/2023 2:20:00,,
3/25/2023,2:40,11.48,28.22,32.54,1486.76,3/25/2023 2:40:00,,
3/25/2023,3:00,11.48,27.38,31.67,1485.74,3/25/2023 3:00:00,,
3/25/2023,3:20,11.45,27.62,31.89,1485.91,3/25/2023 3:20:00,,
3/25/2023,3:40,11.45,28.82,33.14,1487.38,3/25/2023 3:40:00,,
3/25/2023,4:00,11.42,28.96,33.26,1487.44,3/25/2023 4:00:00,,
3/25/2023,4:20,11.42,28.72,33.01,1487.15,3/25/2023 4:20:00,,
3/25/2023,4:40,11.39,28.87,33.14,1487.21,3/25/2023 4:40:00,,
3/25/2023,5:00,11.35,28.72,32.96,1486.92,3/25/2023 5:00:00,,
3/25/2023,5:20,11.32,28.29,32.49,1486.28,3/25/2023 5:20:00,,
3/25/2023,5:40,11.29,28.22,32.39,1486.07,3/25/2023 5:40:00,,
3/25/2023,6:00,11.26,28.12,32.26,1485.84,3/25/2023 6:00:00,,
3/25/2023,6:20,11.29,28.32,32.49,1486.19,3/25/2023 6:20:00,,
3/25/2023,6:40,11.29,28.39,32.56,1486.28,3/25/2023 6:40:00,,
3/25/2023,7:00,11.29,28.58,32.76,1486.51,3/25/2023 7:00:00,,
3/25/2023,7:20,11.32,28.72,32.94,1486.8,3/25/2023 7:20:00,,
3/25/2023,7:40,11.32,28.82,33.04,1486.92,3/25/2023 7:40:00,,
3/25/2023,8:00,11.32,28.92,33.14,1487.04,3/25/2023 8:00:00,,
3/25/2023,8:20,11.39,28.99,33.26,1487.36,3/25/2023 8:20:00,,
3/25/2023,8:40,11.48,29.06,33.41,1487.78,3/25/2023 8:40:00,,
3/25/2023,9:00,11.45,29.03,33.36,1487.64,3/25/2023 9:00:00,,
3/25/2023,9:20,11.52,28.75,33.12,1487.52,3/25/2023 9:20:00,,
3/25/2023,9:40,11.52,29.11,33.49,1487.95,3/25/2023 9:40:00,,
3/25/2023,10:00,11.55,28.51,32.89,1487.34,3/25/2023 10:00:00,,
3/25/2023,10:20,11.55,29.27,33.69,1488.27,3/25/2023 10:20:00,,
3/25/2023,10:40,11.55,29.27,33.69,1488.27,3/25/2023 10:40:00,,
3/25/2023,11:00,11.58,29.42,33.86,1488.56,3/25/2023 11:00:00,,
3/25/2023,11:20,11.55,28.08,32.44,1486.81,3/25/2023 11:20:00,,
3/25/2023,11:40,11.55,28.82,33.22,1487.72,3/25/2023 11:40:00,,
3/25/2023,12:00,11.52,30.69,35.13,1489.89,3/25/2023 12:00:00,,
3/25/2023,12:20,11.48,30.77,35.18,1489.87,3/25/2023 12:20:00,,
3/25/2023,12:40,11.48,30.86,35.28,1489.99,3/25/2023 12:40:00,,
3/25/2023,13:00,11.48,29.97,34.36,1488.9,3/25/2023 13:00:00,,
3/25/2023,13:20,11.48,30.62,35.03,1489.7,3/25/2023 13:20:00,,
3/25/2023,13:40,11.55,30.11,34.56,1489.3,3/25/2023 13:40:00,,
3/25/2023,14:00,11.58,30.59,35.08,1490,3/25/2023 14:00:00,,
3/25/2023,14:20,11.58,30.21,34.69,1489.53,3/25/2023 14:20:00,,
3/25/2023,14:40,11.71,30.32,34.91,1490.12,3/25/2023 14:40:00,,
3/25/2023,15:00,11.71,30.37,34.96,1490.18,3/25/2023 15:00:00,,
3/25/2023,15:20,11.71,30.37,34.96,1490.18,3/25/2023 15:20:00,,
3/25/2023,15:40,11.71,30.42,35.01,1490.23,3/25/2023 15:40:00,,
3/25/2023,16:00,11.68,30.49,35.06,1490.21,3/25/2023 16:00:00,,
3/25/2023,16:20,11.64,30.57,35.11,1490.19,3/25/2023 16:20:00,,
3/25/2023,16:40,11.58,30.62,35.11,1490.03,3/25/2023 16:40:00,,
3/25/2023,17:00,11.58,30.45,34.93,1489.82,3/25/2023 17:00:00,,
3/25/2023,17:20,11.58,28.17,32.57,1487.04,3/25/2023 17:20:00,,
3/25/2023,17:40,11.58,30.47,34.96,1489.85,3/25/2023 17:40:00,,
3/25/2023,18:00,11.58,30.14,34.61,1489.44,3/25/2023 18:00:00,,
3/25/2023,18:20,11.58,30.47,34.96,1489.85,3/25/2023 18:20:00,,
3/25/2023,18:40,11.55,30.07,34.51,1489.24,3/25/2023 18:40:00,,
3/25/2023,19:00,11.61,29.94,34.44,1489.32,3/25/2023 19:00:00,,
3/25/2023,19:20,11.61,30.11,34.61,1489.52,3/25/2023 19:20:00,,
3/25/2023,19:40,11.61,30.26,34.76,1489.7,3/25/2023 19:40:00,,
3/25/2023,20:00,11.58,30.09,34.56,1489.38,3/25/2023 20:00:00,,
3/25/2023,20:20,11.61,29.77,34.26,1489.11,3/25/2023 20:20:00,,
3/25/2023,20:40,11.61,30.16,34.66,1489.58,3/25/2023 20:40:00,,
3/25/2023,21:00,11.61,29.66,34.14,1488.96,3/25/2023 21:00:00,,
3/25/2023,21:20,11.58,30.14,34.61,1489.44,3/25/2023 21:20:00,,
3/25/2023,21:40,11.55,29.95,34.39,1489.09,3/25/2023 21:40:00,,
3/25/2023,22:00,11.52,29.37,33.76,1488.28,3/25/2023 22:00:00,,
3/25/2023,22:20,11.48,29.42,33.79,1488.22,3/25/2023 22:20:00,,
3/25/2023,22:40,11.48,29.47,33.84,1488.28,3/25/2023 22:40:00,,
3/25/2023,23:00,11.48,28.94,33.29,1487.64,3/25/2023 23:00:00,,
3/25/2023,23:20,11.45,28.91,33.24,1487.49,3/25/2023 23:20:00,,
3/25/2023,23:40,11.45,28.22,32.52,1486.64,3/25/2023 23:40:00,,
3/26/2023,0:00,11.45,19.14,22.84,1475.54,3/26/2023 0:00:00,,
3/26/2023,0:20,11.42,27.55,31.79,1485.71,3/26/2023 0:20:00,,
3/26/2023,0:40,11.42,27.45,31.69,1485.59,3/26/2023 0:40:00,,
3/26/2023,1:00,11.42,27.33,31.57,1485.45,3/26/2023 1:00:00,,
3/26/2023,1:20,11.39,27.33,31.54,1485.33,3/26/2023 1:20:00,,
3/26/2023,1:40,11.35,27.36,31.54,1485.25,3/26/2023 1:40:00,,
3/26/2023,2:00,11.35,27.57,31.77,1485.51,3/26/2023 2:00:00,,
3/26/2023,2:20,11.35,27.64,31.84,1485.6,3/26/2023 2:20:00,,
3/26/2023,2:40,11.32,27.67,31.84,1485.51,3/26/2023 2:40:00,,
3/26/2023,3:00,11.32,27.52,31.69,1485.34,3/26/2023 3:00:00,,
3/26/2023,3:20,11.35,27.67,31.87,1485.63,3/26/2023 3:20:00,,
3/26/2023,3:40,11.32,27.69,31.86,1485.54,3/26/2023 3:40:00,,
3/26/2023,4:00,11.29,27.43,31.56,1485.1,3/26/2023 4:00:00,,
3/26/2023,4:20,11.29,24.54,28.54,1481.57,3/26/2023 4:20:00,,
3/26/2023,4:40,11.29,21.38,25.17,1477.7,3/26/2023 4:40:00,,
3/26/2023,5:00,11.29,17.93,21.44,1473.48,3/26/2023 5:00:00,,
3/26/2023,5:20,11.26,16.38,19.72,1471.46,3/26/2023 5:20:00,,
3/26/2023,5:40,11.23,15.88,19.15,1470.73,3/26/2023 5:40:00,,
3/26/2023,6:00,11.23,14.78,17.93,1469.38,3/26/2023 6:00:00,,
3/26/2023,6:20,11.19,14.05,17.09,1468.36,3/26/2023 6:20:00,,
3/26/2023,6:40,11.19,13.04,15.97,1467.13,3/26/2023 6:40:00,,
3/26/2023,7:00,11.19,12.37,15.21,1466.31,3/26/2023 7:00:00,,
3/26/2023,7:20,11.23,12.54,15.42,1466.64,3/26/2023 7:20:00,,
3/26/2023,7:40,11.23,13.15,16.1,1467.38,3/26/2023 7:40:00,,
3/26/2023,8:00,11.26,13.05,16,1467.38,3/26/2023 8:00:00,,
3/26/2023,8:20,11.32,13.09,16.07,1467.67,3/26/2023 8:20:00,,
3/26/2023,8:40,11.48,13.02,16.05,1468.17,3/26/2023 8:40:00,,
3/26/2023,9:00,11.52,13.81,16.97,1469.27,3/26/2023 9:00:00,,
3/26/2023,9:20,11.61,13.71,16.89,1469.5,3/26/2023 9:20:00,,
3/26/2023,9:40,11.61,13.11,16.21,1468.76,3/26/2023 9:40:00,,
3/26/2023,10:00,11.68,12.58,15.63,1468.36,3/26/2023 10:00:00,,
3/26/2023,10:20,11.71,12.2,15.21,1468.01,3/26/2023 10:20:00,,
3/26/2023,10:40,11.71,12.2,15.21,1468.01,3/26/2023 10:40:00,,
3/26/2023,11:00,11.71,12.16,15.16,1467.96,3/26/2023 11:00:00,,
3/26/2023,11:20,11.68,11.25,14.1,1466.73,3/26/2023 11:20:00,,
3/26/2023,11:40,11.68,11.2,14.05,1466.67,3/26/2023 11:40:00,,
3/26/2023,12:00,11.68,12.38,15.4,1468.1,3/26/2023 12:00:00,,
3/26/2023,12:20,11.64,11.95,14.89,1467.46,3/26/2023 12:20:00,,
3/26/2023,12:40,11.61,11.82,14.74,1467.19,3/26/2023 12:40:00,,
3/26/2023,13:00,11.61,11.57,14.44,1466.88,3/26/2023 13:00:00,,
3/26/2023,13:20,11.71,10.99,13.81,1466.53,3/26/2023 13:20:00,,
3/26/2023,13:40,11.74,10.71,13.49,1466.3,3/26/2023 13:40:00,,
3/26/2023,14:00,11.74,11.05,13.89,1466.72,3/26/2023 14:00:00,,
3/26/2023,14:20,11.77,11.77,14.74,1467.72,3/26/2023 14:20:00,,
3/26/2023,14:40,11.74,10.59,13.36,1466.16,3/26/2023 14:40:00,,
3/26/2023,15:00,11.84,10.41,13.17,1466.29,3/26/2023 15:00:00,,
3/26/2023,15:20,11.96,12.51,15.66,1469.33,3/26/2023 15:20:00,,
3/26/2023,15:40,12,13.16,16.43,1470.23,3/26/2023 15:40:00,,
3/26/2023,16:00,11.96,12.4,15.53,1469.19,3/26/2023 16:00:00,,
3/26/2023,16:20,11.93,13.94,17.29,1470.95,3/26/2023 16:20:00,,
3/26/2023,16:40,12.03,12.38,15.53,1469.39,3/26/2023 16:40:00,,
3/26/2023,17:00,12.12,11.87,14.98,1469.13,3/26/2023 17:00:00,,
3/26/2023,17:20,12.16,11.59,14.66,1468.9,3/26/2023 17:20:00,,
3/26/2023,17:40,12.09,11.31,14.32,1468.33,3/26/2023 17:40:00,,
3/26/2023,18:00,12.03,10.92,13.84,1467.62,3/26/2023 18:00:00,,
3/26/2023,18:20,11.93,13.99,17.34,1471,3/26/2023 18:20:00,,
3/26/2023,18:40,11.84,15.03,18.48,1471.93,3/26/2023 18:40:00,,
3/26/2023,19:00,11.77,14.8,18.2,1471.42,3/26/2023 19:00:00,,
3/26/2023,19:20,11.77,14.2,17.52,1470.69,3/26/2023 19:20:00,,
3/26/2023,19:40,11.8,14.24,17.57,1470.85,3/26/2023 19:40:00,,
3/26/2023,20:00,11.84,13.63,16.89,1470.22,3/26/2023 20:00:00,,
3/26/2023,20:20,11.8,21.12,25.21,1479.23,3/26/2023 20:20:00,,
3/26/2023,20:40,11.8,21.51,25.63,1479.71,3/26/2023 20:40:00,,
3/26/2023,21:00,11.8,24.92,29.3,1483.86,3/26/2023 21:00:00,,
3/26/2023,21:20,11.8,29.08,33.69,1488.93,3/26/2023 21:20:00,,
3/26/2023,21:40,11.8,29.39,34.02,1489.31,3/26/2023 21:40:00,,
3/26/2023,22:00,11.84,29.12,33.77,1489.1,3/26/2023 22:00:00,,
3/26/2023,22:20,11.8,29.46,34.09,1489.4,3/26/2023 22:20:00,,
3/26/2023,22:40,11.8,27.84,32.4,1487.43,3/26/2023 22:40:00,,
3/26/2023,23:00,11.8,27.2,31.73,1486.65,3/26/2023 23:00:00,,
3/26/2023,23:20,11.8,27.16,31.68,1486.59,3/26/2023 23:20:00,,
3/26/2023,23:40,11.77,27.25,31.75,1486.59,3/26/2023 23:40:00,,
3/27/2023,0:00,11.77,27.84,32.37,1487.31,3/27/2023 0:00:00,,
3/27/2023,0:20,11.74,26.14,30.55,1485.12,3/27/2023 0:20:00,,
3/27/2023,0:40,11.74,27.67,32.17,1487,3/27/2023 0:40:00,,
3/27/2023,1:00,11.71,28.24,32.75,1487.58,3/27/2023 1:00:00,,
3/27/2023,1:20,11.71,27.56,32.02,1486.74,3/27/2023 1:20:00,,
3/27/2023,1:40,11.68,27.65,32.1,1486.74,3/27/2023 1:40:00,,
3/27/2023,2:00,11.64,27.72,32.15,1486.72,3/27/2023 2:00:00,,
3/27/2023,2:20,11.58,28.22,32.62,1487.1,3/27/2023 2:20:00,,
3/27/2023,2:40,11.45,29.18,33.51,1487.82,3/27/2023 2:40:00,,
3/27/2023,3:00,11.29,28.89,33.09,1486.9,3/27/2023 3:00:00,,
3/27/2023,3:20,11.26,29.38,33.56,1487.37,3/27/2023 3:20:00,,
3/27/2023,3:40,11.23,28.65,32.78,1486.37,3/27/2023 3:40:00,,
3/27/2023,4:00,11.19,28.58,32.68,1486.17,3/27/2023 4:00:00,,
3/27/2023,4:20,11.16,29.16,33.26,1486.77,3/27/2023 4:20:00,,
3/27/2023,4:40,11.16,29.52,33.63,1487.21,3/27/2023 4:40:00,,
3/27/2023,5:00,11.19,30.42,34.58,1488.42,3/27/2023 5:00:00,,
3/27/2023,5:20,11.23,28.15,32.26,1485.75,3/27/2023 5:20:00,,
3/27/2023,5:40,11.26,28.12,32.26,1485.84,3/27/2023 5:40:00,,
3/27/2023,6:00,11.23,27.31,31.39,1484.72,3/27/2023 6:00:00,,
3/27/2023,6:20,11.16,26.18,30.16,1483.11,3/27/2023 6:20:00,,
3/27/2023,6:40,11.13,25.46,29.39,1482.11,3/27/2023 6:40:00,,
3/27/2023,7:00,11.1,24.93,28.81,1481.35,3/27/2023 7:00:00,,
3/27/2023,7:20,11.1,23.95,27.78,1480.15,3/27/2023 7:20:00,,
3/27/2023,7:40,11.13,21.7,25.42,1477.51,3/27/2023 7:40:00,,
3/27/2023,8:00,11.16,21.24,24.94,1477.06,3/27/2023 8:00:00,,
3/27/2023,8:20,11.29,20.63,24.36,1476.78,3/27/2023 8:20:00,,
3/27/2023,8:40,11.48,20.15,23.96,1476.89,3/27/2023 8:40:00,,
3/27/2023,9:00,11.58,19.56,23.38,1476.52,3/27/2023 9:00:00,,
3/27/2023,9:20,11.71,19.36,23.23,1476.74,3/27/2023 9:20:00,,
3/27/2023,9:40,11.8,19.29,23.2,1477,3/27/2023 9:40:00,,
3/27/2023,10:00,11.9,19.21,23.18,1477.26,3/27/2023 10:00:00,,
3/27/2023,10:20,12,19.05,23.06,1477.4,3/27/2023 10:20:00,,
3/27/2023,10:40,12.09,18.84,22.88,1477.49,3/27/2023 10:40:00,,
3/27/2023,11:00,12.12,18.76,22.8,1477.5,3/27/2023 11:00:00,,
3/27/2023,11:20,12.19,18.61,22.68,1477.55,3/27/2023 11:20:00,,
3/27/2023,11:40,12.25,18.9,23.03,1478.13,3/27/2023 11:40:00,,
3/27/2023,12:00,12.28,19.16,23.34,1478.56,3/27/2023 12:00:00,,
3/27/2023,12:20,12.35,19.04,23.24,1478.64,3/27/2023 12:20:00,,
3/27/2023,12:40,12.41,19.19,23.44,1479.05,3/27/2023 12:40:00,,
3/27/2023,13:00,12.44,18.67,22.88,1478.53,3/27/2023 13:00:00,,
3/27/2023,13:20,12.47,18.86,23.11,1478.87,3/27/2023 13:20:00,,
3/27/2023,13:40,12.54,18.95,23.24,1479.2,3/27/2023 13:40:00,,
3/27/2023,14:00,12.51,18.87,23.14,1479,3/27/2023 14:00:00,,
3/27/2023,14:20,12.51,19.03,23.32,1479.19,3/27/2023 14:20:00,,
3/27/2023,14:40,12.51,19.92,24.31,1480.26,3/27/2023 14:40:00,,
3/27/2023,15:00,12.51,19.33,23.65,1479.55,3/27/2023 15:00:00,,
3/27/2023,15:20,12.51,21.56,26.13,1482.25,3/27/2023 15:20:00,,
3/27/2023,15:40,12.47,20.34,24.76,1480.67,3/27/2023 15:40:00,,
3/27/2023,16:00,12.47,22.12,26.73,1482.83,3/27/2023 16:00:00,,
3/27/2023,16:20,12.47,20.23,24.64,1480.53,3/27/2023 16:20:00,,
3/27/2023,16:40,12.47,19.41,23.72,1479.54,3/27/2023 16:40:00,,
3/27/2023,17:00,12.47,18.5,22.71,1478.43,3/27/2023 17:00:00,,
3/27/2023,17:20,12.44,19.22,23.5,1479.19,3/27/2023 17:20:00,,
3/27/2023,17:40,12.41,21.31,25.8,1481.62,3/27/2023 17:40:00,,
3/27/2023,18:00,12.35,21.9,26.4,1482.11,3/27/2023 18:00:00,,
3/27/2023,18:20,12.28,22.03,26.5,1482.04,3/27/2023 18:20:00,,
3/27/2023,18:40,12.25,21.93,26.37,1481.81,3/27/2023 18:40:00,,
3/27/2023,19:00,12.25,22.97,27.51,1483.07,3/27/2023 19:00:00,,
3/27/2023,19:20,12.25,23.01,27.56,1483.12,3/27/2023 19:20:00,,
3/27/2023,19:40,12.22,23.1,27.63,1483.12,3/27/2023 19:40:00,,
3/27/2023,20:00,12.22,19.38,23.54,1478.59,3/27/2023 20:00:00,,
3/27/2023,20:20,12.22,20.57,24.86,1480.04,3/27/2023 20:20:00,,
3/27/2023,20:40,12.25,23.73,28.33,1483.99,3/27/2023 20:40:00,,
3/27/2023,21:00,12.22,19.61,23.8,1478.87,3/27/2023 21:00:00,,
3/27/2023,21:20,12.25,29.19,34.18,1490.62,3/27/2023 21:20:00,,
3/27/2023,21:40,12.22,29.35,34.33,1490.71,3/27/2023 21:40:00,,
3/27/2023,22:00,12.22,29.24,34.2,1490.57,3/27/2023 22:00:00,,
3/27/2023,22:20,12.22,29.26,34.23,1490.6,3/27/2023 22:20:00,,
3/27/2023,22:40,12.19,29.24,34.18,1490.46,3/27/2023 22:40:00,,
3/27/2023,23:00,12.19,29.31,34.25,1490.55,3/27/2023 23:00:00,,
3/27/2023,23:20,12.16,29.36,34.28,1490.5,3/27/2023 23:20:00,,
3/27/2023,23:40,12.16,29.33,34.25,1490.47,3/27/2023 23:40:00,,
3/28/2023,0:00,12.12,29.31,34.2,1490.33,3/28/2023 0:00:00,,
3/28/2023,0:20,12.12,29.29,34.18,1490.3,3/28/2023 0:20:00,,
3/28/2023,0:40,12.09,29.31,34.17,1490.22,3/28/2023 0:40:00,,
3/28/2023,1:00,12.09,29.33,34.2,1490.25,3/28/2023 1:00:00,,
3/28/2023,1:20,12.09,29.31,34.17,1490.22,3/28/2023 1:20:00,,
3/28/2023,1:40,12.06,29.29,34.12,1490.08,3/28/2023 1:40:00,,
3/28/2023,2:00,12.06,29.29,34.12,1490.08,3/28/2023 2:00:00,,
3/28/2023,2:20,12.03,29.24,34.05,1489.91,3/28/2023 2:20:00,,
3/28/2023,2:40,12.03,29.29,34.1,1489.97,3/28/2023 2:40:00,,
3/28/2023,3:00,12.03,29.24,34.05,1489.91,3/28/2023 3:00:00,,
3/28/2023,3:20,12,29.38,34.17,1489.97,3/28/2023 3:20:00,,
3/28/2023,3:40,12,29.41,34.2,1490,3/28/2023 3:40:00,,
3/28/2023,4:00,11.96,29.5,34.27,1490.01,3/28/2023 4:00:00,,
3/28/2023,4:20,11.93,29.6,34.35,1490.01,3/28/2023 4:20:00,,
3/28/2023,4:40,11.9,29.65,34.37,1489.96,3/28/2023 4:40:00,,
3/28/2023,5:00,11.84,29.7,34.37,1489.8,3/28/2023 5:00:00,,
3/28/2023,5:20,11.8,29.72,34.37,1489.72,3/28/2023 5:20:00,,
3/28/2023,5:40,11.8,29.7,34.34,1489.69,3/28/2023 5:40:00,,
3/28/2023,6:00,11.8,29.67,34.32,1489.66,3/28/2023 6:00:00,,
3/28/2023,6:20,11.77,29.63,34.24,1489.49,3/28/2023 6:20:00,,
3/28/2023,6:40,11.8,29.58,34.22,1489.54,3/28/2023 6:40:00,,
3/28/2023,7:00,11.8,29.55,34.19,1489.51,3/28/2023 7:00:00,,
3/28/2023,7:20,11.77,29.53,34.14,1489.37,3/28/2023 7:20:00,,
3/28/2023,7:40,11.77,29.55,34.17,1489.4,3/28/2023 7:40:00,,
3/28/2023,8:00,11.77,29.67,34.29,1489.55,3/28/2023 8:00:00,,
3/28/2023,8:20,11.8,29.58,34.22,1489.54,3/28/2023 8:20:00,,
3/28/2023,8:40,11.77,28.96,33.54,1488.68,3/28/2023 8:40:00,,
3/28/2023,9:00,11.77,28.15,32.7,1487.69,3/28/2023 9:00:00,,
3/28/2023,9:20,11.74,29.63,34.22,1489.38,3/28/2023 9:20:00,,
3/28/2023,9:40,11.74,28.67,33.22,1488.22,3/28/2023 9:40:00,,
3/28/2023,10:00,11.74,29.36,33.94,1489.06,3/28/2023 10:00:00,,
3/28/2023,10:20,11.74,27.13,31.6,1486.33,3/28/2023 10:20:00,,
3/28/2023,10:40,11.71,27.56,32.02,1486.74,3/28/2023 10:40:00,,
3/28/2023,11:00,11.68,28.32,32.79,1487.56,3/28/2023 11:00:00,,
3/28/2023,11:20,11.68,26.46,30.85,1485.3,3/28/2023 11:20:00,,
3/28/2023,11:40,11.64,29.25,33.74,1488.58,3/28/2023 11:40:00,,
3/28/2023,12:00,11.64,29.53,34.04,1488.93,3/28/2023 12:00:00,,
3/28/2023,12:20,11.64,26.72,31.1,1485.5,3/28/2023 12:20:00,,
3/28/2023,12:40,11.64,28.46,32.92,1487.62,3/28/2023 12:40:00,,
3/28/2023,13:00,11.68,29.46,33.99,1488.95,3/28/2023 13:00:00,,
3/28/2023,13:20,11.68,28.63,33.12,1487.93,3/28/2023 13:20:00,,
3/28/2023,13:40,11.68,29.39,33.92,1488.87,3/28/2023 13:40:00,,
3/28/2023,14:00,11.64,29.49,33.99,1488.87,3/28/2023 14:00:00,,
3/28/2023,14:20,11.64,29.49,33.99,1488.87,3/28/2023 14:20:00,,
3/28/2023,14:40,11.64,29.53,34.04,1488.93,3/28/2023 14:40:00,,
3/28/2023,15:00,11.64,29.61,34.11,1489.02,3/28/2023 15:00:00,,
3/28/2023,15:20,11.68,29.63,34.16,1489.16,3/28/2023 15:20:00,,
3/28/2023,15:40,11.64,29.58,34.09,1488.99,3/28/2023 15:40:00,,
3/28/2023,16:00,11.71,29.63,34.19,1489.27,3/28/2023 16:00:00,,
3/28/2023,16:20,11.71,29.51,34.07,1489.12,3/28/2023 16:20:00,,
3/28/2023,16:40,11.71,29.53,34.09,1489.15,3/28/2023 16:40:00,,
3/28/2023,17:00,11.71,29.58,34.14,1489.21,3/28/2023 17:00:00,,
3/28/2023,17:20,11.71,29.56,34.12,1489.18,3/28/2023 17:20:00,,
3/28/2023,17:40,11.71,29.53,34.09,1489.15,3/28/2023 17:40:00,,
3/28/2023,18:00,11.71,29.51,34.07,1489.12,3/28/2023 18:00:00,,
3/28/2023,18:20,11.71,29.46,34.02,1489.06,3/28/2023 18:20:00,,
3/28/2023,18:40,11.71,29.39,33.94,1488.98,3/28/2023 18:40:00,,
3/28/2023,19:00,11.68,29.41,33.94,1488.9,3/28/2023 19:00:00,,
3/28/2023,19:20,11.68,29.27,33.79,1488.72,3/28/2023 19:20:00,,
3/28/2023,19:40,11.64,29.39,33.89,1488.75,3/28/2023 19:40:00,,
3/28/2023,20:00,11.64,29.61,34.11,1489.02,3/28/2023 20:00:00,,
3/28/2023,20:20,11.61,29.63,34.11,1488.94,3/28/2023 20:20:00,,
3/28/2023,20:40,11.61,29.66,34.14,1488.96,3/28/2023 20:40:00,,
3/28/2023,21:00,11.58,29.73,34.19,1488.94,3/28/2023 21:00:00,,
3/28/2023,21:20,11.58,29.32,33.76,1488.44,3/28/2023 21:20:00,,
3/28/2023,21:40,11.58,29.73,34.19,1488.94,3/28/2023 21:40:00,,
3/28/2023,22:00,11.58,18.98,22.74,1475.81,3/28/2023 22:00:00,,
3/28/2023,22:20,11.58,4.67,6.22,1458.34,3/28/2023 22:20:00,,
3/28/2023,22:40,11.55,26.43,30.72,1484.8,3/28/2023 22:40:00,,
3/28/2023,23:00,11.52,5.42,7.14,1459.02,3/28/2023 23:00:00,,
3/28/2023,23:20,11.48,16.17,19.59,1472.03,3/28/2023 23:20:00,,
3/28/2023,23:40,11.45,9.52,12.02,1463.78,3/28/2023 23:40:00,,
3/29/2023,0:00,11.45,2.42,3.34,1455.1,3/29/2023 0:00:00,,
3/29/2023,0:20,11.42,14.17,17.33,1469.35,3/29/2023 0:20:00,,
3/29/2023,0:40,11.42,4.19,5.59,1457.14,3/29/2023 0:40:00,,
3/29/2023,1:00,11.39,7.3,9.38,1460.83,3/29/2023 1:00:00,,
3/29/2023,1:20,11.42,8.55,10.86,1462.47,3/29/2023 1:20:00,,
3/29/2023,1:40,11.39,12.68,15.63,1467.4,3/29/2023 1:40:00,,
3/29/2023,2:00,11.39,3.02,4.11,1455.59,3/29/2023 2:00:00,,
3/29/2023,2:20,11.39,1.93,2.7,1454.26,3/29/2023 2:20:00,,
3/29/2023,2:40,11.35,1.29,1.83,1453.35,3/29/2023 2:40:00,,
3/29/2023,3:00,11.32,6.46,8.35,1459.55,3/29/2023 3:00:00,,
3/29/2023,3:20,11.32,0.96,1.39,1452.83,3/29/2023 3:20:00,,
3/29/2023,3:40,11.29,13.13,16.1,1467.6,3/29/2023 3:40:00,,
3/29/2023,4:00,11.29,29.71,33.93,1487.9,3/29/2023 4:00:00,,
3/29/2023,4:20,11.29,29.18,33.38,1487.25,3/29/2023 4:20:00,,
3/29/2023,4:40,11.26,29.62,33.81,1487.67,3/29/2023 4:40:00,,
3/29/2023,5:00,11.26,29.98,34.18,1488.11,3/29/2023 5:00:00,,
3/29/2023,5:20,11.26,29.93,34.13,1488.06,3/29/2023 5:20:00,,
3/29/2023,5:40,11.23,29.96,34.13,1487.97,3/29/2023 5:40:00,,
3/29/2023,6:00,11.23,29.93,34.1,1487.94,3/29/2023 6:00:00,,
3/29/2023,6:20,11.19,29.67,33.81,1487.5,3/29/2023 6:20:00,,
3/29/2023,6:40,11.19,29.04,33.16,1486.73,3/29/2023 6:40:00,,
3/29/2023,7:00,11.16,24.82,28.74,1481.44,3/29/2023 7:00:00,,
3/29/2023,7:20,11.16,20.51,24.16,1476.16,3/29/2023 7:20:00,,
3/29/2023,7:40,11.16,22.21,25.98,1478.24,3/29/2023 7:40:00,,
3/29/2023,8:00,11.16,28.8,32.88,1486.32,3/29/2023 8:00:00,,
3/29/2023,8:20,11.16,19.42,22.99,1474.83,3/29/2023 8:20:00,,
3/29/2023,8:40,11.16,26.8,30.81,1483.87,3/29/2023 8:40:00,,
3/29/2023,9:00,11.16,29.28,33.38,1486.91,3/29/2023 9:00:00,,
3/29/2023,9:20,11.16,27.21,31.24,1484.37,3/29/2023 9:20:00,,
3/29/2023,9:40,11.19,25.99,29.99,1482.99,3/29/2023 9:40:00,,
3/29/2023,10:00,11.19,25.46,29.44,1482.35,3/29/2023 10:00:00,,
3/29/2023,10:20,11.19,26.11,30.11,1483.14,3/29/2023 10:20:00,,
3/29/2023,10:40,11.19,27.86,31.94,1485.29,3/29/2023 10:40:00,,
3/29/2023,11:00,11.19,26.49,30.51,1483.61,3/29/2023 11:00:00,,
3/29/2023,11:20,11.23,27.26,31.34,1484.67,3/29/2023 11:20:00,,
3/29/2023,11:40,11.19,25.61,29.59,1482.53,3/29/2023 11:40:00,,
3/29/2023,12:00,11.16,26.11,30.09,1483.02,3/29/2023 12:00:00,,
3/29/2023,12:20,11.19,27.14,31.19,1484.4,3/29/2023 12:20:00,,
3/29/2023,12:40,11.23,25.54,29.54,1482.56,3/29/2023 12:40:00,,
3/29/2023,13:00,11.29,25.68,29.74,1482.97,3/29/2023 13:00:00,,
3/29/2023,13:20,11.29,27.02,31.14,1484.6,3/29/2023 13:20:00,,
3/29/2023,13:40,11.23,25.82,29.84,1482.91,3/29/2023 13:40:00,,
3/29/2023,14:00,11.23,24.42,28.36,1481.19,3/29/2023 14:00:00,,
3/29/2023,14:20,11.23,25.11,29.09,1482.03,3/29/2023 14:20:00,,
3/29/2023,14:40,11.23,26.32,30.36,1483.52,3/29/2023 14:40:00,,
3/29/2023,15:00,11.23,29.21,33.36,1487.05,3/29/2023 15:00:00,,
3/29/2023,15:20,11.26,29.23,33.41,1487.2,3/29/2023 15:20:00,,
3/29/2023,15:40,11.23,29.35,33.51,1487.23,3/29/2023 15:40:00,,
3/29/2023,16:00,11.23,29.72,33.88,1487.68,3/29/2023 16:00:00,,
3/29/2023,16:20,11.23,29.55,33.71,1487.47,3/29/2023 16:20:00,,
3/29/2023,16:40,11.23,29.38,33.53,1487.26,3/29/2023 16:40:00,,
3/29/2023,17:00,11.23,29.67,33.83,1487.62,3/29/2023 17:00:00,,
3/29/2023,17:20,11.19,29.67,33.81,1487.5,3/29/2023 17:20:00,,
3/29/2023,17:40,11.16,29.62,33.73,1487.33,3/29/2023 17:40:00,,
3/29/2023,18:00,11.13,29.52,33.6,1487.1,3/29/2023 18:00:00,,
3/29/2023,18:20,11.13,29.14,33.21,1486.62,3/29/2023 18:20:00,,
3/29/2023,18:40,11.1,28.53,32.56,1485.77,3/29/2023 18:40:00,,
3/29/2023,19:00,11.1,28.99,33.03,1486.33,3/29/2023 19:00:00,,
3/29/2023,19:20,11.1,29.21,33.26,1486.6,3/29/2023 19:20:00,,
3/29/2023,19:40,11.13,29.45,33.53,1487.01,3/29/2023 19:40:00,,
3/29/2023,20:00,11.13,29.06,33.13,1486.53,3/29/2023 20:00:00,,
3/29/2023,20:20,11.13,28.56,32.61,1485.91,3/29/2023 20:20:00,,
3/29/2023,20:40,11.1,27.62,31.61,1484.64,3/29/2023 20:40:00,,
3/29/2023,21:00,11.1,29.33,33.38,1486.75,3/29/2023 21:00:00,,
3/29/2023,21:20,11.1,29.65,33.7,1487.13,3/29/2023 21:20:00,,
3/29/2023,21:40,11.1,29.45,33.5,1486.89,3/29/2023 21:40:00,,
3/29/2023,22:00,11.1,29.7,33.75,1487.19,3/29/2023 22:00:00,,
3/29/2023,22:20,11.1,29.62,33.68,1487.1,3/29/2023 22:20:00,,
3/29/2023,22:40,11.1,29.48,33.53,1486.92,3/29/2023 22:40:00,,
3/29/2023,23:00,11.1,28.17,32.18,1485.32,3/29/2023 23:00:00,,
3/29/2023,23:20,11.1,28.94,32.98,1486.27,3/29/2023 23:20:00,,
3/29/2023,23:40,11.1,29.07,33.11,1486.42,3/29/2023 23:40:00,,
3/30/2023,0:00,11.06,29.48,33.5,1486.81,3/30/2023 0:00:00,,
3/30/2023,0:20,11.06,28.99,33.01,1486.22,3/30/2023 0:20:00,,
3/30/2023,0:40,11.06,26.65,30.59,1483.34,3/30/2023 0:40:00,,
3/30/2023,1:00,11.06,28.34,32.33,1485.41,3/30/2023 1:00:00,,
3/30/2023,1:20,11.03,27.47,31.41,1484.23,3/30/2023 1:20:00,,
3/30/2023,1:40,11.03,26.65,30.56,1483.23,3/30/2023 1:40:00,,
3/30/2023,2:00,11.03,25.07,28.91,1481.29,3/30/2023 2:00:00,,
3/30/2023,2:20,11.03,28.46,32.43,1485.45,3/30/2023 2:20:00,,
3/30/2023,2:40,11.03,26,29.89,1482.43,3/30/2023 2:40:00,,
3/30/2023,3:00,11.03,27.3,31.23,1484.02,3/30/2023 3:00:00,,
3/30/2023,3:20,11.03,26.94,30.86,1483.58,3/30/2023 3:20:00,,
3/30/2023,3:40,11,26.1,29.96,1482.43,3/30/2023 3:40:00,,
3/30/2023,4:00,11,24.68,28.48,1480.7,3/30/2023 4:00:00,,
3/30/2023,4:20,11,24.02,27.78,1479.87,3/30/2023 4:20:00,,
3/30/2023,4:40,10.97,23.37,27.08,1478.96,3/30/2023 4:40:00,,
3/30/2023,5:00,10.97,22.63,26.3,1478.06,3/30/2023 5:00:00,,
3/30/2023,5:20,10.93,22.34,25.97,1477.58,3/30/2023 5:20:00,,
3/30/2023,5:40,10.93,21.98,25.59,1477.14,3/30/2023 5:40:00,,
3/30/2023,6:00,10.93,22.13,25.74,1477.32,3/30/2023 6:00:00,,
3/30/2023,6:20,10.93,23.01,26.68,1478.4,3/30/2023 6:20:00,,
3/30/2023,6:40,10.93,23.03,26.7,1478.43,3/30/2023 6:40:00,,
3/30/2023,7:00,10.9,23.17,26.83,1478.48,3/30/2023 7:00:00,,
3/30/2023,7:20,10.93,23.29,26.98,1478.75,3/30/2023 7:20:00,,
3/30/2023,7:40,10.93,24.39,28.13,1480.1,3/30/2023 7:40:00,,
3/30/2023,8:00,10.97,24.2,27.96,1479.99,3/30/2023 8:00:00,,
3/30/2023,8:20,10.97,28.03,31.93,1484.68,3/30/2023 8:20:00,,
3/30/2023,8:40,11.03,27.86,31.81,1484.7,3/30/2023 8:40:00,,
3/30/2023,9:00,11.1,27.54,31.54,1484.55,3/30/2023 9:00:00,,
3/30/2023,9:20,11.13,26.75,30.74,1483.7,3/30/2023 9:20:00,,
3/30/2023,9:40,11.19,26.28,30.29,1483.35,3/30/2023 9:40:00,,
3/30/2023,10:00,11.26,26.97,31.06,1484.43,3/30/2023 10:00:00,,
3/30/2023,10:20,11.32,26.9,31.04,1484.57,3/30/2023 10:20:00,,
3/30/2023,10:40,11.39,26.57,30.74,1484.4,3/30/2023 10:40:00,,
3/30/2023,11:00,11.48,25.79,30,1483.79,3/30/2023 11:00:00,,
3/30/2023,11:20,11.55,24.87,29.07,1482.9,3/30/2023 11:20:00,,
3/30/2023,11:40,11.68,21.68,25.73,1479.45,3/30/2023 11:40:00,,
3/30/2023,12:00,11.74,21.13,25.18,1479.01,3/30/2023 12:00:00,,
3/30/2023,12:20,11.74,20.52,24.52,1478.28,3/30/2023 12:20:00,,
3/30/2023,12:40,11.8,19.4,23.33,1477.14,3/30/2023 12:40:00,,
3/30/2023,13:00,11.9,19.1,23.05,1477.12,3/30/2023 13:00:00,,
3/30/2023,13:20,11.96,18.1,21.98,1476.13,3/30/2023 13:20:00,,
3/30/2023,13:40,12,18.16,22.06,1476.31,3/30/2023 13:40:00,,
3/30/2023,14:00,12.03,18.12,22.04,1476.38,3/30/2023 14:00:00,,
3/30/2023,14:20,12.03,18.28,22.22,1476.57,3/30/2023 14:20:00,,
3/30/2023,14:40,12.09,17.97,21.91,1476.43,3/30/2023 14:40:00,,
3/30/2023,15:00,12.12,20.62,24.86,1479.76,3/30/2023 15:00:00,,
3/30/2023,15:20,12.12,20.46,24.68,1479.57,3/30/2023 15:20:00,,
3/30/2023,15:40,12.12,19.54,23.67,1478.45,3/30/2023 15:40:00,,
3/30/2023,16:00,12.09,21.9,26.25,1481.21,3/30/2023 16:00:00,,
3/30/2023,16:20,12.09,20.77,25.01,1479.84,3/30/2023 16:20:00,,
3/30/2023,16:40,12.09,20.5,24.71,1479.5,3/30/2023 16:40:00,,
3/30/2023,17:00,12.12,20.04,24.23,1479.07,3/30/2023 17:00:00,,
3/30/2023,17:20,12.16,20.72,24.98,1480,3/30/2023 17:20:00,,
3/30/2023,17:40,12.12,22.16,26.55,1481.64,3/30/2023 17:40:00,,
3/30/2023,18:00,12.12,22.95,27.4,1482.6,3/30/2023 18:00:00,,
3/30/2023,18:20,12.12,19.26,23.36,1478.12,3/30/2023 18:20:00,,
3/30/2023,18:40,12.09,18.52,22.52,1477.1,3/30/2023 18:40:00,,
3/30/2023,19:00,12.03,19.77,23.87,1478.39,3/30/2023 19:00:00,,
3/30/2023,19:20,12,22.35,26.67,1481.42,3/30/2023 19:20:00,,
3/30/2023,19:40,11.9,21.99,26.22,1480.64,3/30/2023 19:40:00,,
3/30/2023,20:00,11.8,19.84,23.81,1477.67,3/30/2023 20:00:00,,
3/30/2023,20:20,11.74,20.29,24.27,1477.99,3/30/2023 20:20:00,,
3/30/2023,20:40,11.68,20.35,24.29,1477.83,3/30/2023 20:40:00,,
3/30/2023,21:00,11.61,20.59,24.52,1477.9,3/30/2023 21:00:00,,
3/30/2023,21:20,11.58,20.61,24.52,1477.8,3/30/2023 21:20:00,,
3/30/2023,21:40,11.55,27.81,32.17,1486.49,3/30/2023 21:40:00,,
3/30/2023,22:00,11.58,29.15,33.59,1488.24,3/30/2023 22:00:00,,
3/30/2023,22:20,11.61,29.15,33.62,1488.35,3/30/2023 22:20:00,,
3/30/2023,22:40,11.64,29.06,33.54,1488.35,3/30/2023 22:40:00,,
3/30/2023,23:00,11.64,29.1,33.59,1488.4,3/30/2023 23:00:00,,
3/30/2023,23:20,11.68,28.79,33.29,1488.14,3/30/2023 23:20:00,,
3/30/2023,23:40,11.68,28.77,33.27,1488.11,3/30/2023 23:40:00,,
3/31/2023,0:00,11.64,28.65,33.12,1487.85,3/31/2023 0:00:00,,
3/31/2023,0:20,11.61,28.65,33.09,1487.74,3/31/2023 0:20:00,,
3/31/2023,0:40,11.61,28.34,32.77,1487.36,3/31/2023 0:40:00,,
3/31/2023,1:00,11.58,28.12,32.52,1486.98,3/31/2023 1:00:00,,
3/31/2023,1:20,11.55,29.42,33.84,1488.45,3/31/2023 1:20:00,,
3/31/2023,1:40,11.55,29.32,33.74,1488.33,3/31/2023 1:40:00,,
3/31/2023,2:00,11.55,29.2,33.61,1488.18,3/31/2023 2:00:00,,
3/31/2023,2:20,11.52,29.06,33.44,1487.9,3/31/2023 2:20:00,,
3/31/2023,2:40,11.52,28.96,33.34,1487.78,3/31/2023 2:40:00,,
3/31/2023,3:00,11.52,29.08,33.46,1487.93,3/31/2023 3:00:00,,
3/31/2023,3:20,11.52,29.15,33.54,1488.01,3/31/2023 3:20:00,,
3/31/2023,3:40,11.52,29.27,33.66,1488.16,3/31/2023 3:40:00,,
3/31/2023,4:00,11.48,29.06,33.41,1487.78,3/31/2023 4:00:00,,
3/31/2023,4:20,11.48,29.2,33.56,1487.96,3/31/2023 4:20:00,,
3/31/2023,4:40,11.48,29.3,33.66,1488.08,3/31/2023 4:40:00,,
3/31/2023,5:00,11.45,29.28,33.61,1487.93,3/31/2023 5:00:00,,
3/31/2023,5:20,11.45,29.3,33.64,1487.96,3/31/2023 5:20:00,,
3/31/2023,5:40,11.45,29.25,33.59,1487.91,3/31/2023 5:40:00,,
3/31/2023,6:00,11.45,29.3,33.64,1487.96,3/31/2023 6:00:00,,
3/31/2023,6:20,11.45,29.3,33.64,1487.96,3/31/2023 6:20:00,,
3/31/2023,6:40,11.48,29.25,33.61,1488.02,3/31/2023 6:40:00,,
3/31/2023,7:00,11.48,29.23,33.59,1487.99,3/31/2023 7:00:00,,
3/31/2023,7:20,11.48,29.35,33.71,1488.14,3/31/2023 7:20:00,,
3/31/2023,7:40,11.48,29.35,33.71,1488.14,3/31/2023 7:40:00,,
3/31/2023,8:00,11.52,29.37,33.76,1488.28,3/31/2023 8:00:00,,
3/31/2023,8:20,11.55,29.49,33.91,1488.54,3/31/2023 8:20:00,,
3/31/2023,8:40,11.61,29.46,33.94,1488.73,3/31/2023 8:40:00,,
3/31/2023,9:00,11.68,29.34,33.87,1488.81,3/31/2023 9:00:00,,
3/31/2023,9:20,11.74,29.41,33.99,1489.12,3/31/2023 9:20:00,,
3/31/2023,9:40,11.84,29.29,33.94,1489.31,3/31/2023 9:40:00,,
3/31/2023,10:00,11.9,29.29,34,1489.53,3/31/2023 10:00:00,,
3/31/2023,10:20,12.06,29.07,33.9,1489.82,3/31/2023 10:20:00,,
3/31/2023,10:40,12.16,29.12,34.03,1490.21,3/31/2023 10:40:00,,
3/31/2023,11:00,12.25,28.93,33.9,1490.31,3/31/2023 11:00:00,,
3/31/2023,11:20,12.38,28.93,34.01,1490.75,3/31/2023 11:20:00,,
3/31/2023,11:40,12.47,28.67,33.81,1490.76,3/31/2023 11:40:00,,
3/31/2023,12:00,12.54,28.83,34.04,1491.18,3/31/2023 12:00:00,,
3/31/2023,12:20,12.63,28.86,34.14,1491.53,3/31/2023 12:20:00,,
3/31/2023,12:40,12.73,28.3,33.62,1491.18,3/31/2023 12:40:00,,
3/31/2023,13:00,12.82,28.76,34.19,1492.07,3/31/2023 13:00:00,,
3/31/2023,13:20,12.95,28.72,34.24,1492.44,3/31/2023 13:20:00,,
3/31/2023,13:40,13.04,28.67,34.27,1492.7,3/31/2023 13:40:00,,
3/31/2023,14:00,13.14,28.6,34.27,1492.94,3/31/2023 14:00:00,,
3/31/2023,14:20,13.2,28.6,34.32,1493.15,3/31/2023 14:20:00,,
3/31/2023,14:40,13.26,28.67,34.45,1493.45,3/31/2023 14:40:00,,
3/31/2023,15:00,13.26,28.62,34.4,1493.39,3/31/2023 15:00:00,,
3/31/2023,15:20,13.29,28.53,34.33,1493.39,3/31/2023 15:20:00,,
3/31/2023,15:40,13.29,28.49,34.28,1493.33,3/31/2023 15:40:00,,
3/31/2023,16:00,13.26,28.6,34.38,1493.37,3/31/2023 16:00:00,,
3/31/2023,16:20,13.23,28.6,34.35,1493.26,3/31/2023 16:20:00,,
3/31/2023,16:40,13.17,28.58,34.27,1493.02,3/31/2023 16:40:00,,
3/31/2023,17:00,13.14,28.6,34.27,1492.94,3/31/2023 17:00:00,,
3/31/2023,17:20,13.07,28.39,34,1492.48,3/31/2023 17:20:00,,
3/31/2023,17:40,13.01,28.28,33.82,1492.12,3/31/2023 17:40:00,,
3/31/2023,18:00,12.95,28.58,34.09,1492.27,3/31/2023 18:00:00,,
3/31/2023,18:20,12.88,28.58,34.04,1492.06,3/31/2023 18:20:00,,
3/31/2023,18:40,12.82,28.51,33.92,1491.76,3/31/2023 18:40:00,,
3/31/2023,19:00,12.76,28.58,33.94,1491.63,3/31/2023 19:00:00,,
3/31/2023,19:20,12.69,28.51,33.81,1491.32,3/31/2023 19:20:00,,
3/31/2023,19:40,12.63,28.32,33.56,1490.88,3/31/2023 19:40:00,,
3/31/2023,20:00,12.57,28.46,33.66,1490.83,3/31/2023 20:00:00,,
3/31/2023,20:20,12.54,28.46,33.64,1490.72,3/31/2023 20:20:00,,
3/31/2023,20:40,12.51,28.46,33.61,1490.62,3/31/2023 20:40:00,,
3/31/2023,21:00,12.47,28.46,33.59,1490.51,3/31/2023 21:00:00,,
3/31/2023,21:20,12.44,28.44,33.53,1490.37,3/31/2023 21:20:00,,
3/31/2023,21:40,12.44,28.37,33.46,1490.28,3/31/2023 21:40:00,,
3/31/2023,22:00,12.44,28.48,33.58,1490.42,3/31/2023 22:00:00,,
3/31/2023,22:20,12.47,28.48,33.61,1490.53,3/31/2023 22:20:00,,
3/31/2023,22:40,12.47,28.48,33.61,1490.53,3/31/2023 22:40:00,,
3/31/2023,23:00,12.47,28.55,33.69,1490.62,3/31/2023 23:00:00,,
3/31/2023,23:20,12.41,28.55,33.63,1490.4,3/31/2023 23:20:00,,
3/31/2023,23:40,12.35,28.83,33.88,1490.52,3/31/2023 23:40:00,,
4/1/2023,0:00,12.22,28.86,33.8,1490.11,4/1/2023 0:00:00,,
4/1/2023,0:20,12.09,28.6,33.43,1489.36,4/1/2023 0:20:00,,
4/1/2023,0:40,12,28.96,33.72,1489.46,4/1/2023 0:40:00,,
4/1/2023,1:00,11.93,28.89,33.6,1489.15,4/1/2023 1:00:00,,
4/1/2023,1:20,11.9,28.79,33.47,1488.92,4/1/2023 1:20:00,,
4/1/2023,1:40,11.87,28.86,33.52,1488.9,4/1/2023 1:40:00,,
4/1/2023,2:00,11.87,28.89,33.55,1488.92,4/1/2023 2:00:00,,
4/1/2023,2:20,11.84,28.84,33.47,1488.75,4/1/2023 2:20:00,,
4/1/2023,2:40,11.8,28.93,33.55,1488.76,4/1/2023 2:40:00,,
4/1/2023,3:00,11.8,28.96,33.57,1488.79,4/1/2023 3:00:00,,
4/1/2023,3:20,11.77,28.98,33.57,1488.71,4/1/2023 3:20:00,,
4/1/2023,3:40,11.77,28.89,33.47,1488.59,4/1/2023 3:40:00,,
4/1/2023,4:00,11.74,29.03,33.59,1488.65,4/1/2023 4:00:00,,
4/1/2023,4:20,11.74,28.98,33.54,1488.59,4/1/2023 4:20:00,,
4/1/2023,4:40,11.71,28.86,33.39,1488.34,4/1/2023 4:40:00,,
4/1/2023,5:00,11.68,28.89,33.39,1488.25,4/1/2023 5:00:00,,
4/1/2023,5:20,11.71,28.82,33.34,1488.28,4/1/2023 5:20:00,,
4/1/2023,5:40,11.68,28.77,33.27,1488.11,4/1/2023 5:40:00,,
4/1/2023,6:00,11.64,28.7,33.17,1487.91,4/1/2023 6:00:00,,
4/1/2023,6:20,11.61,28.89,33.34,1488.03,4/1/2023 6:20:00,,
4/1/2023,6:40,11.61,28.77,33.22,1487.88,4/1/2023 6:40:00,,
4/1/2023,7:00,11.61,28.84,33.29,1487.97,4/1/2023 7:00:00,,
4/1/2023,7:20,11.64,28.84,33.32,1488.08,4/1/2023 7:20:00,,
4/1/2023,7:40,11.71,28.82,33.34,1488.28,4/1/2023 7:40:00,,
4/1/2023,8:00,11.74,28.77,33.32,1488.33,4/1/2023 8:00:00,,
4/1/2023,8:20,11.8,28.72,33.32,1488.5,4/1/2023 8:20:00,,
4/1/2023,8:40,11.87,28.72,33.37,1488.72,4/1/2023 8:40:00,,
4/1/2023,9:00,11.9,28.77,33.45,1488.89,4/1/2023 9:00:00,,
4/1/2023,9:20,11.96,28.72,33.45,1489.06,4/1/2023 9:20:00,,
4/1/2023,9:40,12.03,28.74,33.53,1489.31,4/1/2023 9:40:00,,
4/1/2023,10:00,12.12,28.72,33.58,1489.61,4/1/2023 10:00:00,,
4/1/2023,10:20,12.19,28.79,33.7,1489.92,4/1/2023 10:20:00,,
4/1/2023,10:40,12.25,28.58,33.53,1489.88,4/1/2023 10:40:00,,
4/1/2023,11:00,12.35,28.37,33.38,1489.95,4/1/2023 11:00:00,,
4/1/2023,11:20,12.44,28.13,33.21,1490,4/1/2023 11:20:00,,
4/1/2023,11:40,12.57,28.11,33.29,1490.41,4/1/2023 11:40:00,,
4/1/2023,12:00,12.73,27.28,32.52,1489.95,4/1/2023 12:00:00,,
4/1/2023,12:20,12.95,26.43,31.78,1489.68,4/1/2023 12:20:00,,
4/1/2023,12:40,13.14,25.9,31.33,1489.68,4/1/2023 12:40:00,,
4/1/2023,13:00,13.32,25.73,31.28,1490.12,4/1/2023 13:00:00,,
4/1/2023,13:20,13.48,25.4,31.04,1490.25,4/1/2023 13:20:00,,
4/1/2023,13:40,13.57,24.03,29.59,1488.93,4/1/2023 13:40:00,,
4/1/2023,14:00,13.7,23.33,28.89,1488.52,4/1/2023 14:00:00,,
4/1/2023,14:20,13.79,23.35,28.97,1488.85,4/1/2023 14:20:00,,
4/1/2023,14:40,13.79,23.43,29.07,1488.95,4/1/2023 14:40:00,,
4/1/2023,15:00,13.76,23.23,28.82,1488.6,4/1/2023 15:00:00,,
4/1/2023,15:20,13.73,23.56,29.17,1488.89,4/1/2023 15:20:00,,
4/1/2023,15:40,13.73,22.38,27.84,1487.48,4/1/2023 15:40:00,,
4/1/2023,16:00,13.76,22.27,27.74,1487.46,4/1/2023 16:00:00,,
4/1/2023,16:20,13.76,22.36,27.84,1487.56,4/1/2023 16:20:00,,
4/1/2023,16:40,13.76,22.61,28.11,1487.86,4/1/2023 16:40:00,,
4/1/2023,17:00,13.73,22.34,27.79,1487.43,4/1/2023 17:00:00,,
4/1/2023,17:20,13.7,22.71,28.19,1487.77,4/1/2023 17:20:00,,
4/1/2023,17:40,13.64,22.55,27.96,1487.36,4/1/2023 17:40:00,,
4/1/2023,18:00,13.57,22.71,28.11,1487.35,4/1/2023 18:00:00,,
4/1/2023,18:20,13.54,22.82,28.21,1487.37,4/1/2023 18:20:00,,
4/1/2023,18:40,13.48,22.7,28.03,1487.01,4/1/2023 18:40:00,,
4/1/2023,19:00,13.45,22.83,28.16,1487.06,4/1/2023 19:00:00,,
4/1/2023,19:20,13.39,23,28.31,1487.05,4/1/2023 19:20:00,,
4/1/2023,19:40,13.32,23.15,28.43,1487.02,4/1/2023 19:40:00,,
4/1/2023,20:00,13.26,23.17,28.4,1486.82,4/1/2023 20:00:00,,
4/1/2023,20:20,13.2,23,28.18,1486.41,4/1/2023 20:20:00,,
4/1/2023,20:40,13.14,22.9,28.03,1486.07,4/1/2023 20:40:00,,
4/1/2023,21:00,13.1,22.96,28.07,1486.04,4/1/2023 21:00:00,,
4/1/2023,21:20,13.07,23.14,28.25,1486.14,4/1/2023 21:20:00,,
4/1/2023,21:40,13.1,22.76,27.85,1485.79,4/1/2023 21:40:00,,
4/1/2023,22:00,13.1,22.58,27.65,1485.58,4/1/2023 22:00:00,,
4/1/2023,22:20,13.1,22.85,27.95,1485.9,4/1/2023 22:20:00,,
4/1/2023,22:40,13.07,23.14,28.25,1486.14,4/1/2023 22:40:00,,
4/1/2023,23:00,13.07,23.03,28.12,1486.01,4/1/2023 23:00:00,,
4/1/2023,23:20,13.07,23.37,28.5,1486.42,4/1/2023 23:20:00,,
4/1/2023,23:40,13.04,23.5,28.63,1486.47,4/1/2023 23:40:00,,
4/2/2023,0:00,13.04,23.5,28.63,1486.47,4/2/2023 0:00:00,,
4/2/2023,0:20,13.01,24.06,29.23,1487.04,4/2/2023 0:20:00,,
4/2/2023,0:40,12.98,24.31,29.48,1487.23,4/2/2023 0:40:00,,
4/2/2023,1:00,12.95,24.38,29.53,1487.2,4/2/2023 1:00:00,,
4/2/2023,1:20,12.92,24.33,29.45,1487.03,4/2/2023 1:20:00,,
4/2/2023,1:40,12.92,24.4,29.52,1487.11,4/2/2023 1:40:00,,
4/2/2023,2:00,12.92,24.35,29.47,1487.06,4/2/2023 2:00:00,,
4/2/2023,2:20,12.88,24.44,29.55,1487.06,4/2/2023 2:20:00,,
4/2/2023,2:40,12.85,24.5,29.6,1487.03,4/2/2023 2:40:00,,
4/2/2023,3:00,12.82,24.82,29.92,1487.3,4/2/2023 3:00:00,,
4/2/2023,3:20,12.79,24.75,29.82,1487.11,4/2/2023 3:20:00,,
4/2/2023,3:40,12.79,24.75,29.82,1487.11,4/2/2023 3:40:00,,
4/2/2023,4:00,12.79,25.05,30.15,1487.47,4/2/2023 4:00:00,,
4/2/2023,4:20,12.76,25.02,30.1,1487.33,4/2/2023 4:20:00,,
4/2/2023,4:40,12.76,24.98,30.05,1487.27,4/2/2023 4:40:00,,
4/2/2023,5:00,12.76,24.79,29.85,1487.05,4/2/2023 5:00:00,,
4/2/2023,5:20,12.76,24.88,29.95,1487.16,4/2/2023 5:20:00,,
4/2/2023,5:40,12.73,25.16,30.22,1487.38,4/2/2023 5:40:00,,
4/2/2023,6:00,12.76,25.07,30.15,1487.38,4/2/2023 6:00:00,,
4/2/2023,6:20,12.76,25.32,30.42,1487.69,4/2/2023 6:20:00,,
4/2/2023,6:40,12.76,25.3,30.4,1487.66,4/2/2023 6:40:00,,
4/2/2023,7:00,12.79,25.41,30.55,1487.91,4/2/2023 7:00:00,,
4/2/2023,7:20,12.82,25.37,30.52,1487.97,4/2/2023 7:20:00,,
4/2/2023,7:40,12.85,24.82,29.95,1487.41,4/2/2023 7:40:00,,
4/2/2023,8:00,12.85,24.87,30,1487.47,4/2/2023 8:00:00,,
4/2/2023,8:20,12.88,24.89,30.05,1487.61,4/2/2023 8:20:00,,
4/2/2023,8:40,12.92,24.74,29.9,1487.53,4/2/2023 8:40:00,,
4/2/2023,9:00,12.95,24.97,30.18,1487.92,4/2/2023 9:00:00,,
4/2/2023,9:20,12.92,24.46,29.6,1487.2,4/2/2023 9:20:00,,
4/2/2023,9:40,12.82,24.66,29.75,1487.11,4/2/2023 9:40:00,,
4/2/2023,10:00,12.76,24.59,29.62,1486.8,4/2/2023 10:00:00,,
4/2/2023,10:20,12.88,24.67,29.8,1487.33,4/2/2023 10:20:00,,
4/2/2023,10:40,13.01,24.95,30.2,1488.11,4/2/2023 10:40:00,,
4/2/2023,11:00,13.1,24.8,30.1,1488.25,4/2/2023 11:00:00,,
4/2/2023,11:20,13.2,24.24,29.56,1487.9,4/2/2023 11:20:00,,
4/2/2023,11:40,13.29,23.87,29.21,1487.77,4/2/2023 11:40:00,,
4/2/2023,12:00,13.32,23.56,28.88,1487.51,4/2/2023 12:00:00,,
4/2/2023,12:20,13.42,23.05,28.38,1487.22,4/2/2023 12:20:00,,
4/2/2023,12:40,13.45,22.72,28.03,1486.93,4/2/2023 12:40:00,,
4/2/2023,13:00,13.45,21.91,27.13,1485.96,4/2/2023 13:00:00,,
4/2/2023,13:20,13.45,21.69,26.87,1485.69,4/2/2023 13:20:00,,
4/2/2023,13:40,13.45,21.83,27.03,1485.85,4/2/2023 13:40:00,,
4/2/2023,14:00,13.42,21.44,26.57,1485.28,4/2/2023 14:00:00,,
4/2/2023,14:20,13.45,21.47,26.62,1485.42,4/2/2023 14:20:00,,
4/2/2023,14:40,13.42,21.24,26.35,1485.04,4/2/2023 14:40:00,,
4/2/2023,15:00,13.45,21.13,26.25,1485.02,4/2/2023 15:00:00,,
4/2/2023,15:20,13.42,20.75,25.79,1484.45,4/2/2023 15:20:00,,
4/2/2023,15:40,13.39,20.54,25.54,1484.1,4/2/2023 15:40:00,,
4/2/2023,16:00,13.32,20.13,25.03,1483.38,4/2/2023 16:00:00,,
4/2/2023,16:20,13.26,20.36,25.26,1483.45,4/2/2023 16:20:00,,
4/2/2023,16:40,13.23,20.24,25.11,1483.19,4/2/2023 16:40:00,,
4/2/2023,17:00,13.23,20.71,25.64,1483.76,4/2/2023 17:00:00,,
4/2/2023,17:20,13.23,20.94,25.89,1484.03,4/2/2023 17:20:00,,
4/2/2023,17:40,13.17,20.32,25.15,1483.07,4/2/2023 17:40:00,,
4/2/2023,18:00,13.14,21.15,26.06,1483.95,4/2/2023 18:00:00,,
4/2/2023,18:20,13.17,19.43,24.14,1481.99,4/2/2023 18:20:00,,
4/2/2023,18:40,13.17,19.74,24.5,1482.37,4/2/2023 18:40:00,,
4/2/2023,19:00,13.2,19.12,23.81,1481.73,4/2/2023 19:00:00,,
4/2/2023,19:20,13.1,23.3,28.45,1486.45,4/2/2023 19:20:00,,
4/2/2023,19:40,12.98,22.86,27.87,1485.48,4/2/2023 19:40:00,,
4/2/2023,20:00,12.82,23.59,28.57,1485.81,4/2/2023 20:00:00,,
4/2/2023,20:20,12.76,23.33,28.24,1485.28,4/2/2023 20:20:00,,
4/2/2023,20:40,12.57,22.44,27.13,1483.54,4/2/2023 20:40:00,,
4/2/2023,21:00,12.44,22.88,27.53,1483.63,4/2/2023 21:00:00,,
4/2/2023,21:20,12.31,21.92,26.4,1482.02,4/2/2023 21:20:00,,
4/2/2023,21:40,12.16,21.8,26.17,1481.31,4/2/2023 21:40:00,,
4/2/2023,22:00,12.19,19.37,23.52,1478.47,4/2/2023 22:00:00,,
4/2/2023,22:20,12.31,19.79,24.05,1479.43,4/2/2023 22:20:00,,
4/2/2023,22:40,12.44,20.27,24.66,1480.47,4/2/2023 22:40:00,,
4/2/2023,23:00,12.57,20.79,25.32,1481.55,4/2/2023 23:00:00,,
4/2/2023,23:20,12.6,20.69,25.22,1481.53,4/2/2023 23:20:00,,
4/2/2023,23:40,12.57,18.93,23.24,1479.29,4/2/2023 23:40:00,,
4/3/2023,0:00,12.57,17.78,21.94,1477.89,4/3/2023 0:00:00,,
4/3/2023,0:20,12.6,15.53,19.4,1475.28,4/3/2023 0:20:00,,
4/3/2023,0:40,12.57,14.28,17.95,1473.66,4/3/2023 0:40:00,,
4/3/2023,1:00,12.47,12.6,15.96,1471.28,4/3/2023 1:00:00,,
4/3/2023,1:20,12.31,12.6,15.9,1470.71,4/3/2023 1:20:00,,
4/3/2023,1:40,12.19,12.17,15.35,1469.72,4/3/2023 1:40:00,,
4/3/2023,2:00,12.12,12.12,15.27,1469.43,4/3/2023 2:00:00,,
4/3/2023,2:20,12.16,11.68,14.77,1469.01,4/3/2023 2:20:00,,
4/3/2023,2:40,12.12,11.57,14.64,1468.77,4/3/2023 2:40:00,,
4/3/2023,3:00,12.09,11.4,14.42,1468.44,4/3/2023 3:00:00,,
4/3/2023,3:20,12.12,11.19,14.19,1468.3,4/3/2023 3:20:00,,
4/3/2023,3:40,12.12,10.78,13.71,1467.8,4/3/2023 3:40:00,,
4/3/2023,4:00,12.12,10.6,13.49,1467.58,4/3/2023 4:00:00,,
4/3/2023,4:20,12.12,10.42,13.28,1467.36,4/3/2023 4:20:00,,
4/3/2023,4:40,12.06,10.5,13.36,1467.23,4/3/2023 4:40:00,,
4/3/2023,5:00,12.03,14.02,17.42,1471.39,4/3/2023 5:00:00,,
4/3/2023,5:20,11.96,14.45,17.89,1471.69,4/3/2023 5:20:00,,
4/3/2023,5:40,11.93,14.47,17.89,1471.59,4/3/2023 5:40:00,,
4/3/2023,6:00,11.93,14.47,17.89,1471.59,4/3/2023 6:00:00,,
4/3/2023,6:20,11.93,13.76,17.08,1470.72,4/3/2023 6:20:00,,
4/3/2023,6:40,11.87,12.43,15.53,1468.87,4/3/2023 6:40:00,,
4/3/2023,7:00,11.64,17.35,20.98,1474.06,4/3/2023 7:00:00,,
4/3/2023,7:20,11.45,15.86,19.23,1471.53,4/3/2023 7:20:00,,
4/3/2023,7:40,11.35,17.67,21.18,1473.39,4/3/2023 7:40:00,,
4/3/2023,8:00,11.29,19.57,23.22,1475.48,4/3/2023 8:00:00,,
4/3/2023,8:20,11.29,18.63,22.2,1474.34,4/3/2023 8:20:00,,
4/3/2023,8:40,11.29,19.22,22.84,1475.05,4/3/2023 8:40:00,,
4/3/2023,9:00,11.29,16.86,20.26,1472.16,4/3/2023 9:00:00,,
4/3/2023,9:20,11.32,16.51,19.9,1471.86,4/3/2023 9:20:00,,
4/3/2023,9:40,11.39,16.51,19.92,1472.09,4/3/2023 9:40:00,,
4/3/2023,10:00,11.39,16.16,19.54,1471.67,4/3/2023 10:00:00,,
4/3/2023,10:20,11.42,15.08,18.35,1470.46,4/3/2023 10:20:00,,
4/3/2023,10:40,11.42,16.57,20,1472.28,4/3/2023 10:40:00,,
4/3/2023,11:00,11.42,23.59,27.62,1480.86,4/3/2023 11:00:00,,
4/3/2023,11:20,11.45,22.48,26.46,1479.63,4/3/2023 11:20:00,,
4/3/2023,11:40,11.48,22.39,26.38,1479.64,4/3/2023 11:40:00,,
4/3/2023,12:00,11.52,22.4,26.41,1479.76,4/3/2023 12:00:00,,
4/3/2023,12:20,11.55,22.19,26.21,1479.62,4/3/2023 12:20:00,,
4/3/2023,12:40,11.55,23.25,27.34,1480.91,4/3/2023 12:40:00,,
4/3/2023,13:00,11.45,22.37,26.33,1479.49,4/3/2023 13:00:00,,
4/3/2023,13:20,11.45,21.69,25.6,1478.66,4/3/2023 13:20:00,,
4/3/2023,13:40,11.39,21.56,25.43,1478.27,4/3/2023 13:40:00,,
4/3/2023,14:00,11.32,20.89,24.67,1477.22,4/3/2023 14:00:00,,
4/3/2023,14:20,11.29,19.43,23.07,1475.31,4/3/2023 14:20:00,,
4/3/2023,14:40,11.29,19.71,23.37,1475.65,4/3/2023 14:40:00,,
4/3/2023,15:00,11.29,19.15,22.76,1474.97,4/3/2023 15:00:00,,
4/3/2023,15:20,11.39,18.68,22.31,1474.74,4/3/2023 15:20:00,,
4/3/2023,15:40,11.42,18.06,21.64,1474.1,4/3/2023 15:40:00,,
4/3/2023,16:00,11.45,17.93,21.52,1474.06,4/3/2023 16:00:00,,
4/3/2023,16:20,11.48,16.91,20.41,1472.93,4/3/2023 16:20:00,,
4/3/2023,16:40,11.48,16.52,19.98,1472.45,4/3/2023 16:40:00,,
4/3/2023,17:00,11.48,17.33,20.88,1473.45,4/3/2023 17:00:00,,
4/3/2023,17:20,11.45,18.93,22.61,1475.28,4/3/2023 17:20:00,,
4/3/2023,17:40,11.42,18.66,22.31,1474.84,4/3/2023 17:40:00,,
4/3/2023,18:00,11.42,18.99,22.66,1475.24,4/3/2023 18:00:00,,
4/3/2023,18:20,11.35,18.46,22.05,1474.36,4/3/2023 18:20:00,,
4/3/2023,18:40,11.32,20.14,23.86,1476.3,4/3/2023 18:40:00,,
4/3/2023,19:00,11.29,21.5,25.3,1477.84,4/3/2023 19:00:00,,
4/3/2023,19:20,11.29,20.53,24.26,1476.66,4/3/2023 19:20:00,,
4/3/2023,19:40,11.32,18.2,21.74,1473.92,4/3/2023 19:40:00,,
4/3/2023,20:00,11.32,17.54,21.03,1473.12,4/3/2023 20:00:00,,
4/3/2023,20:20,11.26,17.52,20.98,1472.86,4/3/2023 20:20:00,,
4/3/2023,20:40,11.26,18.13,21.64,1473.61,4/3/2023 20:40:00,,
4/3/2023,21:00,11.26,16.45,19.79,1471.54,4/3/2023 21:00:00,,
4/3/2023,21:20,11.23,16.02,19.3,1470.9,4/3/2023 21:20:00,,
4/3/2023,21:40,11.23,15.86,19.12,1470.7,4/3/2023 21:40:00,,
4/3/2023,22:00,11.23,16.93,20.31,1472.02,4/3/2023 22:00:00,,
4/3/2023,22:20,11.19,15.89,19.15,1470.62,4/3/2023 22:20:00,,
4/3/2023,22:40,11.19,16.2,19.48,1471,4/3/2023 22:40:00,,
4/3/2023,23:00,11.19,14.93,18.08,1469.45,4/3/2023 23:00:00,,
4/3/2023,23:20,11.16,15.88,19.12,1470.49,4/3/2023 23:20:00,,
4/3/2023,23:40,11.13,17.35,20.72,1472.17,4/3/2023 23:40:00,,
4/4/2023,0:00,11.1,16.03,19.25,1470.43,4/4/2023 0:00:00,,
4/4/2023,0:20,11.06,15.88,19.07,1470.13,4/4/2023 0:20:00,,
4/4/2023,0:40,11.06,14.24,17.25,1468.11,4/4/2023 0:40:00,,
4/4/2023,1:00,11.06,13.46,16.39,1467.17,4/4/2023 1:00:00,,
4/4/2023,1:20,11.06,13.79,16.75,1467.57,4/4/2023 1:20:00,,
4/4/2023,1:40,11.03,13.31,16.2,1466.86,4/4/2023 1:40:00,,
4/4/2023,2:00,11,12.55,15.33,1465.8,4/4/2023 2:00:00,,
4/4/2023,2:20,10.97,12.44,15.2,1465.55,4/4/2023 2:20:00,,
4/4/2023,2:40,10.93,11.63,14.28,1464.44,4/4/2023 2:40:00,,
4/4/2023,3:00,10.93,11.54,14.17,1464.32,4/4/2023 3:00:00,,
4/4/2023,3:20,10.97,11.74,14.41,1464.69,4/4/2023 3:20:00,,
4/4/2023,3:40,10.97,11.16,13.75,1463.97,4/4/2023 3:40:00,,
4/4/2023,4:00,10.97,11.27,13.88,1464.11,4/4/2023 4:00:00,,
4/4/2023,4:20,10.97,11.02,13.59,1463.8,4/4/2023 4:20:00,,
4/4/2023,4:40,10.93,11.03,13.59,1463.69,4/4/2023 4:40:00,,
4/4/2023,5:00,10.93,11.1,13.67,1463.78,4/4/2023 5:00:00,,
4/4/2023,5:20,10.9,11.15,13.72,1463.72,4/4/2023 5:20:00,,
4/4/2023,5:40,10.87,11.09,13.64,1463.53,4/4/2023 5:40:00,,
4/4/2023,6:00,10.87,10.86,13.37,1463.24,4/4/2023 6:00:00,,
4/4/2023,6:20,10.84,10.96,13.48,1463.24,4/4/2023 6:20:00,,
4/4/2023,6:40,10.84,11.08,13.61,1463.39,4/4/2023 6:40:00,,
4/4/2023,7:00,10.87,11.42,14.01,1463.93,4/4/2023 7:00:00,,
4/4/2023,7:20,10.87,11.18,13.75,1463.64,4/4/2023 7:20:00,,
4/4/2023,7:40,10.87,12.26,14.96,1464.97,4/4/2023 7:40:00,,
4/4/2023,8:00,10.84,12.3,14.99,1464.88,4/4/2023 8:00:00,,
4/4/2023,8:20,10.84,13.05,15.83,1465.81,4/4/2023 8:20:00,,
4/4/2023,8:40,10.87,15.96,19.06,1469.5,4/4/2023 8:40:00,,
4/4/2023,9:00,10.87,13.67,16.54,1466.7,4/4/2023 9:00:00,,
4/4/2023,9:20,10.87,15.75,18.83,1469.24,4/4/2023 9:20:00,,
4/4/2023,9:40,10.84,16.82,19.99,1470.44,4/4/2023 9:40:00,,
4/4/2023,10:00,10.84,17.32,20.53,1471.05,4/4/2023 10:00:00,,
4/4/2023,10:20,10.87,14.47,17.43,1467.68,4/4/2023 10:20:00,,
4/4/2023,10:40,10.9,15.83,18.94,1469.46,4/4/2023 10:40:00,,
4/4/2023,11:00,10.97,17.05,20.3,1471.2,4/4/2023 11:00:00,,
4/4/2023,11:20,11,18.12,21.48,1472.63,4/4/2023 11:20:00,,
4/4/2023,11:40,11.06,17.52,20.87,1472.14,4/4/2023 11:40:00,,
4/4/2023,12:00,11.13,18.5,21.97,1473.58,4/4/2023 12:00:00,,
4/4/2023,12:20,11.19,18.61,22.12,1473.95,4/4/2023 12:20:00,,
4/4/2023,12:40,11.23,18.15,21.64,1473.51,4/4/2023 12:40:00,,
4/4/2023,13:00,11.23,17.4,20.82,1472.59,4/4/2023 13:00:00,,
4/4/2023,13:20,11.29,17.14,20.57,1472.5,4/4/2023 13:20:00,,
4/4/2023,13:40,11.39,18.17,21.75,1474.12,4/4/2023 13:40:00,,
4/4/2023,14:00,11.45,17.76,21.34,1473.86,4/4/2023 14:00:00,,
4/4/2023,14:20,11.52,17.15,20.7,1473.35,4/4/2023 14:20:00,,
4/4/2023,14:40,11.55,16.6,20.11,1472.79,4/4/2023 14:40:00,,
4/4/2023,15:00,11.58,15.78,19.2,1471.9,4/4/2023 15:00:00,,
4/4/2023,15:20,11.61,15.42,18.82,1471.58,4/4/2023 15:20:00,,
4/4/2023,15:40,11.61,14.61,17.91,1470.59,4/4/2023 15:40:00,,
4/4/2023,16:00,11.68,14.1,17.36,1470.21,4/4/2023 16:00:00,,
4/4/2023,16:20,11.68,14.01,17.26,1470.1,4/4/2023 16:20:00,,
4/4/2023,16:40,11.64,13.63,16.81,1469.52,4/4/2023 16:40:00,,
4/4/2023,17:00,11.64,13.51,16.68,1469.37,4/4/2023 17:00:00,,
4/4/2023,17:20,11.61,13.41,16.55,1469.13,4/4/2023 17:20:00,,
4/4/2023,17:40,11.61,13.71,16.89,1469.5,4/4/2023 17:40:00,,
4/4/2023,18:00,11.61,14.45,17.73,1470.4,4/4/2023 18:00:00,,
4/4/2023,18:20,11.58,14.02,17.23,1469.76,4/4/2023 18:20:00,,
4/4/2023,18:40,11.58,13.24,16.34,1468.8,4/4/2023 18:40:00,,
4/4/2023,19:00,11.58,13.12,16.21,1468.66,4/4/2023 19:00:00,,
4/4/2023,19:20,11.58,14.65,17.93,1470.52,4/4/2023 19:20:00,,
4/4/2023,19:40,11.58,15.99,19.44,1472.16,4/4/2023 19:40:00,,
4/4/2023,20:00,11.58,16.47,19.98,1472.75,4/4/2023 20:00:00,,
4/4/2023,20:20,11.61,16.27,19.77,1472.63,4/4/2023 20:20:00,,
4/4/2023,20:40,11.58,14.9,18.22,1470.83,4/4/2023 20:40:00,,
4/4/2023,21:00,11.58,15.66,19.07,1471.76,4/4/2023 21:00:00,,
4/4/2023,21:20,11.58,15.48,18.87,1471.54,4/4/2023 21:20:00,,
4/4/2023,21:40,11.55,15.47,18.84,1471.41,4/4/2023 21:40:00,,
4/4/2023,22:00,11.55,15.88,19.31,1471.92,4/4/2023 22:00:00,,
4/4/2023,22:20,11.52,14.86,18.14,1470.54,4/4/2023 22:20:00,,
4/4/2023,22:40,11.48,16,19.41,1471.83,4/4/2023 22:40:00,,
4/4/2023,23:00,11.45,16.16,19.56,1471.9,4/4/2023 23:00:00,,
4/4/2023,23:20,11.45,16.27,19.69,1472.04,4/4/2023 23:20:00,,
4/4/2023,23:40,11.42,17.54,21.08,1473.47,4/4/2023 23:40:00,,
4/5/2023,0:00,11.42,16.52,19.95,1472.22,4/5/2023 0:00:00,,
4/5/2023,0:20,11.39,17.3,20.8,1473.06,4/5/2023 0:20:00,,
4/5/2023,0:40,11.39,14.67,17.88,1469.84,4/5/2023 0:40:00,,
4/5/2023,1:00,11.35,17.83,21.36,1473.59,4/5/2023 1:00:00,,
4/5/2023,1:20,11.32,17.07,20.51,1472.55,4/5/2023 1:20:00,,
4/5/2023,1:40,11.26,17.69,21.15,1473.06,4/5/2023 1:40:00,,
4/5/2023,2:00,11.26,17.17,20.59,1472.43,4/5/2023 2:00:00,,
4/5/2023,2:20,11.23,17.42,20.85,1472.62,4/5/2023 2:20:00,,
4/5/2023,2:40,11.23,18.38,21.9,1473.79,4/5/2023 2:40:00,,
4/5/2023,3:00,11.19,15.59,18.81,1470.25,4/5/2023 3:00:00,,
4/5/2023,3:20,11.16,15.6,18.81,1470.15,4/5/2023 3:20:00,,
4/5/2023,3:40,11.16,15.55,18.76,1470.09,4/5/2023 3:40:00,,
4/5/2023,4:00,11.16,15.32,18.5,1469.8,4/5/2023 4:00:00,,
4/5/2023,4:20,11.16,14.78,17.9,1469.15,4/5/2023 4:20:00,,
4/5/2023,4:40,11.16,14.22,17.28,1468.46,4/5/2023 4:40:00,,
4/5/2023,5:00,11.16,16.37,19.66,1471.09,4/5/2023 5:00:00,,
4/5/2023,5:20,11.16,16,19.25,1470.64,4/5/2023 5:20:00,,
4/5/2023,5:40,11.13,15.29,18.45,1469.64,4/5/2023 5:40:00,,
4/5/2023,6:00,11.13,15.15,18.29,1469.47,4/5/2023 6:00:00,,
4/5/2023,6:20,11.1,14.27,17.3,1468.28,4/5/2023 6:20:00,,
4/5/2023,6:40,11.1,14.18,17.2,1468.16,4/5/2023 6:40:00,,
4/5/2023,7:00,11.13,12.76,15.63,1466.55,4/5/2023 7:00:00,,
4/5/2023,7:20,11.16,14.85,17.98,1469.23,4/5/2023 7:20:00,,
4/5/2023,7:40,11.16,16.87,20.2,1471.7,4/5/2023 7:40:00,,
4/5/2023,8:00,11.19,15.38,18.58,1469.99,4/5/2023 8:00:00,,
4/5/2023,8:20,11.23,14.13,17.2,1468.58,4/5/2023 8:20:00,,
4/5/2023,8:40,11.26,15.59,18.84,1470.49,4/5/2023 8:40:00,,
4/5/2023,9:00,11.26,15.4,18.63,1470.26,4/5/2023 9:00:00,,
4/5/2023,9:20,11.23,14.83,17.98,1469.44,4/5/2023 9:20:00,,
4/5/2023,9:40,11.23,13.38,16.36,1467.67,4/5/2023 9:40:00,,
4/5/2023,10:00,11.16,13.48,16.44,1467.54,4/5/2023 10:00:00,,
4/5/2023,10:20,11.03,15.65,18.81,1469.73,4/5/2023 10:20:00,,
4/5/2023,10:40,11,15.25,18.34,1469.11,4/5/2023 10:40:00,,
4/5/2023,11:00,11,14.73,17.77,1468.48,4/5/2023 11:00:00,,
4/5/2023,11:20,11,14.35,17.35,1468.02,4/5/2023 11:20:00,,
4/5/2023,11:40,11,14.63,17.67,1468.36,4/5/2023 11:40:00,,
4/5/2023,12:00,11.03,15.3,18.42,1469.3,4/5/2023 12:00:00,,
4/5/2023,12:20,11.1,15.28,18.42,1469.51,4/5/2023 12:20:00,,
4/5/2023,12:40,11.13,14.91,18.03,1469.18,4/5/2023 12:40:00,,
4/5/2023,13:00,11.19,14.68,17.8,1469.13,4/5/2023 13:00:00,,
4/5/2023,13:20,11.23,14.66,17.8,1469.24,4/5/2023 13:20:00,,
4/5/2023,13:40,11.26,14.02,17.1,1468.57,4/5/2023 13:40:00,,
4/5/2023,14:00,11.26,14.02,17.1,1468.57,4/5/2023 14:00:00,,
4/5/2023,14:20,11.35,13.66,16.73,1468.49,4/5/2023 14:20:00,,
4/5/2023,14:40,11.42,13.41,16.47,1468.42,4/5/2023 14:40:00,,
4/5/2023,15:00,11.58,13.31,16.42,1468.88,4/5/2023 15:00:00,,
4/5/2023,15:20,11.61,13.09,16.18,1468.74,4/5/2023 15:20:00,,
4/5/2023,15:40,11.71,12.89,16,1468.85,4/5/2023 15:40:00,,
4/5/2023,16:00,11.77,12.83,15.95,1469.01,4/5/2023 16:00:00,,
4/5/2023,16:20,11.9,12.4,15.5,1468.95,4/5/2023 16:20:00,,
4/5/2023,16:40,12,12.57,15.74,1469.51,4/5/2023 16:40:00,,
4/5/2023,17:00,12.03,12.01,15.11,1468.95,4/5/2023 17:00:00,,
4/5/2023,17:20,12.09,11.18,14.16,1468.17,4/5/2023 17:20:00,,
4/5/2023,17:40,12.12,12.03,15.16,1469.32,4/5/2023 17:40:00,,
4/5/2023,18:00,12.09,12.29,15.45,1469.52,4/5/2023 18:00:00,,
4/5/2023,18:20,12.09,12.77,16.01,1470.1,4/5/2023 18:20:00,,
4/5/2023,18:40,12.09,12.99,16.27,1470.38,4/5/2023 18:40:00,,
4/5/2023,19:00,12.09,13.06,16.35,1470.46,4/5/2023 19:00:00,,
4/5/2023,19:20,12.09,12.38,15.56,1469.63,4/5/2023 19:20:00,,
4/5/2023,19:40,12.06,12.57,15.77,1469.75,4/5/2023 19:40:00,,
4/5/2023,20:00,12.06,12.14,15.27,1469.22,4/5/2023 20:00:00,,
4/5/2023,20:20,12.06,12.32,15.48,1469.44,4/5/2023 20:20:00,,
4/5/2023,20:40,12.06,12.44,15.61,1469.58,4/5/2023 20:40:00,,
4/5/2023,21:00,12.06,12.32,15.48,1469.44,4/5/2023 21:00:00,,
4/5/2023,21:20,12.03,12.42,15.58,1469.45,4/5/2023 21:20:00,,
4/5/2023,21:40,11.96,12.51,15.66,1469.33,4/5/2023 21:40:00,,
4/5/2023,22:00,11.87,12.11,15.16,1468.48,4/5/2023 22:00:00,,
4/5/2023,22:20,11.8,12.17,15.21,1468.33,4/5/2023 22:20:00,,
4/5/2023,22:40,11.77,12.18,15.21,1468.22,4/5/2023 22:40:00,,
4/5/2023,23:00,11.74,11.92,14.9,1467.78,4/5/2023 23:00:00,,
4/5/2023,23:20,11.71,11.77,14.71,1467.48,4/5/2023 23:20:00,,
4/5/2023,23:40,11.68,12.08,15.05,1467.74,4/5/2023 23:40:00,,
4/6/2023,0:00,11.64,11.76,14.68,1467.24,4/6/2023 0:00:00,,
4/6/2023,0:20,11.64,11.9,14.84,1467.41,4/6/2023 0:20:00,,
4/6/2023,0:40,11.61,11.57,14.44,1466.88,4/6/2023 0:40:00,,
4/6/2023,1:00,11.61,11.15,13.97,1466.37,4/6/2023 1:00:00,,
4/6/2023,1:20,11.61,11.04,13.83,1466.23,4/6/2023 1:20:00,,
4/6/2023,1:40,11.61,11.5,14.36,1466.8,4/6/2023 1:40:00,,
4/6/2023,2:00,11.64,11.21,14.05,1466.57,4/6/2023 2:00:00,,
4/6/2023,2:20,11.58,11.6,14.47,1466.8,4/6/2023 2:20:00,,
4/6/2023,2:40,11.45,11.71,14.55,1466.46,4/6/2023 2:40:00,,
4/6/2023,3:00,11.32,11.24,13.96,1465.4,4/6/2023 3:00:00,,
4/6/2023,3:20,11.23,11.22,13.91,1465.02,4/6/2023 3:20:00,,
4/6/2023,3:40,11.19,10.49,13.06,1464,4/6/2023 3:40:00,,
4/6/2023,4:00,11.23,10.5,13.08,1464.14,4/6/2023 4:00:00,,
4/6/2023,4:20,11.29,10.55,13.17,1464.44,4/6/2023 4:20:00,,
4/6/2023,4:40,11.35,11,13.7,1465.23,4/6/2023 4:40:00,,
4/6/2023,5:00,11.39,10.67,13.33,1464.94,4/6/2023 5:00:00,,
4/6/2023,5:20,11.35,10.65,13.3,1464.8,4/6/2023 5:20:00,,
4/6/2023,5:40,11.29,10.83,13.48,1464.78,4/6/2023 5:40:00,,
4/6/2023,6:00,11.26,11.6,14.36,1465.61,4/6/2023 6:00:00,,
4/6/2023,6:20,11.23,12.01,14.81,1465.99,4/6/2023 6:20:00,,
4/6/2023,6:40,11.23,12.08,14.89,1466.07,4/6/2023 6:40:00,,
4/6/2023,7:00,11.29,11.92,14.73,1466.12,4/6/2023 7:00:00,,
4/6/2023,7:20,11.32,11.86,14.68,1466.17,4/6/2023 7:20:00,,
4/6/2023,7:40,11.42,11.97,14.84,1466.66,4/6/2023 7:40:00,,
4/6/2023,8:00,11.52,11.62,14.47,1466.59,4/6/2023 8:00:00,,
4/6/2023,8:20,11.58,11.69,14.58,1466.91,4/6/2023 8:20:00,,
4/6/2023,8:40,11.64,11.86,14.79,1467.35,4/6/2023 8:40:00,,
4/6/2023,9:00,11.74,11.57,14.5,1467.36,4/6/2023 9:00:00,,
4/6/2023,9:20,11.84,11.66,14.63,1467.82,4/6/2023 9:20:00,,
4/6/2023,9:40,11.96,11.71,14.74,1468.35,4/6/2023 9:40:00,,
4/6/2023,10:00,12.09,11.52,14.56,1468.58,4/6/2023 10:00:00,,
4/6/2023,10:20,12.19,11.37,14.42,1468.76,4/6/2023 10:20:00,,
4/6/2023,10:40,12.25,11.24,14.29,1468.83,4/6/2023 10:40:00,,
4/6/2023,11:00,12.31,11.36,14.45,1469.2,4/6/2023 11:00:00,,
4/6/2023,11:20,12.38,11.27,14.37,1469.33,4/6/2023 11:20:00,,
4/6/2023,11:40,12.44,11.46,14.61,1469.78,4/6/2023 11:40:00,,
4/6/2023,12:00,12.44,11.14,14.24,1469.4,4/6/2023 12:00:00,,
4/6/2023,12:20,12.44,11.57,14.75,1469.92,4/6/2023 12:20:00,,
4/6/2023,12:40,12.31,11.41,14.51,1469.26,4/6/2023 12:40:00,,
4/6/2023,13:00,12.35,11.44,14.56,1469.42,4/6/2023 13:00:00,,
4/6/2023,13:20,12.38,11.34,14.45,1469.41,4/6/2023 13:20:00,,
4/6/2023,13:40,12.35,11.26,14.35,1469.2,4/6/2023 13:40:00,,
4/6/2023,14:00,12.35,11.31,14.4,1469.25,4/6/2023 14:00:00,,
4/6/2023,14:20,12.35,11.4,14.51,1469.36,4/6/2023 14:20:00,,
4/6/2023,14:40,12.31,11.65,14.8,1469.56,4/6/2023 14:40:00,,
4/6/2023,15:00,12.31,11.47,14.59,1469.34,4/6/2023 15:00:00,,
4/6/2023,15:20,12.28,11.5,14.61,1469.26,4/6/2023 15:20:00,,
4/6/2023,15:40,12.28,11.26,14.32,1468.96,4/6/2023 15:40:00,,
4/6/2023,16:00,12.28,11.32,14.4,1469.04,4/6/2023 16:00:00,,
4/6/2023,16:20,12.25,11.42,14.5,1469.05,4/6/2023 16:20:00,,
4/6/2023,16:40,12.22,11.48,14.56,1469,4/6/2023 16:40:00,,
4/6/2023,17:00,12.19,11.17,14.19,1468.51,4/6/2023 17:00:00,,
4/6/2023,17:20,12.16,11.04,14.03,1468.24,4/6/2023 17:20:00,,
4/6/2023,17:40,12.16,11.29,14.32,1468.54,4/6/2023 17:40:00,,
4/6/2023,18:00,12.22,11.25,14.29,1468.72,4/6/2023 18:00:00,,
4/6/2023,18:20,12.22,11.57,14.66,1469.11,4/6/2023 18:20:00,,
4/6/2023,18:40,12.22,11.41,14.48,1468.92,4/6/2023 18:40:00,,
4/6/2023,19:00,12.19,11.33,14.37,1468.7,4/6/2023 19:00:00,,
4/6/2023,19:20,12.22,11.55,14.64,1469.08,4/6/2023 19:20:00,,
4/6/2023,19:40,12.19,11.35,14.4,1468.73,4/6/2023 19:40:00,,
4/6/2023,20:00,12.12,11.35,14.37,1468.49,4/6/2023 20:00:00,,
4/6/2023,20:20,12.06,11.28,14.26,1468.17,4/6/2023 20:20:00,,
4/6/2023,20:40,12.06,11.18,14.16,1468.06,4/6/2023 20:40:00,,
4/6/2023,21:00,12.03,11.13,14.08,1467.87,4/6/2023 21:00:00,,
4/6/2023,21:20,12,10.98,13.89,1467.57,4/6/2023 21:20:00,,
4/6/2023,21:40,12,11.09,14.02,1467.71,4/6/2023 21:40:00,,
4/6/2023,22:00,12,11.13,14.08,1467.77,4/6/2023 22:00:00,,
4/6/2023,22:20,12.03,11.15,14.1,1467.9,4/6/2023 22:20:00,,
4/6/2023,22:40,12.03,11.28,14.26,1468.07,4/6/2023 22:40:00,,
4/6/2023,23:00,12,11.09,14.02,1467.71,4/6/2023 23:00:00,,
4/6/2023,23:20,11.93,11.24,14.18,1467.67,4/6/2023 23:20:00,,
4/6/2023,23:40,11.9,10.87,13.73,1467.09,4/6/2023 23:40:00,,
4/7/2023,0:00,11.87,10.9,13.76,1467.01,4/7/2023 0:00:00,,
4/7/2023,0:20,11.8,11.17,14.05,1467.1,4/7/2023 0:20:00,,
4/7/2023,0:40,11.71,11.22,14.07,1466.81,4/7/2023 0:40:00,,
4/7/2023,1:00,11.61,11.22,14.05,1466.46,4/7/2023 1:00:00,,
4/7/2023,1:20,11.55,11.31,14.13,1466.33,4/7/2023 1:20:00,,
4/7/2023,1:40,11.52,11.18,13.97,1466.05,4/7/2023 1:40:00,,
4/7/2023,2:00,11.45,11.36,14.15,1466.03,4/7/2023 2:00:00,,
4/7/2023,2:20,11.39,11.4,14.18,1465.85,4/7/2023 2:20:00,,
4/7/2023,2:40,11.29,11.32,14.04,1465.38,4/7/2023 2:40:00,,
4/7/2023,3:00,11.23,11.43,14.15,1465.28,4/7/2023 3:00:00,,
4/7/2023,3:20,11.13,11.46,14.15,1464.95,4/7/2023 3:20:00,,
4/7/2023,3:40,11.06,11.29,13.93,1464.5,4/7/2023 3:40:00,,
4/7/2023,4:00,11.06,11.38,14.04,1464.62,4/7/2023 4:00:00,,
4/7/2023,4:20,11.06,11.48,14.15,1464.73,4/7/2023 4:20:00,,
4/7/2023,4:40,11.06,11.5,14.17,1464.76,4/7/2023 4:40:00,,
4/7/2023,5:00,11.06,11.64,14.33,1464.93,4/7/2023 5:00:00,,
4/7/2023,5:20,11.03,11.63,14.3,1464.79,4/7/2023 5:20:00,,
4/7/2023,5:40,11.03,11.53,14.2,1464.68,4/7/2023 5:40:00,,
4/7/2023,6:00,11.03,11.56,14.22,1464.71,4/7/2023 6:00:00,,
4/7/2023,6:20,11.03,11.65,14.33,1464.82,4/7/2023 6:20:00,,
4/7/2023,6:40,11,11.22,13.83,1464.17,4/7/2023 6:40:00,,
4/7/2023,7:00,11,11.17,13.77,1464.11,4/7/2023 7:00:00,,
4/7/2023,7:20,11,11.12,13.72,1464.05,4/7/2023 7:20:00,,
4/7/2023,7:40,10.97,11.27,13.88,1464.11,4/7/2023 7:40:00,,
4/7/2023,8:00,11,11.4,14.04,1464.4,4/7/2023 8:00:00,,
4/7/2023,8:20,11.06,11.2,13.83,1464.39,4/7/2023 8:20:00,,
4/7/2023,8:40,11.16,11.31,13.99,1464.89,4/7/2023 8:40:00,,
4/7/2023,9:00,11.32,11.28,14.02,1465.46,4/7/2023 9:00:00,,
4/7/2023,9:20,11.45,11.25,14.02,1465.89,4/7/2023 9:20:00,,
4/7/2023,9:40,11.52,11.5,14.34,1466.45,4/7/2023 9:40:00,,
4/7/2023,10:00,11.55,11.49,14.34,1466.55,4/7/2023 10:00:00,,
4/7/2023,10:20,11.48,11.12,13.89,1465.86,4/7/2023 10:20:00,,
4/7/2023,10:40,11.48,11.54,14.36,1466.37,4/7/2023 10:40:00,,
4/7/2023,11:00,11.42,11,13.73,1465.47,4/7/2023 11:00:00,,
4/7/2023,11:20,11.35,10.91,13.59,1465.12,4/7/2023 11:20:00,,
4/7/2023,11:40,11.35,11.34,14.1,1465.65,4/7/2023 11:40:00,,
4/7/2023,12:00,11.35,11.21,13.94,1465.48,4/7/2023 12:00:00,,
4/7/2023,12:20,11.39,10.97,13.67,1465.31,4/7/2023 12:20:00,,
4/7/2023,12:40,11.39,10.9,13.59,1465.22,4/7/2023 12:40:00,,
4/7/2023,13:00,11.39,10.5,13.14,1464.74,4/7/2023 13:00:00,,
4/7/2023,13:20,11.39,10.53,13.17,1464.77,4/7/2023 13:20:00,,
4/7/2023,13:40,11.42,10.13,12.71,1464.4,4/7/2023 13:40:00,,
4/7/2023,14:00,11.48,10.45,13.11,1465.04,4/7/2023 14:00:00,,
4/7/2023,14:20,11.48,10.8,13.51,1465.47,4/7/2023 14:20:00,,
4/7/2023,14:40,11.48,10.55,13.22,1465.16,4/7/2023 14:40:00,,
4/7/2023,15:00,11.55,10.35,13.01,1465.15,4/7/2023 15:00:00,,
4/7/2023,15:20,11.55,10.37,13.04,1465.18,4/7/2023 15:20:00,,
4/7/2023,15:40,11.52,10.31,12.95,1464.98,4/7/2023 15:40:00,,
4/7/2023,16:00,11.45,10.51,13.17,1464.99,4/7/2023 16:00:00,,
4/7/2023,16:20,11.42,10.2,12.79,1464.49,4/7/2023 16:20:00,,
4/7/2023,16:40,11.42,10.06,12.63,1464.32,4/7/2023 16:40:00,,
4/7/2023,17:00,11.45,10.05,12.63,1464.43,4/7/2023 17:00:00,,
4/7/2023,17:20,11.45,9.8,12.34,1464.12,4/7/2023 17:20:00,,
4/7/2023,17:40,11.42,10.01,12.58,1464.26,4/7/2023 17:40:00,,
4/7/2023,18:00,11.39,10.2,12.79,1464.38,4/7/2023 18:00:00,,
4/7/2023,18:20,11.39,10.2,12.79,1464.38,4/7/2023 18:20:00,,
4/7/2023,18:40,11.39,10.16,12.74,1464.32,4/7/2023 18:40:00,,
4/7/2023,19:00,11.42,9.81,12.34,1464.01,4/7/2023 19:00:00,,
4/7/2023,19:20,11.42,10.06,12.63,1464.32,4/7/2023 19:20:00,,
4/7/2023,19:40,11.42,10.03,12.61,1464.29,4/7/2023 19:40:00,,
4/7/2023,20:00,11.42,10.13,12.71,1464.4,4/7/2023 20:00:00,,
4/7/2023,20:20,11.39,10.23,12.82,1464.41,4/7/2023 20:20:00,,
4/7/2023,20:40,11.35,10.51,13.14,1464.64,4/7/2023 20:40:00,,
4/7/2023,21:00,11.32,10.11,12.66,1464.02,4/7/2023 21:00:00,,
4/7/2023,21:20,11.29,10.44,13.03,1464.3,4/7/2023 21:20:00,,
4/7/2023,21:40,11.29,10.48,13.09,1464.36,4/7/2023 21:40:00,,
4/7/2023,22:00,11.26,10.54,13.14,1464.31,4/7/2023 22:00:00,,
4/7/2023,22:20,11.26,10.52,13.11,1464.28,4/7/2023 22:20:00,,
4/7/2023,22:40,11.26,10.65,13.27,1464.45,4/7/2023 22:40:00,,
4/7/2023,23:00,11.26,10.59,13.19,1464.36,4/7/2023 23:00:00,,
4/7/2023,23:20,11.26,10.59,13.19,1464.36,4/7/2023 23:20:00,,
4/7/2023,23:40,11.26,10.56,13.16,1464.33,4/7/2023 23:40:00,,
4/8/2023,0:00,11.26,10.45,13.03,1464.19,4/8/2023 0:00:00,,
4/8/2023,0:20,11.26,10.4,12.98,1464.14,4/8/2023 0:20:00,,
4/8/2023,0:40,11.26,10.38,12.95,1464.11,4/8/2023 0:40:00,,
4/8/2023,1:00,11.26,10.56,13.16,1464.33,4/8/2023 1:00:00,,
4/8/2023,1:20,11.26,10.49,13.09,1464.25,4/8/2023 1:20:00,,
4/8/2023,1:40,11.26,10.61,13.22,1464.39,4/8/2023 1:40:00,,
4/8/2023,2:00,11.23,10.36,12.92,1463.97,4/8/2023 2:00:00,,
4/8/2023,2:20,11.23,10.43,13,1464.05,4/8/2023 2:20:00,,
4/8/2023,2:40,11.23,10.09,12.6,1463.63,4/8/2023 2:40:00,,
4/8/2023,3:00,11.23,10.85,13.48,1464.57,4/8/2023 3:00:00,,
4/8/2023,3:20,11.26,10.26,12.82,1463.97,4/8/2023 3:20:00,,
4/8/2023,3:40,11.26,10.19,12.74,1463.88,4/8/2023 3:40:00,,
4/8/2023,4:00,11.26,10.08,12.6,1463.74,4/8/2023 4:00:00,,
4/8/2023,4:20,11.26,9.8,12.28,1463.4,4/8/2023 4:20:00,,
4/8/2023,4:40,11.23,9.99,12.5,1463.52,4/8/2023 4:40:00,,
4/8/2023,5:00,11.23,9.99,12.5,1463.52,4/8/2023 5:00:00,,
4/8/2023,5:20,11.19,10.28,12.82,1463.75,4/8/2023 5:20:00,,
4/8/2023,5:40,11.19,9.91,12.39,1463.29,4/8/2023 5:40:00,,
4/8/2023,6:00,11.19,9.65,12.1,1462.98,4/8/2023 6:00:00,,
4/8/2023,6:20,11.16,9.46,11.85,1462.61,4/8/2023 6:20:00,,
4/8/2023,6:40,11.19,9.4,11.8,1462.67,4/8/2023 6:40:00,,
4/8/2023,7:00,11.23,9.42,11.83,1462.81,4/8/2023 7:00:00,,
4/8/2023,7:20,11.23,9.55,11.99,1462.98,4/8/2023 7:20:00,,
4/8/2023,7:40,11.26,9.55,11.99,1463.09,4/8/2023 7:40:00,,
4/8/2023,8:00,11.26,9.66,12.12,1463.23,4/8/2023 8:00:00,,
4/8/2023,8:20,11.29,9.42,11.86,1463.06,4/8/2023 8:20:00,,
4/8/2023,8:40,11.32,9.88,12.39,1463.74,4/8/2023 8:40:00,,
4/8/2023,9:00,11.35,9.5,11.96,1463.4,4/8/2023 9:00:00,,
4/8/2023,9:20,11.35,9.38,11.83,1463.25,4/8/2023 9:20:00,,
4/8/2023,9:40,11.39,9.65,12.15,1463.7,4/8/2023 9:40:00,,
4/8/2023,10:00,11.42,9.53,12.02,1463.67,4/8/2023 10:00:00,,
4/8/2023,10:20,11.45,9.54,12.05,1463.81,4/8/2023 10:20:00,,
4/8/2023,10:40,11.48,9.88,12.45,1464.34,4/8/2023 10:40:00,,
4/8/2023,11:00,11.52,9.87,12.45,1464.45,4/8/2023 11:00:00,,
4/8/2023,11:20,11.55,10.35,13.01,1465.15,4/8/2023 11:20:00,,
4/8/2023,11:40,11.58,10.13,12.77,1465.01,4/8/2023 11:40:00,,
4/8/2023,12:00,11.58,10.11,12.74,1464.98,4/8/2023 12:00:00,,
4/8/2023,12:20,11.55,10.14,12.77,1464.9,4/8/2023 12:20:00,,
4/8/2023,12:40,11.55,10,12.61,1464.73,4/8/2023 12:40:00,,
4/8/2023,13:00,11.64,10.09,12.74,1465.2,4/8/2023 13:00:00,,
4/8/2023,13:20,11.71,10.69,13.46,1466.17,4/8/2023 13:20:00,,
4/8/2023,13:40,11.77,10.19,12.9,1465.8,4/8/2023 13:40:00,,
4/8/2023,14:00,11.87,10.31,13.07,1466.29,4/8/2023 14:00:00,,
4/8/2023,14:20,12,10.07,12.83,1466.47,4/8/2023 14:20:00,,
4/8/2023,14:40,12,10.82,13.71,1467.38,4/8/2023 14:40:00,,
4/8/2023,15:00,12.03,10.63,13.49,1467.26,4/8/2023 15:00:00,,
4/8/2023,15:20,12.09,10.25,13.07,1467.04,4/8/2023 15:20:00,,
4/8/2023,15:40,12.12,10.31,13.15,1467.23,4/8/2023 15:40:00,,
4/8/2023,16:00,12.09,10.16,12.96,1466.93,4/8/2023 16:00:00,,
4/8/2023,16:20,12.06,10.35,13.17,1467.04,4/8/2023 16:20:00,,
4/8/2023,16:40,12.03,9.97,12.72,1466.46,4/8/2023 16:40:00,,
4/8/2023,17:00,12.03,10.01,12.77,1466.52,4/8/2023 17:00:00,,
4/8/2023,17:20,12,9.82,12.53,1466.16,4/8/2023 17:20:00,,
4/8/2023,17:40,11.96,9.96,12.69,1466.22,4/8/2023 17:40:00,,
4/8/2023,18:00,11.96,9.76,12.45,1465.97,4/8/2023 18:00:00,,
4/8/2023,18:20,12,9.91,12.64,1466.27,4/8/2023 18:20:00,,
4/8/2023,18:40,11.96,9.76,12.45,1465.97,4/8/2023 18:40:00,,
4/8/2023,19:00,11.93,9.77,12.45,1465.87,4/8/2023 19:00:00,,
4/8/2023,19:20,11.9,9.77,12.45,1465.76,4/8/2023 19:20:00,,
4/8/2023,19:40,11.87,9.94,12.64,1465.84,4/8/2023 19:40:00,,
4/8/2023,20:00,11.87,9.71,12.37,1465.57,4/8/2023 20:00:00,,
4/8/2023,20:20,11.84,9.93,12.61,1465.71,4/8/2023 20:20:00,,
4/8/2023,20:40,11.8,9.94,12.61,1465.6,4/8/2023 20:40:00,,
4/8/2023,21:00,11.74,9.84,12.48,1465.24,4/8/2023 21:00:00,,
4/8/2023,21:20,11.71,9.94,12.58,1465.25,4/8/2023 21:20:00,,
4/8/2023,21:40,11.61,9.82,12.42,1464.75,4/8/2023 21:40:00,,
4/8/2023,22:00,11.52,9.94,12.53,1464.54,4/8/2023 22:00:00,,
4/8/2023,22:20,11.45,9.82,12.37,1464.15,4/8/2023 22:20:00,,
4/8/2023,22:40,11.42,10.06,12.63,1464.32,4/8/2023 22:40:00,,
4/8/2023,23:00,11.42,9.78,12.31,1463.98,4/8/2023 23:00:00,,
4/8/2023,23:20,11.42,9.99,12.55,1464.23,4/8/2023 23:20:00,,
4/8/2023,23:40,11.48,9.9,12.47,1464.37,4/8/2023 23:40:00,,
4/9/2023,0:00,11.55,9.77,12.34,1464.45,4/9/2023 0:00:00,,
4/9/2023,0:20,11.52,9.92,12.5,1464.51,4/9/2023 0:20:00,,
4/9/2023,0:40,11.45,9.77,12.31,1464.09,4/9/2023 0:40:00,,
4/9/2023,1:00,11.39,9.7,12.21,1463.76,4/9/2023 1:00:00,,
4/9/2023,1:20,11.29,9.81,12.31,1463.54,4/9/2023 1:20:00,,
4/9/2023,1:40,11.23,10.13,12.66,1463.69,4/9/2023 1:40:00,,
4/9/2023,2:00,11.16,10.26,12.79,1463.61,4/9/2023 2:00:00,,
4/9/2023,2:20,11.06,10.34,12.84,1463.33,4/9/2023 2:20:00,,
4/9/2023,2:40,11.03,10.53,13.06,1463.45,4/9/2023 2:40:00,,
4/9/2023,3:00,11,10.4,12.9,1463.17,4/9/2023 3:00:00,,
4/9/2023,3:20,10.93,10.4,12.87,1462.92,4/9/2023 3:20:00,,
4/9/2023,3:40,10.93,10.12,12.55,1462.57,4/9/2023 3:40:00,,
4/9/2023,4:00,10.9,10.22,12.65,1462.57,4/9/2023 4:00:00,,
4/9/2023,4:20,10.9,10.4,12.87,1462.8,4/9/2023 4:20:00,,
4/9/2023,4:40,10.93,10.19,12.63,1462.66,4/9/2023 4:40:00,,
4/9/2023,5:00,10.97,10.18,12.63,1462.77,4/9/2023 5:00:00,,
4/9/2023,5:20,11.03,9.88,12.31,1462.65,4/9/2023 5:20:00,,
4/9/2023,5:40,11.06,9.69,12.09,1462.53,4/9/2023 5:40:00,,
4/9/2023,6:00,11.1,10.07,12.55,1463.13,4/9/2023 6:00:00,,
4/9/2023,6:20,11.16,10.1,12.6,1463.41,4/9/2023 6:20:00,,
4/9/2023,6:40,11.16,9.57,11.99,1462.76,4/9/2023 6:40:00,,
,,,,,,,,
,,,,,,,,
,,,,,,,,
,,,,,,,,
,,,,,,,,
,,,,,,,,
,,,,,,,,
4/9/2023,9:20,11.84,9.75,12.4,1465.49,4/9/2023 9:20:00,,
4/9/2023,9:40,11.84,10.15,12.88,1465.98,4/9/2023 9:40:00,,
4/9/2023,10:00,11.87,9.87,12.56,1465.76,4/9/2023 10:00:00,,
4/9/2023,10:20,11.87,9.44,12.05,1465.23,4/9/2023 10:20:00,,
4/9/2023,10:40,11.93,9.43,12.05,1465.45,4/9/2023 10:40:00,,
4/9/2023,11:00,12,9.64,12.32,1465.94,4/9/2023 11:00:00,,
4/9/2023,11:20,12.06,9.85,12.59,1466.43,4/9/2023 11:20:00,,
4/9/2023,11:40,12.12,10.28,13.12,1467.2,4/9/2023 11:40:00,,
4/9/2023,12:00,12.09,10.54,13.41,1467.39,4/9/2023 12:00:00,,
4/9/2023,12:20,11.96,10.58,13.41,1466.97,4/9/2023 12:20:00,,
4/9/2023,12:40,11.87,10.53,13.33,1466.56,4/9/2023 12:40:00,,
4/9/2023,13:00,11.8,10.53,13.3,1466.32,4/9/2023 13:00:00,,
4/9/2023,13:20,11.74,10.55,13.3,1466.11,4/9/2023 13:20:00,,
4/9/2023,13:40,11.68,10.77,13.54,1466.14,4/9/2023 13:40:00,,
4/9/2023,14:00,11.71,10.53,13.28,1465.97,4/9/2023 14:00:00,,
4/9/2023,14:20,11.64,10.78,13.54,1466.03,4/9/2023 14:20:00,,
4/9/2023,14:40,11.48,10.98,13.73,1465.69,4/9/2023 14:40:00,,
4/9/2023,15:00,11.32,11.56,14.33,1465.8,4/9/2023 15:00:00,,
4/9/2023,15:20,11.35,11.88,14.71,1466.3,4/9/2023 15:20:00,,
4/9/2023,15:40,11.19,13.53,16.52,1467.73,4/9/2023 15:40:00,,
4/9/2023,16:00,11.16,15.55,18.76,1470.09,4/9/2023 16:00:00,,
4/9/2023,16:20,11.03,18.9,22.35,1473.72,4/9/2023 16:20:00,,
4/9/2023,16:40,10.93,19.85,23.32,1474.52,4/9/2023 16:40:00,,
4/9/2023,17:00,10.93,18,21.33,1472.26,4/9/2023 17:00:00,,
4/9/2023,17:20,10.9,18.37,21.71,1472.59,4/9/2023 17:20:00,,
4/9/2023,17:40,10.8,17.4,20.61,1471.04,4/9/2023 17:40:00,,
4/9/2023,18:00,10.77,16.52,19.63,1469.83,4/9/2023 18:00:00,,
4/9/2023,18:20,10.71,17.59,20.76,1470.91,4/9/2023 18:20:00,,
4/9/2023,18:40,10.71,20.9,24.3,1474.98,4/9/2023 18:40:00,,
4/9/2023,19:00,10.71,15.77,18.78,1468.66,4/9/2023 19:00:00,,
4/9/2023,19:20,10.74,16.44,19.53,1469.61,4/9/2023 19:20:00,,
4/9/2023,19:40,10.74,20.05,23.41,1474.05,4/9/2023 19:40:00,,
4/9/2023,20:00,10.84,21.8,25.34,1476.56,4/9/2023 20:00:00,,
4/9/2023,20:20,10.87,22.4,26,1477.42,4/9/2023 20:20:00,,
4/9/2023,20:40,10.87,22.38,25.97,1477.39,4/9/2023 20:40:00,,
4/9/2023,21:00,10.87,19.5,22.91,1473.86,4/9/2023 21:00:00,,
4/9/2023,21:20,10.84,21.56,25.09,1476.27,4/9/2023 21:20:00,,
4/9/2023,21:40,10.87,22.35,25.95,1477.36,4/9/2023 21:40:00,,
4/9/2023,22:00,10.84,21.82,25.36,1476.59,4/9/2023 22:00:00,,
4/9/2023,22:20,10.8,21.84,25.36,1476.5,4/9/2023 22:20:00,,
4/9/2023,22:40,10.8,22.44,25.99,1477.23,4/9/2023 22:40:00,,
4/9/2023,23:00,10.77,22.08,25.59,1476.67,4/9/2023 23:00:00,,
4/9/2023,23:20,10.77,21.93,25.44,1476.49,4/9/2023 23:20:00,,
4/9/2023,23:40,10.74,22.6,26.12,1477.19,4/9/2023 23:40:00,,
4/10/2023,0:00,10.74,22.19,25.69,1476.69,4/10/2023 0:00:00,,
4/10/2023,0:20,10.74,22.1,25.59,1476.57,4/10/2023 0:20:00,,
4/10/2023,0:40,10.74,21.95,25.44,1476.39,4/10/2023 0:40:00,,
4/10/2023,1:00,10.74,22.17,25.67,1476.66,4/10/2023 1:00:00,,
4/10/2023,1:20,10.77,22.17,25.69,1476.78,4/10/2023 1:20:00,,
4/10/2023,1:40,10.84,22.47,26.05,1477.38,4/10/2023 1:40:00,,
4/10/2023,2:00,10.87,22.26,25.84,1477.25,4/10/2023 2:00:00,,
4/10/2023,2:20,11,22.56,26.25,1478.09,4/10/2023 2:20:00,,
4/10/2023,2:40,11.29,22.44,26.31,1478.99,4/10/2023 2:40:00,,
4/10/2023,3:00,11.42,20.28,24.06,1476.81,4/10/2023 3:00:00,,
4/10/2023,3:20,11.42,22.03,25.96,1478.96,4/10/2023 3:20:00,,
4/10/2023,3:40,11.35,22.42,26.33,1479.21,4/10/2023 3:40:00,,
4/10/2023,4:00,11.29,22.56,26.43,1479.14,4/10/2023 4:00:00,,
4/10/2023,4:20,11.26,22.24,26.08,1478.64,4/10/2023 4:20:00,,
4/10/2023,4:40,11.29,22.37,26.23,1478.91,4/10/2023 4:40:00,,
4/10/2023,5:00,11.32,22.49,26.38,1479.17,4/10/2023 5:00:00,,
4/10/2023,5:20,11.32,21.92,25.78,1478.48,4/10/2023 5:20:00,,
4/10/2023,5:40,11.32,21.48,25.3,1477.93,4/10/2023 5:40:00,,
4/10/2023,6:00,11.32,21.45,25.27,1477.91,4/10/2023 6:00:00,,
4/10/2023,6:20,11.32,20.63,24.39,1476.9,4/10/2023 6:20:00,,
4/10/2023,6:40,11.32,21.17,24.97,1477.56,4/10/2023 6:40:00,,
4/10/2023,7:00,11.32,20.58,24.34,1476.84,4/10/2023 7:00:00,,
4/10/2023,7:20,11.29,20.77,24.51,1476.95,4/10/2023 7:20:00,,
,,,,,,,,
,,,,,,,,
,,,,,,,,
,,,,,,,,
,,,,,,,,
,,,,,,,,
,,,,,,,,
4/10/2023,10:00,11.35,19.91,23.63,1476.14,4/10/2023 10:00:00,,
4/10/2023,10:20,11.32,21.17,24.97,1477.56,4/10/2023 10:20:00,,
4/10/2023,10:40,11.39,20.62,24.41,1477.12,4/10/2023 10:40:00,,
4/10/2023,11:00,11.42,20.74,24.57,1477.39,4/10/2023 11:00:00,,
4/10/2023,11:20,11.39,20.39,24.16,1476.83,4/10/2023 11:20:00,,
4/10/2023,11:40,11.32,19.81,23.5,1475.9,4/10/2023 11:40:00,,
4/10/2023,12:00,11.23,21.91,25.7,1478.11,4/10/2023 12:00:00,,
4/10/2023,12:20,11.19,21.83,25.6,1477.9,4/10/2023 12:20:00,,
4/10/2023,12:40,11.03,22.4,26.1,1478.01,4/10/2023 12:40:00,,
4/10/2023,13:00,10.9,22.53,26.15,1477.69,4/10/2023 13:00:00,,
4/10/2023,13:20,10.84,22.35,25.92,1477.24,4/10/2023 13:20:00,,
4/10/2023,13:40,10.84,21.06,24.56,1475.66,4/10/2023 13:40:00,,
4/10/2023,14:00,10.8,22.06,25.59,1476.76,4/10/2023 14:00:00,,
4/10/2023,14:20,10.64,22.56,26.02,1476.78,4/10/2023 14:20:00,,
4/10/2023,14:40,10.67,22.18,25.64,1476.44,4/10/2023 14:40:00,,
4/10/2023,15:00,10.71,21.83,25.29,1476.12,4/10/2023 15:00:00,,
4/10/2023,15:20,10.84,21.82,25.36,1476.59,4/10/2023 15:20:00,,
4/10/2023,15:40,10.9,18.75,22.12,1473.06,4/10/2023 15:40:00,,
4/10/2023,16:00,10.84,16.63,19.79,1470.21,4/10/2023 16:00:00,,
4/10/2023,16:20,10.71,14.7,17.61,1467.35,4/10/2023 16:20:00,,
4/10/2023,16:40,10.71,23.26,26.8,1477.89,4/10/2023 16:40:00,,
4/10/2023,17:00,10.67,22.35,25.82,1476.64,4/10/2023 17:00:00,,
4/10/2023,17:20,10.74,17.58,20.76,1471.01,4/10/2023 17:20:00,,
4/10/2023,17:40,10.77,18.46,21.74,1472.22,4/10/2023 17:40:00,,
4/10/2023,18:00,10.77,19.91,23.29,1474,4/10/2023 18:00:00,,
4/10/2023,18:20,10.8,21.82,25.34,1476.47,4/10/2023 18:20:00,,
4/10/2023,18:40,10.93,22.08,25.69,1477.26,4/10/2023 18:40:00,,
4/10/2023,19:00,11.03,23.33,27.08,1479.15,4/10/2023 19:00:00,,
4/10/2023,19:20,11.1,21.91,25.62,1477.65,4/10/2023 19:20:00,,
4/10/2023,19:40,11.06,22.14,25.85,1477.81,4/10/2023 19:40:00,,
4/10/2023,20:00,11.06,22.86,26.6,1478.69,4/10/2023 20:00:00,,
4/10/2023,20:20,11.1,21.96,25.67,1477.71,4/10/2023 20:20:00,,
4/10/2023,20:40,11.16,20.01,23.63,1475.55,4/10/2023 20:40:00,,
4/10/2023,21:00,11.23,20.47,24.16,1476.35,4/10/2023 21:00:00,,
4/10/2023,21:20,11.35,24.34,28.37,1481.55,4/10/2023 21:20:00,,
4/10/2023,21:40,12.03,17.34,21.17,1475.43,4/10/2023 21:40:00,,
4/10/2023,22:00,12.19,19.51,23.67,1478.64,4/10/2023 22:00:00,,
4/10/2023,22:20,12.19,21.92,26.32,1481.57,4/10/2023 22:20:00,,
4/10/2023,22:40,12.09,20.91,25.16,1480.01,4/10/2023 22:40:00,,
4/10/2023,23:00,12,22.84,27.2,1482.01,4/10/2023 23:00:00,,
4/10/2023,23:20,12,21.8,26.07,1480.74,4/10/2023 23:20:00,,
4/10/2023,23:40,12.06,22.36,26.72,1481.66,4/10/2023 23:40:00,,
4/11/2023,0:00,12.12,20.8,25.06,1479.99,4/11/2023 0:00:00,,
4/11/2023,0:20,12.12,21.45,25.77,1480.77,4/11/2023 0:20:00,,
4/11/2023,0:40,12.12,16.88,20.71,1475.22,4/11/2023 0:40:00,,
4/11/2023,1:00,12.09,22.27,26.65,1481.66,4/11/2023 1:00:00,,
4/11/2023,1:20,12.06,22.99,27.4,1482.42,4/11/2023 1:20:00,,
4/11/2023,1:40,12.06,23.1,27.53,1482.56,4/11/2023 1:40:00,,
4/11/2023,2:00,12.03,23.54,27.98,1482.98,4/11/2023 2:00:00,,
4/11/2023,2:20,11.96,22.72,27.05,1481.75,4/11/2023 2:20:00,,
4/11/2023,2:40,11.9,22.62,26.9,1481.4,4/11/2023 2:40:00,,
4/11/2023,3:00,11.8,20.65,24.7,1478.66,4/11/2023 3:00:00,,
4/11/2023,3:20,11.77,23.56,27.82,1482.09,4/11/2023 3:20:00,,
4/11/2023,3:40,11.71,23.74,27.97,1482.08,4/11/2023 3:40:00,,
4/11/2023,4:00,11.68,23.33,27.52,1481.48,4/11/2023 4:00:00,,
4/11/2023,4:20,11.61,22.91,27.02,1480.72,4/11/2023 4:20:00,,
4/11/2023,4:40,11.55,21.75,25.73,1479.08,4/11/2023 4:40:00,,
4/11/2023,5:00,11.61,21.22,25.2,1478.67,4/11/2023 5:00:00,,
4/11/2023,5:20,11.61,20.9,24.85,1478.27,4/11/2023 5:20:00,,
4/11/2023,5:40,11.61,19.68,23.53,1476.79,4/11/2023 5:40:00,,
4/11/2023,6:00,11.61,18.43,22.16,1475.26,4/11/2023 6:00:00,,
4/11/2023,6:20,11.58,17.56,21.19,1474.08,4/11/2023 6:20:00,,
4/11/2023,6:40,11.58,16.68,20.21,1473.01,4/11/2023 6:40:00,,
,,,,,,,,
,,,,,,,,
,,,,,,,,
,,,,,,,,
,,,,,,,,
,,,,,,,,
,,,,,,,,
,,,,,,,,
,,,,,,,,
,,,,,,,,
4/11/2023,10:20,12.09,16.76,20.55,1474.96,4/11/2023 10:20:00,,
4/11/2023,10:40,12.16,15.77,19.47,1473.99,4/11/2023 10:40:00,,
4/11/2023,11:00,12.25,14.05,17.55,1472.24,4/11/2023 11:00:00,,
4/11/2023,11:20,12.31,13.46,16.9,1471.76,4/11/2023 11:20:00,,
4/11/2023,11:40,12.31,12.78,16.11,1470.93,4/11/2023 11:40:00,,
4/11/2023,12:00,12.31,12.02,15.22,1470,4/11/2023 12:00:00,,
4/11/2023,12:20,12.31,13.15,16.53,1471.37,4/11/2023 12:20:00,,
4/11/2023,12:40,12.38,14.57,18.21,1473.33,4/11/2023 12:40:00,,
4/11/2023,13:00,12.35,14.43,18.02,1473.04,4/11/2023 13:00:00,,
4/11/2023,13:20,12.28,13.29,16.69,1471.43,4/11/2023 13:20:00,,
4/11/2023,13:40,12.12,16.08,19.81,1474.25,4/11/2023 13:40:00,,
4/11/2023,14:00,12.06,16.68,20.45,1474.75,4/11/2023 14:00:00,,
4/11/2023,14:20,11.8,15.83,19.36,1472.78,4/11/2023 14:20:00,,
4/11/2023,14:40,11.9,21.39,25.56,1479.9,4/11/2023 14:40:00,,
4/11/2023,15:00,11.8,21.32,25.43,1479.48,4/11/2023 15:00:00,,
4/11/2023,15:20,11.8,20.98,25.05,1479.06,4/11/2023 15:20:00,,
4/11/2023,15:40,11.87,21.27,25.41,1479.64,4/11/2023 15:40:00,,
4/11/2023,16:00,11.96,20.82,24.98,1479.44,4/11/2023 16:00:00,,
4/11/2023,16:20,11.64,21.23,25.23,1478.79,4/11/2023 16:20:00,,
4/11/2023,16:40,11.55,22.12,26.13,1479.54,4/11/2023 16:40:00,,
4/11/2023,17:00,11.77,19.19,23.08,1476.76,4/11/2023 17:00:00,,
4/11/2023,17:20,12,20.27,24.4,1478.89,4/11/2023 17:20:00,,
4/11/2023,17:40,12.25,20.46,24.76,1480.02,4/11/2023 17:40:00,,
4/11/2023,18:00,12.12,21.03,25.31,1480.27,4/11/2023 18:00:00,,
4/11/2023,18:20,12.19,19.81,24,1479,4/11/2023 18:20:00,,
4/11/2023,18:40,12.16,19.78,23.95,1478.85,4/11/2023 18:40:00,,
4/11/2023,19:00,12,20.66,24.83,1479.36,4/11/2023 19:00:00,,
4/11/2023,19:20,12,19.74,23.82,1478.24,4/11/2023 19:20:00,,
4/11/2023,19:40,12.06,19.8,23.92,1478.54,4/11/2023 19:40:00,,
4/11/2023,20:00,12.09,19.85,24,1478.72,4/11/2023 20:00:00,,
4/11/2023,20:20,12.12,19.79,23.95,1478.76,4/11/2023 20:20:00,,
4/11/2023,20:40,12.09,19.97,24.12,1478.86,4/11/2023 20:40:00,,
4/11/2023,21:00,12.12,19.17,23.26,1478,4/11/2023 21:00:00,,
4/11/2023,21:20,12.12,19.47,23.59,1478.37,4/11/2023 21:20:00,,
4/11/2023,21:40,12.12,18.1,22.06,1476.7,4/11/2023 21:40:00,,
4/11/2023,22:00,12.09,18.18,22.14,1476.68,4/11/2023 22:00:00,,
4/11/2023,22:20,12.06,19.46,23.54,1478.12,4/11/2023 22:20:00,,
4/11/2023,22:40,12.06,19.25,23.31,1477.87,4/11/2023 22:40:00,,
4/11/2023,23:00,12.06,19.09,23.13,1477.68,4/11/2023 23:00:00,,
4/11/2023,23:20,12.06,17.78,21.68,1476.08,4/11/2023 23:20:00,,
4/11/2023,23:40,11.93,17.29,21.06,1475.03,4/11/2023 23:40:00,,
4/12/2023,0:00,11.77,16.6,20.21,1473.61,4/12/2023 0:00:00,,
4/12/2023,0:20,11.64,18.37,22.11,1475.3,4/12/2023 0:20:00,,
4/12/2023,0:40,11.55,18.95,22.69,1475.66,4/12/2023 0:40:00,,
4/12/2023,1:00,11.52,19.08,22.82,1475.71,4/12/2023 1:00:00,,
4/12/2023,1:20,11.52,18.01,21.64,1474.4,4/12/2023 1:20:00,,
4/12/2023,1:40,11.52,17.87,21.49,1474.23,4/12/2023 1:40:00,,
4/12/2023,2:00,11.48,18.07,21.7,1474.36,4/12/2023 2:00:00,,
4/12/2023,2:20,11.48,18.1,21.72,1474.38,4/12/2023 2:20:00,,
4/12/2023,2:40,11.42,18.57,22.21,1474.73,4/12/2023 2:40:00,,
4/12/2023,3:00,11.42,18.29,21.9,1474.39,4/12/2023 3:00:00,,
4/12/2023,3:20,11.39,18.05,21.62,1473.97,4/12/2023 3:20:00,,
4/12/2023,3:40,11.35,16.92,20.36,1472.48,4/12/2023 3:40:00,,
4/12/2023,4:00,11.32,18.8,22.41,1474.66,4/12/2023 4:00:00,,
4/12/2023,4:20,11.26,18.09,21.59,1473.55,4/12/2023 4:20:00,,
4/12/2023,4:40,11.26,17.97,21.46,1473.41,4/12/2023 4:40:00,,
4/12/2023,5:00,11.16,17.29,20.67,1472.21,4/12/2023 5:00:00,,
4/12/2023,5:20,11.06,17.8,21.18,1472.49,4/12/2023 5:20:00,,
4/12/2023,5:40,11.03,17.21,20.51,1471.64,4/12/2023 5:40:00,,
4/12/2023,6:00,10.97,17.05,20.3,1471.2,4/12/2023 6:00:00,,
4/12/2023,6:20,10.93,17.96,21.28,1472.2,4/12/2023 6:20:00,,
4/12/2023,6:40,10.97,17.8,21.12,1472.13,4/12/2023 6:40:00,,
4/12/2023,7:00,11.03,17.56,20.89,1472.07,4/12/2023 7:00:00,,
4/12/2023,7:20,11.1,17.2,20.54,1471.87,4/12/2023 7:20:00,,
4/12/2023,7:40,11.16,17.33,20.72,1472.27,4/12/2023 7:40:00,,
4/12/2023,8:00,11.23,17,20.38,1472.1,4/12/2023 8:00:00,,
4/12/2023,8:20,11.29,16.93,20.33,1472.25,4/12/2023 8:20:00,,
4/12/2023,8:40,11.42,16.71,20.16,1472.45,4/12/2023 8:40:00,,
4/12/2023,9:00,11.58,15.78,19.2,1471.9,4/12/2023 9:00:00,,
,,,,,,,,
,,,,,,,,
,,,,,,,,
,,,,,,,,
,,,,,,,,
,,,,,,,,
,,,,,,,,
,,,,,,,,
,,,,,,,,
4/12/2023,12:20,11.55,17.39,20.98,1473.76,4/12/2023 12:20:00,,
4/12/2023,12:40,11.55,16.09,19.54,1472.17,4/12/2023 12:40:00,,
4/12/2023,13:00,11.55,17.49,21.08,1473.87,4/12/2023 13:00:00,,
4/12/2023,13:20,11.52,16.85,20.36,1472.98,4/12/2023 13:20:00,,
4/12/2023,13:40,11.52,17.66,21.26,1473.97,4/12/2023 13:40:00,,
4/12/2023,14:00,11.52,17.52,21.11,1473.8,4/12/2023 14:00:00,,
4/12/2023,14:20,11.48,17.79,21.39,1474.01,4/12/2023 14:20:00,,
4/12/2023,14:40,11.48,17.91,21.52,1474.16,4/12/2023 14:40:00,,
4/12/2023,15:00,11.48,17.05,20.57,1473.1,4/12/2023 15:00:00,,
4/12/2023,15:20,11.55,17.04,20.59,1473.33,4/12/2023 15:20:00,,
4/12/2023,15:40,11.58,16.5,20,1472.78,4/12/2023 15:40:00,,
4/12/2023,16:00,11.61,17.04,20.62,1473.56,4/12/2023 16:00:00,,
4/12/2023,16:20,11.61,18.01,21.7,1474.75,4/12/2023 16:20:00,,
4/12/2023,16:40,11.58,17.24,20.83,1473.69,4/12/2023 16:40:00,,
4/12/2023,17:00,11.58,16.47,19.98,1472.75,4/12/2023 17:00:00,,
4/12/2023,17:20,11.55,17.74,21.36,1474.18,4/12/2023 17:20:00,,
4/12/2023,17:40,11.42,18.27,21.87,1474.36,4/12/2023 17:40:00,,
4/12/2023,18:00,11.39,17.54,21.05,1473.35,4/12/2023 18:00:00,,
4/12/2023,18:20,11.39,17.96,21.52,1473.86,4/12/2023 18:20:00,,
4/12/2023,18:40,11.35,17.64,21.16,1473.36,4/12/2023 18:40:00,,
4/12/2023,19:00,11.29,17.49,20.95,1472.93,4/12/2023 19:00:00,,
4/12/2023,19:20,11.23,18.48,22,1473.91,4/12/2023 19:20:00,,
4/12/2023,19:40,11.23,18.03,21.51,1473.36,4/12/2023 19:40:00,,
4/12/2023,20:00,11.19,18.87,22.41,1474.27,4/12/2023 20:00:00,,
4/12/2023,20:20,11.16,18.06,21.51,1473.16,4/12/2023 20:20:00,,
4/12/2023,20:40,11.13,17.96,21.38,1472.92,4/12/2023 20:40:00,,
4/12/2023,21:00,11.06,17.99,21.38,1472.72,4/12/2023 21:00:00,,
4/12/2023,21:20,11.06,18.51,21.94,1473.35,4/12/2023 21:20:00,,
4/12/2023,21:40,11.03,18.52,21.94,1473.25,4/12/2023 21:40:00,,
4/12/2023,22:00,11.03,18.08,21.46,1472.71,4/12/2023 22:00:00,,
4/12/2023,22:20,11.03,18.55,21.97,1473.28,4/12/2023 22:20:00,,
4/12/2023,22:40,11,18.63,22.05,1473.27,4/12/2023 22:40:00,,
4/12/2023,23:00,11,18.78,22.2,1473.44,4/12/2023 23:00:00,,
4/12/2023,23:20,11.03,18.31,21.71,1472.99,4/12/2023 23:20:00,,
4/12/2023,23:40,11.03,17.58,20.92,1472.1,4/12/2023 23:40:00,,
4/13/2023,0:00,11.03,18.08,21.46,1472.71,4/13/2023 0:00:00,,
4/13/2023,0:20,11,17.36,20.66,1471.71,4/13/2023 0:20:00,,
4/13/2023,0:40,10.97,17.52,20.82,1471.78,4/13/2023 0:40:00,,
4/13/2023,1:00,10.97,17.56,20.87,1471.84,4/13/2023 1:00:00,,
4/13/2023,1:20,10.9,18.99,22.38,1473.35,4/13/2023 1:20:00,,
4/13/2023,1:40,10.9,17.71,21,1471.78,4/13/2023 1:40:00,,
4/13/2023,2:00,10.87,19.15,22.53,1473.42,4/13/2023 2:00:00,,
4/13/2023,2:20,10.74,18.29,21.53,1471.89,4/13/2023 2:20:00,,
4/13/2023,2:40,10.61,19.71,22.98,1473.15,4/13/2023 2:40:00,,
4/13/2023,3:00,10.67,19.46,22.75,1473.09,4/13/2023 3:00:00,,
4/13/2023,3:20,10.71,18.78,22.04,1472.37,4/13/2023 3:20:00,,
4/13/2023,3:40,10.71,18.18,21.4,1471.64,4/13/2023 3:40:00,,
4/13/2023,4:00,10.71,18.16,21.38,1471.61,4/13/2023 4:00:00,,
4/13/2023,4:20,10.74,18.67,21.94,1472.35,4/13/2023 4:20:00,,
4/13/2023,4:40,10.71,18.9,22.17,1472.51,4/13/2023 4:40:00,,
4/13/2023,5:00,10.51,18.64,21.78,1471.47,4/13/2023 5:00:00,,
4/13/2023,5:20,10.28,19.09,22.14,1471.17,4/13/2023 5:20:00,,
4/13/2023,5:40,10.12,20.11,23.12,1471.82,4/13/2023 5:40:00,,
4/13/2023,6:00,10.12,20.06,23.07,1471.76,4/13/2023 6:00:00,,
4/13/2023,6:20,10.02,20.09,23.05,1471.43,4/13/2023 6:20:00,,
4/13/2023,6:40,9.95,20.2,23.12,1471.32,4/13/2023 6:40:00,,
4/13/2023,7:00,9.99,19.8,22.72,1470.94,4/13/2023 7:00:00,,
4/13/2023,7:20,10.05,20.46,23.45,1472.01,4/13/2023 7:20:00,,
4/13/2023,7:40,10.12,19.48,22.46,1471.05,4/13/2023 7:40:00,,
4/13/2023,8:00,10.12,19.53,22.51,1471.11,4/13/2023 8:00:00,,
4/13/2023,8:20,10.22,19.87,22.92,1471.89,4/13/2023 8:20:00,,
4/13/2023,8:40,10.28,18.25,21.24,1470.13,4/13/2023 8:40:00,,
4/13/2023,9:00,10.41,18.76,21.86,1471.25,4/13/2023 9:00:00,,
4/13/2023,9:20,10.58,19.06,22.27,1472.23,4/13/2023 9:20:00,,
4/13/2023,9:40,10.74,18.79,22.07,1472.5,4/13/2023 9:40:00,,
,,,,,,,,
,,,,,,,,
,,,,,,,,
,,,,,,,,
,,,,,,,,
,,,,,,,,
,,,,,,,,
,,,,,,,,
,,,,,,,,
,,,,,,,,
,,,,,,,,
,,,,,,,,
,,,,,,,,
,,,,,,,,
4/13/2023,14:40,10.61,19.61,22.88,1473.04,4/13/2023 14:40:00,,
4/13/2023,15:00,10.28,20.41,23.53,1472.8,4/13/2023 15:00:00,,
4/13/2023,15:20,10.09,19.53,22.49,1470.97,4/13/2023 15:20:00,,
4/13/2023,15:40,9.95,19.57,22.46,1470.53,4/13/2023 15:40:00,,
4/13/2023,16:00,9.99,19.67,22.59,1470.79,4/13/2023 16:00:00,,
4/13/2023,16:20,10.12,19.1,22.06,1470.57,4/13/2023 16:20:00,,
4/13/2023,16:40,10.61,18.54,21.73,1471.71,4/13/2023 16:40:00,,
4/13/2023,17:00,10.93,19.42,22.86,1474,4/13/2023 17:00:00,,
4/13/2023,17:20,10.97,19.67,23.14,1474.42,4/13/2023 17:20:00,,
4/13/2023,17:40,11.03,19.7,23.22,1474.7,4/13/2023 17:40:00,,
4/13/2023,18:00,11.1,18.45,21.89,1473.4,4/13/2023 18:00:00,,
4/13/2023,18:20,11.06,19.14,22.63,1474.13,4/13/2023 18:20:00,,
4/13/2023,18:40,11.1,19.25,22.76,1474.38,4/13/2023 18:40:00,,
4/13/2023,19:00,11.13,19.46,23.02,1474.76,4/13/2023 19:00:00,,
4/13/2023,19:20,11.13,19.77,23.35,1475.14,4/13/2023 19:20:00,,
4/13/2023,19:40,11.1,18.63,22.1,1473.63,4/13/2023 19:40:00,,
4/13/2023,20:00,11.1,19.86,23.42,1475.13,4/13/2023 20:00:00,,
4/13/2023,20:20,11.13,20.12,23.73,1475.57,4/13/2023 20:20:00,,
4/13/2023,20:40,11.13,19.79,23.37,1475.17,4/13/2023 20:40:00,,
4/13/2023,21:00,11.1,19.06,22.56,1474.15,4/13/2023 21:00:00,,
4/13/2023,21:20,11.06,19.85,23.4,1475,4/13/2023 21:20:00,,
4/13/2023,21:40,11.06,19.31,22.81,1474.34,4/13/2023 21:40:00,,
4/13/2023,22:00,11.03,19.84,23.37,1474.87,4/13/2023 22:00:00,,
4/13/2023,22:20,11.03,18.88,22.33,1473.69,4/13/2023 22:20:00,,
4/13/2023,22:40,11,18.54,21.94,1473.15,4/13/2023 22:40:00,,
4/13/2023,23:00,11,19.98,23.5,1474.92,4/13/2023 23:00:00,,
4/13/2023,23:20,11,19.03,22.48,1473.76,4/13/2023 23:20:00,,
4/13/2023,23:40,11,19.46,22.94,1474.28,4/13/2023 23:40:00,,
4/14/2023,0:00,11,18.82,22.25,1473.5,4/14/2023 0:00:00,,
4/14/2023,0:20,10.97,19.81,23.29,1474.59,4/14/2023 0:20:00,,
4/14/2023,0:40,10.97,18.89,22.3,1473.46,4/14/2023 0:40:00,,
4/14/2023,1:00,11,19.15,22.61,1473.91,4/14/2023 1:00:00,,
4/14/2023,1:20,11,18.89,22.33,1473.59,4/14/2023 1:20:00,,
4/14/2023,1:40,11,19.39,22.86,1474.2,4/14/2023 1:40:00,,
4/14/2023,2:00,10.93,18.81,22.2,1473.24,4/14/2023 2:00:00,,
4/14/2023,2:20,10.9,19.72,23.16,1474.25,4/14/2023 2:20:00,,
4/14/2023,2:40,10.8,19.35,22.7,1473.43,4/14/2023 2:40:00,,
4/14/2023,3:00,10.74,19.33,22.65,1473.17,4/14/2023 3:00:00,,
4/14/2023,3:20,10.67,18.6,21.84,1472.03,4/14/2023 3:20:00,,
4/14/2023,3:40,10.64,18.72,21.94,1472.05,4/14/2023 3:40:00,,
4/14/2023,4:00,10.61,18.61,21.81,1471.8,4/14/2023 4:00:00,,
4/14/2023,4:20,10.58,18.72,21.91,1471.82,4/14/2023 4:20:00,,
4/14/2023,4:40,10.51,18.45,21.58,1471.23,4/14/2023 4:40:00,,
4/14/2023,5:00,10.48,18.92,22.06,1471.69,4/14/2023 5:00:00,,
4/14/2023,5:20,10.48,18.37,21.47,1471.01,4/14/2023 5:20:00,,
4/14/2023,5:40,10.45,18.48,21.58,1471.03,4/14/2023 5:40:00,,
4/14/2023,6:00,10.41,18.69,21.78,1471.16,4/14/2023 6:00:00,,
4/14/2023,6:20,10.41,18.83,21.93,1471.34,4/14/2023 6:20:00,,
4/14/2023,6:40,10.41,18.69,21.78,1471.16,4/14/2023 6:40:00,,
4/14/2023,7:00,10.41,18.64,21.73,1471.1,4/14/2023 7:00:00,,
4/14/2023,7:20,10.41,19.12,22.24,1471.69,4/14/2023 7:20:00,,
4/14/2023,7:40,10.41,17.97,21.01,1470.28,4/14/2023 7:40:00,,
4/14/2023,8:00,10.48,18.2,21.3,1470.81,4/14/2023 8:00:00,,
4/14/2023,8:20,10.51,18.25,21.37,1471,4/14/2023 8:20:00,,
4/14/2023,8:40,10.54,18.67,21.83,1471.63,4/14/2023 8:40:00,,
4/14/2023,9:00,10.58,18.44,21.6,1471.47,4/14/2023 9:00:00,,
4/14/2023,9:20,10.64,16.93,20.02,1469.85,4/14/2023 9:20:00,,
4/14/2023,9:40,10.71,17.9,21.09,1471.29,4/14/2023 9:40:00,,
4/14/2023,10:00,10.84,17.44,20.66,1471.2,4/14/2023 10:00:00,,
4/14/2023,10:20,11.06,17,20.3,1471.51,4/14/2023 10:20:00,,
4/14/2023,10:40,11.23,16.25,19.56,1471.18,4/14/2023 10:40:00,,
4/14/2023,11:00,11.26,16.01,19.3,1471,4/14/2023 11:00:00,,
,,,,,,,,
,,,,,,,,
,,,,,,,,
,,,,,,,,
,,,,,,,,
,,,,,,,,
,,,,,,,,
,,,,,,,,
,,,,,,,,
,,,,,,,,
,,,,,,,,
,,,,,,,,
4/14/2023,15:20,11.74,18.53,22.34,1475.85,4/14/2023 15:20:00,,
4/14/2023,15:40,11.74,18.48,22.29,1475.79,4/14/2023 15:40:00,,
4/14/2023,16:00,11.71,18.89,22.72,1476.17,4/14/2023 16:00:00,,
4/14/2023,16:20,11.68,19.47,23.33,1476.76,4/14/2023 16:20:00,,
4/14/2023,16:40,11.61,18.92,22.69,1475.85,4/14/2023 16:40:00,,
4/14/2023,17:00,11.55,18.76,22.49,1475.43,4/14/2023 17:00:00,,
4/14/2023,17:20,11.45,19.18,22.89,1475.6,4/14/2023 17:20:00,,
4/14/2023,17:40,11.35,19.12,22.76,1475.16,4/14/2023 17:40:00,,
4/14/2023,18:00,11.35,19.09,22.74,1475.13,4/14/2023 18:00:00,,
4/14/2023,18:20,11.39,19.36,23.05,1475.57,4/14/2023 18:20:00,,
4/14/2023,18:40,11.48,18.77,22.46,1475.21,4/14/2023 18:40:00,,
4/14/2023,19:00,11.55,18.95,22.69,1475.66,4/14/2023 19:00:00,,
4/14/2023,19:20,11.58,18.98,22.74,1475.81,4/14/2023 19:20:00,,
4/14/2023,19:40,11.58,18.84,22.59,1475.64,4/14/2023 19:40:00,,
4/14/2023,20:00,11.58,18.68,22.41,1475.45,4/14/2023 20:00:00,,
4/14/2023,20:20,11.58,18.86,22.62,1475.67,4/14/2023 20:20:00,,
4/14/2023,20:40,11.58,18.72,22.46,1475.5,4/14/2023 20:40:00,,
4/14/2023,21:00,11.55,18.44,22.13,1475.04,4/14/2023 21:00:00,,
4/14/2023,21:20,11.55,18.83,22.56,1475.52,4/14/2023 21:20:00,,
4/14/2023,21:40,11.55,18.67,22.39,1475.32,4/14/2023 21:40:00,,
4/14/2023,22:00,11.55,18.37,22.05,1474.95,4/14/2023 22:00:00,,
4/14/2023,22:20,11.55,19.41,23.2,1476.23,4/14/2023 22:20:00,,
4/14/2023,22:40,11.55,18.88,22.62,1475.57,4/14/2023 22:40:00,,
4/14/2023,23:00,11.52,18.62,22.31,1475.14,4/14/2023 23:00:00,,
4/14/2023,23:20,11.52,18.62,22.31,1475.14,4/14/2023 23:20:00,,
4/14/2023,23:40,11.48,18.84,22.54,1475.29,4/14/2023 23:40:00,,
4/15/2023,0:00,11.48,19.05,22.77,1475.55,4/15/2023 0:00:00,,
4/15/2023,0:20,11.45,18.37,22,1474.6,4/15/2023 0:20:00,,
4/15/2023,0:40,11.45,18.58,22.23,1474.86,4/15/2023 0:40:00,,
4/15/2023,1:00,11.42,18.8,22.46,1475.01,4/15/2023 1:00:00,,
4/15/2023,1:20,11.42,18.59,22.23,1474.76,4/15/2023 1:20:00,,
4/15/2023,1:40,11.42,18.43,22.05,1474.56,4/15/2023 1:40:00,,
4/15/2023,2:00,11.42,19.04,22.71,1475.3,4/15/2023 2:00:00,,
4/15/2023,2:20,11.39,18.87,22.51,1474.97,4/15/2023 2:20:00,,
4/15/2023,2:40,11.39,18.14,21.72,1474.09,4/15/2023 2:40:00,,
4/15/2023,3:00,11.39,18.84,22.49,1474.94,4/15/2023 3:00:00,,
4/15/2023,3:20,11.39,18.96,22.61,1475.09,4/15/2023 3:20:00,,
4/15/2023,3:40,11.35,19.19,22.84,1475.25,4/15/2023 3:40:00,,
4/15/2023,4:00,11.35,18.72,22.33,1474.68,4/15/2023 4:00:00,,
4/15/2023,4:20,11.35,18.74,22.36,1474.7,4/15/2023 4:20:00,,
4/15/2023,4:40,11.35,18.79,22.41,1474.76,4/15/2023 4:40:00,,
4/15/2023,5:00,11.35,19.4,23.07,1475.51,4/15/2023 5:00:00,,
4/15/2023,5:20,11.35,18.86,22.48,1474.85,4/15/2023 5:20:00,,
4/15/2023,5:40,11.35,18.13,21.69,1473.96,4/15/2023 5:40:00,,
4/15/2023,6:00,11.32,19.04,22.66,1474.95,4/15/2023 6:00:00,,
4/15/2023,6:20,11.29,18.56,22.13,1474.25,4/15/2023 6:20:00,,
4/15/2023,6:40,11.26,19.16,22.76,1474.87,4/15/2023 6:40:00,,
4/15/2023,7:00,11.26,18.98,22.56,1474.64,4/15/2023 7:00:00,,
4/15/2023,7:20,11.19,19.01,22.56,1474.44,4/15/2023 7:20:00,,
4/15/2023,7:40,11.13,18.97,22.48,1474.16,4/15/2023 7:40:00,,
4/15/2023,8:00,11.03,19.11,22.58,1473.98,4/15/2023 8:00:00,,
4/15/2023,8:20,11,19.39,22.86,1474.2,4/15/2023 8:20:00,,
4/15/2023,8:40,11,19.06,22.5,1473.79,4/15/2023 8:40:00,,
4/15/2023,9:00,11.03,18.74,22.17,1473.51,4/15/2023 9:00:00,,
4/15/2023,9:20,11.13,18.81,22.3,1473.96,4/15/2023 9:20:00,,
4/15/2023,9:40,11.29,18.73,22.31,1474.45,4/15/2023 9:40:00,,
4/15/2023,10:00,11.39,19.01,22.66,1475.14,4/15/2023 10:00:00,,
4/15/2023,10:20,11.52,18.85,22.56,1475.42,4/15/2023 10:20:00,,
4/15/2023,10:40,11.74,18.83,22.67,1476.21,4/15/2023 10:40:00,,
4/15/2023,11:00,11.77,18.03,21.8,1475.35,4/15/2023 11:00:00,,
4/15/2023,11:20,11.77,17.96,21.73,1475.27,4/15/2023 11:20:00,,
4/15/2023,11:40,11.8,17.44,21.16,1474.75,4/15/2023 11:40:00,,
4/15/2023,12:00,11.9,17.6,21.4,1475.29,4/15/2023 12:00:00,,
,,,,,,,,
,,,,,,,,
,,,,,,,,
,,,,,,,,
,,,,,,,,
,,,,,,,,
,,,,,,,,
,,,,,,,,
,,,,,,,,
,,,,,,,,
4/15/2023,15:40,12.6,18.24,22.48,1478.56,4/15/2023 15:40:00,,
4/15/2023,16:00,12.6,18.03,22.25,1478.32,4/15/2023 16:00:00,,
4/15/2023,16:20,12.6,17.17,21.28,1477.28,4/15/2023 16:20:00,,
4/15/2023,16:40,12.57,18.23,22.45,1478.44,4/15/2023 16:40:00,,
4/15/2023,17:00,12.54,18.45,22.68,1478.59,4/15/2023 17:00:00,,
4/15/2023,17:20,12.51,18.15,22.33,1478.12,4/15/2023 17:20:00,,
4/15/2023,17:40,12.44,18.24,22.4,1478.01,4/15/2023 17:40:00,,
4/15/2023,18:00,12.38,18.27,22.4,1477.82,4/15/2023 18:00:00,,
4/15/2023,18:20,12.25,18.93,23.06,1478.16,4/15/2023 18:20:00,,
4/15/2023,18:40,12.19,18.18,22.19,1477.03,4/15/2023 18:40:00,,
4/15/2023,19:00,12.16,18.74,22.8,1477.6,4/15/2023 19:00:00,,
4/15/2023,19:20,12.12,18.6,22.62,1477.31,4/15/2023 19:20:00,,
4/15/2023,19:40,12.12,18.53,22.55,1477.22,4/15/2023 19:40:00,,
4/15/2023,20:00,12.12,18.53,22.55,1477.22,4/15/2023 20:00:00,,
4/15/2023,20:20,12.16,18.42,22.45,1477.21,4/15/2023 20:20:00,,
4/15/2023,20:40,12.19,18.57,22.63,1477.5,4/15/2023 20:40:00,,
4/15/2023,21:00,12.19,18.82,22.91,1477.8,4/15/2023 21:00:00,,
4/15/2023,21:20,12.19,18.11,22.12,1476.94,4/15/2023 21:20:00,,
4/15/2023,21:40,12.16,18.38,22.4,1477.15,4/15/2023 21:40:00,,
4/15/2023,22:00,12.16,17.55,21.48,1476.15,4/15/2023 22:00:00,,
4/15/2023,22:20,12.12,17.68,21.6,1476.19,4/15/2023 22:20:00,,
4/15/2023,22:40,12.09,18.34,22.32,1476.88,4/15/2023 22:40:00,,
4/15/2023,23:00,12.06,18.06,21.99,1476.42,4/15/2023 23:00:00,,
4/15/2023,23:20,12.03,18.32,22.27,1476.63,4/15/2023 23:20:00,,
4/15/2023,23:40,12,17.7,21.55,1475.75,4/15/2023 23:40:00,,
4/16/2023,0:00,11.96,17.34,21.14,1475.21,4/16/2023 0:00:00,,
4/16/2023,0:20,11.93,15.64,19.21,1473.01,4/16/2023 0:20:00,,
4/16/2023,0:40,11.87,17.18,20.91,1474.66,4/16/2023 0:40:00,,
4/16/2023,1:00,11.84,18.37,22.21,1476,4/16/2023 1:00:00,,
4/16/2023,1:20,11.77,18.33,22.13,1475.72,4/16/2023 1:20:00,,
4/16/2023,1:40,11.71,18.64,22.44,1475.86,4/16/2023 1:40:00,,
4/16/2023,2:00,11.64,18.23,21.95,1475.13,4/16/2023 2:00:00,,
4/16/2023,2:20,11.58,18.89,22.64,1475.7,4/16/2023 2:20:00,,
4/16/2023,2:40,11.55,18.41,22.11,1475.01,4/16/2023 2:40:00,,
4/16/2023,3:00,11.52,17.94,21.57,1474.31,4/16/2023 3:00:00,,
4/16/2023,3:20,11.48,18.17,21.8,1474.47,4/16/2023 3:20:00,,
4/16/2023,3:40,11.52,18.17,21.82,1474.6,4/16/2023 3:40:00,,
4/16/2023,4:00,11.52,18.66,22.36,1475.19,4/16/2023 4:00:00,,
4/16/2023,4:20,11.55,18.72,22.44,1475.38,4/16/2023 4:20:00,,
4/16/2023,4:40,11.55,18.69,22.41,1475.35,4/16/2023 4:40:00,,
4/16/2023,5:00,11.58,18.68,22.41,1475.45,4/16/2023 5:00:00,,
4/16/2023,5:20,11.61,18.76,22.51,1475.66,4/16/2023 5:20:00,,
4/16/2023,5:40,11.61,18.89,22.67,1475.83,4/16/2023 5:40:00,,
4/16/2023,6:00,11.61,19.29,23.1,1476.31,4/16/2023 6:00:00,,
4/16/2023,6:20,11.64,19.09,22.9,1476.18,4/16/2023 6:20:00,,
4/16/2023,6:40,11.64,18.51,22.26,1475.47,4/16/2023 6:40:00,,
4/16/2023,7:00,11.61,18.94,22.72,1475.88,4/16/2023 7:00:00,,
4/16/2023,7:20,11.55,18.93,22.67,1475.63,4/16/2023 7:20:00,,
4/16/2023,7:40,11.55,19.07,22.82,1475.8,4/16/2023 7:40:00,,
4/16/2023,8:00,11.55,18.41,22.11,1475.01,4/16/2023 8:00:00,,
4/16/2023,8:20,11.55,19.16,22.92,1475.92,4/16/2023 8:20:00,,
4/16/2023,8:40,11.58,18.86,22.62,1475.67,4/16/2023 8:40:00,,
4/16/2023,9:00,11.58,19.28,23.07,1476.18,4/16/2023 9:00:00,,
4/16/2023,9:20,11.64,19.23,23.05,1476.35,4/16/2023 9:20:00,,
4/16/2023,9:40,11.71,18.5,22.29,1475.69,4/16/2023 9:40:00,,
4/16/2023,10:00,11.77,19.12,23,1476.68,4/16/2023 10:00:00,,
4/16/2023,10:20,11.87,18.52,22.39,1476.29,4/16/2023 10:20:00,,
4/16/2023,10:40,11.93,18,21.86,1475.89,4/16/2023 10:40:00,,
4/16/2023,11:00,11.96,17.92,21.78,1475.91,4/16/2023 11:00:00,,
4/16/2023,11:20,11.96,18.01,21.88,1476.02,4/16/2023 11:20:00,,
4/16/2023,11:40,11.93,18.23,22.11,1476.17,4/16/2023 11:40:00,,
4/16/2023,12:00,12,17.44,21.27,1475.44,4/16/2023 12:00:00,,
4/16/2023,12:20,12.16,18.45,22.47,1477.24,4/16/2023 12:20:00,,
4/16/2023,12:40,12.28,17.95,21.99,1477.09,4/16/2023 12:40:00,,
4/16/2023,13:00,12.44,17.68,21.76,1477.32,4/16/2023 13:00:00,,
4/16/2023,13:20,12.6,16.65,20.69,1476.65,4/16/2023 13:20:00,,
4/16/2023,13:40,12.73,17.32,21.51,1477.9,4/16/2023 13:40:00,,
4/16/2023,14:00,12.79,17.14,21.33,1477.9,4/16/2023 14:00:00,,
4/16/2023,14:20,12.82,16.34,20.43,1477.05,4/16/2023 14:20:00,,
4/16/2023,14:40,12.76,17.58,21.82,1478.32,4/16/2023 14:40:00,,
4/16/2023,15:00,12.69,17.94,22.2,1478.55,4/16/2023 15:00:00,,
4/16/2023,15:20,12.66,17.91,22.15,1478.4,4/16/2023 15:20:00,,
4/16/2023,15:40,12.57,17.84,22.02,1477.98,4/16/2023 15:40:00,,
4/16/2023,16:00,12.54,18.43,22.66,1478.57,4/16/2023 16:00:00,,
4/16/2023,16:20,12.51,18.19,22.38,1478.17,4/16/2023 16:20:00,,
4/16/2023,16:40,12.47,18.5,22.71,1478.43,4/16/2023 16:40:00,,
4/16/2023,17:00,12.44,18.45,22.63,1478.26,4/16/2023 17:00:00,,
4/16/2023,17:20,12.47,18.91,23.17,1478.93,4/16/2023 17:20:00,,
4/16/2023,17:40,12.44,18.54,22.73,1478.37,4/16/2023 17:40:00,,
4/16/2023,18:00,12.41,18.28,22.43,1477.94,4/16/2023 18:00:00,,
4/16/2023,18:20,12.41,18.62,22.81,1478.36,4/16/2023 18:20:00,,
4/16/2023,18:40,12.41,17.89,21.99,1477.47,4/16/2023 18:40:00,,
4/16/2023,19:00,12.44,18.52,22.71,1478.34,4/16/2023 19:00:00,,
4/16/2023,19:20,12.47,18.48,22.68,1478.41,4/16/2023 19:20:00,,
4/16/2023,19:40,12.44,18.77,22.99,1478.64,4/16/2023 19:40:00,,
4/16/2023,20:00,12.47,18.48,22.68,1478.41,4/16/2023 20:00:00,,
4/16/2023,20:20,12.51,18.39,22.61,1478.42,4/16/2023 20:20:00,,
4/16/2023,20:40,12.51,18.49,22.71,1478.53,4/16/2023 20:40:00,,
4/16/2023,21:00,12.51,18.78,23.04,1478.89,4/16/2023 21:00:00,,
4/16/2023,21:20,12.47,18.75,22.99,1478.74,4/16/2023 21:20:00,,
4/16/2023,21:40,12.47,18.84,23.09,1478.85,4/16/2023 21:40:00,,
4/16/2023,22:00,12.41,18.64,22.83,1478.38,4/16/2023 22:00:00,,
4/16/2023,22:20,12.22,18.37,22.42,1477.37,4/16/2023 22:20:00,,
4/16/2023,22:40,12.06,18.56,22.55,1477.03,4/16/2023 22:40:00,,
4/16/2023,23:00,12,17.7,21.55,1475.75,4/16/2023 23:00:00,,
4/16/2023,23:20,12,18.41,22.34,1476.62,4/16/2023 23:20:00,,
4/16/2023,23:40,12,18.71,22.67,1476.98,4/16/2023 23:40:00,,
4/17/2023,0:00,11.96,17.99,21.86,1475.99,4/17/2023 0:00:00,,
4/17/2023,0:20,11.93,17.86,21.7,1475.73,4/17/2023 0:20:00,,
4/17/2023,0:40,11.96,17.53,21.35,1475.43,4/17/2023 0:40:00,,
4/17/2023,1:00,12.06,17.92,21.83,1476.25,4/17/2023 1:00:00,,
4/17/2023,1:20,12.16,18.72,22.78,1477.57,4/17/2023 1:20:00,,
4/17/2023,1:40,12.19,18.91,23.01,1477.92,4/17/2023 1:40:00,,
4/17/2023,2:00,12.22,18.78,22.88,1477.87,4/17/2023 2:00:00,,
4/17/2023,2:20,12.19,18.8,22.88,1477.78,4/17/2023 2:20:00,,
4/17/2023,2:40,12.12,18.71,22.75,1477.45,4/17/2023 2:40:00,,
4/17/2023,3:00,12.03,18.65,22.62,1477.02,4/17/2023 3:00:00,,
4/17/2023,3:20,11.93,19.15,23.13,1477.3,4/17/2023 3:20:00,,
4/17/2023,3:40,11.9,17.79,21.6,1475.52,4/17/2023 3:40:00,,
4/17/2023,4:00,11.87,17.99,21.8,1475.64,4/17/2023 4:00:00,,
4/17/2023,4:20,11.84,16.76,20.42,1474.03,4/17/2023 4:20:00,,
4/17/2023,4:40,11.8,17.69,21.45,1475.05,4/17/2023 4:40:00,,
4/17/2023,5:00,11.77,17.8,21.55,1475.07,4/17/2023 5:00:00,,
4/17/2023,5:20,11.77,18.01,21.78,1475.32,4/17/2023 5:20:00,,
4/17/2023,5:40,11.77,18.38,22.19,1475.77,4/17/2023 5:40:00,,
4/17/2023,6:00,11.77,18.17,21.96,1475.52,4/17/2023 6:00:00,,
4/17/2023,6:20,11.77,18.33,22.13,1475.72,4/17/2023 6:20:00,,
4/17/2023,6:40,11.74,18.41,22.21,1475.7,4/17/2023 6:40:00,,
4/17/2023,7:00,11.74,18.16,21.93,1475.39,4/17/2023 7:00:00,,
4/17/2023,7:20,11.74,18.85,22.69,1476.24,4/17/2023 7:20:00,,
4/17/2023,7:40,11.71,18.59,22.39,1475.81,4/17/2023 7:40:00,,
4/17/2023,8:00,11.71,18.41,22.18,1475.58,4/17/2023 8:00:00,,
4/17/2023,8:20,11.68,18.82,22.62,1475.96,4/17/2023 8:20:00,,
4/17/2023,8:40,11.61,18.34,22.06,1475.15,4/17/2023 8:40:00,,
4/17/2023,9:00,11.48,17.79,21.39,1474.01,4/17/2023 9:00:00,,
4/17/2023,9:20,11.48,18.72,22.41,1475.15,4/17/2023 9:20:00,,
4/17/2023,9:40,11.55,18.07,21.72,1474.58,4/17/2023 9:40:00,,
4/17/2023,10:00,11.55,18.58,22.28,1475.21,4/17/2023 10:00:00,,
4/17/2023,10:20,11.55,18.58,22.28,1475.21,4/17/2023 10:20:00,,
4/17/2023,10:40,11.55,18.65,22.36,1475.29,4/17/2023 10:40:00,,
4/17/2023,11:00,11.42,18.06,21.64,1474.1,4/17/2023 11:00:00,,
4/17/2023,11:20,11.29,18.19,21.72,1473.79,4/17/2023 11:20:00,,
4/17/2023,11:40,11.06,18.77,22.22,1473.67,4/17/2023 11:40:00,,
4/17/2023,12:00,10.9,17.97,21.28,1472.1,4/17/2023 12:00:00,,
4/17/2023,12:20,10.9,18.66,22.02,1472.94,4/17/2023 12:20:00,,
4/17/2023,12:40,11.03,17.84,21.2,1472.42,4/17/2023 12:40:00,,
4/17/2023,13:00,11.26,16.78,20.15,1471.94,4/17/2023 13:00:00,,
4/17/2023,13:20,11.48,16.68,20.16,1472.65,4/17/2023 13:20:00,,
4/17/2023,13:40,11.71,16.17,19.7,1472.84,4/17/2023 13:40:00,,
4/17/2023,14:00,11.87,16.35,19.98,1473.65,4/17/2023 14:00:00,,
4/17/2023,14:20,11.93,17.77,21.6,1475.61,4/17/2023 14:20:00,,
4/17/2023,14:40,11.96,16.88,20.63,1474.65,4/17/2023 14:40:00,,
4/17/2023,15:00,12.03,17.18,20.99,1475.23,4/17/2023 15:00:00,,
4/17/2023,15:20,12.06,16.98,20.78,1475.11,4/17/2023 15:20:00,,
4/17/2023,15:40,12.09,16.69,20.47,1474.87,4/17/2023 15:40:00,,
4/17/2023,16:00,12.09,15.87,19.55,1473.87,4/17/2023 16:00:00,,
4/17/2023,16:20,12.09,14.66,18.18,1472.4,4/17/2023 16:20:00,,
4/17/2023,16:40,12.09,15.18,18.77,1473.04,4/17/2023 16:40:00,,
4/17/2023,17:00,12.06,17.87,21.78,1476.2,4/17/2023 17:00:00,,
4/17/2023,17:20,12.03,16.65,20.4,1474.59,4/17/2023 17:20:00,,
4/17/2023,17:40,12.03,17.06,20.86,1475.1,4/17/2023 17:40:00,,
4/17/2023,18:00,12.03,17.54,21.4,1475.68,4/17/2023 18:00:00,,
4/17/2023,18:20,12,17.17,20.96,1475.11,4/17/2023 18:20:00,,
4/17/2023,18:40,11.96,18.15,22.04,1476.19,4/17/2023 18:40:00,,
4/17/2023,19:00,11.87,18.72,22.62,1476.54,4/17/2023 19:00:00,,
4/17/2023,19:20,11.87,18.7,22.6,1476.51,4/17/2023 19:20:00,,
4/17/2023,19:40,11.9,18.91,22.85,1476.89,4/17/2023 19:40:00,,
4/17/2023,20:00,11.93,19.34,23.33,1477.52,4/17/2023 20:00:00,,
4/17/2023,20:20,11.96,18.7,22.65,1476.86,4/17/2023 20:20:00,,
4/17/2023,20:40,11.96,18.81,22.77,1477,4/17/2023 20:40:00,,
4/17/2023,21:00,11.9,19.47,23.46,1477.57,4/17/2023 21:00:00,,
4/17/2023,21:20,11.87,19.6,23.59,1477.61,4/17/2023 21:20:00,,
4/17/2023,21:40,11.77,19.02,22.9,1476.56,4/17/2023 21:40:00,,
4/17/2023,22:00,11.74,19.25,23.13,1476.72,4/17/2023 22:00:00,,
4/17/2023,22:20,11.68,19.21,23.05,1476.44,4/17/2023 22:20:00,,
4/17/2023,22:40,11.55,19.83,23.66,1476.74,4/17/2023 22:40:00,,
4/17/2023,23:00,11.48,19.59,23.35,1476.21,4/17/2023 23:00:00,,
4/17/2023,23:20,11.48,19.77,23.55,1476.43,4/17/2023 23:20:00,,
4/17/2023,23:40,11.52,18.87,22.59,1475.45,4/17/2023 23:40:00,,
4/18/2023,0:00,11.55,16.86,20.39,1473.11,4/18/2023 0:00:00,,
4/18/2023,0:20,11.64,17.05,20.65,1473.69,4/18/2023 0:20:00,,
4/18/2023,0:40,11.71,19.54,23.43,1476.96,4/18/2023 0:40:00,,
4/18/2023,1:00,11.74,20.01,23.97,1477.65,4/18/2023 1:00:00,,
4/18/2023,1:20,11.68,19.79,23.68,1477.15,4/18/2023 1:20:00,,
4/18/2023,1:40,11.58,19.77,23.61,1476.78,4/18/2023 1:40:00,,
4/18/2023,2:00,11.64,19.55,23.41,1476.74,4/18/2023 2:00:00,,
4/18/2023,2:20,11.71,19.98,23.91,1477.5,4/18/2023 2:20:00,,
4/18/2023,2:40,11.64,20.18,24.09,1477.51,4/18/2023 2:40:00,,
4/18/2023,3:00,11.61,20.2,24.09,1477.42,4/18/2023 3:00:00,,
4/18/2023,3:20,11.55,20.35,24.22,1477.37,4/18/2023 3:20:00,,
4/18/2023,3:40,11.45,20.07,23.86,1476.68,4/18/2023 3:40:00,,
4/18/2023,4:00,11.39,19.75,23.48,1476.06,4/18/2023 4:00:00,,
4/18/2023,4:20,11.35,19.68,23.37,1475.85,4/18/2023 4:20:00,,
4/18/2023,4:40,11.42,19.55,23.27,1475.93,4/18/2023 4:40:00,,
4/18/2023,5:00,11.45,19.21,22.92,1475.63,4/18/2023 5:00:00,,
4/18/2023,5:20,11.48,18.31,21.95,1474.64,4/18/2023 5:20:00,,
4/18/2023,5:40,11.48,18.96,22.66,1475.44,4/18/2023 5:40:00,,
4/18/2023,6:00,11.48,18.52,22.18,1474.9,4/18/2023 6:00:00,,
4/18/2023,6:20,11.45,19.16,22.87,1475.57,4/18/2023 6:20:00,,
4/18/2023,6:40,11.39,17.47,20.98,1473.26,4/18/2023 6:40:00,,
4/18/2023,7:00,11.23,19.53,23.14,1475.2,4/18/2023 7:00:00,,
4/18/2023,7:20,11.19,18.56,22.07,1473.9,4/18/2023 7:20:00,,
4/18/2023,7:40,11.13,19.39,22.94,1474.68,4/18/2023 7:40:00,,
4/18/2023,8:00,10.9,18.56,21.92,1472.83,4/18/2023 8:00:00,,
4/18/2023,8:20,10.64,17.67,20.81,1470.76,4/18/2023 8:20:00,,
4/18/2023,8:40,10.31,18.01,21.01,1469.97,4/18/2023 8:40:00,,
4/18/2023,9:00,9.99,18.75,21.62,1469.65,4/18/2023 9:00:00,,
4/18/2023,9:20,10.15,17.66,20.55,1468.91,4/18/2023 9:20:00,,
4/18/2023,9:40,10.22,17.48,20.39,1468.94,4/18/2023 9:40:00,,
4/18/2023,10:00,10.31,15.59,18.41,1466.98,4/18/2023 10:00:00,,
4/18/2023,10:20,10.58,18.82,22.01,1471.94,4/18/2023 10:20:00,,
4/18/2023,10:40,10.54,18.91,22.09,1471.92,4/18/2023 10:40:00,,
4/18/2023,11:00,10.38,19.06,22.16,1471.5,4/18/2023 11:00:00,,
4/18/2023,11:20,10.15,18.43,21.37,1469.87,4/18/2023 11:20:00,,
4/18/2023,11:40,10.38,18.46,21.52,1470.77,4/18/2023 11:40:00,,
4/18/2023,12:00,10.28,18.75,21.78,1470.75,4/18/2023 12:00:00,,
4/18/2023,12:20,10.35,18.14,21.17,1470.25,4/18/2023 12:20:00,,
4/18/2023,12:40,10.38,16.83,19.78,1468.76,4/18/2023 12:40:00,,
4/18/2023,13:00,10.38,17.86,20.88,1470.03,4/18/2023 13:00:00,,
4/18/2023,13:20,10.45,17.9,20.96,1470.32,4/18/2023 13:20:00,,
4/18/2023,13:40,10.51,17.32,20.37,1469.85,4/18/2023 13:40:00,,
4/18/2023,14:00,10.45,16.09,19.01,1468.08,4/18/2023 14:00:00,,
4/18/2023,14:20,10.31,16.62,19.52,1468.25,4/18/2023 14:20:00,,
4/18/2023,14:40,10.41,18.61,21.7,1471.07,4/18/2023 14:40:00,,
4/18/2023,15:00,10.31,17.25,20.19,1469.02,4/18/2023 15:00:00,,
4/18/2023,15:20,10.51,15.89,18.83,1468.09,4/18/2023 15:20:00,,
4/18/2023,15:40,10.71,15.69,18.7,1468.57,4/18/2023 15:40:00,,
4/18/2023,16:00,10.93,12.92,15.73,1466.02,4/18/2023 16:00:00,,
4/18/2023,16:20,10.8,12.4,15.09,1464.89,4/18/2023 16:20:00,,
4/18/2023,16:40,10.87,17.85,21.12,1471.82,4/18/2023 16:40:00,,
4/18/2023,17:00,11,18.21,21.59,1472.75,4/18/2023 17:00:00,,
4/18/2023,17:20,11.06,16.7,19.97,1471.13,4/18/2023 17:20:00,,
4/18/2023,17:40,11.13,16.46,19.74,1471.08,4/18/2023 17:40:00,,
4/18/2023,18:00,11.1,16.66,19.95,1471.21,4/18/2023 18:00:00,,
4/18/2023,18:20,11.06,17.36,20.69,1471.94,4/18/2023 18:20:00,,
4/18/2023,18:40,11.06,17.31,20.64,1471.88,4/18/2023 18:40:00,,
4/18/2023,19:00,11.1,16.92,20.23,1471.52,4/18/2023 19:00:00,,
4/18/2023,19:20,11.06,16.39,19.64,1470.76,4/18/2023 19:20:00,,
4/18/2023,19:40,11.1,15.58,18.76,1469.88,4/18/2023 19:40:00,,
4/18/2023,20:00,11.03,15.82,18.99,1469.94,4/18/2023 20:00:00,,
4/18/2023,20:20,11.06,16.2,19.43,1470.53,4/18/2023 20:20:00,,
4/18/2023,20:40,11.06,14.19,17.2,1468.06,4/18/2023 20:40:00,,
4/18/2023,21:00,11.06,15.45,18.6,1469.61,4/18/2023 21:00:00,,
4/18/2023,21:20,11.06,14.8,17.87,1468.8,4/18/2023 21:20:00,,
4/18/2023,21:40,11.1,15.39,18.55,1469.65,4/18/2023 21:40:00,,
4/18/2023,22:00,11.1,15.02,18.13,1469.19,4/18/2023 22:00:00,,
4/18/2023,22:20,11.1,15.86,19.07,1470.23,4/18/2023 22:20:00,,
4/18/2023,22:40,11.06,16.3,19.53,1470.64,4/18/2023 22:40:00,,
4/18/2023,23:00,11.1,16.26,19.51,1470.72,4/18/2023 23:00:00,,
4/18/2023,23:20,11.1,15.23,18.37,1469.45,4/18/2023 23:20:00,,
4/18/2023,23:40,11.13,15.15,18.29,1469.47,4/18/2023 23:40:00,,
4/19/2023,0:00,11.06,14.09,17.09,1467.94,4/19/2023 0:00:00,,
4/19/2023,0:20,11.1,15.44,18.6,1469.71,4/19/2023 0:20:00,,
4/19/2023,0:40,11.1,16.33,19.58,1470.8,4/19/2023 0:40:00,,
4/19/2023,1:00,11.06,15.5,18.65,1469.67,4/19/2023 1:00:00,,
4/19/2023,1:20,10.9,15.71,18.81,1469.32,4/19/2023 1:20:00,,
4/19/2023,1:40,10.93,15.08,18.13,1468.67,4/19/2023 1:40:00,,
4/19/2023,2:00,10.97,14.74,17.77,1468.37,4/19/2023 2:00:00,,
4/19/2023,2:20,10.93,14.99,18.03,1468.56,4/19/2023 2:20:00,,
4/19/2023,2:40,10.93,15.39,18.47,1469.05,4/19/2023 2:40:00,,
4/19/2023,3:00,10.93,14.57,17.56,1468.04,4/19/2023 3:00:00,,
4/19/2023,3:20,10.9,14.51,17.48,1467.84,4/19/2023 3:20:00,,
4/19/2023,3:40,10.87,15.09,18.11,1468.43,4/19/2023 3:40:00,,
4/19/2023,4:00,10.84,15,18,1468.21,4/19/2023 4:00:00,,
4/19/2023,4:20,10.8,14.19,17.09,1467.09,4/19/2023 4:20:00,,
4/19/2023,4:40,10.77,15.1,18.08,1468.09,4/19/2023 4:40:00,,
4/19/2023,5:00,10.77,14.86,17.82,1467.8,4/19/2023 5:00:00,,
4/19/2023,5:20,10.77,14.46,17.38,1467.3,4/19/2023 5:20:00,,
4/19/2023,5:40,10.84,14.58,17.53,1467.69,4/19/2023 5:40:00,,
4/19/2023,6:00,10.84,14.49,17.43,1467.57,4/19/2023 6:00:00,,
4/19/2023,6:20,10.84,14.89,17.87,1468.07,4/19/2023 6:20:00,,
4/19/2023,6:40,10.87,14.8,17.79,1468.09,4/19/2023 6:40:00,,
4/19/2023,7:00,10.87,14.68,17.66,1467.94,4/19/2023 7:00:00,,
4/19/2023,7:20,10.9,14.86,17.87,1468.28,4/19/2023 7:20:00,,
4/19/2023,7:40,10.93,14.59,17.59,1468.07,4/19/2023 7:40:00,,
4/19/2023,8:00,10.97,15.4,18.5,1469.18,4/19/2023 8:00:00,,
4/19/2023,8:20,10.97,15.54,18.65,1469.35,4/19/2023 8:20:00,,
4/19/2023,8:40,10.97,14.22,17.2,1467.74,4/19/2023 8:40:00,,
4/19/2023,9:00,10.93,16.19,19.35,1470.03,4/19/2023 9:00:00,,
4/19/2023,9:20,10.93,16,19.14,1469.8,4/19/2023 9:20:00,,
4/19/2023,9:40,10.93,16.02,19.17,1469.83,4/19/2023 9:40:00,,
4/19/2023,10:00,10.97,15.92,19.07,1469.82,4/19/2023 10:00:00,,
4/19/2023,10:20,10.71,16.17,19.22,1469.16,4/19/2023 10:20:00,,
4/19/2023,10:40,10.18,16.95,19.8,1468.16,4/19/2023 10:40:00,,
4/19/2023,11:00,10.12,17.02,19.85,1468,4/19/2023 11:00:00,,
4/19/2023,11:20,10.31,16.67,19.57,1468.31,4/19/2023 11:20:00,,
4/19/2023,11:40,10.48,16.89,19.88,1469.19,4/19/2023 11:40:00,,
4/19/2023,12:00,10.71,16.81,19.91,1469.94,4/19/2023 12:00:00,,
4/19/2023,12:20,10.9,16.58,19.76,1470.39,4/19/2023 12:20:00,,
4/19/2023,12:40,11.1,16.12,19.35,1470.55,4/19/2023 12:40:00,,
4/19/2023,13:00,11.1,15.84,19.04,1470.2,4/19/2023 13:00:00,,
4/19/2023,13:20,11.23,16.18,19.48,1471.1,4/19/2023 13:20:00,,
4/19/2023,13:40,11.19,15.92,19.17,1470.65,4/19/2023 13:40:00,,
4/19/2023,14:00,11.23,16.21,19.51,1471.13,4/19/2023 14:00:00,,
4/19/2023,14:20,11.19,15.8,19.04,1470.51,4/19/2023 14:20:00,,
4/19/2023,14:40,11.1,16,19.22,1470.4,4/19/2023 14:40:00,,
4/19/2023,15:00,11.1,15.25,18.39,1469.48,4/19/2023 15:00:00,,
4/19/2023,15:20,11.13,15.19,18.34,1469.53,4/19/2023 15:20:00,,
4/19/2023,15:40,11.13,15.92,19.15,1470.42,4/19/2023 15:40:00,,
4/19/2023,16:00,11.16,15.41,18.6,1469.92,4/19/2023 16:00:00,,
4/19/2023,16:20,11.19,16.1,19.38,1470.88,4/19/2023 16:20:00,,
4/19/2023,16:40,11.26,15.38,18.6,1470.23,4/19/2023 16:40:00,,
4/19/2023,17:00,11.29,14.57,17.72,1469.36,4/19/2023 17:00:00,,
4/19/2023,17:20,11.35,14.48,17.64,1469.48,4/19/2023 17:20:00,,
4/19/2023,17:40,11.39,15.25,18.53,1470.56,4/19/2023 17:40:00,,
4/19/2023,18:00,11.35,14.38,17.54,1469.37,4/19/2023 18:00:00,,
4/19/2023,18:20,11.29,15.01,18.22,1469.9,4/19/2023 18:20:00,,
4/19/2023,18:40,11.26,14.84,18.01,1469.57,4/19/2023 18:40:00,,
4/19/2023,19:00,11.26,14.77,17.93,1469.49,4/19/2023 19:00:00,,
4/19/2023,19:20,11.23,15.32,18.53,1470.04,4/19/2023 19:20:00,,
4/19/2023,19:40,11.23,14.73,17.88,1469.32,4/19/2023 19:40:00,,
4/19/2023,20:00,11.23,14.85,18.01,1469.47,4/19/2023 20:00:00,,
4/19/2023,20:20,11.19,14.84,17.98,1469.34,4/19/2023 20:20:00,,
4/19/2023,20:40,11.16,14.64,17.75,1468.97,4/19/2023 20:40:00,,
4/19/2023,21:00,11.13,15.01,18.14,1469.3,4/19/2023 21:00:00,,
4/19/2023,21:20,11.13,14.8,17.9,1469.04,4/19/2023 21:20:00,,
4/19/2023,21:40,11.13,14.77,17.88,1469.01,4/19/2023 21:40:00,,
4/19/2023,22:00,11.1,14.64,17.72,1468.74,4/19/2023 22:00:00,,
4/19/2023,22:20,10.8,15.23,18.23,1468.37,4/19/2023 22:20:00,,
4/19/2023,22:40,10.71,14.84,17.77,1467.53,4/19/2023 22:40:00,,
4/19/2023,23:00,10.51,16.39,19.37,1468.71,4/19/2023 23:00:00,,
4/19/2023,23:20,10.18,15.07,17.78,1465.84,4/19/2023 23:20:00,,
4/19/2023,23:40,9.89,15.02,17.6,1464.65,4/19/2023 23:40:00,,
4/20/2023,0:00,9.79,16.06,18.66,1465.56,4/20/2023 0:00:00,,
4/20/2023,0:20,9.76,15.71,18.27,1465,4/20/2023 0:20:00,,
4/20/2023,0:40,9.89,14.9,17.47,1464.5,4/20/2023 0:40:00,,
4/20/2023,1:00,10.02,15.5,18.17,1465.75,4/20/2023 1:00:00,,
4/20/2023,1:20,10.05,15.58,18.28,1465.97,4/20/2023 1:20:00,,
4/20/2023,1:40,10.28,15.06,17.81,1466.19,4/20/2023 1:40:00,,
4/20/2023,2:00,10.35,15.22,18.02,1466.65,4/20/2023 2:00:00,,
4/20/2023,2:20,10.18,15.07,17.78,1465.84,4/20/2023 2:20:00,,
4/20/2023,2:40,10.25,14.78,17.5,1465.73,4/20/2023 2:40:00,,
4/20/2023,3:00,10.18,15,17.71,1465.75,4/20/2023 3:00:00,,
4/20/2023,3:20,10.22,15.18,17.91,1466.1,4/20/2023 3:20:00,,
4/20/2023,3:40,10.28,14.96,17.71,1466.08,4/20/2023 3:40:00,,
4/20/2023,4:00,10.35,15.06,17.84,1466.44,4/20/2023 4:00:00,,
4/20/2023,4:20,10.31,15.64,18.46,1467.04,4/20/2023 4:20:00,,
4/20/2023,4:40,10.25,15.72,18.51,1466.89,4/20/2023 4:40:00,,
4/20/2023,5:00,10.22,16.04,18.85,1467.16,4/20/2023 5:00:00,,
4/20/2023,5:20,10.22,15.68,18.46,1466.72,4/20/2023 5:20:00,,
4/20/2023,5:40,10.22,4.57,5.88,1452.99,4/20/2023 5:40:00,,
4/20/2023,6:00,10.22,16.52,19.36,1467.76,4/20/2023 6:00:00,,
4/20/2023,6:20,10.22,16,18.8,1467.1,4/20/2023 6:20:00,,
4/20/2023,6:40,10.25,15.57,18.36,1466.71,4/20/2023 6:40:00,,
4/20/2023,7:00,10.28,15.39,18.17,1466.61,4/20/2023 7:00:00,,
4/20/2023,7:20,10.35,15.56,18.38,1467.06,4/20/2023 7:20:00,,
4/20/2023,7:40,10.38,15.54,18.38,1467.17,4/20/2023 7:40:00,,
4/20/2023,8:00,10.45,15.33,18.18,1467.14,4/20/2023 8:00:00,,
4/20/2023,8:20,10.54,15.19,18.07,1467.35,4/20/2023 8:20:00,,
4/20/2023,8:40,10.64,14.63,17.5,1467.02,4/20/2023 8:40:00,,
4/20/2023,9:00,10.61,15.59,18.54,1468.08,4/20/2023 9:00:00,,
4/20/2023,9:20,10.54,15.36,18.26,1467.55,4/20/2023 9:20:00,,
4/20/2023,9:40,10.45,15.83,18.72,1467.76,4/20/2023 9:40:00,,
4/20/2023,10:00,10.38,15.69,18.54,1467.34,4/20/2023 10:00:00,,
4/20/2023,10:20,10.48,15.88,18.8,1467.95,4/20/2023 10:20:00,,
4/20/2023,10:40,10.48,15.79,18.7,1467.84,4/20/2023 10:40:00,,
4/20/2023,11:00,10.18,15.7,18.46,1466.61,4/20/2023 11:00:00,,
4/20/2023,11:20,9.99,17.16,19.93,1467.67,4/20/2023 11:20:00,,
4/20/2023,11:40,9.89,15.53,18.14,1465.28,4/20/2023 11:40:00,,
4/20/2023,12:00,9.82,16.46,19.1,1466.18,4/20/2023 12:00:00,,
4/20/2023,12:20,9.82,16.36,19,1466.06,4/20/2023 12:20:00,,
4/20/2023,12:40,9.82,16.07,18.69,1465.7,4/20/2023 12:40:00,,
4/20/2023,13:00,9.79,16.33,18.94,1465.89,4/20/2023 13:00:00,,
4/20/2023,13:20,9.79,16.23,18.84,1465.77,4/20/2023 13:20:00,,
4/20/2023,13:40,9.82,15.68,18.27,1465.21,4/20/2023 13:40:00,,
4/20/2023,14:00,9.85,16.13,18.76,1465.89,4/20/2023 14:00:00,,
4/20/2023,14:20,9.89,16.28,18.95,1466.21,4/20/2023 14:20:00,,
4/20/2023,14:40,9.92,16.24,18.92,1466.29,4/20/2023 14:40:00,,
4/20/2023,15:00,9.85,15.86,18.48,1465.56,4/20/2023 15:00:00,,
4/20/2023,15:20,9.72,15.84,18.4,1465.04,4/20/2023 15:20:00,,
4/20/2023,15:40,9.72,16.16,18.74,1465.43,4/20/2023 15:40:00,,
,,,,,,,,
,,,,,,,,
,,,,,,,,
,,,,,,,,
,,,,,,,,
,,,,,,,,
,,,,,,,,
,,,,,,,,
,,,,,,,,
,,,,,,,,
4/20/2023,19:20,11.64,15.13,18.51,1471.35,4/20/2023 19:20:00,,
4/20/2023,19:40,11.48,15.29,18.61,1470.95,4/20/2023 19:40:00,,
4/20/2023,20:00,11.39,15.02,18.27,1470.27,4/20/2023 20:00:00,,
4/20/2023,20:20,11.35,15.52,18.81,1470.77,4/20/2023 20:20:00,,
4/20/2023,20:40,11.35,15.2,18.45,1470.37,4/20/2023 20:40:00,,
4/20/2023,21:00,11.42,15.4,18.71,1470.86,4/20/2023 21:00:00,,
4/20/2023,21:20,11.42,15.78,19.12,1471.31,4/20/2023 21:20:00,,
4/20/2023,21:40,11.39,15.67,18.99,1471.07,4/20/2023 21:40:00,,
4/20/2023,22:00,11.35,15.48,18.76,1470.71,4/20/2023 22:00:00,,
4/20/2023,22:20,11.29,15.95,19.25,1471.05,4/20/2023 22:20:00,,
4/20/2023,22:40,11.16,15.55,18.76,1470.09,4/20/2023 22:40:00,,
4/20/2023,23:00,11.03,16.08,19.27,1470.25,4/20/2023 23:00:00,,
4/20/2023,23:20,11.03,16.55,19.79,1470.83,4/20/2023 23:20:00,,
4/20/2023,23:40,11.16,16.3,19.59,1471.01,4/20/2023 23:40:00,,
4/21/2023,0:00,11.03,16.27,19.48,1470.48,4/21/2023 0:00:00,,
4/21/2023,0:20,10.77,16.52,19.63,1469.83,4/21/2023 0:20:00,,
4/21/2023,0:40,10.51,16.54,19.52,1468.88,4/21/2023 0:40:00,,
4/21/2023,1:00,10.28,16.78,19.67,1468.32,4/21/2023 1:00:00,,
4/21/2023,1:20,9.99,17.04,19.8,1467.52,4/21/2023 1:20:00,,
4/21/2023,1:40,9.79,16.67,19.31,1466.31,4/21/2023 1:40:00,,
4/21/2023,2:00,9.76,16.56,19.18,1466.05,4/21/2023 2:00:00,,
4/21/2023,2:20,9.82,16.41,19.05,1466.12,4/21/2023 2:20:00,,
4/21/2023,2:40,9.92,16.27,18.95,1466.32,4/21/2023 2:40:00,,
4/21/2023,3:00,9.95,16.54,19.26,1466.79,4/21/2023 3:00:00,,
4/21/2023,3:20,9.99,16.14,18.84,1466.41,4/21/2023 3:20:00,,
4/21/2023,3:40,10.05,16.02,18.74,1466.51,4/21/2023 3:40:00,,
4/21/2023,4:00,10.15,16.24,19.03,1467.16,4/21/2023 4:00:00,,
4/21/2023,4:20,10.18,9.37,11.47,1458.79,4/21/2023 4:20:00,,
4/21/2023,4:40,10.18,4.64,5.96,1452.95,4/21/2023 4:40:00,,
,,,,,,,,
,,,,,,,,
,,,,,,,,
,,,,,,,,
,,,,,,,,
,,,,,,,,
,,,,,,,,
,,,,,,,,
,,,,,,,,
,,,,,,,,
4/21/2023,8:20,10.67,16.44,19.5,1469.37,4/21/2023 8:20:00,,
4/21/2023,8:40,10.71,16.4,19.48,1469.45,4/21/2023 8:40:00,,
4/21/2023,9:00,10.77,16.42,19.53,1469.72,4/21/2023 9:00:00,,
4/21/2023,9:20,10.84,16.42,19.55,1469.95,4/21/2023 9:20:00,,
4/21/2023,9:40,10.97,16.48,19.69,1470.51,4/21/2023 9:40:00,,
4/21/2023,10:00,11.06,16.09,19.3,1470.38,4/21/2023 10:00:00,,
4/21/2023,10:20,11.03,16.74,20,1471.06,4/21/2023 10:20:00,,
4/21/2023,10:40,10.97,15.99,19.14,1469.9,4/21/2023 10:40:00,,
4/21/2023,11:00,10.74,16.46,19.55,1469.64,4/21/2023 11:00:00,,
4/21/2023,11:20,10.51,16.25,19.21,1468.53,4/21/2023 11:20:00,,
4/21/2023,11:40,10.25,16.8,19.67,1468.22,4/21/2023 11:40:00,,
4/21/2023,12:00,10.09,17.55,20.39,1468.52,4/21/2023 12:00:00,,
4/21/2023,12:20,10.05,16.98,19.77,1467.7,4/21/2023 12:20:00,,
4/21/2023,12:40,9.99,17.71,20.52,1468.36,4/21/2023 12:40:00,,
4/21/2023,13:00,9.99,16.87,19.62,1467.31,4/21/2023 13:00:00,,
4/21/2023,13:20,10.28,16.81,19.7,1468.35,4/21/2023 13:20:00,,
4/21/2023,13:40,10.48,17.27,20.3,1469.66,4/21/2023 13:40:00,,
4/21/2023,14:00,10.54,16.88,19.91,1469.43,4/21/2023 14:00:00,,
4/21/2023,14:20,10.54,16.95,19.99,1469.51,4/21/2023 14:20:00,,
4/21/2023,14:40,10.41,16.99,19.96,1469.07,4/21/2023 14:40:00,,
4/21/2023,15:00,10.31,17.13,20.06,1468.87,4/21/2023 15:00:00,,
4/21/2023,15:20,10.18,16.8,19.65,1467.98,4/21/2023 15:20:00,,
4/21/2023,15:40,10.18,17.11,19.98,1468.36,4/21/2023 15:40:00,,
4/21/2023,16:00,10.12,16.69,19.49,1467.59,4/21/2023 16:00:00,,
4/21/2023,16:20,9.99,16.67,19.41,1467.07,4/21/2023 16:20:00,,
4/21/2023,16:40,9.89,16.96,19.67,1467.05,4/21/2023 16:40:00,,
4/21/2023,17:00,9.79,16.69,19.33,1466.34,4/21/2023 17:00:00,,
4/21/2023,17:20,9.72,16.84,19.46,1466.28,4/21/2023 17:20:00,,
4/21/2023,17:40,9.72,16.35,18.94,1465.67,4/21/2023 17:40:00,,
4/21/2023,18:00,9.72,17.16,19.8,1466.67,4/21/2023 18:00:00,,
4/21/2023,18:20,9.72,17.16,19.8,1466.67,4/21/2023 18:20:00,,
4/21/2023,18:40,9.79,16.5,19.13,1466.1,4/21/2023 18:40:00,,
4/21/2023,19:00,9.79,16.67,19.31,1466.31,4/21/2023 19:00:00,,
4/21/2023,19:20,9.76,16.49,19.1,1465.96,4/21/2023 19:20:00,,
4/21/2023,19:40,9.76,16.87,19.51,1466.44,4/21/2023 19:40:00,,
4/21/2023,20:00,9.79,16.52,19.15,1466.13,4/21/2023 20:00:00,,
4/21/2023,20:20,10.02,16.47,19.21,1466.94,4/21/2023 20:20:00,,
4/21/2023,20:40,10.28,16.59,19.47,1468.09,4/21/2023 20:40:00,,
4/21/2023,21:00,10.54,16.62,19.63,1469.1,4/21/2023 21:00:00,,
4/21/2023,21:20,10.61,16.92,19.99,1469.72,4/21/2023 21:20:00,,
4/21/2023,21:40,10.51,16.25,19.21,1468.53,4/21/2023 21:40:00,,
4/21/2023,22:00,10.48,17.24,20.27,1469.63,4/21/2023 22:00:00,,
4/21/2023,22:20,10.45,16.76,19.73,1468.91,4/21/2023 22:20:00,,
4/21/2023,22:40,10.51,16.25,19.21,1468.53,4/21/2023 22:40:00,,
4/21/2023,23:00,10.31,16.72,19.62,1468.37,4/21/2023 23:00:00,,
4/21/2023,23:20,10.18,16.49,19.31,1467.59,4/21/2023 23:20:00,,
4/21/2023,23:40,10.18,16.59,19.42,1467.71,4/21/2023 23:40:00,,
4/22/2023,0:00,10.28,17.02,19.93,1468.62,4/22/2023 0:00:00,,
4/22/2023,0:20,10.28,16.71,19.6,1468.24,4/22/2023 0:20:00,,
4/22/2023,0:40,10.45,16.52,19.47,1468.61,4/22/2023 0:40:00,,
4/22/2023,1:00,10.38,16.45,19.37,1468.29,4/22/2023 1:00:00,,
4/22/2023,1:20,10.18,16.78,19.62,1467.95,4/22/2023 1:20:00,,
4/22/2023,1:40,10.09,16.68,19.47,1467.45,4/22/2023 1:40:00,,
4/22/2023,2:00,10.02,15.65,18.33,1465.93,4/22/2023 2:00:00,,
4/22/2023,2:20,9.95,15.53,18.17,1465.53,4/22/2023 2:20:00,,
4/22/2023,2:40,9.99,16.63,19.36,1467.01,4/22/2023 2:40:00,,
4/22/2023,3:00,10.05,16.76,19.54,1467.43,4/22/2023 3:00:00,,
4/22/2023,3:20,10.05,16.11,18.85,1466.63,4/22/2023 3:20:00,,
4/22/2023,3:40,9.89,16.38,19.05,1466.33,4/22/2023 3:40:00,,