datetime,salinity(ppt)
2022-01-01 0:00:00,27.22264167
2022-01-01 1:00:00,26.09958333
2022-01-01 2:00:00,26.02961667
2022-01-01 3:00:00,25.97234167
2022-01-01 4:00:00,25.95355
2022-01-01 5:00:00,26.75861667
2022-01-01 6:00:00,26.79563333
2022-01-01 7:00:00,27.09828333
2022-01-01 8:00:00,27.71308333
2022-01-01 9:00:00,28.15695
2022-01-01 10:00:00,27.36089167
2022-01-01 11:00:00,27.13109167
2022-01-01 12:00:00,27.73778333
2022-01-01 13:00:00,27.89704167
2022-01-01 14:00:00,27.59750833
2022-01-01 15:00:00,27.63303333
2022-01-01 16:00:00,28.874975
2022-01-01 17:00:00,29.03525
2022-01-01 18:00:00,29.23898333
2022-01-01 19:00:00,29.5056
2022-01-01 20:00:00,29.59625833
2022-01-01 21:00:00,29.57610833
2022-01-01 22:00:00,29.30765833
2022-01-01 23:00:00,28.60485
2022-01-02 0:00:00,27.787125
2022-01-02 1:00:00,27.36299167
2022-01-02 2:00:00,25.98535833
2022-01-02 3:00:00,25.66674167
2022-01-02 4:00:00,25.62425
2022-01-02 5:00:00,26.23366667
2022-01-02 6:00:00,26.85901667
2022-01-02 7:00:00,27.06349167
2022-01-02 8:00:00,27.52180833
2022-01-02 9:00:00,28.17568333
2022-01-02 10:00:00,28.211725
2022-01-02 11:00:00,27.94691667
2022-01-02 12:00:00,27.6374
2022-01-02 13:00:00,27.46774167
2022-01-02 14:00:00,27.655125
2022-01-02 15:00:00,27.54476667
2022-01-02 16:00:00,28.1226
2022-01-02 17:00:00,28.80914167
2022-01-02 18:00:00,29.04236667
2022-01-02 19:00:00,29.21368333
2022-01-02 20:00:00,29.28334167
2022-01-02 21:00:00,29.35783333
2022-01-02 22:00:00,29.412275
2022-01-02 23:00:00,29.26409167
2022-01-03 0:00:00,28.43814167
2022-01-03 1:00:00,27.69463333
2022-01-03 2:00:00,26.75595
2022-01-03 3:00:00,25.95298333
2022-01-03 4:00:00,25.25935833
2022-01-03 5:00:00,25.44418333
2022-01-03 6:00:00,26.74503333
2022-01-03 7:00:00,26.95135
2022-01-03 8:00:00,27.238225
2022-01-03 9:00:00,27.84374167
2022-01-03 10:00:00,28.54910833
2022-01-03 11:00:00,28.714175
2022-01-03 12:00:00,28.38985
2022-01-03 13:00:00,28.09209167
2022-01-03 14:00:00,28.04739167
2022-01-03 15:00:00,28.046875
2022-01-03 16:00:00,27.9853
2022-01-03 17:00:00,28.67876667
2022-01-03 18:00:00,29.11519167
2022-01-03 19:00:00,29.17066667
2022-01-03 20:00:00,29.20923333
2022-01-03 21:00:00,29.23321667
2022-01-03 22:00:00,29.22169167
2022-01-03 23:00:00,29.21051667
2022-01-04 0:00:00,29.185725
2022-01-04 1:00:00,28.97121667
2022-01-04 2:00:00,28.194775
2022-01-04 3:00:00,27.33380833
2022-01-04 4:00:00,26.18386667
2022-01-04 5:00:00,26.205625
2022-01-04 6:00:00,26.1813
2022-01-04 7:00:00,27.205525
2022-01-04 8:00:00,27.3603
2022-01-04 9:00:00,27.44568333
2022-01-04 10:00:00,28.39664167
2022-01-04 11:00:00,28.65665
2022-01-04 12:00:00,28.879425
2022-01-04 13:00:00,28.54613333
2022-01-04 14:00:00,28.2805
2022-01-04 15:00:00,28.4345
2022-01-04 16:00:00,28.206
2022-01-04 17:00:00,28.17627143
2022-01-07 22:00:00,28.75302857
2022-01-07 23:00:00,28.7708
2022-01-08 0:00:00,28.82165833
2022-01-08 1:00:00,28.83133333
2022-01-08 2:00:00,28.8624
2022-01-08 3:00:00,28.86828333
2022-01-08 4:00:00,28.7466
2022-01-08 5:00:00,28.35539167
2022-01-08 6:00:00,26.79634167
2022-01-08 7:00:00,25.31050833
2022-01-08 8:00:00,25.59835833
2022-01-08 9:00:00,25.7209
2022-01-08 10:00:00,27.38483333
2022-01-08 11:00:00,27.45736667
2022-01-08 12:00:00,27.54523333
2022-01-08 13:00:00,28.0987
2022-01-08 14:00:00,28.45940833
2022-01-08 15:00:00,28.64565
2022-01-08 16:00:00,28.55671667
2022-01-08 17:00:00,28.415775
2022-01-08 18:00:00,28.181725
2022-01-08 19:00:00,27.487575
2022-01-08 20:00:00,26.4595
2022-01-08 21:00:00,26.43201667
2022-01-08 22:00:00,26.9431
2022-01-08 23:00:00,27.5366
2022-01-09 0:00:00,28.42516667
2022-01-09 1:00:00,28.80010833
2022-01-09 2:00:00,28.84803333
2022-01-09 3:00:00,28.08978333
2022-01-09 4:00:00,27.47855833
2022-01-09 5:00:00,27.144375
2022-01-09 6:00:00,26.23028333
2022-01-09 7:00:00,24.717175
2022-01-09 8:00:00,23.73514167
2022-01-09 9:00:00,24.9014
2022-01-09 10:00:00,26.65460833
2022-01-09 11:00:00,28.05515833
2022-01-09 12:00:00,28.261
2022-01-09 13:00:00,28.81866667
2022-01-09 14:00:00,28.6521
2022-01-09 15:00:00,28.0793
2022-01-09 16:00:00,27.92183333
2022-01-09 17:00:00,27.35691667
2022-01-09 18:00:00,27.35661667
2022-01-09 19:00:00,27.774625
2022-01-09 20:00:00,26.57325833
2022-01-09 21:00:00,26.10914167
2022-01-09 22:00:00,25.5369
2022-01-09 23:00:00,24.929225
2022-01-10 0:00:00,25.99628333
2022-01-10 1:00:00,26.55024167
2022-01-10 2:00:00,26.50084167
2022-01-10 3:00:00,26.66760833
2022-01-10 4:00:00,25.54051667
2022-01-10 5:00:00,25.29105833
2022-01-10 6:00:00,24.61116667
2022-01-10 7:00:00,23.89521667
2022-01-10 8:00:00,23.51873333
2022-01-10 9:00:00,23.16235
2022-01-10 10:00:00,24.40435833
2022-01-10 11:00:00,26.61686667
2022-01-10 12:00:00,28.6809
2022-01-10 13:00:00,28.939875
2022-01-10 14:00:00,28.65650833
2022-01-10 15:00:00,28.41100909
2022-01-10 16:00:00,28.07616667
2022-01-10 17:00:00,26.78465
2022-01-10 18:00:00,27.65139167
2022-01-10 19:00:00,28.024875
2022-01-10 20:00:00,27.7079
2022-01-10 21:00:00,26.534925
2022-01-10 22:00:00,25.91685
2022-01-10 23:00:00,24.00181667
2022-01-11 0:00:00,23.88655
2022-01-11 1:00:00,25.718125
2022-01-11 2:00:00,26.1611
2022-01-11 3:00:00,26.70750833
2022-01-11 4:00:00,26.78464167
2022-01-11 5:00:00,26.14019167
2022-01-11 6:00:00,25.90881667
2022-01-11 7:00:00,25.73163333
2022-01-11 8:00:00,25.67659167
2022-01-11 9:00:00,23.97404167
2022-01-11 10:00:00,22.0582
2022-01-11 11:00:00,25.09981667
2022-01-11 12:00:00,27.2012
2022-01-11 13:00:00,28.73758333
2022-01-11 14:00:00,29.161225
2022-01-11 15:00:00,28.97094167
2022-01-11 16:00:00,28.52593333
2022-01-11 17:00:00,28.715575
2022-01-11 18:00:00,28.62898333
2022-01-11 19:00:00,28.58765833
2022-01-11 20:00:00,28.19619167
2022-01-11 21:00:00,27.431625
2022-01-11 22:00:00,25.21235833
2022-01-11 23:00:00,23.97208333
2022-01-12 0:00:00,23.80398333
2022-01-12 1:00:00,24.712725
2022-01-12 2:00:00,25.45989167
2022-01-12 3:00:00,27.92890833
2022-01-12 4:00:00,27.95455833
2022-01-12 5:00:00,28.21940833
2022-01-12 6:00:00,27.41631667
2022-01-12 7:00:00,26.53376667
2022-01-12 8:00:00,26.56325
2022-01-12 9:00:00,26.43389167
2022-01-12 10:00:00,26.29285
2022-01-12 11:00:00,25.306175
2022-01-12 12:00:00,25.1281
2022-01-12 13:00:00,27.05294167
2022-01-12 14:00:00,28.92385833
2022-01-12 15:00:00,26.705
2022-01-12 16:00:00,27.02675
2022-01-12 17:00:00,27.42698333
2022-01-12 18:00:00,25.77496667
2022-01-12 19:00:00,26.48050833
2022-01-12 20:00:00,27.06976667
2022-01-12 21:00:00,26.80700833
2022-01-12 22:00:00,26.80360833
2022-01-12 23:00:00,25.479425
2022-01-13 0:00:00,25.43920833
2022-01-13 1:00:00,25.38149167
2022-01-13 2:00:00,25.281125
2022-01-13 3:00:00,27.19268333
2022-01-13 4:00:00,27.63971667
2022-01-13 5:00:00,27.256175
2022-01-13 6:00:00,27.72141667
2022-01-13 7:00:00,27.585875
2022-01-13 8:00:00,27.298775
2022-01-13 9:00:00,26.79936667
2022-01-13 10:00:00,26.64856667
2022-01-13 11:00:00,26.76631667
2022-01-13 12:00:00,26.84126667
2022-01-13 13:00:00,27.51634167
2022-01-13 14:00:00,27.86613333
2022-01-13 15:00:00,29.37893333
2022-01-13 16:00:00,28.939125
2022-01-13 17:00:00,28.71846667
2022-01-13 18:00:00,28.5259
2022-01-13 19:00:00,28.52835
2022-01-13 20:00:00,29.03598333
2022-01-13 21:00:00,29.102875
2022-01-13 22:00:00,29.23981667
2022-01-13 23:00:00,27.98000833
2022-01-14 0:00:00,26.49406667
2022-01-14 1:00:00,25.17131667
2022-01-14 2:00:00,25.169975
2022-01-14 3:00:00,26.02465833
2022-01-14 4:00:00,27.02933333
2022-01-14 5:00:00,27.735875
2022-01-14 6:00:00,27.99144167
2022-01-14 7:00:00,28.25754167
2022-01-14 8:00:00,28.35655
2022-01-14 9:00:00,28.01355
2022-01-14 10:00:00,27.01966667
2022-01-14 11:00:00,26.96765
2022-01-14 12:00:00,27.25298333
2022-01-14 13:00:00,27.24343333
2022-01-14 14:00:00,27.36328333
2022-01-14 15:00:00,28.67616667
2022-01-14 16:00:00,29.45511667
2022-01-14 17:00:00,29.01311667
2022-01-14 18:00:00,28.95871667
2022-01-14 19:00:00,29.00099167
2022-01-14 20:00:00,29.06398333
2022-01-14 21:00:00,29.18601667
2022-01-14 22:00:00,29.193425
2022-01-14 23:00:00,29.07849167
2022-01-15 0:00:00,27.74964167
2022-01-15 1:00:00,26.129525
2022-01-15 2:00:00,25.55988333
2022-01-15 3:00:00,26.07900833
2022-01-15 4:00:00,26.05301667
2022-01-15 5:00:00,27.26025
2022-01-15 6:00:00,27.46959167
2022-01-15 7:00:00,27.65530833
2022-01-15 8:00:00,27.88374167
2022-01-15 9:00:00,28.06093333
2022-01-15 10:00:00,28.083725
2022-01-15 11:00:00,27.454975
2022-01-15 12:00:00,27.410175
2022-01-15 13:00:00,27.44684167
2022-01-15 14:00:00,27.481475
2022-01-15 15:00:00,27.483375
2022-01-15 16:00:00,28.801775
2022-01-15 17:00:00,29.3434
2022-01-15 18:00:00,29.26039167
2022-01-15 19:00:00,29.51661667
2022-01-15 20:00:00,29.55768333
2022-01-15 21:00:00,29.45779167
2022-01-15 22:00:00,29.417475
2022-01-15 23:00:00,29.29338333
2022-01-16 0:00:00,28.29225
2022-01-16 1:00:00,26.93568333
2022-01-16 2:00:00,26.28616667
2022-01-16 3:00:00,26.18876667
2022-01-16 4:00:00,26.44756667
2022-01-16 5:00:00,27.01126667
2022-01-16 6:00:00,27.51799167
2022-01-16 7:00:00,27.63123333
2022-01-16 8:00:00,28.30606667
2022-01-16 9:00:00,28.35625833
2022-01-16 10:00:00,27.99433333
2022-01-16 11:00:00,27.2721
2022-01-16 12:00:00,27.73720833
2022-01-16 13:00:00,28.39460833
2022-01-16 14:00:00,28.4486
2022-01-16 15:00:00,28.433475
2022-01-16 16:00:00,28.35381667
2022-01-16 17:00:00,28.76934167
2022-01-16 18:00:00,28.93185833
2022-01-16 19:00:00,29.131675
2022-01-16 20:00:00,29.38439167
2022-01-16 21:00:00,29.41985833
2022-01-16 22:00:00,29.46235
2022-01-16 23:00:00,29.38743333
2022-01-17 0:00:00,28.88404167
2022-01-17 1:00:00,28.013225
2022-01-17 2:00:00,26.703525
2022-01-17 3:00:00,26.46641667
2022-01-17 4:00:00,26.42986667
2022-01-17 5:00:00,26.42170833
2022-01-17 6:00:00,27.12810833
2022-01-17 7:00:00,27.52455
2022-01-17 8:00:00,27.81316667
2022-01-17 9:00:00,28.30086667
2022-01-17 10:00:00,28.53289167
2022-01-17 11:00:00,27.9192
2022-01-17 12:00:00,27.67738333
2022-01-17 13:00:00,28.10565833
2022-01-17 14:00:00,28.32073333
2022-01-17 15:00:00,28.23926667
2022-01-17 16:00:00,28.306275
2022-01-17 17:00:00,28.88244167
2022-01-17 18:00:00,29.303725
2022-01-17 19:00:00,29.35068333
2022-01-17 20:00:00,29.44936667
2022-01-17 21:00:00,29.467075
2022-01-17 22:00:00,29.461475
2022-01-17 23:00:00,29.45351667
2022-01-18 0:00:00,29.40604167
2022-01-18 1:00:00,28.57415833
2022-01-18 2:00:00,27.442325
2022-01-18 3:00:00,26.996075
2022-01-18 4:00:00,26.625525
2022-01-18 5:00:00,26.65609167
2022-01-18 6:00:00,26.98450833
2022-01-18 7:00:00,27.715025
2022-01-18 8:00:00,27.820275
2022-01-18 9:00:00,28.07890833
2022-01-18 10:00:00,28.75105
2022-01-18 11:00:00,29.04974167
2022-01-18 12:00:00,29.006175
2022-01-18 13:00:00,28.53150833
2022-01-18 14:00:00,28.23080833
2022-01-18 15:00:00,28.36765
2022-01-18 16:00:00,28.380925
2022-01-18 17:00:00,28.41308333
2022-01-18 18:00:00,29.09685833
2022-01-18 19:00:00,29.350125
2022-01-18 20:00:00,29.36163333
2022-01-18 21:00:00,29.44395
2022-01-18 22:00:00,29.46388333
2022-01-18 23:00:00,29.49695
2022-01-19 0:00:00,29.45331667
2022-01-19 1:00:00,29.243
2022-01-19 2:00:00,28.39949167
2022-01-19 3:00:00,27.48155833
2022-01-19 4:00:00,27.07445
2022-01-19 5:00:00,27.00103333
2022-01-19 6:00:00,26.92565
2022-01-19 7:00:00,27.46085833
2022-01-19 8:00:00,27.8092
2022-01-19 9:00:00,27.89145
2022-01-19 10:00:00,28.166725
2022-01-19 11:00:00,28.581325
2022-01-19 12:00:00,28.62543333
2022-01-19 13:00:00,28.04359167
2022-01-19 14:00:00,28.02825
2022-01-19 15:00:00,28.45445833
2022-01-19 16:00:00,28.51801667
2022-01-19 17:00:00,28.38494167
2022-01-19 18:00:00,28.42855
2022-01-19 19:00:00,29.23343333
2022-01-19 20:00:00,29.31154167
2022-01-19 21:00:00,29.40044167
2022-01-19 22:00:00,29.40046667
2022-01-19 23:00:00,29.41525833
2022-01-20 0:00:00,29.39741667
2022-01-20 1:00:00,29.342925
2022-01-20 2:00:00,28.9575
2022-01-20 3:00:00,28.03954167
2022-01-20 4:00:00,27.22124167
2022-01-20 5:00:00,27.04136667
2022-01-20 6:00:00,26.98083333
2022-01-20 7:00:00,26.95856667
2022-01-20 8:00:00,27.78565
2022-01-20 9:00:00,27.8683
2022-01-20 10:00:00,27.99485833
2022-01-20 11:00:00,28.52875
2022-01-20 12:00:00,28.87005
2022-01-20 13:00:00,28.9437
2022-01-20 14:00:00,28.85690833
2022-01-20 15:00:00,28.53079167
2022-01-20 16:00:00,28.4927
2022-01-20 17:00:00,28.50627
2022-01-20 18:00:00,28.38040833
2022-01-20 19:00:00,28.622225
2022-01-20 20:00:00,29.20139167
2022-01-20 21:00:00,29.25165833
2022-01-20 22:00:00,29.40906667
2022-01-20 23:00:00,29.45510833
2022-01-21 0:00:00,29.47915833
2022-01-21 1:00:00,29.47005833
2022-01-21 2:00:00,29.39340833
2022-01-21 3:00:00,28.296475
2022-01-21 4:00:00,27.380975
2022-01-21 5:00:00,26.97748333
2022-01-21 6:00:00,26.87973333
2022-01-21 7:00:00,26.79730833
2022-01-21 8:00:00,27.57935833
2022-01-21 9:00:00,27.87558333
2022-01-21 10:00:00,27.99760833
2022-01-21 11:00:00,28.361275
2022-01-21 12:00:00,28.83334167
2022-01-21 13:00:00,28.99095
2022-01-21 14:00:00,28.54760833
2022-01-21 15:00:00,28.46855833
2022-01-21 16:00:00,28.39535833
2022-01-21 17:00:00,28.64768182
2022-01-21 18:00:00,28.39384167
2022-01-21 19:00:00,28.313225
2022-01-21 20:00:00,28.5067
2022-01-21 21:00:00,28.95151667
2022-01-21 22:00:00,29.0014
2022-01-21 23:00:00,29.28789167
2022-01-22 0:00:00,29.27123333
2022-01-22 1:00:00,29.21806667
2022-01-22 2:00:00,29.09010833
2022-01-22 3:00:00,28.873575
2022-01-22 4:00:00,28.69333333
2022-01-22 5:00:00,27.21395
2022-01-22 6:00:00,26.97628333
2022-01-22 7:00:00,27.00251667
2022-01-22 8:00:00,27.047875
2022-01-22 9:00:00,27.9787
2022-01-22 10:00:00,28.05810833
2022-01-22 11:00:00,28.24589167
2022-01-22 12:00:00,28.91561667
2022-01-22 13:00:00,29.07500833
2022-01-22 14:00:00,28.92705
2022-01-22 15:00:00,28.59025
2022-01-22 16:00:00,28.58421667
2022-01-22 17:00:00,28.63615
2022-01-22 18:00:00,28.62555
2022-01-22 19:00:00,28.33881667
2022-01-22 20:00:00,28.32374167
2022-01-22 21:00:00,28.53569167
2022-01-22 22:00:00,29.314675
2022-01-22 23:00:00,29.57005
2022-01-23 0:00:00,29.78150833
2022-01-23 1:00:00,29.37689167
2022-01-23 2:00:00,29.21946667
2022-01-23 3:00:00,29.041225
2022-01-23 4:00:00,28.94938333
2022-01-23 5:00:00,27.87055
2022-01-23 6:00:00,26.97650833
2022-01-23 7:00:00,26.86635833
2022-01-23 8:00:00,26.82816667
2022-01-23 9:00:00,27.82569167
2022-01-23 10:00:00,28.35215833
2022-01-23 11:00:00,28.48839167
2022-01-23 12:00:00,28.62165
2022-01-23 13:00:00,28.9202
2022-01-23 14:00:00,29.16084167
2022-01-23 15:00:00,29.26835
2022-01-23 16:00:00,28.922175
2022-01-23 17:00:00,28.96701667
2022-01-23 18:00:00,28.91453333
2022-01-23 19:00:00,28.25360833
2022-01-23 20:00:00,28.24744167
2022-01-23 21:00:00,28.43083333
2022-01-23 22:00:00,28.65529167
2022-01-23 23:00:00,29.33213333
2022-01-24 0:00:00,29.31015833
2022-01-24 1:00:00,29.3819
2022-01-24 2:00:00,29.38011667
2022-01-24 3:00:00,29.24525833
2022-01-24 4:00:00,28.89455
2022-01-24 5:00:00,28.37660833
2022-01-24 6:00:00,27.41084167
2022-01-24 7:00:00,26.783525
2022-01-24 8:00:00,26.67060833
2022-01-24 9:00:00,27.16933333
2022-01-24 10:00:00,28.72515833
2022-01-24 11:00:00,28.79365
2022-01-24 12:00:00,28.81745833
2022-01-24 13:00:00,29.35916667
2022-01-24 14:00:00,29.62225833
2022-01-24 15:00:00,29.82938333
2022-01-24 16:00:00,29.7131
2022-01-24 17:00:00,29.61484167
2022-01-24 18:00:00,29.18906667
2022-01-24 19:00:00,28.66043333
2022-01-24 20:00:00,28.1003
2022-01-24 21:00:00,27.9648
2022-01-24 22:00:00,27.9344
2022-01-24 23:00:00,28.20173333
2022-01-25 0:00:00,29.17036667
2022-01-25 1:00:00,29.17319167
2022-01-25 2:00:00,29.23485833
2022-01-25 3:00:00,29.2076
2022-01-25 4:00:00,28.91009167
2022-01-25 5:00:00,28.78613333
2022-01-25 6:00:00,28.575925
2022-01-25 7:00:00,27.58844167
2022-01-25 8:00:00,27.39639167
2022-01-25 9:00:00,27.34179167
2022-01-25 10:00:00,27.85534167
2022-01-25 11:00:00,29.04446667
2022-01-25 12:00:00,29.16700833
2022-01-25 13:00:00,29.16730833
2022-01-25 14:00:00,29.44149167
2022-01-25 15:00:00,29.66043333
2022-01-25 16:00:00,29.77939167
2022-01-25 17:00:00,29.698725
2022-01-25 18:00:00,29.5946
2022-01-25 19:00:00,29.352025
2022-01-25 20:00:00,28.30371667
2022-01-25 21:00:00,27.65634167
2022-01-25 22:00:00,27.36708333
2022-01-25 23:00:00,27.34656667
2022-01-26 0:00:00,27.75328333
2022-01-26 1:00:00,28.82635
2022-01-26 2:00:00,28.96554167
2022-01-26 3:00:00,29.05185
2022-01-26 4:00:00,29.06368333
2022-01-26 5:00:00,28.21371667
2022-01-26 6:00:00,28.29271667
2022-01-26 7:00:00,28.2059
2022-01-26 8:00:00,28.05120833
2022-01-26 9:00:00,27.54206667
2022-01-26 10:00:00,27.4626
2022-01-26 11:00:00,27.94119167
2022-01-26 12:00:00,29.27638333
2022-01-26 13:00:00,29.35921667
2022-01-26 14:00:00,29.47288333
2022-01-26 15:00:00,29.784775
2022-01-26 16:00:00,29.90480833
2022-01-26 17:00:00,29.867275
2022-01-26 18:00:00,29.85996667
2022-01-26 19:00:00,29.65766667
2022-01-26 20:00:00,29.455225
2022-01-26 21:00:00,28.78326667
2022-01-26 22:00:00,27.425925
2022-01-26 23:00:00,27.38073333
2022-01-27 0:00:00,27.39460833
2022-01-27 1:00:00,27.25163333
2022-01-27 2:00:00,27.93368333
2022-01-27 3:00:00,28.43454167
2022-01-27 4:00:00,28.51233333
2022-01-27 5:00:00,28.758325
2022-01-27 6:00:00,28.69869167
2022-01-27 7:00:00,28.51086667
2022-01-27 8:00:00,28.38936667
2022-01-27 9:00:00,28.12015
2022-01-27 10:00:00,28.19603333
2022-01-27 11:00:00,28.22789167
2022-01-27 12:00:00,28.536625
2022-01-27 13:00:00,29.662025
2022-01-27 14:00:00,29.57428333
2022-01-27 15:00:00,29.75609167
2022-01-27 16:00:00,29.86338333
2022-01-27 17:00:00,29.95905833
2022-01-27 18:00:00,29.925975
2022-01-27 19:00:00,29.899075
2022-01-27 20:00:00,29.8692
2022-01-28 23:00:00,27.866375
2022-01-29 0:00:00,27.37364167
2022-01-29 1:00:00,27.27826667
2022-01-29 2:00:00,27.275475
2022-01-29 3:00:00,27.45421667
2022-01-29 4:00:00,28.04104167
2022-01-29 5:00:00,28.16584167
2022-01-29 6:00:00,28.31134167
2022-01-29 7:00:00,28.5387
2022-01-29 8:00:00,28.77969167
2022-01-29 9:00:00,28.68379167
2022-01-29 10:00:00,28.44058333
2022-01-29 11:00:00,28.42430833
2022-01-29 12:00:00,28.75019167
2022-01-29 13:00:00,28.85513333
2022-01-29 14:00:00,28.91594167
2022-01-29 15:00:00,29.54490833
2022-01-29 16:00:00,29.66625833
2022-01-29 17:00:00,29.74355
2022-01-29 18:00:00,29.763175
2022-01-29 19:00:00,29.772225
2022-01-29 20:00:00,29.7639
2022-01-29 21:00:00,29.76955
2022-01-29 22:00:00,29.47095833
2022-01-29 23:00:00,28.8176
2022-01-30 0:00:00,28.22571667
2022-01-30 1:00:00,27.62178333
2022-01-30 2:00:00,27.44993333
2022-01-30 3:00:00,27.51495833
2022-01-30 4:00:00,27.74448333
2022-01-30 5:00:00,28.31518333
2022-01-30 6:00:00,28.37889167
2022-01-30 7:00:00,28.3762
2022-01-30 8:00:00,28.59436667
2022-01-30 9:00:00,28.78393333
2022-01-30 10:00:00,28.72853333
2022-01-30 11:00:00,28.88488333
2022-01-30 12:00:00,28.87078333
2022-01-30 13:00:00,29.01639167
2022-01-30 14:00:00,28.98035
2022-01-30 15:00:00,29.1145
2022-01-30 16:00:00,29.54093333
2022-01-30 17:00:00,29.62929167
2022-01-30 18:00:00,29.7253
2022-01-30 19:00:00,29.75711667
2022-01-30 20:00:00,29.749875
2022-01-30 21:00:00,29.73960833
2022-01-30 22:00:00,29.65960833
2022-01-30 23:00:00,29.233875
2022-01-31 0:00:00,28.94325833
2022-01-31 1:00:00,27.98466667
2022-01-31 2:00:00,27.68145833
2022-01-31 3:00:00,27.606225
2022-01-31 4:00:00,27.58225833
2022-01-31 5:00:00,27.96114167
2022-01-31 6:00:00,28.33345833
2022-01-31 7:00:00,28.39925833
2022-01-31 8:00:00,28.44253333
2022-01-31 9:00:00,28.60851667
2022-01-31 10:00:00,28.92176667
2022-01-31 11:00:00,29.11369167
2022-01-31 12:00:00,28.90351667
2022-01-31 13:00:00,28.81455833
2022-01-31 14:00:00,28.82680833
2022-01-31 15:00:00,28.81318333
2022-01-31 16:00:00,29.02980833
2022-01-31 17:00:00,29.36165
2022-01-31 18:00:00,29.46078333
2022-01-31 19:00:00,29.64934167
2022-01-31 20:00:00,29.6801
2022-01-31 21:00:00,29.63474167
2022-01-31 22:00:00,29.61491667
2022-01-31 23:00:00,29.56335833
2022-02-01 0:00:00,29.297275
2022-02-01 1:00:00,29.03226667
2022-02-01 2:00:00,28.041625
2022-02-01 3:00:00,27.65299167
2022-02-01 4:00:00,27.64711667
2022-02-01 5:00:00,27.64219167
2022-02-01 6:00:00,28.25849167
2022-02-01 7:00:00,28.39765833
2022-02-01 8:00:00,28.43348333
2022-02-01 9:00:00,28.69330833
2022-02-01 10:00:00,28.829725
2022-02-01 11:00:00,29.229025
2022-02-01 12:00:00,29.25124167
2022-02-01 13:00:00,29.11
2022-02-01 14:00:00,28.902175
2022-02-01 15:00:00,28.88471667
2022-02-01 16:00:00,28.85306667
2022-02-01 17:00:00,29.11443333
2022-02-01 18:00:00,29.375475
2022-02-01 19:00:00,29.56226667
2022-02-01 20:00:00,29.74058333
2022-02-01 21:00:00,29.8071
2022-02-01 22:00:00,29.813925
2022-02-01 23:00:00,29.77255
2022-02-02 0:00:00,29.603775
2022-02-02 1:00:00,29.12535833
2022-02-02 2:00:00,28.9447
2022-02-02 3:00:00,27.89925833
2022-02-02 4:00:00,27.54405
2022-02-02 5:00:00,27.47103333
2022-02-02 6:00:00,27.7021
2022-02-02 7:00:00,28.38475833
2022-02-02 8:00:00,28.52973333
2022-02-02 9:00:00,28.637975
2022-02-02 10:00:00,28.85556667
2022-02-02 11:00:00,28.95114167
2022-02-02 12:00:00,29.10304167
2022-02-02 13:00:00,29.157725
2022-02-02 14:00:00,28.90371667
2022-02-02 15:00:00,28.93779167
2022-02-02 16:00:00,28.87229167
2022-02-02 17:00:00,28.8131
2022-02-02 18:00:00,28.83479167
2022-02-02 19:00:00,29.1032
2022-02-02 20:00:00,29.30248333
2022-02-02 21:00:00,29.39896667
2022-02-02 22:00:00,29.54874167
2022-02-02 23:00:00,29.60804167
2022-02-03 0:00:00,29.58900833
2022-02-03 1:00:00,29.318325
2022-02-03 2:00:00,29.16143333
2022-02-03 3:00:00,28.47873333
2022-02-03 4:00:00,27.86773333
2022-02-03 5:00:00,27.71056667
2022-02-03 6:00:00,27.74288333
2022-02-03 7:00:00,28.124175
2022-02-03 8:00:00,28.68155833
2022-02-03 9:00:00,28.72775
2022-02-03 10:00:00,28.88470833
2022-02-03 11:00:00,29.13751667
2022-02-03 12:00:00,29.29756667
2022-02-03 13:00:00,29.40625833
2022-02-03 14:00:00,29.45423333
2022-02-03 15:00:00,29.25695833
2022-02-03 16:00:00,28.94555833
2022-02-03 17:00:00,28.97678333
2022-02-03 18:00:00,28.96278333
2022-02-03 19:00:00,29.2139
2022-02-03 20:00:00,29.454375
2022-02-03 21:00:00,29.67060833
2022-02-03 22:00:00,29.751225
2022-02-03 23:00:00,29.84845833
2022-02-04 0:00:00,29.88646667
2022-02-04 1:00:00,29.85523333
2022-02-04 2:00:00,29.66988333
2022-02-04 3:00:00,29.276825
2022-02-04 4:00:00,28.55044167
2022-02-04 5:00:00,28.2564
2022-02-04 6:00:00,28.25515
2022-02-04 7:00:00,28.215275
2022-02-04 8:00:00,28.79463333
2022-02-04 9:00:00,28.909625
2022-02-04 10:00:00,28.93175833
2022-02-04 11:00:00,29.09105833
2022-02-04 12:00:00,29.25478333
2022-02-04 13:00:00,29.38501667
2022-02-04 14:00:00,29.437225
2022-02-04 15:00:00,29.39414167
2022-02-04 16:00:00,29.12619167
2022-02-04 17:00:00,28.94224167
2022-02-04 18:00:00,28.8477
2022-02-04 19:00:00,28.75420833
2022-02-04 20:00:00,29.04769167
2022-02-04 21:00:00,29.331
2022-02-04 22:00:00,29.49675833
2022-02-04 23:00:00,29.626375
2022-02-05 0:00:00,29.643625
2022-02-05 1:00:00,29.6541
2022-02-05 2:00:00,29.64839167
2022-02-05 3:00:00,29.54106667
2022-02-05 4:00:00,29.2925
2022-02-05 5:00:00,28.13258333
2022-02-05 6:00:00,28.085625
2022-02-05 7:00:00,28.080525
2022-02-05 8:00:00,28.48578333
2022-02-05 9:00:00,28.94423333
2022-02-05 10:00:00,29.05810833
2022-02-05 11:00:00,29.09248333
2022-02-05 12:00:00,29.15044167
2022-02-05 13:00:00,29.32650833
2022-02-05 14:00:00,29.40141667
2022-02-05 15:00:00,29.39974167
2022-02-05 16:00:00,29.29966667
2022-02-05 17:00:00,29.15800833
2022-02-05 18:00:00,29.08823333
2022-02-05 19:00:00,28.85540833
2022-02-05 20:00:00,28.81310833
2022-02-05 21:00:00,29.04821667
2022-02-05 22:00:00,29.345525
2022-02-05 23:00:00,29.46075833
2022-02-06 0:00:00,29.60791667
2022-02-06 1:00:00,29.65083333
2022-02-06 2:00:00,29.6715
2022-02-06 3:00:00,29.68069167
2022-02-06 4:00:00,29.63345833
2022-02-06 5:00:00,28.87615833
2022-02-06 6:00:00,28.22813333
2022-02-06 7:00:00,28.3579
2022-02-06 8:00:00,28.30204167
2022-02-06 9:00:00,28.81086667
2022-02-06 10:00:00,29.18973333
2022-02-06 11:00:00,29.27604167
2022-02-06 12:00:00,29.33485
2022-02-06 13:00:00,29.42963333
2022-02-06 14:00:00,29.49358333
2022-02-06 15:00:00,29.56960833
2022-02-06 16:00:00,29.59146667
2022-02-06 17:00:00,29.51963333
2022-02-06 18:00:00,29.37314167
2022-02-06 19:00:00,28.73601667
2022-02-06 20:00:00,28.71675833
2022-02-06 21:00:00,28.89814167
2022-02-06 22:00:00,28.84346667
2022-02-06 23:00:00,29.25679167
2022-02-07 0:00:00,29.44249167
2022-02-07 1:00:00,29.53605833
2022-02-07 2:00:00,29.54609167
2022-02-07 3:00:00,29.53921667
2022-02-07 4:00:00,29.42061667
2022-02-07 5:00:00,29.02800833
2022-02-07 6:00:00,28.809725
2022-02-07 7:00:00,28.35178333
2022-02-07 8:00:00,28.38555833
2022-02-07 9:00:00,28.409325
2022-02-07 10:00:00,29.20255
2022-02-07 11:00:00,29.37165833
2022-02-07 12:00:00,29.412025
2022-02-07 13:00:00,29.53795
2022-02-07 14:00:00,29.65254167
2022-02-07 15:00:00,29.649275
2022-02-07 16:00:00,29.807725
2022-02-07 17:00:00,29.82180833
2022-02-07 18:00:00,29.628825
2022-02-07 19:00:00,29.02331667
2022-02-07 20:00:00,28.35341667
2022-02-07 21:00:00,28.1545
2022-02-07 22:00:00,28.1775
2022-02-07 23:00:00,28.01160833
2022-02-08 0:00:00,28.941875
2022-02-08 1:00:00,29.38591667
2022-02-08 2:00:00,29.40831667
2022-02-08 3:00:00,29.469975
2022-02-08 4:00:00,28.8058
2022-02-08 5:00:00,28.47304167
2022-02-08 6:00:00,28.5333
2022-02-08 7:00:00,28.36120833
2022-02-08 8:00:00,27.8869625
2022-02-08 20:00:00,28.67183333
2022-02-08 21:00:00,28.195425
2022-02-08 22:00:00,27.404625
2022-02-08 23:00:00,27.31163333
2022-02-09 0:00:00,27.31230833
2022-02-09 1:00:00,28.63234167
2022-02-09 2:00:00,29.28890833
2022-02-09 3:00:00,29.3856
2022-02-09 4:00:00,29.52185833
2022-02-09 5:00:00,29.43486667
2022-02-09 6:00:00,28.60028333
2022-02-09 7:00:00,27.84393333
2022-02-09 8:00:00,28.10789167
2022-02-09 9:00:00,28.34601667
2022-02-09 10:00:00,28.48266667
2022-02-09 11:00:00,28.24900833
2022-02-09 12:00:00,29.0838
2022-02-09 13:00:00,29.33270833
2022-02-09 14:00:00,29.43488333
2022-02-09 15:00:00,29.54256667
2022-02-09 16:00:00,29.55655833
2022-02-09 17:00:00,29.42551667
2022-02-09 18:00:00,29.494675
2022-02-09 19:00:00,29.32995833
2022-02-09 20:00:00,29.341325
2022-02-09 21:00:00,28.88806667
2022-02-09 22:00:00,27.646625
2022-02-09 23:00:00,27.54434167
2022-02-10 0:00:00,27.24553333
2022-02-10 1:00:00,27.114225
2022-02-10 2:00:00,28.37354167
2022-02-10 3:00:00,29.11765833
2022-02-10 4:00:00,29.30955833
2022-02-10 5:00:00,29.46753333
2022-02-10 6:00:00,29.58519167
2022-02-10 7:00:00,29.44156667
2022-02-10 8:00:00,28.934775
2022-02-10 9:00:00,28.88946667
2022-02-10 10:00:00,28.830475
2022-02-10 11:00:00,28.72864167
2022-02-10 12:00:00,28.35590833
2022-02-10 13:00:00,28.81808333
2022-02-10 14:00:00,30.01188333
2022-02-10 15:00:00,30.10269167
2022-02-10 16:00:00,29.92480833
2022-02-10 17:00:00,29.92298333
2022-02-10 18:00:00,29.7811
2022-02-10 19:00:00,29.80326667
2022-02-10 20:00:00,29.9106
2022-02-10 21:00:00,29.84713333
2022-02-10 22:00:00,29.51064167
2022-02-10 23:00:00,28.21146667
2022-02-11 0:00:00,27.73085
2022-02-11 1:00:00,27.720975
2022-02-11 2:00:00,27.496825
2022-02-11 3:00:00,28.61565833
2022-02-11 4:00:00,29.011425
2022-02-11 5:00:00,29.10955833
2022-02-11 6:00:00,29.1345
2022-02-11 7:00:00,29.39039167
2022-02-11 8:00:00,29.45635833
2022-02-11 9:00:00,29.02645
2022-02-11 10:00:00,29.06394167
2022-02-11 11:00:00,29.13078333
2022-02-11 12:00:00,29.07500833
2022-02-11 13:00:00,29.052525
2022-02-11 14:00:00,28.98121667
2022-02-11 15:00:00,29.82050833
2022-02-11 16:00:00,30.06815833
2022-02-11 17:00:00,30.07441667
2022-02-11 18:00:00,29.99491667
2022-02-11 19:00:00,29.834425
2022-02-11 20:00:00,29.83095833
2022-02-11 21:00:00,29.872475
2022-02-11 22:00:00,29.71635
2022-02-11 23:00:00,28.812
2022-02-12 0:00:00,28.11090833
2022-02-12 1:00:00,27.60971667
2022-02-12 2:00:00,27.62324167
2022-02-12 3:00:00,27.659175
2022-02-12 4:00:00,28.75814167
2022-02-12 5:00:00,28.84295833
2022-02-12 6:00:00,28.851475
2022-02-12 7:00:00,29.03014167
2022-02-12 8:00:00,29.40053333
2022-02-12 9:00:00,29.50739167
2022-02-12 10:00:00,28.7143
2022-02-12 11:00:00,28.541425
2022-02-12 12:00:00,28.98960833
2022-02-12 13:00:00,29.1858
2022-02-12 14:00:00,28.90320833
2022-02-12 15:00:00,29.16079167
2022-02-12 16:00:00,29.656275
2022-02-12 17:00:00,29.82004167
2022-02-12 18:00:00,29.89694167
2022-02-12 19:00:00,29.896625
2022-02-12 20:00:00,29.9728
2022-02-12 21:00:00,29.9658
2022-02-12 22:00:00,29.86311667
2022-02-12 23:00:00,29.53878333
2022-02-13 0:00:00,28.61200833
2022-02-13 1:00:00,27.58548333
2022-02-13 2:00:00,27.392375
2022-02-13 3:00:00,27.49291667
2022-02-13 4:00:00,27.8865
2022-02-13 5:00:00,28.57934167
2022-02-13 6:00:00,28.65560833
2022-02-13 7:00:00,28.80006667
2022-02-13 8:00:00,28.99354167
2022-02-13 9:00:00,29.21915
2022-02-13 10:00:00,29.09310833
2022-02-13 11:00:00,28.68160833
2022-02-13 12:00:00,28.850675
2022-02-13 13:00:00,29.229075
2022-02-13 14:00:00,29.26405
2022-02-13 15:00:00,29.20765
2022-02-13 16:00:00,29.46549167
2022-02-13 17:00:00,29.84985833
2022-02-13 18:00:00,29.92644167
2022-02-13 19:00:00,29.926925
2022-02-13 20:00:00,29.93949167
2022-02-13 21:00:00,29.94206667
2022-02-13 22:00:00,29.91205833
2022-02-13 23:00:00,29.856575
2022-02-14 0:00:00,29.47206667
2022-02-14 1:00:00,28.43753333
2022-02-14 2:00:00,27.90235
2022-02-14 3:00:00,27.84160833
2022-02-14 4:00:00,27.795425
2022-02-14 5:00:00,28.420175
2022-02-14 6:00:00,28.72384167
2022-02-14 7:00:00,28.78754167
2022-02-14 8:00:00,28.86940833
2022-02-14 9:00:00,28.94649167
2022-02-14 10:00:00,28.93014167
2022-02-14 11:00:00,28.87324167
2022-02-14 12:00:00,28.84101667
2022-02-14 13:00:00,29.12085
2022-02-14 14:00:00,29.32570833
2022-02-14 15:00:00,29.31943333
2022-02-14 16:00:00,29.255725
2022-02-14 17:00:00,29.6889
2022-02-14 18:00:00,29.74371667
2022-02-14 19:00:00,29.797025
2022-02-14 20:00:00,29.84598333
2022-02-14 21:00:00,29.8464
2022-02-14 22:00:00,29.83789167
2022-02-14 23:00:00,29.77679167
2022-02-15 0:00:00,29.59755833
2022-02-15 1:00:00,28.60308333
2022-02-15 2:00:00,28.35206667
2022-02-15 3:00:00,28.086575
2022-02-15 4:00:00,28.0415
2022-02-15 5:00:00,28.015525
2022-02-15 6:00:00,28.587875
2022-02-15 7:00:00,28.8014
2022-02-15 8:00:00,28.96725833
2022-02-15 9:00:00,29.11385
2022-02-15 10:00:00,29.176025
2022-02-15 11:00:00,29.2256
2022-02-15 12:00:00,29.12723333
2022-02-15 13:00:00,29.14896667
2022-02-15 14:00:00,29.17523333
2022-02-15 15:00:00,29.16544167
2022-02-15 16:00:00,29.150475
2022-02-15 17:00:00,29.34673333
2022-02-15 18:00:00,29.53415833
2022-02-15 19:00:00,29.547325
2022-02-15 20:00:00,29.66896667
2022-02-15 21:00:00,29.971175
2022-02-15 22:00:00,29.94264167
2022-02-15 23:00:00,29.6692
2022-02-16 0:00:00,29.39349167
2022-02-16 1:00:00,29.02893333
2022-02-16 2:00:00,28.37699167
2022-02-16 3:00:00,28.17923333
2022-02-16 4:00:00,28.113975
2022-02-16 5:00:00,28.10075
2022-02-16 6:00:00,28.57876667
2022-02-16 7:00:00,28.824825
2022-02-16 8:00:00,28.88305833
2022-02-16 9:00:00,28.98741667
2022-02-16 10:00:00,29.135275
2022-02-16 11:00:00,29.13703333
2022-02-16 12:00:00,29.14604167
2022-02-16 13:00:00,29.08253333
2022-02-16 14:00:00,29.12764167
2022-02-16 15:00:00,29.19485833
2022-02-16 16:00:00,29.215675
2022-02-16 17:00:00,29.27230833
2022-02-16 18:00:00,29.81118333
2022-02-16 19:00:00,29.87785
2022-02-16 20:00:00,30.00995
2022-02-16 21:00:00,30.069625
2022-02-16 22:00:00,30.15434167
2022-02-16 23:00:00,30.168625
2022-02-17 0:00:00,30.11725833
2022-02-17 1:00:00,29.8259
2022-02-17 2:00:00,28.745725
2022-02-17 3:00:00,28.511925
2022-02-17 4:00:00,28.29643333
2022-02-17 5:00:00,28.26451667
2022-02-17 6:00:00,28.35573333
2022-02-17 7:00:00,28.73611667
2022-02-17 8:00:00,28.81678333
2022-02-17 9:00:00,28.8191
2022-02-17 10:00:00,28.98396667
2022-02-17 11:00:00,29.0936
2022-02-17 14:00:00,29.15677273
2022-02-17 15:00:00,29.19071667
2022-02-17 16:00:00,29.18885833
2022-02-17 17:00:00,29.12720833
2022-02-17 18:00:00,29.387025
2022-02-17 19:00:00,29.67183333
2022-02-17 20:00:00,29.89686667
2022-02-17 21:00:00,29.98878333
2022-02-17 22:00:00,30.10996667
2022-02-17 23:00:00,30.28815
2022-02-18 0:00:00,30.28123333
2022-02-18 1:00:00,30.12450833
2022-02-18 2:00:00,29.830475
2022-02-18 3:00:00,28.65980833
2022-02-18 4:00:00,28.386775
2022-02-18 5:00:00,28.28480833
2022-02-18 6:00:00,28.25924167
2022-02-18 7:00:00,28.88839167
2022-02-18 8:00:00,29.12985
2022-02-18 9:00:00,29.20046667
2022-02-18 10:00:00,29.27764167
2022-02-18 11:00:00,29.43429167
2022-02-18 12:00:00,29.53725833
2022-02-18 13:00:00,29.62010833
2022-02-18 14:00:00,29.5682
2022-02-18 15:00:00,29.38865
2022-02-18 16:00:00,29.32274167
2022-02-18 17:00:00,29.23523333
2022-02-18 18:00:00,29.15623333
2022-02-18 19:00:00,29.510725
2022-02-18 20:00:00,29.66120833
2022-02-18 21:00:00,29.859475
2022-02-18 22:00:00,30.03670833
2022-02-18 23:00:00,30.10645
2022-02-19 0:00:00,30.1776
2022-02-19 1:00:00,30.17498333
2022-02-19 2:00:00,30.11165
2022-02-19 3:00:00,29.16918333
2022-02-19 4:00:00,28.30313333
2022-02-19 5:00:00,28.29049167
2022-02-19 6:00:00,28.31220833
2022-02-19 7:00:00,28.612
2022-02-19 8:00:00,29.19659167
2022-02-19 9:00:00,29.29468333
2022-02-19 10:00:00,29.35249167
2022-02-19 11:00:00,29.43331667
2022-02-19 12:00:00,29.49225
2022-02-19 13:00:00,29.53878333
2022-02-19 14:00:00,29.54501667
2022-02-19 15:00:00,29.41013333
2022-02-19 16:00:00,29.40860833
2022-02-19 17:00:00,29.21316667
2022-02-19 18:00:00,29.05571667
2022-02-19 19:00:00,29.094625
2022-02-19 20:00:00,29.50795833
2022-02-19 21:00:00,29.62401667
2022-02-19 22:00:00,29.85388333
2022-02-19 23:00:00,29.88978333
2022-02-20 0:00:00,29.9542
2022-02-20 1:00:00,30.02004167
2022-02-20 2:00:00,29.99126667
2022-02-20 3:00:00,29.8974
2022-02-20 4:00:00,28.484375
2022-02-20 5:00:00,28.35789167
2022-02-20 6:00:00,28.60408333
2022-02-20 7:00:00,28.5382
2022-02-20 8:00:00,29.15515
2022-02-20 9:00:00,29.381725
2022-02-20 10:00:00,29.455925
2022-02-20 11:00:00,29.51825
2022-02-20 12:00:00,29.56431667
2022-02-20 13:00:00,29.65815833
2022-02-20 14:00:00,29.66321667
2022-02-20 15:00:00,29.643925
2022-02-20 16:00:00,29.61315833
2022-02-20 17:00:00,29.44286667
2022-02-20 18:00:00,29.216225
2022-02-20 19:00:00,29.21983333
2022-02-20 20:00:00,29.17500833
2022-02-20 21:00:00,29.57763333
2022-02-20 22:00:00,29.71816667
2022-02-20 23:00:00,29.86955833
2022-02-21 0:00:00,29.91664167
2022-02-21 1:00:00,29.92570833
2022-02-21 2:00:00,29.9308
2022-02-21 3:00:00,29.86665833
2022-02-21 4:00:00,29.5849
2022-02-21 5:00:00,29.17211667
2022-02-21 6:00:00,29.01159167
2022-02-21 7:00:00,28.9527
2022-02-21 8:00:00,28.93791667
2022-02-21 9:00:00,29.49005
2022-02-21 10:00:00,29.661875
2022-02-21 11:00:00,30.07493333
2022-02-21 12:00:00,30.17486667
2022-02-21 13:00:00,30.252225
2022-02-21 14:00:00,30.19505833
2022-02-21 15:00:00,29.951125
2022-02-21 16:00:00,29.86700833
2022-02-21 17:00:00,29.45401667
2022-02-21 18:00:00,28.46819167
2022-02-21 19:00:00,28.42923333
2022-02-21 20:00:00,28.710675
2022-02-21 21:00:00,28.66683333
2022-02-21 22:00:00,29.29411667
2022-02-21 23:00:00,29.36618333
2022-02-22 0:00:00,29.37139167
2022-02-22 1:00:00,29.40895833
2022-02-22 2:00:00,29.47553333
2022-02-22 3:00:00,29.59243333
2022-02-22 4:00:00,29.46849167
2022-02-22 5:00:00,29.368125
2022-02-22 6:00:00,29.21155
2022-02-22 7:00:00,29.0511
2022-02-22 8:00:00,28.98909167
2022-02-22 9:00:00,29.24548333
2022-02-22 10:00:00,29.630375
2022-02-22 11:00:00,29.68206667
2022-02-22 12:00:00,30.12136667
2022-02-22 13:00:00,30.322875
2022-02-22 14:00:00,30.51094167
2022-02-22 15:00:00,30.414475
2022-02-22 16:00:00,30.34954167
2022-02-22 17:00:00,30.1855
2022-02-22 18:00:00,29.15124167
2022-02-22 19:00:00,28.4856
2022-02-22 20:00:00,28.52409167
2022-02-22 21:00:00,28.71645833
2022-02-22 22:00:00,28.63911667
2022-02-22 23:00:00,29.23341667
2022-02-23 0:00:00,29.47439167
2022-02-23 1:00:00,29.39495
2022-02-23 2:00:00,29.46645
2022-02-23 3:00:00,29.46278333
2022-02-23 4:00:00,29.463375
2022-02-23 5:00:00,29.47771667
2022-02-23 6:00:00,29.46691667
2022-02-23 7:00:00,29.241075
2022-02-23 8:00:00,29.083625
2022-02-23 9:00:00,29.01620833
2022-02-23 10:00:00,29.78525
2022-02-23 11:00:00,30.14101667
2022-02-23 12:00:00,30.213375
2022-02-23 13:00:00,30.26623333
2022-02-23 14:00:00,30.319875
2022-02-23 15:00:00,30.46358333
2022-02-23 16:00:00,30.5055
2022-02-23 17:00:00,30.38044167
2022-02-23 18:00:00,30.176325
2022-02-23 19:00:00,29.87556667
2022-02-23 20:00:00,28.482725
2022-02-23 21:00:00,28.18106667
2022-02-23 22:00:00,28.50470833
2022-02-23 23:00:00,28.62371667
2022-02-24 0:00:00,28.69623333
2022-02-24 1:00:00,29.29675
2022-02-24 2:00:00,29.5883
2022-02-24 3:00:00,29.64858333
2022-02-24 4:00:00,29.7266
2022-02-24 5:00:00,29.359175
2022-02-24 6:00:00,28.84138333
2022-02-24 7:00:00,29.3604
2022-02-24 8:00:00,29.589975
2022-02-24 9:00:00,29.612425
2022-02-24 10:00:00,29.595125
2022-02-24 11:00:00,29.76073333
2022-02-24 12:00:00,30.43161667
2022-02-24 13:00:00,30.468525
2022-02-24 14:00:00,30.42205
2022-02-24 15:00:00,30.41346667
2022-02-24 16:00:00,30.463425
2022-02-24 17:00:00,30.47951667
2022-02-24 18:00:00,30.496875
2022-02-24 19:00:00,30.45804167
2022-02-24 20:00:00,30.04405833
2022-02-24 21:00:00,29.12316667
2022-02-24 22:00:00,28.12721667
2022-02-24 23:00:00,28.19715
2022-02-25 0:00:00,28.1963
2022-02-25 1:00:00,28.42525
2022-02-25 2:00:00,29.24119167
2022-02-25 3:00:00,29.32909167
2022-02-25 4:00:00,29.40275
2022-02-25 5:00:00,29.44061667
2022-02-25 6:00:00,29.58616667
2022-02-25 7:00:00,29.433325
2022-02-25 8:00:00,29.111725
2022-02-25 9:00:00,29.10346667
2022-02-25 10:00:00,29.09376667
2022-02-25 11:00:00,29.37064167
2022-02-25 12:00:00,29.63479167
2022-02-25 13:00:00,30.17670833
2022-02-25 14:00:00,30.39663333
2022-02-25 15:00:00,30.384075
2022-02-25 16:00:00,30.37423333
2022-02-25 17:00:00,30.38051667
2022-02-25 18:00:00,30.388525
2022-02-25 19:00:00,30.409775
2022-02-25 20:00:00,30.34975
2022-02-25 21:00:00,29.88075
2022-02-25 22:00:00,28.69570833
2022-02-25 23:00:00,28.38573333
2022-02-26 0:00:00,28.32310833
2022-02-26 1:00:00,28.29925833
2022-02-26 2:00:00,28.298425
2022-02-26 3:00:00,28.92114167
2022-02-26 4:00:00,29.15384167
2022-02-26 5:00:00,29.18374167
2022-02-26 6:00:00,29.39744167
2022-02-26 7:00:00,29.56291667
2022-02-26 8:00:00,29.55135
2022-02-26 9:00:00,29.44830833
2022-02-26 10:00:00,29.38934167
2022-02-26 11:00:00,29.45106667
2022-02-26 12:00:00,29.42520833
2022-02-26 13:00:00,29.470175
2022-02-26 14:00:00,29.79874167
2022-02-26 15:00:00,30.147775
2022-02-26 16:00:00,30.281375
2022-02-26 17:00:00,30.28865833
2022-02-26 18:00:00,30.29255
2022-02-26 19:00:00,30.30860833
2022-02-26 20:00:00,30.31585833
2022-02-26 21:00:00,30.120525
2022-02-26 22:00:00,29.66308333
2022-02-26 23:00:00,28.90459167
2022-02-27 0:00:00,28.52304167
2022-02-27 1:00:00,28.423275
2022-02-27 2:00:00,28.37661667
2022-02-27 3:00:00,28.49034167
2022-02-27 4:00:00,28.934925
2022-02-27 5:00:00,28.96905833
2022-02-27 6:00:00,29.07458333
2022-02-27 7:00:00,29.23074167
2022-02-27 8:00:00,29.30315
2022-02-27 9:00:00,29.2874
2022-02-27 10:00:00,29.245875
2022-02-27 11:00:00,29.44388333
2022-02-27 12:00:00,29.629225
2022-02-27 13:00:00,29.54149167
2022-02-27 14:00:00,29.47163333
2022-02-27 15:00:00,30.00428333
2022-02-27 16:00:00,30.1491
2022-02-27 17:00:00,30.27361667
2022-02-27 18:00:00,30.33408333
2022-02-27 19:00:00,30.34248333
2022-02-27 20:00:00,30.32355
2022-02-27 21:00:00,30.26095833
2022-02-27 22:00:00,30.03575
2022-02-27 23:00:00,29.566175
2022-02-28 0:00:00,28.63216667
2022-02-28 1:00:00,28.561625
2022-02-28 2:00:00,28.43719167
2022-02-28 3:00:00,28.2796
2022-02-28 4:00:00,28.7465
2022-02-28 5:00:00,28.97305833
2022-02-28 6:00:00,29.04600833
2022-02-28 7:00:00,29.190925
2022-02-28 8:00:00,29.3779
2022-02-28 9:00:00,29.35860833
2022-02-28 10:00:00,29.41055833
2022-02-28 11:00:00,29.404275
2022-02-28 12:00:00,29.49715
2022-02-28 13:00:00,29.550975
2022-02-28 14:00:00,29.4873
2022-02-28 15:00:00,29.4885
2022-02-28 16:00:00,29.93988333
2022-02-28 17:00:00,30.04540833
2022-02-28 18:00:00,30.111525
2022-02-28 19:00:00,30.21258333
2022-02-28 20:00:00,30.229925
2022-02-28 21:00:00,30.24045833
2022-02-28 22:00:00,30.19535
2022-02-28 23:00:00,30.05761667
2022-03-01 0:00:00,29.268175
2022-03-01 1:00:00,28.75635833
2022-03-01 2:00:00,28.50884167
2022-03-01 3:00:00,28.43950833
2022-03-01 4:00:00,28.29388333
2022-03-01 5:00:00,28.901925
2022-03-02 2:00:00,28.745675
2022-03-02 3:00:00,28.58085833
2022-03-02 4:00:00,28.53218333
2022-03-02 5:00:00,28.688125
2022-03-02 6:00:00,29.11724167
2022-03-02 7:00:00,29.16083333
2022-03-02 8:00:00,29.286175
2022-03-02 9:00:00,29.52336667
2022-03-02 10:00:00,29.592075
2022-03-02 11:00:00,29.65710833
2022-03-02 12:00:00,29.73004286
2022-03-02 17:00:00,29.5441
2022-03-02 18:00:00,29.65759167
2022-03-02 19:00:00,29.82521667
2022-03-02 20:00:00,29.95440833
2022-03-02 21:00:00,30.066825
2022-03-02 22:00:00,30.0602
2022-03-02 23:00:00,30.04243333
2022-03-03 0:00:00,30.01068333
2022-03-03 1:00:00,29.8819
2022-03-03 2:00:00,29.19438333
2022-03-03 3:00:00,28.810125
2022-03-03 4:00:00,28.83426667
2022-03-03 5:00:00,28.69739167
2022-03-03 6:00:00,29.03980833
2022-03-03 7:00:00,29.283825
2022-03-03 8:00:00,29.400275
2022-03-03 9:00:00,29.53514167
2022-03-03 10:00:00,29.683575
2022-03-03 11:00:00,29.7428
2022-03-03 12:00:00,29.83436667
2022-03-03 13:00:00,29.855825
2022-03-03 14:00:00,29.68025
2022-03-03 15:00:00,29.36848333
2022-03-03 16:00:00,29.35844167
2022-03-03 17:00:00,29.27374167
2022-03-03 18:00:00,29.44283333
2022-03-03 19:00:00,29.71788333
2022-03-03 20:00:00,29.87390833
2022-03-03 21:00:00,29.93440833
2022-03-03 22:00:00,29.92426667
2022-03-03 23:00:00,30.00383333
2022-03-04 0:00:00,30.03473333
2022-03-04 1:00:00,29.98850833
2022-03-04 2:00:00,29.55936667
2022-03-04 3:00:00,28.86320833
2022-03-04 4:00:00,28.76745833
2022-03-04 5:00:00,28.76521667
2022-03-04 6:00:00,28.89581667
2022-03-04 7:00:00,29.35296667
2022-03-04 8:00:00,29.40895
2022-03-06 1:00:00,30.13493333
2022-03-06 2:00:00,30.13036667
2022-03-06 3:00:00,30.06770833
2022-03-06 4:00:00,29.20746667
2022-03-06 5:00:00,28.92620833
2022-03-06 6:00:00,29.03306667
2022-03-06 7:00:00,29.04291667
2022-03-06 8:00:00,29.53539167
2022-03-06 9:00:00,29.75321667
2022-03-06 10:00:00,29.87793333
2022-03-06 11:00:00,30.03964167
2022-03-06 12:00:00,30.20010833
2022-03-06 13:00:00,30.26335833
2022-03-06 14:00:00,30.261425
2022-03-06 15:00:00,30.17021667
2022-03-06 16:00:00,29.93416667
2022-03-06 17:00:00,28.87746667
2022-03-06 18:00:00,28.62314167
2022-03-06 19:00:00,28.7779
2022-03-06 20:00:00,28.80911667
2022-03-06 21:00:00,29.63760833
2022-03-06 22:00:00,29.72085833
2022-03-06 23:00:00,29.72903333
2022-03-07 0:00:00,29.77311667
2022-03-07 1:00:00,29.88604167
2022-03-07 2:00:00,29.996775
2022-03-07 3:00:00,30.025325
2022-03-07 4:00:00,29.88766667
2022-03-07 5:00:00,29.558025
2022-03-07 6:00:00,29.40491667
2022-03-07 7:00:00,29.362
2022-03-07 8:00:00,29.46544167
2022-03-07 9:00:00,29.87730833
2022-03-07 10:00:00,29.92600833
2022-03-07 11:00:00,30.08668333
2022-03-07 12:00:00,30.20811667
2022-03-07 13:00:00,30.28029167
2022-03-07 14:00:00,30.30383333
2022-03-07 15:00:00,30.3243
2022-03-07 16:00:00,30.30030833
2022-03-07 17:00:00,30.13298333
2022-03-07 18:00:00,28.65244167
2022-03-07 19:00:00,28.51963333
2022-03-07 20:00:00,28.64701667
2022-03-07 21:00:00,28.73805833
2022-03-07 22:00:00,29.61559167
2022-03-07 23:00:00,29.71015
2022-03-08 0:00:00,29.786425
2022-03-08 1:00:00,29.810125
2022-03-08 2:00:00,29.63834167
2022-03-08 3:00:00,29.08285
2022-03-08 4:00:00,29.1338
2022-03-08 5:00:00,29.56034167
2022-03-08 6:00:00,29.36725
2022-03-08 7:00:00,29.1281
2022-03-08 8:00:00,29.13725
2022-03-08 9:00:00,29.6346
2022-03-08 10:00:00,30.24238333
2022-03-08 11:00:00,30.25044167
2022-03-08 12:00:00,30.31268333
2022-03-08 13:00:00,30.31676667
2022-03-08 14:00:00,30.32521667
2022-03-08 15:00:00,30.32286667
2022-03-08 16:00:00,30.3139
2022-03-08 17:00:00,30.09525833
2022-03-08 18:00:00,29.38226667
2022-03-08 19:00:00,28.514275
2022-03-08 20:00:00,28.00816667
2022-03-08 21:00:00,28.16425833
2022-03-08 22:00:00,28.21416667
2022-03-08 23:00:00,29.17886667
2022-03-09 0:00:00,29.66511667
2022-03-09 1:00:00,29.7678
2022-03-09 2:00:00,29.76954167
2022-03-09 3:00:00,29.80148333
2022-03-09 4:00:00,29.42238333
2022-03-09 5:00:00,28.842975
2022-03-09 6:00:00,28.7316
2022-03-09 7:00:00,28.70998333
2022-03-09 8:00:00,29.0941
2022-03-09 9:00:00,29.14755833
2022-03-09 10:00:00,29.910175
2022-03-09 11:00:00,30.303125
2022-03-09 12:00:00,30.45195
2022-03-09 13:00:00,30.48010833
2022-03-09 14:00:00,30.48556667
2022-03-09 15:00:00,30.40845833
2022-03-09 16:00:00,30.38056667
2022-03-09 17:00:00,30.396375
2022-03-09 18:00:00,30.249525
2022-03-09 19:00:00,29.3833
2022-03-09 20:00:00,28.11990833
2022-03-09 21:00:00,27.67355
2022-03-09 22:00:00,27.94538333
2022-03-09 23:00:00,28.22316667
2022-03-10 0:00:00,28.52161667
2022-03-10 1:00:00,29.65701667
2022-03-10 2:00:00,29.74773333
2022-03-10 3:00:00,29.83963333
2022-03-10 4:00:00,29.89715833
2022-03-10 5:00:00,29.37688333
2022-03-10 6:00:00,28.66056667
2022-03-10 7:00:00,28.46493333
2022-03-10 8:00:00,28.53669167
2022-03-10 9:00:00,28.45459167
2022-03-10 10:00:00,28.988
2022-03-10 11:00:00,29.502225
2022-03-10 12:00:00,30.154775
2022-03-10 13:00:00,30.38644167
2022-03-10 14:00:00,30.47143333
2022-03-10 15:00:00,30.32004167
2022-03-10 16:00:00,29.97456667
2022-03-10 17:00:00,29.89270833
2022-03-10 18:00:00,29.70205833
2022-03-10 19:00:00,29.13936667
2022-03-10 20:00:00,28.289625
2022-03-10 21:00:00,27.61084167
2022-03-10 22:00:00,27.31213333
2022-03-10 23:00:00,27.182175
2022-03-11 0:00:00,27.38558333
2022-03-11 1:00:00,28.876575
2022-03-11 2:00:00,29.446325
2022-03-11 3:00:00,29.54965833
2022-03-11 4:00:00,29.61213333
2022-03-11 5:00:00,29.87581667
2022-03-11 6:00:00,29.47881667
2022-03-11 7:00:00,29.03236667
2022-03-11 8:00:00,29.136475
2022-03-11 9:00:00,29.243825
2022-03-11 10:00:00,28.96894167
2022-03-11 11:00:00,29.11358333
2022-03-11 12:00:00,29.35688333
2022-03-11 13:00:00,29.49763333
2022-03-11 14:00:00,29.79023333
2022-03-11 15:00:00,29.91299167
2022-03-11 16:00:00,29.9689
2022-03-11 17:00:00,29.604575
2022-03-11 18:00:00,29.45376667
2022-03-11 19:00:00,29.84895
2022-03-11 20:00:00,29.46874167
2022-03-11 21:00:00,26.93930833
2022-03-11 22:00:00,26.63593333
2022-03-11 23:00:00,27.18183333
2022-03-12 0:00:00,26.9894
2022-03-12 1:00:00,27.11605833
2022-03-12 2:00:00,28.10926667
2022-03-12 3:00:00,29.95784167
2022-03-12 4:00:00,29.97969167
2022-03-12 5:00:00,30.08710833
2022-03-12 6:00:00,30.330325
2022-03-12 7:00:00,30.51913333
2022-03-12 8:00:00,29.94910833
2022-03-12 9:00:00,29.69966667
2022-03-12 10:00:00,29.70049167
2022-03-12 11:00:00,29.190125
2022-03-12 12:00:00,29.57528333
2022-03-12 13:00:00,29.89008333
2022-03-12 14:00:00,30.24309167
2022-03-12 15:00:00,30.87789167
2022-03-12 16:00:00,30.9414
2022-03-12 17:00:00,31.03324167
2022-03-12 18:00:00,30.99504167
2022-03-12 19:00:00,30.60748333
2022-03-12 20:00:00,30.4613
2022-03-12 21:00:00,30.17278333
2022-03-12 22:00:00,28.61626667
2022-03-12 23:00:00,27.10168333
2022-03-13 0:00:00,27.43055
2022-03-13 1:00:00,27.34823333
2022-03-13 2:00:00,27.35635
2022-03-13 3:00:00,29.114375
2022-03-13 4:00:00,29.767625
2022-03-13 5:00:00,29.8729
2022-03-13 6:00:00,29.93533333
2022-03-13 7:00:00,30.14095833
2022-03-13 8:00:00,30.30803333
2022-03-13 9:00:00,30.296675
2022-03-13 10:00:00,30.17209167
2022-03-13 11:00:00,30.058275
2022-03-13 12:00:00,29.98300833
2022-03-13 13:00:00,30.00180833
2022-03-13 14:00:00,29.97236667
2022-03-13 15:00:00,30.36065833
2022-03-13 16:00:00,30.56748333
2022-03-13 17:00:00,30.61491667
2022-03-13 18:00:00,30.6285
2022-03-13 19:00:00,30.6401
2022-03-13 20:00:00,30.62865
2022-03-13 21:00:00,30.66081667
2022-03-13 22:00:00,30.573725
2022-03-13 23:00:00,29.59634167
2022-03-14 0:00:00,28.50923333
2022-03-14 1:00:00,28.247275
2022-03-14 2:00:00,28.204525
2022-03-14 3:00:00,28.22025
2022-03-14 4:00:00,29.33135833
2022-03-14 5:00:00,29.45104167
2022-03-14 6:00:00,29.50385
2022-03-14 7:00:00,29.57453333
2022-03-14 8:00:00,29.69854167
2022-03-14 9:00:00,29.70646667
2022-03-14 10:00:00,29.5214
2022-03-14 11:00:00,29.63590833
2022-03-14 12:00:00,29.835775
2022-03-14 13:00:00,29.751675
2022-03-14 14:00:00,29.65050833
2022-03-14 15:00:00,29.560575
2022-03-14 16:00:00,30.1596
2022-03-14 17:00:00,30.21950833
2022-03-14 18:00:00,30.320925
2022-03-14 19:00:00,30.367275
2022-03-14 20:00:00,30.40283333
2022-03-14 21:00:00,30.40745833
2022-03-14 22:00:00,30.35350833
2022-03-14 23:00:00,30.10619167
2022-03-15 0:00:00,29.28214167
2022-03-15 1:00:00,28.42228333
2022-03-15 2:00:00,27.96994167
2022-03-15 3:00:00,28.01458333
2022-03-15 4:00:00,28.70473333
2022-03-15 5:00:00,29.22806667
2022-03-15 6:00:00,29.29085833
2022-03-15 7:00:00,29.4157
2022-03-15 8:00:00,29.59659167
2022-03-15 9:00:00,29.650075
2022-03-15 10:00:00,29.81319167
2022-03-15 11:00:00,29.73495833
2022-03-15 12:00:00,29.75331667
2022-03-15 13:00:00,29.72020833
2022-03-15 14:00:00,29.545275
2022-03-15 15:00:00,29.45956667
2022-03-15 16:00:00,29.83851667
2022-03-15 17:00:00,30.029475
2022-03-15 18:00:00,30.106275
2022-03-15 19:00:00,30.14885
2022-03-15 20:00:00,30.167925
2022-03-15 21:00:00,30.178925
2022-03-15 22:00:00,30.17433333
2022-03-15 23:00:00,30.14261667
2022-03-16 0:00:00,29.18255833
2022-03-16 1:00:00,28.77805
2022-03-16 2:00:00,28.6904
2022-03-16 3:00:00,28.60833333
2022-03-16 4:00:00,28.46953333
2022-03-16 5:00:00,28.99618333
2022-03-16 6:00:00,29.313375
2022-03-16 7:00:00,29.41641667
2022-03-16 8:00:00,29.61340833
2022-03-16 9:00:00,29.63538333
2022-03-16 10:00:00,29.62505
2022-03-16 11:00:00,29.60988333
2022-03-16 12:00:00,29.54983333
2022-03-16 13:00:00,29.57140833
2022-03-16 14:00:00,29.489275
2022-03-16 15:00:00,29.394775
2022-03-16 16:00:00,29.3407
2022-03-16 17:00:00,29.59515833
2022-03-16 18:00:00,29.67200833
2022-03-16 19:00:00,29.8365
2022-03-16 20:00:00,29.99650833
2022-03-16 21:00:00,30.09574167
2022-03-16 22:00:00,30.115125
2022-03-16 23:00:00,30.08769167
2022-03-17 0:00:00,29.83351667
2022-03-17 1:00:00,28.74995833
2022-03-17 2:00:00,28.6963
2022-03-17 3:00:00,28.69758333
2022-03-17 4:00:00,28.63023333
2022-03-17 5:00:00,28.71133333
2022-03-17 6:00:00,29.24766667
2022-03-17 7:00:00,29.28388333
2022-03-17 8:00:00,29.51601667
2022-03-17 9:00:00,29.654425
2022-03-17 10:00:00,29.71719167
2022-03-17 11:00:00,29.72628333
2022-03-17 12:00:00,29.71166667
2022-03-17 13:00:00,29.667025
2022-03-17 14:00:00,29.51995
2022-03-17 15:00:00,29.32210833
2022-03-17 16:00:00,29.213825
2022-03-17 17:00:00,29.329875
2022-03-17 18:00:00,29.55271667
2022-03-17 19:00:00,29.71925833
2022-03-17 20:00:00,29.87985833
2022-03-17 21:00:00,30.08204167
2022-03-17 22:00:00,30.13730833
2022-03-17 23:00:00,30.124225
2022-03-18 0:00:00,30.08829167
2022-03-18 1:00:00,29.48560833
2022-03-18 2:00:00,28.78186667
2022-03-18 3:00:00,28.7687
2022-03-18 4:00:00,28.75505
2022-03-18 5:00:00,28.70898333
2022-03-18 6:00:00,29.27186667
2022-03-18 7:00:00,29.415675
2022-03-18 8:00:00,29.48761667
2022-03-18 9:00:00,29.59990833
2022-03-18 10:00:00,29.63325
2022-03-18 11:00:00,29.68555
2022-03-18 12:00:00,29.68144167
2022-03-18 13:00:00,29.64793333
2022-03-18 14:00:00,29.53505
2022-03-18 15:00:00,29.11015833
2022-03-18 16:00:00,29.05265
2022-03-18 17:00:00,29.07470833
2022-03-18 18:00:00,29.4722
2022-03-18 19:00:00,29.67545
2022-03-18 20:00:00,29.8167
2022-03-18 21:00:00,29.84855
2022-03-18 22:00:00,29.889975
2022-03-18 23:00:00,29.91458333
2022-03-19 0:00:00,29.93685833
2022-03-19 1:00:00,29.869
2022-03-19 2:00:00,29.449175
2022-03-19 3:00:00,28.9317
2022-03-19 4:00:00,28.794575
2022-03-19 5:00:00,28.78930833
2022-03-19 6:00:00,29.15360833
2022-03-19 7:00:00,29.493975
2022-03-19 8:00:00,29.57781667
2022-03-19 9:00:00,29.61596667
2022-03-19 10:00:00,29.68909167
2022-03-19 11:00:00,29.719
2022-03-19 12:00:00,29.72469167
2022-03-19 13:00:00,29.70994167
2022-03-19 14:00:00,29.54473333
2022-03-19 15:00:00,28.96759167
2022-03-19 16:00:00,29.101775
2022-03-19 17:00:00,29.07293333
2022-03-19 18:00:00,29.12798333
2022-03-19 19:00:00,29.49389167
2022-03-19 20:00:00,29.6523
2022-03-19 21:00:00,29.7787
2022-03-19 22:00:00,29.819075
2022-03-19 23:00:00,29.82845833
2022-03-20 0:00:00,29.84283333
2022-03-20 1:00:00,29.84588333
2022-03-20 2:00:00,29.79835833
2022-03-20 3:00:00,29.0096
2022-03-20 4:00:00,28.84251667
2022-03-20 5:00:00,28.828425
2022-03-20 6:00:00,28.914375
2022-03-20 7:00:00,29.465875
2022-03-20 8:00:00,29.625
2022-03-20 9:00:00,29.67024167
2022-03-20 10:00:00,29.71263333
2022-03-20 11:00:00,29.82783333
2022-03-20 12:00:00,29.915425
2022-03-20 13:00:00,29.85169167
2022-03-20 14:00:00,29.764425
2022-03-20 15:00:00,29.34819167
2022-03-20 16:00:00,28.675225
2022-03-20 17:00:00,28.86964167
2022-03-20 18:00:00,28.86708333
2022-03-20 19:00:00,29.03438333
2022-03-20 20:00:00,29.4385
2022-03-20 21:00:00,29.46571667
2022-03-20 22:00:00,29.47263333
2022-03-20 23:00:00,29.5909
2022-03-21 0:00:00,29.68665833
2022-03-21 1:00:00,29.721
2022-03-21 2:00:00,29.706275
2022-03-21 3:00:00,29.635725
2022-03-21 4:00:00,29.47516667
2022-03-21 5:00:00,29.285775
2022-03-21 6:00:00,29.24115
2022-03-21 7:00:00,29.33754167
2022-03-21 8:00:00,29.54805833
2022-03-21 9:00:00,29.71986667
2022-03-21 10:00:00,29.97224167
2022-03-21 11:00:00,30.22938333
2022-03-21 12:00:00,30.31520833
2022-03-21 13:00:00,30.205
2022-03-21 14:00:00,29.991125
2022-03-21 15:00:00,29.79519167
2022-03-21 16:00:00,29.07423333
2022-03-21 17:00:00,28.64005
2022-03-21 18:00:00,28.72161667
2022-03-21 19:00:00,28.73339167
2022-03-21 20:00:00,29.01159167
2022-03-21 21:00:00,29.38586667
2022-03-21 22:00:00,29.44619167
2022-03-21 23:00:00,29.54143333
2022-03-22 0:00:00,29.71274167
2022-03-22 1:00:00,29.90438333
2022-03-22 2:00:00,29.98951667
2022-03-22 3:00:00,29.901475
2022-03-22 4:00:00,29.62670833
2022-03-22 5:00:00,29.5545
2022-03-22 6:00:00,29.475275
2022-03-22 7:00:00,29.43445833
2022-03-22 8:00:00,29.81990833
2022-03-22 9:00:00,29.91189167
2022-03-22 10:00:00,30.13985
2022-03-22 11:00:00,30.41599167
2022-03-22 12:00:00,30.44188333
2022-03-22 13:00:00,30.4762
2022-03-22 14:00:00,30.48153333
2022-03-22 15:00:00,30.41689167
2022-03-22 16:00:00,30.0651
2022-03-22 17:00:00,29.18850833
2022-03-22 18:00:00,28.67625833
2022-03-22 19:00:00,28.710525
2022-03-22 20:00:00,28.78446667
2022-03-22 21:00:00,29.10505
2022-03-22 22:00:00,29.4903
2022-03-22 23:00:00,29.590675
2022-03-23 0:00:00,29.66305833
2022-03-23 1:00:00,29.70270833
2022-03-23 2:00:00,29.804675
2022-03-23 3:00:00,29.87875
2022-03-23 4:00:00,29.87339167
2022-03-23 5:00:00,29.906
2022-03-23 6:00:00,29.95556667
2022-03-23 7:00:00,29.92805833
2022-03-23 8:00:00,29.89053333
2022-03-23 9:00:00,30.26245
2022-03-23 10:00:00,30.31993333
2022-03-23 11:00:00,30.394975
2022-03-23 12:00:00,30.48808333
2022-03-23 13:00:00,30.52341667
2022-03-23 14:00:00,30.52988333
2022-03-23 15:00:00,30.52278333
2022-03-23 16:00:00,30.491225
2022-03-23 17:00:00,30.305025
2022-03-23 18:00:00,29.50498333
2022-03-23 19:00:00,28.90666667
2022-03-23 20:00:00,29.00978333
2022-03-23 21:00:00,28.99069167
2022-03-23 22:00:00,29.16353333
2022-03-23 23:00:00,29.58826667
2022-03-24 0:00:00,29.637475
2022-03-24 1:00:00,29.66920833
2022-03-24 2:00:00,29.8122
2022-03-24 3:00:00,29.91539167
2022-03-24 4:00:00,29.76215
2022-03-24 5:00:00,29.45778333
2022-03-24 6:00:00,29.545275
2022-03-24 7:00:00,29.6874
2022-03-24 8:00:00,29.72604167
2022-03-24 9:00:00,29.80003333
2022-03-24 10:00:00,30.33975
2022-03-24 11:00:00,30.39789167
2022-03-24 12:00:00,30.440375
2022-03-24 13:00:00,30.481925
2022-03-24 14:00:00,30.4811
2022-03-24 15:00:00,30.48301667
2022-03-24 16:00:00,30.48355
2022-03-24 17:00:00,30.46700833
2022-03-24 18:00:00,30.13455
2022-03-24 19:00:00,29.41724167
2022-03-24 20:00:00,29.13453333
2022-03-24 21:00:00,29.028125
2022-03-24 22:00:00,28.97805
2022-03-24 23:00:00,28.93889167
2022-03-25 0:00:00,29.51833333
2022-03-25 1:00:00,29.63769167
2022-03-25 2:00:00,29.65765833
2022-03-25 3:00:00,29.69325833
2022-03-25 4:00:00,29.82061667
2022-03-25 5:00:00,29.78875
2022-03-25 6:00:00,29.42195
2022-03-25 7:00:00,29.450125
2022-03-25 8:00:00,29.61009167
2022-03-25 9:00:00,29.72250833
2022-03-25 10:00:00,29.86590833
2022-03-25 11:00:00,30.15248333
2022-03-25 12:00:00,30.39295833
2022-03-25 13:00:00,30.412975
2022-03-25 14:00:00,30.44728333
2022-03-25 15:00:00,30.48775
2022-03-25 16:00:00,30.54295833
2022-03-25 17:00:00,30.58100833
2022-03-25 18:00:00,30.48056667
2022-03-25 19:00:00,30.414075
2022-03-25 20:00:00,29.973175
2022-03-25 21:00:00,29.29144167
2022-03-25 22:00:00,28.88668333
2022-03-25 23:00:00,28.85869167
2022-03-26 0:00:00,28.797175
2022-03-26 1:00:00,29.32908333
2022-03-26 2:00:00,29.553925
2022-03-26 3:00:00,29.58515833
2022-03-26 4:00:00,29.66574167
2022-03-26 5:00:00,29.81918333
2022-03-26 6:00:00,29.89654167
2022-03-26 7:00:00,29.79069167
2022-03-26 8:00:00,29.669725
2022-03-26 9:00:00,29.81283333
2022-03-26 10:00:00,29.87606667
2022-03-26 11:00:00,29.892025
2022-03-26 12:00:00,29.88723333
2022-03-26 13:00:00,30.35504167
2022-03-26 14:00:00,30.51311667
2022-03-26 15:00:00,30.56833333
2022-03-26 16:00:00,30.58566667
2022-03-26 17:00:00,30.60333333
2022-03-26 18:00:00,30.6121
2022-03-26 19:00:00,30.57130833
2022-03-26 20:00:00,30.52158333
2022-03-26 21:00:00,29.713725
2022-03-26 22:00:00,29.35565833
2022-03-26 23:00:00,29.11976667
2022-03-27 0:00:00,28.99156667
2022-03-27 1:00:00,28.92356667
2022-03-27 2:00:00,29.4557
2022-03-27 3:00:00,29.62351667
2022-03-27 4:00:00,29.65004167
2022-03-27 5:00:00,29.68009167
2022-03-27 6:00:00,29.81170833
2022-03-27 7:00:00,29.904575
2022-03-27 8:00:00,29.92869167
2022-03-27 9:00:00,29.80623333
2022-03-27 10:00:00,29.86304167
2022-03-27 11:00:00,30.11523333
2022-03-27 12:00:00,30.166125
2022-03-27 13:00:00,30.05435833
2022-03-27 14:00:00,30.33954167
2022-03-27 15:00:00,30.47595
2022-03-27 16:00:00,30.52470833
2022-03-27 17:00:00,30.575
2022-03-27 18:00:00,30.58089167
2022-03-27 19:00:00,30.58603333
2022-03-27 20:00:00,30.54055833
2022-03-27 21:00:00,30.43206667
2022-03-27 22:00:00,30.33590833
2022-03-27 23:00:00,29.606225
2022-03-28 0:00:00,29.123
2022-03-28 1:00:00,29.09525
2022-03-28 2:00:00,29.1498
2022-03-28 3:00:00,29.72765
2022-03-28 4:00:00,29.754
2022-03-28 5:00:00,29.80871667
2022-03-28 6:00:00,29.92118333
2022-03-28 7:00:00,30.03863333
2022-03-28 8:00:00,29.99386667
2022-03-28 9:00:00,30.168
2022-03-28 10:00:00,30.17395
2022-03-28 11:00:00,30.11744167
2022-03-28 12:00:00,30.12955833
2022-03-28 13:00:00,30.103925
2022-03-28 14:00:00,30.06831667
2022-03-28 15:00:00,30.2669
2022-03-28 16:00:00,30.37573333
2022-03-28 17:00:00,30.43256667
2022-03-28 18:00:00,30.510575
2022-03-28 19:00:00,30.56268333
2022-03-28 20:00:00,30.586075
2022-03-28 21:00:00,30.55516667
2022-03-28 22:00:00,30.302675
2022-03-28 23:00:00,29.95064167
2022-03-29 0:00:00,29.29899167
2022-03-29 1:00:00,29.18719167
2022-03-29 2:00:00,29.13468333
2022-03-29 3:00:00,29.16726667
2022-03-29 4:00:00,29.6508
2022-03-29 5:00:00,29.71840833
2022-03-29 6:00:00,29.75415833
2022-03-29 7:00:00,29.80275
2022-03-29 8:00:00,29.89688333
2022-03-29 9:00:00,29.99124167
2022-03-29 10:00:00,30.00736667
2022-03-29 11:00:00,29.94565
2022-03-29 12:00:00,29.92098333
2022-03-29 13:00:00,29.85505833
2022-03-29 14:00:00,29.79475833
2022-03-29 15:00:00,29.728775
2022-03-29 16:00:00,29.994225
2022-03-29 17:00:00,30.10041667
2022-03-29 18:00:00,30.236025
2022-03-29 19:00:00,30.32728333
2022-03-29 20:00:00,30.34089167
2022-03-29 21:00:00,30.357875
2022-03-29 22:00:00,30.32679167
2022-03-29 23:00:00,29.98834167
2022-03-30 0:00:00,29.24553333
2022-03-30 1:00:00,29.18411667
2022-03-30 2:00:00,29.16331667
2022-03-30 3:00:00,29.0744
2022-03-30 4:00:00,29.173225
2022-03-30 5:00:00,29.55798333
2022-03-30 6:00:00,29.59974167
2022-03-30 7:00:00,29.7113
2022-03-30 8:00:00,29.79315
2022-03-30 9:00:00,29.91036667
2022-03-30 10:00:00,29.98641667
2022-03-30 11:00:00,29.98644167
2022-03-30 12:00:00,29.91294167
2022-03-30 13:00:00,29.66760833
2022-03-30 14:00:00,29.635525
2022-03-30 15:00:00,29.66353333
2022-03-30 16:00:00,29.65240833
2022-03-30 17:00:00,29.89026667
2022-03-30 18:00:00,30.06284167
2022-03-30 19:00:00,30.1815
2022-03-30 20:00:00,30.22683333
2022-03-30 21:00:00,30.253725
2022-03-30 22:00:00,30.26401667
2022-03-30 23:00:00,30.25976667
2022-03-31 0:00:00,30.08514167
2022-03-31 1:00:00,29.28935
2022-03-31 2:00:00,29.19549167
2022-03-31 3:00:00,29.126275
2022-03-31 4:00:00,29.05625
2022-03-31 5:00:00,29.51600833
2022-03-31 6:00:00,29.73779167
2022-03-31 7:00:00,29.851125
2022-03-31 8:00:00,29.939125
2022-03-31 9:00:00,30.04015833
2022-03-31 10:00:00,30.21078333
2022-03-31 11:00:00,30.23
2022-03-31 12:00:00,30.20380833
2022-03-31 13:00:00,30.00718333
2022-03-31 14:00:00,29.54074167
2022-03-31 15:00:00,29.51845833
2022-03-31 16:00:00,29.52615833
2022-03-31 17:00:00,29.62569167
2022-03-31 18:00:00,29.90596667
2022-03-31 19:00:00,30.05436667
2022-03-31 20:00:00,30.10205
2022-03-31 21:00:00,30.13269167
2022-03-31 22:00:00,30.160825
2022-03-31 23:00:00,30.230925
2022-04-01 0:00:00,30.21816667
2022-04-01 1:00:00,29.87853333
2022-04-01 2:00:00,29.350225
2022-04-01 3:00:00,29.54340833
2022-04-01 4:00:00,29.44401667
2022-04-01 5:00:00,29.47865
2022-04-01 6:00:00,29.869575
2022-04-01 7:00:00,30.012825
2022-04-01 8:00:00,30.06863333
2022-04-01 9:00:00,30.10468333
2022-04-01 10:00:00,30.25010833
2022-04-01 11:00:00,30.311075
2022-04-01 12:00:00,30.29250833
2022-04-01 13:00:00,30.241
2022-04-01 14:00:00,29.930425
2022-04-01 15:00:00,29.234025
2022-04-01 16:00:00,29.40456667
2022-04-01 17:00:00,29.39975
2022-04-01 18:00:00,29.80370833
2022-04-01 19:00:00,29.99891667
2022-04-01 20:00:00,30.0753
2022-04-01 21:00:00,30.14285
2022-04-01 22:00:00,30.218775
2022-04-01 23:00:00,30.24469167
2022-04-02 0:00:00,30.23485833
2022-04-02 1:00:00,30.22153333
2022-04-02 2:00:00,30.09094167
2022-04-02 3:00:00,29.830175
2022-04-02 4:00:00,29.79161667
2022-04-02 5:00:00,29.65535833
2022-04-02 6:00:00,29.82404167
2022-04-02 7:00:00,30.06221667
2022-04-02 8:00:00,30.20589167
2022-04-02 9:00:00,30.27673333
2022-04-02 10:00:00,30.2837
2022-04-02 11:00:00,30.31414167
2022-04-02 12:00:00,30.337575
2022-04-02 13:00:00,30.35255
2022-04-02 14:00:00,30.2831
2022-04-02 15:00:00,29.374475
2022-04-02 16:00:00,29.37286667
2022-04-02 17:00:00,29.51071667
2022-04-02 18:00:00,29.38173333
2022-04-02 19:00:00,29.88636667
2022-04-02 20:00:00,30.031175
2022-04-02 21:00:00,30.0618
2022-04-02 22:00:00,30.14284167
2022-04-02 23:00:00,30.18765833
2022-04-03 0:00:00,30.20646667
2022-04-03 1:00:00,30.20903333
2022-04-03 2:00:00,30.19511667
2022-04-03 3:00:00,30.092475
2022-04-03 4:00:00,29.85678333
2022-04-03 5:00:00,29.85480833
2022-04-03 6:00:00,29.8152
2022-04-03 7:00:00,30.1186
2022-04-03 8:00:00,30.30118333
2022-04-03 9:00:00,30.42859167
2022-04-03 10:00:00,30.44988333
2022-04-03 11:00:00,30.4954
2022-04-03 12:00:00,30.521325
2022-04-03 13:00:00,30.52085833
2022-04-03 14:00:00,30.4562
2022-04-03 15:00:00,30.11081667
2022-04-03 16:00:00,29.210225
2022-04-03 17:00:00,29.27944167
2022-04-03 18:00:00,29.37309167
2022-04-03 19:00:00,29.510825
2022-04-03 20:00:00,29.93885
2022-04-03 21:00:00,30.00615833
2022-04-03 22:00:00,30.0354
2022-04-03 23:00:00,30.11316667
2022-04-04 0:00:00,30.15595
2022-04-04 1:00:00,30.179425
2022-04-04 2:00:00,30.148025
2022-04-04 3:00:00,30.17849167
2022-04-04 4:00:00,30.21465
2022-04-04 5:00:00,30.04756667
2022-04-04 6:00:00,29.9877
2022-04-04 7:00:00,30.07399167
2022-04-04 8:00:00,30.268825
2022-04-04 9:00:00,30.38064167
2022-04-04 10:00:00,30.56065833
2022-04-04 11:00:00,30.68881667
2022-04-04 12:00:00,30.78354167
2022-04-04 13:00:00,30.73265
2022-04-04 14:00:00,30.55196667
2022-04-04 15:00:00,30.4338
2022-04-04 16:00:00,29.752425
2022-04-04 17:00:00,29.274025
2022-04-04 18:00:00,29.207225
2022-04-04 19:00:00,29.24035833
2022-04-04 20:00:00,29.41216667
2022-04-04 21:00:00,29.887725
2022-04-04 22:00:00,29.948775
2022-04-04 23:00:00,29.985375
2022-04-05 0:00:00,30.18724167
2022-04-05 1:00:00,30.18833333
2022-04-05 2:00:00,30.2108
2022-04-05 3:00:00,30.15310833
2022-04-05 4:00:00,30.14354167
2022-04-05 5:00:00,30.132875
2022-04-05 6:00:00,30.07524167
2022-04-05 7:00:00,29.99629167
2022-04-05 8:00:00,30.32519167
2022-04-05 9:00:00,30.42320833
2022-04-05 10:00:00,30.48505
2022-04-05 11:00:00,30.5259
2022-04-05 12:00:00,30.55444167
2022-04-05 13:00:00,30.68598333
2022-04-05 14:00:00,30.6504
2022-04-05 15:00:00,30.57171667
2022-04-05 16:00:00,30.22093333
2022-04-05 17:00:00,29.31291667
2022-04-05 18:00:00,29.20180833
2022-04-05 19:00:00,29.23432
2022-04-05 20:00:00,29.180275
2022-04-05 21:00:00,29.27408333
2022-04-05 22:00:00,29.774975
2022-04-05 23:00:00,29.87671667
2022-04-06 0:00:00,29.910475
2022-04-06 1:00:00,30.148825
2022-04-06 2:00:00,30.23095
2022-04-06 3:00:00,30.029275
2022-04-06 4:00:00,29.79605833
2022-04-06 5:00:00,29.83390833
2022-04-06 6:00:00,29.9733
2022-04-06 7:00:00,30.00760833
2022-04-06 8:00:00,29.98099167
2022-04-06 9:00:00,30.485075
2022-04-06 10:00:00,30.702225
2022-04-06 11:00:00,30.783625
2022-04-06 12:00:00,30.81614167
2022-04-06 13:00:00,30.80794167
2022-04-06 14:00:00,30.8042
2022-04-06 15:00:00,30.784175
2022-04-06 16:00:00,30.63913333
2022-04-06 17:00:00,30.3148
2022-04-06 18:00:00,29.60854167
2022-04-06 19:00:00,29.01383333
2022-04-06 20:00:00,28.93754167
2022-04-06 21:00:00,28.88428333
2022-04-06 22:00:00,29.44248333
2022-04-06 23:00:00,29.872
2022-04-07 0:00:00,30.01479167
2022-04-07 1:00:00,30.042525
2022-04-07 2:00:00,30.316725
2022-04-07 3:00:00,30.45840833
2022-04-07 4:00:00,30.40124167
2022-04-07 5:00:00,29.79774167
2022-04-07 6:00:00,29.446125
2022-04-07 7:00:00,29.464125
2022-04-07 8:00:00,29.49475833
2022-04-07 9:00:00,29.763175
2022-04-07 10:00:00,30.54708333
2022-04-07 11:00:00,31.0119
2022-04-07 12:00:00,31.0846
2022-04-07 13:00:00,31.10315
2022-04-07 14:00:00,31.02709167
2022-04-07 15:00:00,30.90114167
2022-04-07 16:00:00,30.87929167
2022-04-07 17:00:00,30.57311667
2022-04-07 18:00:00,29.94240833
2022-04-07 19:00:00,29.69299167
2022-04-07 20:00:00,28.96520833
2022-04-07 21:00:00,28.47155
2022-04-07 22:00:00,28.37190833
2022-04-07 23:00:00,29.60955
2022-04-08 0:00:00,30.03825833
2022-04-08 1:00:00,30.31505
2022-04-08 2:00:00,30.38145
2022-04-08 3:00:00,30.46990833
2022-04-08 4:00:00,30.58519167
2022-04-08 5:00:00,30.01828333
2022-04-08 6:00:00,29.869425
2022-04-08 7:00:00,29.46899167
2022-04-08 8:00:00,29.3836
2022-04-08 9:00:00,29.62049167
2022-04-08 10:00:00,29.84689167
2022-04-08 11:00:00,30.171075
2022-04-08 12:00:00,30.55853333
2022-04-08 13:00:00,30.574125
2022-04-08 14:00:00,30.43716667
2022-04-08 15:00:00,30.35811667
2022-04-08 16:00:00,30.34978333
2022-04-08 17:00:00,30.4503
2022-04-08 18:00:00,30.16066667
2022-04-08 19:00:00,28.40813333
2022-04-08 20:00:00,27.78248333
2022-04-08 21:00:00,27.7753
2022-04-08 22:00:00,28.29908333
2022-04-08 23:00:00,28.89753333
2022-04-09 0:00:00,29.67711667
2022-04-09 1:00:00,30.56729167
2022-04-09 2:00:00,30.58953333
2022-04-09 3:00:00,30.6581
2022-04-09 4:00:00,30.67863333
2022-04-09 5:00:00,30.63084167
2022-04-09 6:00:00,30.14370833
2022-04-09 7:00:00,30.31498333
2022-04-09 8:00:00,30.318
2022-04-09 9:00:00,30.08275833
2022-04-09 10:00:00,29.97690833
2022-04-09 11:00:00,30.0367
2022-04-09 12:00:00,29.97146667
2022-04-09 13:00:00,30.20805
2022-04-09 14:00:00,30.72439167
2022-04-09 15:00:00,30.62930833
2022-04-09 16:00:00,30.61503333
2022-04-09 17:00:00,30.42941667
2022-04-09 18:00:00,30.41263333
2022-04-09 19:00:00,29.08816667
2022-04-09 20:00:00,27.90450833
2022-04-09 21:00:00,27.75179167
2022-04-09 22:00:00,28.099325
2022-04-09 23:00:00,28.192525
2022-04-10 0:00:00,28.57346667
2022-04-10 1:00:00,29.724375
2022-04-10 2:00:00,30.41846667
2022-04-10 3:00:00,30.36120833
2022-04-10 4:00:00,30.25259167
2022-04-10 5:00:00,30.50476667
2022-04-10 6:00:00,30.48500833
2022-04-10 7:00:00,30.346225
2022-04-10 8:00:00,30.32508333
2022-04-10 9:00:00,30.0722
2022-04-10 10:00:00,29.66244167
2022-04-10 11:00:00,30.09711667
2022-04-10 12:00:00,30.16488333
2022-04-10 13:00:00,29.95463333
2022-04-10 14:00:00,30.28288333
2022-04-10 15:00:00,31.00291667
2022-04-10 16:00:00,30.91489167
2022-04-10 17:00:00,30.266225
2022-04-10 18:00:00,30.265625
2022-04-10 19:00:00,30.359
2022-04-10 20:00:00,29.666275
2022-04-10 21:00:00,28.10451667
2022-04-10 22:00:00,27.58874167
2022-04-10 23:00:00,27.71318333
2022-04-11 0:00:00,27.88395
2022-04-11 1:00:00,27.78895
2022-04-11 2:00:00,29.54384167
2022-04-11 3:00:00,30.17893333
2022-04-11 4:00:00,30.31555
2022-04-11 5:00:00,30.42745
2022-04-11 6:00:00,30.69653333
2022-04-11 7:00:00,30.72670833
2022-04-11 8:00:00,30.232125
2022-04-11 9:00:00,29.782875
2022-04-11 10:00:00,29.71055833
2022-04-11 11:00:00,29.88860833
2022-04-11 12:00:00,30.03855
2022-04-11 13:00:00,30.04268333
2022-04-11 14:00:00,29.993725
2022-04-11 15:00:00,30.94525
2022-04-11 16:00:00,31.13325833
2022-04-11 17:00:00,31.23451667
2022-04-11 18:00:00,31.21725833
2022-04-11 19:00:00,30.84815
2022-04-11 20:00:00,30.3113
2022-04-11 21:00:00,30.33816667
2022-04-11 22:00:00,30.25574167
2022-04-11 23:00:00,29.57148333
2022-04-12 0:00:00,29.193625
2022-04-12 1:00:00,29.25795
2022-04-12 2:00:00,29.07143333
2022-04-12 3:00:00,29.69485
2022-04-12 4:00:00,30.08763333
2022-04-12 5:00:00,29.996225
2022-04-12 6:00:00,30.43973333
2022-04-12 7:00:00,30.47991667
2022-04-12 8:00:00,30.17950833
2022-04-12 9:00:00,30.02089167
2022-04-12 10:00:00,29.99863333
2022-04-12 11:00:00,30.20833333
2022-04-12 12:00:00,29.91523333
2022-04-12 13:00:00,29.73000833
2022-04-12 14:00:00,29.50124167
2022-04-12 15:00:00,29.85395833
2022-04-12 16:00:00,30.93485
2022-04-12 17:00:00,31.1971
2022-04-12 18:00:00,30.79959167
2022-04-12 19:00:00,30.4162
2022-04-12 20:00:00,30.43895
2022-04-12 21:00:00,30.34309167
2022-04-12 22:00:00,30.11621667
2022-04-12 23:00:00,29.34405
2022-04-13 0:00:00,29.23574167
2022-04-13 1:00:00,29.20570833
2022-04-13 2:00:00,29.16620833
2022-04-13 3:00:00,29.420125
2022-04-13 4:00:00,30.06299167
2022-04-13 5:00:00,30.088525
2022-04-13 6:00:00,30.803825
2022-04-13 7:00:00,30.68919167
2022-04-13 8:00:00,30.80014167
2022-04-13 9:00:00,30.89575
2022-04-13 10:00:00,30.86403333
2022-04-13 11:00:00,30.66884167
2022-04-13 12:00:00,30.48405833
2022-04-13 13:00:00,30.20536667
2022-04-13 14:00:00,30.24254167
2022-04-13 15:00:00,30.29929167
2022-04-13 16:00:00,30.72906667
2022-04-13 17:00:00,30.86235
2022-04-13 18:00:00,30.93661667
2022-04-13 19:00:00,31.01413333
2022-04-13 20:00:00,31.03903333
2022-04-13 21:00:00,31.04994167
2022-04-13 22:00:00,31.06243333
2022-04-13 23:00:00,30.70974167
2022-04-14 0:00:00,29.54144167
2022-04-14 1:00:00,29.435225
2022-04-14 2:00:00,29.56955
2022-04-14 3:00:00,29.62808333
2022-04-14 4:00:00,30.36348333
2022-04-14 5:00:00,30.48809167
2022-04-14 6:00:00,30.50255
2022-04-14 7:00:00,30.63806667
2022-04-14 8:00:00,30.72365833
2022-04-14 9:00:00,30.77584167
2022-04-14 10:00:00,30.79738333
2022-04-14 11:00:00,30.836275
2022-04-14 12:00:00,30.79305833
2022-04-14 13:00:00,30.60055
2022-04-14 14:00:00,30.21038333
2022-04-14 15:00:00,30.1462
2022-04-14 16:00:00,30.45391667
2022-04-14 17:00:00,30.70575833
2022-04-14 18:00:00,30.783225
2022-04-14 19:00:00,30.92120833
2022-04-14 20:00:00,30.951675
2022-04-14 21:00:00,30.931925
2022-04-14 22:00:00,30.97705
2022-04-14 23:00:00,30.99133333
2022-04-15 0:00:00,30.76351667
2022-04-15 1:00:00,30.026375
2022-04-15 2:00:00,29.8261
2022-04-21 16:00:00,30.79905
2022-04-21 17:00:00,30.52085
2022-04-21 18:00:00,29.72901667
2022-04-21 19:00:00,29.64660833
2022-04-21 20:00:00,29.790475
2022-04-21 21:00:00,29.76328333
2022-04-21 22:00:00,29.86540833
2022-04-21 23:00:00,30.15964167
2022-04-22 0:00:00,30.23665
2022-04-22 1:00:00,30.27299167
2022-04-22 2:00:00,30.32809167
2022-04-22 3:00:00,30.328
2022-04-22 4:00:00,30.33094167
2022-04-22 5:00:00,30.48185
2022-04-22 6:00:00,30.56188333
2022-04-22 7:00:00,30.68523333
2022-04-22 8:00:00,30.64846667
2022-04-22 9:00:00,30.61665833
2022-04-22 10:00:00,30.69601667
2022-04-22 11:00:00,30.993275
2022-04-22 12:00:00,31.05988333
2022-04-22 13:00:00,31.05445
2022-04-22 14:00:00,31.06224167
2022-04-22 15:00:00,31.06646667
2022-04-22 16:00:00,30.99659167
2022-04-22 17:00:00,30.7217
2022-04-22 18:00:00,30.670725
2022-04-22 19:00:00,30.04510833
2022-04-22 20:00:00,29.837325
2022-04-22 21:00:00,29.79405
2022-04-22 22:00:00,29.74439167
2022-04-22 23:00:00,29.828275
2022-04-23 0:00:00,30.112125
2022-04-23 1:00:00,30.18389167
2022-04-23 2:00:00,30.20396667
2022-04-23 3:00:00,30.2911
2022-04-23 4:00:00,30.37233333
2022-04-23 5:00:00,30.3762
2022-04-23 6:00:00,30.3555
2022-04-23 7:00:00,30.35784167
2022-04-23 8:00:00,30.53110833
2022-04-23 9:00:00,30.58785833
2022-04-23 10:00:00,30.56923333
2022-04-23 11:00:00,30.55433333
2022-04-23 12:00:00,30.79483333
2022-04-23 13:00:00,30.92120833
2022-04-23 14:00:00,30.94343333
2022-04-23 15:00:00,30.94721667
2022-04-23 16:00:00,30.94284167
2022-04-23 17:00:00,30.90718333
2022-04-23 18:00:00,30.69484167
2022-04-23 19:00:00,30.56169167
2022-04-23 20:00:00,30.13425
2022-04-23 21:00:00,29.6814
2022-04-23 22:00:00,29.57505833
2022-04-23 23:00:00,29.36446667
2022-04-24 0:00:00,29.387
2022-04-24 1:00:00,29.98451667
2022-04-24 2:00:00,30.04741667
2022-04-24 3:00:00,30.04210833
2022-04-24 4:00:00,30.207425
2022-04-24 5:00:00,30.36038333
2022-04-24 6:00:00,30.42535
2022-04-24 7:00:00,30.36198333
2022-04-24 8:00:00,30.383475
2022-04-24 9:00:00,30.423325
2022-04-24 10:00:00,30.49359167
2022-04-24 11:00:00,30.49185
2022-04-24 12:00:00,30.46576667
2022-04-24 13:00:00,30.54615833
2022-04-24 14:00:00,30.74621667
2022-04-24 15:00:00,30.81319167
2022-04-24 16:00:00,30.82884167
2022-04-24 17:00:00,30.839675
2022-04-24 18:00:00,30.84225
2022-04-24 19:00:00,30.762525
2022-04-24 20:00:00,30.6271
2022-04-24 21:00:00,30.0845
2022-04-24 22:00:00,29.66314167
2022-04-24 23:00:00,29.13358333
2022-04-25 0:00:00,29.18723333
2022-04-25 1:00:00,29.47606667
2022-04-25 2:00:00,30.02393333
2022-04-25 3:00:00,30.09466667
2022-04-25 4:00:00,30.116675
2022-04-25 5:00:00,30.1934
2022-04-25 6:00:00,30.20880833
2022-04-25 7:00:00,30.38235
2022-04-25 8:00:00,30.4715
2022-04-25 9:00:00,30.37589167
2022-04-25 10:00:00,30.32810833
2022-04-25 11:00:00,30.33886667
2022-04-25 12:00:00,30.327825
2022-04-25 13:00:00,30.31759167
2022-04-25 14:00:00,30.388175
2022-04-25 15:00:00,30.58845833
2022-04-25 16:00:00,30.68141667
2022-04-25 17:00:00,30.73448333
2022-04-25 18:00:00,30.77261667
2022-04-25 19:00:00,30.76665833
2022-04-25 20:00:00,30.73623333
2022-04-25 21:00:00,30.69710833
2022-04-25 22:00:00,30.275125
2022-04-25 23:00:00,29.83710833
2022-04-26 0:00:00,29.74555833
2022-04-26 1:00:00,29.61571667
2022-04-26 2:00:00,29.72736667
2022-04-26 3:00:00,30.147025
2022-04-26 4:00:00,30.166575
2022-04-26 5:00:00,30.29283333
2022-04-26 6:00:00,30.40305
2022-04-26 7:00:00,30.4575
2022-04-26 8:00:00,30.50866667
2022-04-26 9:00:00,30.50850833
2022-04-26 10:00:00,30.47251667
2022-04-26 11:00:00,30.36936667
2022-04-26 12:00:00,30.361
2022-04-26 13:00:00,30.29695833
2022-04-26 14:00:00,30.20143333
2022-04-26 15:00:00,30.26325
2022-04-26 16:00:00,30.44695833
2022-04-26 17:00:00,30.53336667
2022-04-26 18:00:00,30.59424167
2022-04-26 19:00:00,30.62059167
2022-04-26 20:00:00,30.64963333
2022-04-26 21:00:00,30.66115833
2022-04-26 22:00:00,30.63746667
2022-04-26 23:00:00,30.04250833
2022-04-27 0:00:00,29.76325
2022-04-27 1:00:00,29.734125
2022-04-27 2:00:00,29.65153
2022-04-27 3:00:00,29.68933333
2022-04-27 4:00:00,30.121375
2022-04-27 5:00:00,30.34641667
2022-04-27 6:00:00,30.762375
2022-04-27 7:00:00,30.87008333
2022-04-27 8:00:00,30.940275
2022-04-27 9:00:00,30.93351667
2022-04-27 10:00:00,30.82991667
2022-04-27 11:00:00,30.63131667
2022-04-27 12:00:00,30.10365833
2022-04-27 13:00:00,29.92088333
2022-04-27 14:00:00,29.95641667
2022-04-27 15:00:00,29.92505
2022-04-27 16:00:00,30.26870833
2022-04-27 17:00:00,30.4181
2022-04-27 18:00:00,30.540975
2022-04-27 19:00:00,30.60421667
2022-04-27 20:00:00,30.74705833
2022-04-27 21:00:00,30.86815833
2022-04-27 22:00:00,30.818375
2022-04-27 23:00:00,30.31495
2022-04-28 0:00:00,30.06668333
2022-04-28 1:00:00,29.9435
2022-04-28 2:00:00,29.89788333
2022-04-28 3:00:00,29.80390833
2022-04-28 4:00:00,30.106725
2022-04-28 5:00:00,30.33189167
2022-04-28 6:00:00,30.72265
2022-04-28 7:00:00,30.95254167
2022-04-28 8:00:00,30.99115833
2022-04-28 9:00:00,30.99995833
2022-04-28 10:00:00,30.94509167
2022-04-28 11:00:00,30.84251667
2022-04-28 12:00:00,30.624175
2022-04-28 13:00:00,29.89519167
2022-04-28 14:00:00,29.71904167
2022-04-28 15:00:00,29.7265
2022-04-28 16:00:00,29.84271667
2022-04-28 17:00:00,30.350175
2022-04-28 18:00:00,30.42510833
2022-04-28 19:00:00,30.5481
2022-04-28 20:00:00,30.63925
2022-04-28 21:00:00,30.752675
2022-04-28 22:00:00,30.80066667
2022-04-28 23:00:00,30.77955833
2022-04-29 0:00:00,30.62178333
2022-04-29 1:00:00,30.27328333
2022-04-29 2:00:00,30.004425
2022-04-29 3:00:00,29.917575
2022-04-29 4:00:00,30.009475
2022-04-29 5:00:00,30.48618333
2022-04-29 6:00:00,30.57178333
2022-04-29 7:00:00,30.80645
2022-04-29 8:00:00,30.86125833
2022-04-29 9:00:00,30.954675
2022-04-29 10:00:00,30.88481667
2022-04-29 11:00:00,30.83293333
2022-04-29 12:00:00,30.73965833
2022-04-29 13:00:00,30.01200833
2022-04-29 14:00:00,29.47405833
2022-04-29 15:00:00,29.553975
2022-04-29 16:00:00,29.60755
2022-04-29 17:00:00,29.92793333
2022-04-29 18:00:00,30.22185
2022-04-29 19:00:00,30.2983
2022-04-29 20:00:00,30.40135
2022-04-29 21:00:00,30.514725
2022-04-29 22:00:00,30.5505
2022-04-29 23:00:00,30.572275
2022-04-30 0:00:00,30.56858333
2022-04-30 1:00:00,30.57991667
2022-04-30 2:00:00,30.33845833
2022-04-30 3:00:00,30.227475
2022-04-30 4:00:00,30.13695833
2022-04-30 5:00:00,30.40425
2022-04-30 6:00:00,30.52050833
2022-04-30 7:00:00,30.6575
2022-04-30 8:00:00,30.74294167
2022-04-30 9:00:00,30.7452
2022-04-30 10:00:00,30.74176667
2022-04-30 11:00:00,30.78295833
2022-04-30 12:00:00,30.750075
2022-04-30 13:00:00,30.66906667
2022-04-30 14:00:00,29.85326667
2022-04-30 15:00:00,29.6627
2022-04-30 16:00:00,29.77268333
2022-04-30 17:00:00,29.75474167
2022-04-30 18:00:00,30.11334167
2022-04-30 19:00:00,30.27296667
2022-04-30 20:00:00,30.31208333
2022-04-30 21:00:00,30.32369167
2022-04-30 22:00:00,30.37853333
2022-04-30 23:00:00,30.40075
2022-05-01 0:00:00,30.39924167
2022-05-01 1:00:00,30.43413333
2022-05-01 2:00:00,30.46029167
2022-05-01 3:00:00,30.47961667
2022-05-01 4:00:00,30.47734167
2022-05-01 5:00:00,30.40345
2022-05-01 6:00:00,30.49089167
2022-05-01 7:00:00,30.58025833
2022-05-01 8:00:00,30.746625
2022-05-01 9:00:00,30.81130833
2022-05-01 10:00:00,30.84798333
2022-05-01 11:00:00,30.83093333
2022-05-01 12:00:00,30.81356667
2022-05-01 13:00:00,30.742825
2022-05-01 14:00:00,30.408625
2022-05-01 15:00:00,29.75514167
2022-05-01 16:00:00,29.699125
2022-05-01 17:00:00,29.70728333
2022-05-01 18:00:00,29.7796
2022-05-01 19:00:00,30.14911667
2022-05-01 20:00:00,30.20586667
2022-05-01 21:00:00,30.24105833
2022-05-01 22:00:00,30.3807
2022-05-01 23:00:00,30.43575
2022-05-02 0:00:00,30.46495833
2022-05-02 1:00:00,30.467975
2022-05-02 2:00:00,30.56068333
2022-05-02 3:00:00,30.65598333
2022-05-02 4:00:00,30.66035833
2022-05-02 5:00:00,30.61788333
2022-05-02 6:00:00,30.85184167
2022-05-02 7:00:00,30.91078333
2022-05-02 8:00:00,30.94689167
2022-05-02 9:00:00,31.010525
2022-05-02 10:00:00,31.02519167
2022-05-02 11:00:00,31.02285833
2022-05-02 12:00:00,31.02336667
2022-05-02 13:00:00,31.00875
2022-05-02 14:00:00,30.74819167
2022-05-02 15:00:00,30.1218
2022-05-02 16:00:00,29.95239167
2022-05-02 17:00:00,29.90613333
2022-05-02 18:00:00,29.91356667
2022-05-02 19:00:00,30.02614167
2022-05-02 20:00:00,30.34573333
2022-05-02 21:00:00,30.41023333
2022-05-02 22:00:00,30.447925
2022-05-02 23:00:00,30.53643333
2022-05-03 0:00:00,30.58075833
2022-05-03 1:00:00,30.6046
2022-05-03 2:00:00,30.583425
2022-05-03 3:00:00,30.63605833
2022-05-03 4:00:00,30.737125
2022-05-03 5:00:00,30.7114
2022-05-03 6:00:00,30.68593333
2022-05-03 7:00:00,30.888875
2022-05-03 8:00:00,30.93295833
2022-05-03 9:00:00,30.95194167
2022-05-03 10:00:00,30.9842
2022-05-03 11:00:00,31.02444167
2022-05-03 12:00:00,31.081975
2022-05-03 13:00:00,31.0169
2022-05-03 14:00:00,30.797825
2022-05-03 15:00:00,30.395875
2022-05-03 16:00:00,29.943675
2022-05-03 17:00:00,29.81221667
2022-05-03 18:00:00,29.84399167
2022-05-03 19:00:00,29.81983333
2022-05-03 20:00:00,30.1514
2022-05-03 21:00:00,30.29848333
2022-05-03 22:00:00,30.34464167
2022-05-03 23:00:00,30.37518333
2022-05-04 0:00:00,30.43611667
2022-05-04 1:00:00,30.55295833
2022-05-04 2:00:00,30.613925
2022-05-04 3:00:00,30.58270833
2022-05-04 4:00:00,30.58362
2022-05-04 5:00:00,30.58684167
2022-05-04 6:00:00,30.58686667
2022-05-04 7:00:00,30.68965
2022-05-04 8:00:00,31.013125
2022-05-04 9:00:00,30.99959167
2022-05-04 10:00:00,31.0714
2022-05-04 11:00:00,31.09525833
2022-05-04 12:00:00,31.09304167
2022-05-04 13:00:00,31.09253333
2022-05-04 14:00:00,30.96934167
2022-05-04 15:00:00,30.72169167
2022-05-04 16:00:00,30.370625
2022-05-04 17:00:00,29.80421667
2022-05-04 18:00:00,29.77889167
2022-05-04 19:00:00,29.81554167
2022-05-04 20:00:00,29.86334167
2022-05-04 21:00:00,30.31544167
2022-05-04 22:00:00,30.364075
2022-05-04 23:00:00,30.40368333
2022-05-05 0:00:00,30.45715833
2022-05-05 1:00:00,30.52020833
2022-05-05 2:00:00,30.53993333
2022-05-05 3:00:00,30.54515
2022-05-05 4:00:00,30.59704167
2022-05-05 5:00:00,30.58123333
2022-05-05 6:00:00,30.66121667
2022-05-05 7:00:00,30.81769167
2022-05-05 8:00:00,30.780175
2022-05-05 9:00:00,30.99569167
2022-05-05 10:00:00,31.05293333
2022-05-05 11:00:00,31.06220833
2022-05-05 12:00:00,31.06913333
2022-05-05 13:00:00,31.0863
2022-05-05 14:00:00,31.08455833
2022-05-05 15:00:00,30.9525
2022-05-05 16:00:00,30.75940833
2022-05-05 17:00:00,30.18851667
2022-05-05 18:00:00,29.88864167
2022-05-05 19:00:00,29.91455
2022-05-05 20:00:00,29.87851667
2022-05-05 21:00:00,29.87395833
2022-05-05 22:00:00,30.33863333
2022-05-05 23:00:00,30.40579167
2022-05-06 0:00:00,30.42638333
2022-05-06 1:00:00,30.463325
2022-05-06 2:00:00,30.52911667
2022-05-06 3:00:00,30.55115
2022-05-06 4:00:00,30.51511667
2022-05-06 5:00:00,30.5795
2022-05-06 6:00:00,30.56580833
2022-05-06 7:00:00,30.55670833
2022-05-06 8:00:00,30.66235
2022-05-06 9:00:00,30.56859167
2022-05-06 10:00:00,30.87098333
2022-05-06 11:00:00,31.01396667
2022-05-06 12:00:00,31.02641667
2022-05-06 13:00:00,31.00704167
2022-05-06 14:00:00,30.96656667
2022-05-06 15:00:00,30.94968333
2022-05-06 16:00:00,30.80305833
2022-05-06 17:00:00,30.668325
2022-05-06 18:00:00,30.17355
2022-05-06 19:00:00,29.95146667
2022-05-06 20:00:00,29.75583333
2022-05-06 21:00:00,29.76306667
2022-05-06 22:00:00,29.75464167
2022-05-06 23:00:00,30.2992
2022-05-07 0:00:00,30.36615
2022-05-07 1:00:00,30.36875
2022-05-07 2:00:00,30.375025
2022-05-07 3:00:00,30.52443333
2022-05-07 4:00:00,30.60225
2022-05-07 5:00:00,30.5195
2022-05-07 6:00:00,30.35571667
2022-05-07 7:00:00,30.39405833
2022-05-07 8:00:00,30.48688333
2022-05-07 9:00:00,30.659325
2022-05-07 10:00:00,30.48998333
2022-05-07 11:00:00,30.75575
2022-05-07 12:00:00,30.87021667
2022-05-07 13:00:00,31.00090833
2022-05-07 14:00:00,31.003625
2022-05-07 15:00:00,30.897125
2022-05-07 16:00:00,30.842375
2022-05-07 17:00:00,30.81919167
2022-05-07 18:00:00,30.688975
2022-05-07 19:00:00,30.07511667
2022-05-07 20:00:00,29.4047
2022-05-07 21:00:00,29.51146667
2022-05-07 22:00:00,29.46863333
2022-05-07 23:00:00,29.57819167
2022-05-08 0:00:00,30.07844167
2022-05-08 1:00:00,30.150375
2022-05-08 2:00:00,30.31469167
2022-05-08 3:00:00,30.60064167
2022-05-08 4:00:00,30.64978333
2022-05-08 5:00:00,30.60066667
2022-05-08 6:00:00,30.58859167
2022-05-08 7:00:00,30.50679167
2022-05-08 8:00:00,30.53640833
2022-05-08 9:00:00,30.502775
2022-05-08 10:00:00,30.49834167
2022-05-08 11:00:00,30.4905
2022-05-08 12:00:00,30.45219167
2022-05-08 13:00:00,30.49379167
2022-05-08 14:00:00,30.618025
2022-05-08 15:00:00,30.35464167
2022-05-08 16:00:00,30.26581667
2022-05-08 17:00:00,30.40135
2022-05-08 18:00:00,30.4393
2022-05-08 19:00:00,30.17416667
2022-05-08 20:00:00,29.951875
2022-05-08 21:00:00,29.655975
2022-05-08 22:00:00,29.58283333
2022-05-08 23:00:00,29.50000833
2022-05-09 0:00:00,29.79510833
2022-05-09 1:00:00,30.22774167
2022-05-09 2:00:00,30.2942
2022-05-09 3:00:00,30.295575
2022-05-09 4:00:00,30.57981667
2022-05-09 5:00:00,30.826925
2022-05-09 6:00:00,30.78055833
2022-05-09 7:00:00,30.53576667
2022-05-09 8:00:00,30.35880833
2022-05-09 9:00:00,30.35918333
2022-05-09 10:00:00,30.51220833
2022-05-09 11:00:00,30.60096667
2022-05-09 12:00:00,30.56860833
2022-05-09 13:00:00,30.51601667
2022-05-09 14:00:00,30.586125
2022-05-09 15:00:00,30.890225
2022-05-09 16:00:00,30.89469167
2022-05-09 17:00:00,30.7922
2022-05-09 18:00:00,30.70438333
2022-05-09 19:00:00,30.65939167
2022-05-09 20:00:00,30.5257
2022-05-09 21:00:00,29.95993333
2022-05-09 22:00:00,29.26258333
2022-05-09 23:00:00,29.38913333
2022-05-10 0:00:00,29.34163333
2022-05-10 1:00:00,29.90584167
2022-05-10 2:00:00,30.46514167
2022-05-10 3:00:00,30.5081
2022-05-10 4:00:00,30.46681667
2022-05-10 5:00:00,30.56814167
2022-05-10 6:00:00,30.683225
2022-05-10 7:00:00,30.71284167
2022-05-10 8:00:00,30.68516667
2022-05-10 9:00:00,30.59375833
2022-05-10 10:00:00,30.64615
2022-05-10 11:00:00,30.8283
2022-05-10 12:00:00,30.68941667
2022-05-10 13:00:00,30.66623333
2022-05-10 14:00:00,30.614125
2022-05-10 15:00:00,30.76275
2022-05-10 16:00:00,30.877375
2022-05-10 17:00:00,30.91318333
2022-05-10 18:00:00,30.79446667
2022-05-10 19:00:00,30.72201667
2022-05-10 20:00:00,30.65678333
2022-05-10 21:00:00,30.669475
2022-05-11 0:00:00,29.17716364
2022-05-11 1:00:00,29.14020833
2022-05-11 2:00:00,30.10046667
2022-05-11 3:00:00,30.20975
2022-05-11 4:00:00,30.299275
2022-05-11 5:00:00,30.480275
2022-05-11 6:00:00,30.59949167
2022-05-11 7:00:00,30.64426667
2022-05-11 8:00:00,30.689975
2022-05-11 9:00:00,30.6923
2022-05-11 10:00:00,30.63650833
2022-05-11 11:00:00,30.59021667
2022-05-11 12:00:00,30.26430833
2022-05-11 13:00:00,30.16029167
2022-05-11 14:00:00,30.20101667
2022-05-11 15:00:00,30.51135
2022-05-11 16:00:00,30.63848333
2022-05-11 17:00:00,30.7036
2022-05-11 18:00:00,30.72465
2022-05-11 19:00:00,30.775625
2022-05-11 20:00:00,30.73381667
2022-05-11 21:00:00,30.69089167
2022-05-11 22:00:00,30.43556667
2022-05-11 23:00:00,29.8923
2022-05-12 0:00:00,29.64850833
2022-05-12 1:00:00,29.6414
2022-05-12 2:00:00,29.70444167
2022-05-12 3:00:00,30.152125
2022-05-12 4:00:00,30.31971667
2022-05-12 5:00:00,30.54204167
2022-05-12 6:00:00,30.75285833
2022-05-12 7:00:00,30.82756667
2022-05-12 8:00:00,30.88345833
2022-05-12 9:00:00,30.89266667
2022-05-12 10:00:00,30.84413333
2022-05-12 11:00:00,30.54930833
2022-05-12 12:00:00,30.07355
2022-05-12 13:00:00,29.97549167
2022-05-12 14:00:00,29.93049167
2022-05-12 15:00:00,29.95350833
2022-05-12 16:00:00,30.3854
2022-05-12 17:00:00,30.49695833
2022-05-12 18:00:00,30.591075
2022-05-12 19:00:00,30.60705
2022-05-12 20:00:00,30.60330833
2022-05-12 21:00:00,30.60155833
2022-05-12 22:00:00,30.56754167
2022-05-12 23:00:00,30.4455
2022-05-13 0:00:00,29.98555833
2022-05-13 1:00:00,29.85085833
2022-05-13 2:00:00,29.803675
2022-05-13 3:00:00,29.99605833
2022-05-13 4:00:00,30.350175
2022-05-13 5:00:00,30.43523333
2022-05-13 6:00:00,30.50080833
2022-05-13 7:00:00,30.6235
2022-05-13 8:00:00,30.73310833
2022-05-13 9:00:00,30.75461667
2022-05-13 10:00:00,30.74883333
2022-05-13 11:00:00,30.71311667
2022-05-13 12:00:00,30.06864167
2022-05-13 13:00:00,29.51121667
2022-05-13 14:00:00,29.52858333
2022-05-13 15:00:00,29.54138333
2022-05-13 16:00:00,30.18921667
2022-05-13 17:00:00,30.31985833
2022-05-13 18:00:00,30.3535
2022-05-13 19:00:00,30.372575
2022-05-13 20:00:00,30.42881667
2022-05-13 21:00:00,30.49530833
2022-05-13 22:00:00,30.5193
2022-05-13 23:00:00,30.4942
2022-05-14 0:00:00,30.36845833
2022-05-14 1:00:00,30.12758333
2022-05-14 2:00:00,30.059775
2022-05-14 3:00:00,30.02860833
2022-05-14 4:00:00,30.2582
2022-05-14 5:00:00,30.40941667
2022-05-14 6:00:00,30.543725
2022-05-14 7:00:00,30.53851667
2022-05-14 8:00:00,30.65419167
2022-05-14 9:00:00,30.73943333
2022-05-14 10:00:00,30.70296667
2022-05-14 11:00:00,30.65223333
2022-05-14 12:00:00,30.339725
2022-05-14 13:00:00,29.695225
2022-05-14 14:00:00,29.496875
2022-05-14 15:00:00,29.59655833
2022-05-14 16:00:00,29.67084167
2022-05-14 17:00:00,30.083675
2022-05-14 18:00:00,30.17944167
2022-05-14 19:00:00,30.26283
2022-05-14 20:00:00,30.3754
2022-05-14 21:00:00,30.41389167
2022-05-14 22:00:00,30.42385
2022-05-14 23:00:00,30.41238333
2022-05-15 0:00:00,30.46188333
2022-05-15 1:00:00,30.46175833
2022-05-15 2:00:00,30.38075
2022-05-15 3:00:00,30.34224167
2022-05-15 4:00:00,30.34436667
2022-05-15 5:00:00,30.48498333
2022-05-15 6:00:00,30.64085833
2022-05-15 7:00:00,30.70709167
2022-05-15 8:00:00,30.75789167
2022-05-15 9:00:00,30.78713333
2022-05-15 10:00:00,30.80114167
2022-05-15 11:00:00,30.82350833
2022-05-15 12:00:00,30.780175
2022-05-15 13:00:00,30.05190833
2022-05-15 14:00:00,29.698475
2022-05-15 15:00:00,29.69949167
2022-05-15 16:00:00,29.706025
2022-05-15 17:00:00,29.86445833
2022-05-15 18:00:00,30.20951667
2022-05-15 19:00:00,30.27875
2022-05-15 20:00:00,30.32790833
2022-05-15 21:00:00,30.39800833
2022-05-15 22:00:00,30.42945
2022-05-15 23:00:00,30.47141667
2022-05-16 0:00:00,30.47735833
2022-05-16 1:00:00,30.55576667
2022-05-16 2:00:00,30.600825
2022-05-16 3:00:00,30.656225
2022-05-16 4:00:00,30.62015
2022-05-16 5:00:00,30.677125
2022-05-16 6:00:00,30.74791667
2022-05-16 7:00:00,30.91018333
2022-05-16 8:00:00,30.97461667
2022-05-16 9:00:00,30.98440833
2022-05-16 10:00:00,30.998875
2022-05-16 11:00:00,31.03125833
2022-05-16 12:00:00,31.02580833
2022-05-16 13:00:00,30.87181667
2022-05-16 14:00:00,30.35551667
2022-05-16 15:00:00,30.09979167
2022-05-16 16:00:00,29.97428333
2022-05-16 17:00:00,29.929525
2022-05-16 18:00:00,30.08330833
2022-05-16 19:00:00,30.35784167
2022-05-16 20:00:00,30.45435833
2022-05-16 21:00:00,30.510475
2022-05-16 22:00:00,30.53738333
2022-05-16 23:00:00,30.58293333
2022-05-17 0:00:00,30.60539167
2022-05-17 1:00:00,30.6065
2022-05-17 2:00:00,30.70493333
2022-05-17 3:00:00,30.726525
2022-05-17 4:00:00,30.69934167
2022-05-17 5:00:00,30.65461667
2022-05-17 6:00:00,30.780325
2022-05-17 7:00:00,30.82946667
2022-05-17 8:00:00,30.85944167
2022-05-17 9:00:00,30.94379167
2022-05-17 10:00:00,30.96376667
2022-05-17 11:00:00,30.96474167
2022-05-17 12:00:00,30.95678333
2022-05-17 13:00:00,30.92549167
2022-05-17 14:00:00,30.72410833
2022-05-17 15:00:00,30.01865
2022-05-17 16:00:00,29.87989167
2022-05-17 17:00:00,29.87595833
2022-05-17 18:00:00,29.83171667
2022-05-17 19:00:00,30.12515
2022-05-17 20:00:00,30.31955
2022-05-17 21:00:00,30.42354167
2022-05-17 22:00:00,30.48365
2022-05-17 23:00:00,30.57415833
2022-05-18 0:00:00,30.603225
2022-05-18 1:00:00,30.622475
2022-05-18 2:00:00,30.6037
2022-05-18 3:00:00,30.670325
2022-05-18 4:00:00,30.77388333
2022-05-18 5:00:00,30.72939167
2022-05-18 6:00:00,30.789625
2022-05-18 7:00:00,30.91614167
2022-05-18 8:00:00,30.94381667
2022-05-18 9:00:00,30.99585833
2022-05-18 10:00:00,31.03679167
2022-05-18 11:00:00,31.0552
2022-05-18 12:00:00,31.03885833
2022-05-18 13:00:00,31.012125
2022-05-18 14:00:00,31.02013333
2022-05-18 15:00:00,30.55130833
2022-05-18 16:00:00,30.17648333
2022-05-18 17:00:00,30.00755833
2022-05-18 18:00:00,29.97739167
2022-05-18 19:00:00,29.92879167
2022-05-18 20:00:00,30.19605
2022-05-18 21:00:00,30.27769167
2022-05-18 22:00:00,30.35128333
2022-05-18 23:00:00,30.52233333
2022-05-19 0:00:00,30.60045
2022-05-19 1:00:00,30.656275
2022-05-19 2:00:00,30.82668333
2022-05-19 3:00:00,30.827725
2022-05-19 4:00:00,30.81706667
2022-05-19 5:00:00,30.86154167
2022-05-19 6:00:00,30.8477
2022-05-19 7:00:00,31.01711667
2022-05-19 8:00:00,31.144575
2022-05-19 9:00:00,31.178775
2022-05-19 10:00:00,31.18085
2022-05-19 11:00:00,31.168675
2022-05-19 12:00:00,31.165525
2022-05-19 13:00:00,31.15409167
2022-05-19 14:00:00,31.13426667
2022-05-19 15:00:00,31.0656
2022-05-19 16:00:00,30.75658333
2022-05-19 17:00:00,30.14755
2022-05-19 18:00:00,30.02889167
2022-05-19 19:00:00,29.99505
2022-05-19 20:00:00,30.07093333
2022-05-19 21:00:00,30.29291667
2022-05-19 22:00:00,30.40868333
2022-05-19 23:00:00,30.4769
2022-05-20 0:00:00,30.570725
2022-05-20 1:00:00,30.64048333
2022-05-20 2:00:00,30.65774167
2022-05-20 3:00:00,30.64166667
2022-05-20 4:00:00,30.62570833
2022-05-20 5:00:00,30.73778333
2022-05-20 6:00:00,30.81424167
2022-05-20 7:00:00,30.82463333
2022-05-20 8:00:00,30.823075
2022-05-20 9:00:00,30.96790833
2022-05-20 10:00:00,30.97041667
2022-05-20 11:00:00,30.99883333
2022-05-20 12:00:00,30.99055833
2022-05-20 13:00:00,30.9843
2022-05-20 14:00:00,30.96689167
2022-05-20 15:00:00,30.91519167
2022-05-20 16:00:00,30.855475
2022-05-20 17:00:00,30.32495833
2022-05-20 18:00:00,30.04474167
2022-05-20 19:00:00,30.00433333
2022-05-20 20:00:00,30.02226667
2022-05-20 21:00:00,30.01369167
2022-05-20 22:00:00,30.271925
2022-05-20 23:00:00,30.43895
2022-05-21 0:00:00,30.39373333
2022-05-21 1:00:00,30.46438333
2022-05-21 2:00:00,30.54079167
2022-05-21 3:00:00,30.561725
2022-05-21 4:00:00,30.63565833
2022-05-21 5:00:00,30.58553333
2022-05-21 6:00:00,30.623175
2022-05-21 7:00:00,30.70451667
2022-05-21 8:00:00,30.705625
2022-05-21 9:00:00,30.70215
2022-05-21 10:00:00,30.96303333
2022-05-21 11:00:00,31.016925
2022-05-21 12:00:00,31.04039167
2022-05-21 13:00:00,31.055
2022-05-21 14:00:00,31.04388
2022-05-21 15:00:00,31.03741667
2022-05-21 16:00:00,30.97651667
2022-05-21 17:00:00,30.920375
2022-05-21 18:00:00,30.73285
2022-05-21 19:00:00,30.2527
2022-05-21 20:00:00,29.99345
2022-05-21 21:00:00,30.03419167
2022-05-21 22:00:00,30.03941667
2022-05-21 23:00:00,30.359025
2022-05-22 0:00:00,30.46644167
2022-05-22 1:00:00,30.48551667
2022-05-22 2:00:00,30.50998333
2022-05-22 3:00:00,30.597725
2022-05-22 4:00:00,30.60036667
2022-05-22 5:00:00,30.721775
2022-05-22 6:00:00,30.71883333
2022-05-22 7:00:00,30.71135
2022-05-22 8:00:00,30.69919167
2022-05-22 9:00:00,30.77521667
2022-05-22 10:00:00,30.78704167
2022-05-22 11:00:00,30.80609167
2022-05-22 12:00:00,31.02594167
2022-05-22 13:00:00,31.08269167
2022-05-22 14:00:00,31.107825
2022-05-22 15:00:00,31.10636667
2022-05-22 16:00:00,31.10936667
2022-05-22 17:00:00,31.107075
2022-05-22 18:00:00,30.94753333
2022-05-22 19:00:00,30.73268333
2022-05-22 20:00:00,30.209225
2022-05-22 21:00:00,30.142825
2022-05-22 22:00:00,30.045575
2022-05-22 23:00:00,30.0488
2022-05-23 0:00:00,30.41125833
2022-05-23 1:00:00,30.49369167
2022-05-23 2:00:00,30.51110833
2022-05-23 3:00:00,30.54398333
2022-05-23 4:00:00,30.58573333
2022-05-23 5:00:00,30.649975
2022-05-23 6:00:00,30.69279167
2022-05-23 7:00:00,30.7018
2022-05-23 8:00:00,30.66734167
2022-05-23 9:00:00,30.654125
2022-05-23 10:00:00,30.68676667
2022-05-23 11:00:00,30.69929167
2022-05-23 12:00:00,30.726725
2022-05-23 13:00:00,30.81570833
2022-05-23 14:00:00,30.93611667
2022-05-23 15:00:00,30.96543333
2022-05-23 16:00:00,31.002575
2022-05-23 17:00:00,31.03319167
2022-05-23 18:00:00,31.030375
2022-05-23 19:00:00,30.96691667
2022-05-23 20:00:00,30.86815833
2022-05-23 21:00:00,30.49555833
2022-05-23 22:00:00,30.403625
2022-05-23 23:00:00,30.32279167
2022-05-24 0:00:00,30.3093
2022-05-24 1:00:00,30.59746667
2022-05-24 2:00:00,30.6743
2022-05-24 3:00:00,30.654825
2022-05-24 4:00:00,30.68074167
2022-05-24 5:00:00,30.76375
2022-05-24 6:00:00,30.89281667
2022-05-24 7:00:00,30.94284167
2022-05-24 8:00:00,30.96541667
2022-05-24 9:00:00,30.95103333
2022-05-24 10:00:00,30.91925
2022-05-24 11:00:00,30.89481667
2022-05-24 12:00:00,30.85251667
2022-05-24 13:00:00,30.802475
2022-05-24 14:00:00,30.90440833
2022-05-24 15:00:00,31.02290833
2022-05-24 16:00:00,31.09266667
2022-05-24 17:00:00,31.0984
2022-05-24 18:00:00,31.13320833
2022-05-24 19:00:00,31.14675
2022-05-24 20:00:00,31.09704167
2022-05-24 21:00:00,31.092975
2022-05-24 22:00:00,30.821025
2022-05-24 23:00:00,30.54090833
2022-05-25 0:00:00,30.53525
2022-05-25 1:00:00,30.52935
2022-05-25 2:00:00,30.77784167
2022-05-25 3:00:00,30.86028333
2022-05-25 4:00:00,30.93504167
2022-05-25 5:00:00,30.94096667
2022-05-25 6:00:00,30.99751667
2022-05-25 7:00:00,31.06044167
2022-05-25 8:00:00,31.12458333
2022-05-25 9:00:00,31.11140833
2022-05-25 10:00:00,31.08701667
2022-05-25 11:00:00,30.8213
2022-05-25 12:00:00,30.68644167
2022-05-25 13:00:00,30.68180833
2022-05-25 14:00:00,30.60396667
2022-05-25 15:00:00,30.74178333
2022-05-25 16:00:00,30.945525
2022-05-25 17:00:00,31.04403333
2022-05-25 18:00:00,31.08671667
2022-05-25 19:00:00,31.088375
2022-05-25 20:00:00,31.09571667
2022-05-25 21:00:00,31.09496667
2022-05-25 22:00:00,30.98309167
2022-05-25 23:00:00,30.72311667
2022-05-26 0:00:00,30.68513333
2022-05-26 1:00:00,30.62283333
2022-05-26 2:00:00,30.60935833
2022-05-26 3:00:00,30.78896667
2022-05-26 4:00:00,30.88704167
2022-05-26 5:00:00,31.00430833
2022-05-26 6:00:00,31.0066
2022-05-26 7:00:00,31.02898333
2022-05-26 8:00:00,31.05718333
2022-05-26 9:00:00,31.10319167
2022-05-26 10:00:00,31.10299167
2022-05-26 11:00:00,30.94423333
2022-05-26 12:00:00,30.54695
2022-05-26 13:00:00,30.48569167
2022-05-26 14:00:00,30.52180833
2022-05-26 15:00:00,30.536075
2022-05-26 16:00:00,30.765925
2022-05-26 17:00:00,30.91509167
2022-05-26 18:00:00,30.981475
2022-05-26 19:00:00,31.02731667
2022-05-26 20:00:00,31.06428333
2022-05-26 21:00:00,31.06585833
2022-05-26 22:00:00,31.06060833
2022-05-26 23:00:00,31.060375
2022-05-27 0:00:00,30.93850833
2022-05-27 1:00:00,30.86373333
2022-05-27 2:00:00,30.84981667
2022-05-27 3:00:00,30.82531667
2022-05-27 4:00:00,30.96245833
2022-05-27 5:00:00,30.99263333
2022-05-27 6:00:00,31.048525
2022-05-27 7:00:00,31.11515833
2022-05-27 8:00:00,31.129125
2022-05-27 9:00:00,31.13574167
2022-05-27 10:00:00,31.13174167
2022-05-27 11:00:00,31.12659167
2022-05-27 12:00:00,30.90389167
2022-05-27 13:00:00,30.58989167
2022-05-27 14:00:00,30.53584167
2022-05-27 15:00:00,30.51576667
2022-05-27 16:00:00,30.56961667
2022-05-27 17:00:00,30.8548
2022-05-27 18:00:00,30.9003
2022-05-27 19:00:00,30.965125
2022-05-27 20:00:00,30.99106667
2022-05-27 21:00:00,30.99665
2022-05-27 22:00:00,30.97024167
2022-05-27 23:00:00,30.97460833
2022-05-28 0:00:00,31.02795833
2022-05-28 1:00:00,30.99209167
2022-05-28 2:00:00,30.9707
2022-05-28 3:00:00,30.952475
2022-05-28 4:00:00,30.93725
2022-05-28 5:00:00,31.01354167
2022-05-28 6:00:00,31.04680833
2022-05-28 7:00:00,31.090675
2022-05-28 8:00:00,31.14895833
2022-05-28 9:00:00,31.1594
2022-05-28 10:00:00,31.16438333
2022-05-28 11:00:00,31.16330833
2022-05-28 12:00:00,31.1139
2022-05-28 13:00:00,30.68929167
2022-05-28 14:00:00,30.59575
2022-05-28 15:00:00,30.54641667
2022-05-28 16:00:00,30.52450833
2022-05-28 17:00:00,30.53799167
2022-05-28 18:00:00,30.73594167
2022-05-28 19:00:00,30.82321667
2022-05-28 20:00:00,30.87691667
2022-05-28 21:00:00,30.89089167
2022-05-28 22:00:00,30.8918
2022-05-28 23:00:00,30.89348333
2022-05-29 0:00:00,30.88825
2022-05-29 1:00:00,30.93776667
2022-05-29 2:00:00,30.99366667
2022-05-29 3:00:00,30.98199167
2022-05-29 4:00:00,30.96526667
2022-05-29 5:00:00,31.014975
2022-05-29 6:00:00,31.0544
2022-05-29 7:00:00,31.08504167
2022-05-29 8:00:00,31.11733333
2022-05-29 9:00:00,31.15430833
2022-05-29 10:00:00,31.17720833
2022-05-29 11:00:00,31.1971
2022-05-29 12:00:00,31.17771667
2022-05-29 13:00:00,30.88275
2022-05-29 14:00:00,30.61054167
2022-05-29 15:00:00,30.514575
2022-05-29 16:00:00,30.46250833
2022-05-29 17:00:00,30.42751667
2022-05-29 18:00:00,30.517325
2022-05-29 19:00:00,30.61353333
2022-05-29 20:00:00,30.70630833
2022-05-29 21:00:00,30.74324167
2022-05-29 22:00:00,30.79305
2022-05-29 23:00:00,30.79800833
2022-05-30 0:00:00,30.80963333
2022-05-30 1:00:00,30.825825
2022-05-30 2:00:00,30.936975
2022-05-30 3:00:00,30.97081667
2022-05-30 4:00:00,30.95711667
2022-05-30 5:00:00,30.952675
2022-05-30 6:00:00,31.03236667
2022-05-30 7:00:00,31.04330833
2022-05-30 8:00:00,31.05500833
2022-05-30 9:00:00,31.089625
2022-05-30 10:00:00,31.11631667
2022-05-30 11:00:00,31.12955833
2022-05-30 12:00:00,31.121925
2022-05-30 13:00:00,31.08014167
2022-05-30 14:00:00,30.68380833
2022-05-30 15:00:00,30.402725
2022-05-30 16:00:00,30.46316667
2022-05-30 17:00:00,30.43691667
2022-05-30 18:00:00,30.4033
2022-05-30 19:00:00,30.64364167
2022-05-30 20:00:00,30.69441667
2022-05-30 21:00:00,30.70815833
2022-05-30 22:00:00,30.73704167
2022-05-30 23:00:00,30.77128333
2022-05-31 0:00:00,30.78265
2022-05-31 1:00:00,30.77195833
2022-05-31 2:00:00,30.767675
2022-05-31 3:00:00,30.888075
2022-05-31 4:00:00,30.957075
2022-05-31 5:00:00,30.95129167
2022-05-31 6:00:00,31.10075
2022-05-31 7:00:00,31.165525
2022-05-31 8:00:00,31.19565833
2022-05-31 9:00:00,31.2099
2022-05-31 10:00:00,31.2189
2022-05-31 11:00:00,31.22490833
2022-05-31 12:00:00,31.22381667
2022-05-31 13:00:00,31.200225
2022-05-31 14:00:00,31.015325
2022-05-31 15:00:00,30.70758333
2022-05-31 16:00:00,30.36955833
2022-05-31 17:00:00,30.35805
2022-05-31 18:00:00,30.34862727
2022-05-31 19:00:00,30.4544
2022-05-31 20:00:00,30.66113333
2022-05-31 21:00:00,30.70605833
2022-05-31 22:00:00,30.75360833
2022-05-31 23:00:00,30.86485833
2022-06-01 0:00:00,30.91771667
2022-06-01 1:00:00,30.9512
2022-06-01 2:00:00,31.024275
2022-06-01 3:00:00,31.012425
2022-06-01 4:00:00,31.01355
2022-06-01 5:00:00,31.013175
2022-06-01 6:00:00,31.053775
2022-06-01 7:00:00,31.288425
2022-06-01 8:00:00,31.35629167
2022-06-01 9:00:00,31.36775833
2022-06-01 10:00:00,31.36339167
2022-06-01 11:00:00,31.36335833
2022-06-01 12:00:00,31.36558333
2022-06-01 13:00:00,31.36051667
2022-06-01 14:00:00,31.31131667
2022-06-01 15:00:00,30.78355
2022-06-01 16:00:00,30.37659167
2022-06-01 17:00:00,30.33735
2022-06-01 18:00:00,30.39168333
2022-06-01 19:00:00,30.38923333
2022-06-01 20:00:00,30.65633333
2022-06-01 21:00:00,30.77209167
2022-06-01 22:00:00,30.816125
2022-06-01 23:00:00,30.85484167
2022-06-02 0:00:00,30.91304167
2022-06-02 1:00:00,30.929425
2022-06-02 2:00:00,30.914575
2022-06-02 3:00:00,30.93256667
2022-06-02 4:00:00,30.91385833
2022-06-02 5:00:00,30.97406667
2022-06-02 6:00:00,31.02481667
2022-06-02 7:00:00,31.20806667
2022-06-02 8:00:00,31.32695
2022-06-02 9:00:00,31.331425
2022-06-02 10:00:00,31.33958333
2022-06-02 11:00:00,31.33448333
2022-06-02 12:00:00,31.331025
2022-06-02 13:00:00,31.3273
2022-06-02 14:00:00,31.31153333
2022-06-02 15:00:00,31.22234167
2022-06-02 16:00:00,30.63483333
2022-06-02 17:00:00,30.48740833
2022-06-02 18:00:00,30.446825
2022-06-02 19:00:00,30.46285
2022-06-02 20:00:00,30.498225
2022-06-02 21:00:00,30.78164167
2022-06-02 22:00:00,30.85081667
2022-06-02 23:00:00,30.87363333
2022-06-03 0:00:00,30.895125
2022-06-03 1:00:00,30.93054167
2022-06-03 2:00:00,30.94168333
2022-06-03 3:00:00,30.92136667
2022-06-03 4:00:00,30.87815
2022-06-03 5:00:00,30.8824
2022-06-03 6:00:00,30.94378333
2022-06-03 7:00:00,30.963175
2022-06-03 8:00:00,31.11138333
2022-06-03 9:00:00,31.22254167
2022-06-03 10:00:00,31.24321667
2022-06-03 11:00:00,31.24248333
2022-06-03 12:00:00,31.23715
2022-06-03 13:00:00,31.23098333
2022-06-03 14:00:00,31.22384167
2022-06-03 15:00:00,31.21763333
2022-06-03 16:00:00,30.98761667
2022-06-03 17:00:00,30.58275
2022-06-03 18:00:00,30.60493333
2022-06-03 19:00:00,30.54869167
2022-06-03 20:00:00,30.52873333
2022-06-03 21:00:00,30.57974167
2022-06-03 22:00:00,30.78730833
2022-06-03 23:00:00,30.82081667
2022-06-04 0:00:00,30.82749167
2022-06-04 1:00:00,30.84919167
2022-06-04 2:00:00,30.87146667
2022-06-04 3:00:00,30.88083333
2022-06-04 4:00:00,30.83670833
2022-06-04 5:00:00,30.87434167
2022-06-04 6:00:00,30.84953333
2022-06-04 7:00:00,30.91521667
2022-06-04 8:00:00,30.91011667
2022-06-04 9:00:00,30.98574167
2022-06-04 10:00:00,31.183525
2022-06-04 11:00:00,31.23590833
2022-06-04 12:00:00,31.22910833
2022-06-04 13:00:00,31.22613333
2022-06-04 14:00:00,31.21856667
2022-06-04 15:00:00,31.18928333
2022-06-04 16:00:00,31.0699
2022-06-04 17:00:00,30.65949167
2022-06-04 18:00:00,30.367675
2022-06-04 19:00:00,30.3538
2022-06-04 20:00:00,30.30774167
2022-06-04 21:00:00,30.25588333
2022-06-04 22:00:00,30.48600833
2022-06-04 23:00:00,30.654375
2022-06-05 0:00:00,30.70334167
2022-06-05 1:00:00,30.72318333
2022-06-05 2:00:00,30.773525
2022-06-05 3:00:00,30.79940833
2022-06-05 4:00:00,30.7983
2022-06-05 5:00:00,30.80414167
2022-06-05 6:00:00,30.79906667
2022-06-05 7:00:00,30.805375
2022-06-05 8:00:00,30.83564167
2022-06-05 9:00:00,30.85164167
2022-06-05 10:00:00,30.933525
2022-06-05 11:00:00,31.144925
2022-06-05 12:00:00,31.161925
2022-06-05 13:00:00,31.17005833
2022-06-05 14:00:00,31.17516667
2022-06-05 15:00:00,31.1435
2022-06-05 16:00:00,31.1178
2022-06-05 17:00:00,31.08915
2022-06-05 18:00:00,30.86958333
2022-06-05 19:00:00,30.6339
2022-06-05 20:00:00,30.563375
2022-06-05 21:00:00,30.499575
2022-06-05 22:00:00,30.45106667
2022-06-05 23:00:00,30.675875
2022-06-06 0:00:00,30.74110833
2022-06-06 1:00:00,30.7621
2022-06-06 2:00:00,30.80753333
2022-06-06 3:00:00,30.80458333
2022-06-06 4:00:00,30.81800833
2022-06-06 5:00:00,30.82223333
2022-06-06 6:00:00,30.81021667
2022-06-06 7:00:00,30.82004167
2022-06-06 8:00:00,30.84955
2022-06-06 9:00:00,30.95033333
2022-06-06 10:00:00,30.97859167
2022-06-06 11:00:00,30.93405833
2022-06-06 12:00:00,30.98479167
2022-06-06 13:00:00,31.06869167
2022-06-06 14:00:00,31.08759167
2022-06-06 15:00:00,31.11010833
2022-06-06 16:00:00,31.117175
2022-06-06 17:00:00,31.08816667
2022-06-06 18:00:00,31.06609167
2022-06-06 19:00:00,30.90499167
2022-06-06 20:00:00,30.18748333
2022-06-06 21:00:00,30.03484167
2022-06-06 22:00:00,30.1983
2022-06-06 23:00:00,30.3735
2022-06-07 0:00:00,30.51144167
2022-06-07 1:00:00,30.64245833
2022-06-07 2:00:00,30.65236667
2022-06-07 3:00:00,30.85239167
2022-06-07 4:00:00,30.887275
2022-06-07 5:00:00,30.89426667
2022-06-07 6:00:00,30.89598333
2022-06-07 7:00:00,30.84305833
2022-06-07 8:00:00,30.86029167
2022-06-07 9:00:00,30.84438333
2022-06-07 10:00:00,30.82415833
2022-06-07 11:00:00,30.79790833
2022-06-07 12:00:00,30.845425
2022-06-07 13:00:00,30.86214167
2022-06-07 14:00:00,30.9522
2022-06-07 15:00:00,31.0046
2022-06-07 16:00:00,31.02173333
2022-06-07 17:00:00,31.001425
2022-06-07 18:00:00,31.00918333
2022-06-07 19:00:00,30.977125
2022-06-07 20:00:00,30.84399167
2022-06-07 21:00:00,30.49389167
2022-06-07 22:00:00,30.36675833
2022-06-07 23:00:00,30.38125833
2022-06-08 0:00:00,30.561825
2022-06-08 1:00:00,30.79456667
2022-06-08 2:00:00,30.8449
2022-06-08 3:00:00,30.87451667
2022-06-08 4:00:00,30.92196667
2022-06-08 5:00:00,30.95926667
2022-06-08 6:00:00,30.98468333
2022-06-08 7:00:00,30.98990833
2022-06-08 8:00:00,30.96154167
2022-06-08 9:00:00,30.9933
2022-06-08 10:00:00,31.00411667
2022-06-08 11:00:00,30.97730833
2022-06-08 12:00:00,30.97250833
2022-06-08 13:00:00,30.97284167
2022-06-08 14:00:00,30.96988333
2022-06-08 15:00:00,31.0589
2022-06-08 16:00:00,31.0974
2022-06-08 17:00:00,31.08749167
2022-06-08 18:00:00,31.1038
2022-06-08 19:00:00,31.09
2022-06-08 20:00:00,31.05615833
2022-06-08 21:00:00,30.7321
2022-06-08 22:00:00,30.32884167
2022-06-08 23:00:00,30.65874167
2022-06-09 0:00:00,30.6619
2022-06-09 1:00:00,30.82015833
2022-06-09 2:00:00,30.903875
2022-06-09 3:00:00,30.93619167
2022-06-09 4:00:00,30.97164167
2022-06-09 5:00:00,31.006775
2022-06-09 6:00:00,31.01994167
2022-06-09 7:00:00,31.02704167
2022-06-09 8:00:00,31.00701667
2022-06-09 9:00:00,30.96646667
2022-06-09 10:00:00,30.96385833
2022-06-09 11:00:00,30.91651667
2022-06-09 12:00:00,30.71549167
2022-06-09 13:00:00,30.653425
2022-06-09 14:00:00,30.66029167
2022-06-09 15:00:00,30.86214167
2022-06-09 16:00:00,30.94833333
2022-06-09 17:00:00,30.99338333
2022-06-09 18:00:00,31.00355
2022-06-09 19:00:00,31.00929167
2022-06-09 20:00:00,31.01121667
2022-06-09 21:00:00,30.92899167
2022-06-09 22:00:00,30.78755
2022-06-09 23:00:00,30.58094167
2022-06-10 0:00:00,30.531975
2022-06-10 1:00:00,30.59499167
2022-06-10 2:00:00,30.80316667
2022-06-10 3:00:00,30.83288333
2022-06-10 4:00:00,30.94771667
2022-06-10 5:00:00,31.03323333
2022-06-10 6:00:00,31.04828333
2022-06-10 7:00:00,31.05594167
2022-06-10 8:00:00,31.06105
2022-06-10 9:00:00,31.06010833
2022-06-10 10:00:00,31.01781667
2022-06-10 11:00:00,30.43894167
2022-06-10 12:00:00,30.288975
2022-06-10 13:00:00,30.3216
2022-06-10 16:00:00,30.74904167
2022-06-10 17:00:00,30.75685833
2022-06-10 18:00:00,30.7839
2022-06-10 19:00:00,30.80625833
2022-06-10 20:00:00,30.82338333
2022-06-10 21:00:00,30.83496667
2022-06-10 22:00:00,30.83525
2022-06-10 23:00:00,30.75884167
2022-06-11 0:00:00,30.65344167
2022-06-11 1:00:00,30.59748333
2022-06-11 2:00:00,30.77249167
2022-06-11 3:00:00,30.90339167
2022-06-11 4:00:00,30.94018333
2022-06-11 5:00:00,30.991525
2022-06-11 6:00:00,31.03855
2022-06-11 7:00:00,31.08380833
2022-06-11 8:00:00,31.11065
2022-06-11 9:00:00,31.11115833
2022-06-11 10:00:00,31.07804167
2022-06-11 11:00:00,30.92036667
2022-06-11 12:00:00,30.36815
2022-06-11 13:00:00,30.210575
2022-06-11 14:00:00,30.198225
2022-06-11 15:00:00,30.20621667
2022-06-11 16:00:00,30.4777
2022-06-11 17:00:00,30.637975
2022-06-11 18:00:00,30.6892
2022-06-11 19:00:00,30.75068333
2022-06-11 20:00:00,30.79666667
2022-06-11 21:00:00,30.81646667
2022-06-11 22:00:00,30.80156667
2022-06-11 23:00:00,30.84558333
2022-06-12 0:00:00,30.85136667
2022-06-12 1:00:00,30.81341667
2022-06-12 2:00:00,30.75996667
2022-06-12 3:00:00,30.88925
2022-06-12 4:00:00,30.95063333
2022-06-12 5:00:00,30.99536667
2022-06-12 6:00:00,31.06535833
2022-06-12 7:00:00,31.07730833
2022-06-12 8:00:00,31.08051667
2022-06-12 9:00:00,31.07918333
2022-06-12 10:00:00,31.08540833
2022-06-12 11:00:00,31.02224167
2022-06-12 12:00:00,30.61874167
2022-06-12 13:00:00,30.41770833
2022-06-12 14:00:00,30.24685833
2022-06-12 15:00:00,30.28873333
2022-06-12 16:00:00,30.35673333
2022-06-12 17:00:00,30.64800833
2022-06-12 18:00:00,30.71163333
2022-06-12 19:00:00,30.73456667
2022-06-12 20:00:00,30.75801667
2022-06-12 21:00:00,30.78743333
2022-06-12 22:00:00,30.81913333
2022-06-12 23:00:00,30.79843333
2022-06-13 0:00:00,30.88144167
2022-06-13 1:00:00,30.88761667
2022-06-13 2:00:00,30.879025
2022-06-13 3:00:00,30.87931667
2022-06-13 4:00:00,30.99139167
2022-06-13 5:00:00,31.032625
2022-06-13 6:00:00,31.05661667
2022-06-13 7:00:00,31.10714167
2022-06-13 8:00:00,31.11209167
2022-06-13 9:00:00,31.1269
2022-06-13 10:00:00,31.12683333
2022-06-13 11:00:00,31.11280833
2022-06-13 12:00:00,31.06571667
2022-06-13 13:00:00,30.58329167
2022-06-13 14:00:00,30.371
2022-06-13 15:00:00,30.30769167
2022-06-13 16:00:00,30.2776
2022-06-13 17:00:00,30.379425
2022-06-13 18:00:00,30.57658333
2022-06-13 19:00:00,30.669175
2022-06-13 20:00:00,30.6736
2022-06-13 21:00:00,30.699425
2022-06-13 22:00:00,30.736
2022-06-13 23:00:00,30.75075
2022-06-14 0:00:00,30.72465833
2022-06-14 1:00:00,30.85340833
2022-06-14 2:00:00,30.92388333
2022-06-14 3:00:00,30.90826667
2022-06-14 4:00:00,30.94186667
2022-06-14 5:00:00,31.05726667
2022-06-14 6:00:00,31.088425
2022-06-14 7:00:00,31.10259167
2022-06-14 8:00:00,31.16495
2022-06-14 9:00:00,31.23630833
2022-06-14 10:00:00,31.25493333
2022-06-14 11:00:00,31.21705
2022-06-14 12:00:00,31.18035
2022-06-14 13:00:00,30.924125
2022-06-14 14:00:00,30.54560833
2022-06-14 15:00:00,30.41596667
2022-06-14 16:00:00,30.2992
2022-06-14 17:00:00,30.233475
2022-06-14 18:00:00,30.47273333
2022-06-14 19:00:00,30.57364167
2022-06-14 20:00:00,30.62720833
2022-06-14 21:00:00,30.72245
2022-06-14 22:00:00,30.816675
2022-06-14 23:00:00,30.81841667
2022-06-15 0:00:00,30.89415833
2022-06-15 1:00:00,30.8768
2022-06-15 2:00:00,31.03373333
2022-06-15 3:00:00,31.07499167
2022-06-15 4:00:00,31.03024167
2022-06-15 5:00:00,31.151875
2022-06-15 6:00:00,31.25266667
2022-06-15 7:00:00,31.2643
2022-06-15 8:00:00,31.282625
2022-06-15 9:00:00,31.27643333
2022-06-15 10:00:00,31.26139167
2022-06-15 11:00:00,31.25063333
2022-06-15 12:00:00,31.243825
2022-06-15 13:00:00,31.23300833
2022-06-15 14:00:00,30.8634
2022-06-15 15:00:00,30.53405833
2022-06-15 16:00:00,30.35441667
2022-06-15 17:00:00,30.27484167
2022-06-15 18:00:00,30.29990833
2022-06-15 19:00:00,30.55281667
2022-06-15 20:00:00,30.62210833
2022-06-15 21:00:00,30.73069167
2022-06-15 22:00:00,30.85791667
2022-06-15 23:00:00,30.93056667
2022-06-16 0:00:00,30.914875
2022-06-16 1:00:00,30.93939167
2022-06-16 2:00:00,30.93199167
2022-06-16 3:00:00,31.085
2022-06-16 4:00:00,31.09166667
2022-06-16 5:00:00,31.06584167
2022-06-16 6:00:00,31.210925
2022-06-16 7:00:00,31.330475
2022-06-16 8:00:00,31.33350833
2022-06-16 9:00:00,31.32834167
2022-06-16 10:00:00,31.3399
2022-06-16 11:00:00,31.34633333
2022-06-16 12:00:00,31.33541667
2022-06-16 13:00:00,31.322725
2022-06-16 14:00:00,31.31154167
2022-06-16 15:00:00,31.22508333
2022-06-16 16:00:00,30.705025
2022-06-16 17:00:00,30.45764167
2022-06-16 18:00:00,30.430275
2022-06-16 19:00:00,30.43464167
2022-06-16 20:00:00,30.65214167
2022-06-16 21:00:00,30.760175
2022-06-16 22:00:00,30.77265
2022-06-16 23:00:00,30.83856667
2022-06-17 0:00:00,30.93126667
2022-06-17 1:00:00,30.96129167
2022-06-17 2:00:00,30.92584167
2022-06-17 3:00:00,30.960225
2022-06-17 4:00:00,31.10358333
2022-06-17 5:00:00,31.09751667
2022-06-17 6:00:00,31.0454
2022-06-17 7:00:00,31.14744167
2022-06-17 8:00:00,31.22949167
2022-06-17 9:00:00,31.25920833
2022-06-17 10:00:00,31.30505833
2022-06-17 11:00:00,31.33188333
2022-06-17 12:00:00,31.34099167
2022-06-17 13:00:00,31.346575
2022-06-17 14:00:00,31.3341
2022-06-17 15:00:00,31.26920833
2022-06-17 16:00:00,30.964625
2022-06-17 17:00:00,30.70863333
2022-06-17 18:00:00,30.552225
2022-06-17 19:00:00,30.52844167
2022-06-17 20:00:00,30.54915833
2022-06-17 21:00:00,30.71245833
2022-06-17 22:00:00,30.81026667
2022-06-17 23:00:00,30.83928333
2022-06-18 0:00:00,30.92510833
2022-06-18 1:00:00,30.96291667
2022-06-18 2:00:00,30.99123333
2022-06-18 3:00:00,31.01248333
2022-06-18 4:00:00,30.98665833
2022-06-18 5:00:00,31.0077
2022-06-18 6:00:00,31.02615833
2022-06-18 7:00:00,31.04143333
2022-06-18 8:00:00,31.12825
2022-06-18 9:00:00,31.24341667
2022-06-18 10:00:00,31.277075
2022-06-18 11:00:00,31.28476667
2022-06-18 12:00:00,31.31985
2022-06-18 13:00:00,31.33183333
2022-06-18 14:00:00,31.33360833
2022-06-18 15:00:00,31.32405833
2022-06-18 16:00:00,31.21258333
2022-06-18 17:00:00,30.81723333
2022-06-18 18:00:00,30.62825
2022-06-18 19:00:00,30.51441667
2022-06-18 20:00:00,30.53868333
2022-06-18 21:00:00,30.59249167
2022-06-18 22:00:00,30.77200833
2022-06-18 23:00:00,30.81599167
2022-06-19 0:00:00,30.84460833
2022-06-19 1:00:00,30.95155833
2022-06-19 2:00:00,31.0298
2022-06-19 3:00:00,31.022175
2022-06-19 4:00:00,31.02143333
2022-06-19 5:00:00,31.01309167
2022-06-19 6:00:00,31.0416
2022-06-19 7:00:00,31.04755
2022-06-19 8:00:00,31.04928333
2022-06-19 9:00:00,31.06185833
2022-06-19 10:00:00,31.09454167
2022-06-19 11:00:00,31.1652
2022-06-19 12:00:00,31.24781667
2022-06-19 13:00:00,31.31758333
2022-06-19 14:00:00,31.33680833
2022-06-19 15:00:00,31.33505
2022-06-19 16:00:00,31.24479167
2022-06-19 17:00:00,31.173125
2022-06-19 18:00:00,30.78215
2022-06-19 19:00:00,30.63429167
2022-06-19 20:00:00,30.577625
2022-06-19 21:00:00,30.577325
2022-06-19 22:00:00,30.67278333
2022-06-19 23:00:00,30.8372
2022-06-20 0:00:00,30.91668333
2022-06-20 1:00:00,30.91168333
2022-06-20 2:00:00,30.96041667
2022-06-20 3:00:00,31.00713333
2022-06-20 4:00:00,31.02351667
2022-06-20 5:00:00,31.07089167
2022-06-20 6:00:00,31.04741667
2022-06-20 7:00:00,31.04099167
2022-06-20 8:00:00,31.05658333
2022-06-20 9:00:00,31.1064
2022-06-20 10:00:00,31.14125833
2022-06-20 11:00:00,31.16900833
2022-06-20 12:00:00,31.28724167
2022-06-20 13:00:00,31.33306667
2022-06-20 14:00:00,31.3873
2022-06-20 15:00:00,31.40743333
2022-06-20 16:00:00,31.415125
2022-06-20 17:00:00,31.35980833
2022-06-20 18:00:00,31.29595833
2022-06-20 19:00:00,30.95535833
2022-06-20 20:00:00,30.82483333
2022-06-20 21:00:00,30.78104167
2022-06-20 22:00:00,30.813025
2022-06-20 23:00:00,30.94308333
2022-06-21 0:00:00,31.062925
2022-06-21 1:00:00,31.10785
2022-06-21 2:00:00,31.13140833
2022-06-21 3:00:00,31.16724167
2022-06-21 4:00:00,31.24649167
2022-06-21 5:00:00,31.298875
2022-06-21 6:00:00,31.320275
2022-06-21 7:00:00,31.33408333
2022-06-21 8:00:00,31.27789167
2022-06-21 9:00:00,31.20961667
2022-06-21 10:00:00,31.23606667
2022-06-21 11:00:00,31.23185833
2022-06-21 12:00:00,31.24940833
2022-06-21 13:00:00,31.37158333
2022-06-21 14:00:00,31.42485833
2022-06-21 15:00:00,31.45101667
2022-06-21 16:00:00,31.49
2022-06-21 17:00:00,31.48895
2022-06-21 18:00:00,31.43996667
2022-06-21 19:00:00,31.429375
2022-06-21 20:00:00,31.28761667
2022-06-21 21:00:00,31.21734167
2022-06-21 22:00:00,31.13775
2022-06-21 23:00:00,31.06435833
2022-06-22 0:00:00,31.31535
2022-06-22 1:00:00,31.385
2022-06-22 2:00:00,31.44650833
2022-06-22 3:00:00,31.47705
2022-06-22 4:00:00,31.51975833
2022-06-22 5:00:00,31.57226667
2022-06-22 6:00:00,31.59993333
2022-06-22 7:00:00,31.6074
2022-06-22 8:00:00,31.57964167
2022-06-22 9:00:00,31.55064167
2022-06-22 10:00:00,31.40188333
2022-06-22 11:00:00,31.27010833
2022-06-22 12:00:00,31.19926667
2022-06-22 13:00:00,31.19070833
2022-06-22 14:00:00,31.49111667
2022-06-22 15:00:00,31.525375
2022-06-22 16:00:00,31.56325
2022-06-22 17:00:00,31.61269167
2022-06-22 18:00:00,31.62035
2022-06-22 19:00:00,31.61870833
2022-06-22 20:00:00,31.57718333
2022-06-22 21:00:00,31.29669167
2022-06-22 22:00:00,31.2273
2022-06-22 23:00:00,31.19880833
2022-06-23 0:00:00,31.21525
2022-06-23 1:00:00,31.42173333
2022-06-23 2:00:00,31.49223333
2022-06-23 3:00:00,31.54628333
2022-06-23 4:00:00,31.585475
2022-06-23 5:00:00,31.63289167
2022-06-23 6:00:00,31.64556667
2022-06-23 7:00:00,31.646575
2022-06-23 8:00:00,31.651225
2022-06-23 9:00:00,31.64929167
2022-06-23 10:00:00,31.38575
2022-06-23 11:00:00,31.109925
2022-06-23 12:00:00,31.15451667
2022-06-23 13:00:00,31.19984
2022-06-23 14:00:00,31.17291667
2022-06-23 15:00:00,31.3536
2022-06-23 16:00:00,31.4579
2022-06-23 17:00:00,31.516
2022-06-23 18:00:00,31.54528333
2022-06-23 19:00:00,31.55255
2022-06-23 20:00:00,31.55031667
2022-06-23 21:00:00,31.534825
2022-06-23 22:00:00,31.48485833
2022-06-23 23:00:00,31.3621
2022-06-24 0:00:00,31.339175
2022-06-24 1:00:00,31.30241667
2022-06-24 2:00:00,31.45766667
2022-06-24 3:00:00,31.55204167
2022-06-24 4:00:00,31.64083333
2022-06-24 5:00:00,31.66196667
2022-06-24 6:00:00,31.66801667
2022-06-24 7:00:00,31.66766667
2022-06-24 8:00:00,31.66513333
2022-06-24 9:00:00,31.66354167
2022-06-24 10:00:00,31.60606667
2022-06-24 11:00:00,31.208
2022-06-24 12:00:00,31.11176667
2022-06-24 13:00:00,31.09856667
2022-06-24 14:00:00,31.09693333
2022-06-24 15:00:00,31.09860833
2022-06-24 16:00:00,31.33134167
2022-06-24 17:00:00,31.42025833
2022-06-24 18:00:00,31.45306667
2022-06-24 19:00:00,31.47371667
2022-06-24 20:00:00,31.48910833
2022-06-24 21:00:00,31.49459167
2022-06-24 22:00:00,31.467875
2022-06-24 23:00:00,31.461525
2022-06-25 0:00:00,31.48765833
2022-06-25 1:00:00,31.46515833
2022-06-25 2:00:00,31.42795
2022-06-25 3:00:00,31.4934
2022-06-25 4:00:00,31.54934167
2022-06-25 5:00:00,31.58294167
2022-06-25 6:00:00,31.62716667
2022-06-25 7:00:00,31.64986667
2022-06-25 8:00:00,31.65348333
2022-06-25 9:00:00,31.66140833
2022-06-25 10:00:00,31.6597
2022-06-25 11:00:00,31.576775
2022-06-25 12:00:00,31.25116667
2022-06-25 13:00:00,31.11735833
2022-06-25 14:00:00,31.09035833
2022-06-25 15:00:00,31.114075
2022-06-25 16:00:00,31.11568333
2022-06-25 17:00:00,31.285775
2022-06-25 18:00:00,31.34526667
2022-06-25 19:00:00,31.40281667
2022-06-25 20:00:00,31.42150833
2022-06-25 21:00:00,31.42961667
2022-06-25 22:00:00,31.41460833
2022-06-25 23:00:00,31.398475
2022-06-26 0:00:00,31.40466667
2022-06-26 1:00:00,31.44525
2022-06-26 2:00:00,31.470775
2022-06-26 3:00:00,31.490425
2022-06-26 4:00:00,31.574325
2022-06-26 5:00:00,31.598675
2022-06-26 6:00:00,31.60801667
2022-06-26 7:00:00,31.6187
2022-06-26 8:00:00,31.62210833
2022-06-26 9:00:00,31.62975
2022-06-26 10:00:00,31.640975
2022-06-26 11:00:00,31.62999167
2022-06-26 12:00:00,31.31225
2022-06-26 13:00:00,31.084825
2022-06-26 14:00:00,31.01966667
2022-06-26 15:00:00,31.01905833
2022-06-26 16:00:00,30.996975
2022-06-26 17:00:00,31.1204
2022-06-26 18:00:00,31.24388333
2022-06-26 19:00:00,31.316725
2022-06-26 20:00:00,31.327625
2022-06-26 21:00:00,31.33495833
2022-06-26 22:00:00,31.34031667
2022-06-26 23:00:00,31.32106667
2022-06-27 0:00:00,31.28974167
2022-06-27 1:00:00,31.36414167
2022-06-27 2:00:00,31.40808333
2022-06-27 3:00:00,31.41194167
2022-06-27 4:00:00,31.50035833
2022-06-27 5:00:00,31.5829
2022-06-27 6:00:00,31.61033333
2022-06-27 7:00:00,31.61589167
2022-06-27 8:00:00,31.60726667
2022-06-27 9:00:00,31.60411667
2022-06-27 10:00:00,31.60346667
2022-06-27 11:00:00,31.59598333
2022-06-27 12:00:00,31.49405
2022-06-27 13:00:00,31.10495
2022-06-27 14:00:00,31.00044167
2022-06-27 15:00:00,30.94518333
2022-06-27 16:00:00,30.91505
2022-06-27 17:00:00,30.8862
2022-06-27 18:00:00,31.13770833
2022-06-27 19:00:00,31.19865
2022-06-27 20:00:00,31.238625
2022-06-27 21:00:00,31.27106667
2022-06-27 22:00:00,31.293425
2022-06-27 23:00:00,31.28810833
2022-06-28 0:00:00,31.262625
2022-06-28 1:00:00,31.257025
2022-06-28 2:00:00,31.3301
2022-06-28 3:00:00,31.37205833
2022-06-28 4:00:00,31.38633333
2022-06-28 5:00:00,31.54921667
2022-06-28 6:00:00,31.57703333
2022-06-28 7:00:00,31.597425
2022-06-28 8:00:00,31.592075
2022-06-28 9:00:00,31.59023333
2022-06-28 10:00:00,31.58878333
2022-06-28 11:00:00,31.58444167
2022-06-28 12:00:00,31.57866667
2022-06-28 13:00:00,31.36233333
2022-06-28 14:00:00,30.92655
2022-06-28 15:00:00,30.80715833
2022-06-28 16:00:00,30.86730833
2022-06-28 17:00:00,30.86893333
2022-06-28 18:00:00,30.997825
2022-06-28 19:00:00,31.14656667
2022-06-28 20:00:00,31.24363333
2022-06-28 21:00:00,31.24448333
2022-06-28 22:00:00,31.25328333
2022-06-28 23:00:00,31.26289167
2022-06-29 0:00:00,31.28145833
2022-06-29 1:00:00,31.31375
2022-06-29 2:00:00,31.28430833
2022-06-29 3:00:00,31.33429167
2022-06-29 4:00:00,31.36205833
2022-06-29 5:00:00,31.432
2022-06-29 6:00:00,31.52974167
2022-06-29 7:00:00,31.554475
2022-06-29 8:00:00,31.57345833
2022-06-29 9:00:00,31.57434167
2022-06-29 10:00:00,31.57024167
2022-06-29 11:00:00,31.56298333
2022-06-29 12:00:00,31.55790833
2022-06-29 13:00:00,31.55619167
2022-06-29 14:00:00,31.47684167
2022-06-29 15:00:00,31.07184167
2022-06-29 16:00:00,30.947425
2022-06-29 17:00:00,30.93895833
2022-06-29 18:00:00,30.924175
2022-06-29 19:00:00,31.04976667
2022-06-29 20:00:00,31.17863333
2022-06-29 21:00:00,31.236875
2022-06-29 22:00:00,31.24953333
2022-06-29 23:00:00,31.25005
2022-06-30 4:00:00,31.31538
2022-06-30 5:00:00,31.32544167
2022-06-30 6:00:00,31.46720833
2022-06-30 7:00:00,31.53508333
2022-06-30 8:00:00,31.55205
2022-06-30 9:00:00,31.558075
2022-06-30 10:00:00,31.55688333
2022-06-30 11:00:00,31.55855
2022-06-30 12:00:00,31.55219167
2022-06-30 13:00:00,31.54648333
2022-06-30 14:00:00,31.5256
2022-06-30 15:00:00,31.26405833
2022-06-30 16:00:00,30.95011667
2022-06-30 17:00:00,30.88041667
2022-06-30 18:00:00,30.87244167
2022-06-30 19:00:00,30.96085833
2022-06-30 20:00:00,31.14495833
2022-06-30 21:00:00,31.20498333
2022-06-30 22:00:00,31.24198333
2022-06-30 23:00:00,31.26700833
2022-07-01 0:00:00,31.28615
2022-07-01 1:00:00,31.2983
2022-07-01 2:00:00,31.28499167
2022-07-01 3:00:00,31.28785833
2022-07-01 4:00:00,31.303775
2022-07-01 5:00:00,31.348975
2022-07-01 6:00:00,31.369425
2022-07-01 7:00:00,31.498525
2022-07-01 8:00:00,31.581275
2022-07-01 9:00:00,31.59946667
2022-07-01 10:00:00,31.597575
2022-07-01 11:00:00,31.59305
2022-07-01 12:00:00,31.59116667
2022-07-01 13:00:00,31.5896
2022-07-01 14:00:00,31.587075
2022-07-01 15:00:00,31.194075
2022-07-01 16:00:00,31.03763333
2022-07-01 17:00:00,30.98811667
2022-07-01 18:00:00,30.98951667
2022-07-01 19:00:00,30.97870833
2022-07-01 20:00:00,31.12399167
2022-07-01 21:00:00,31.21101667
2022-07-01 22:00:00,31.24829167
2022-07-01 23:00:00,31.27021667
2022-07-02 0:00:00,31.2811
2022-07-02 1:00:00,31.293575
2022-07-02 2:00:00,31.282625
2022-07-02 3:00:00,31.290875
2022-07-02 4:00:00,31.28906667
2022-07-02 5:00:00,31.34274167
2022-07-02 6:00:00,31.36464545
2022-07-02 7:00:00,31.40725833
2022-07-02 8:00:00,31.56249167
2022-07-02 9:00:00,31.58100833
2022-07-02 10:00:00,31.60235833
2022-07-02 11:00:00,31.60184167
2022-07-02 12:00:00,31.603325
2022-07-02 13:00:00,31.600875
2022-07-02 14:00:00,31.59358333
2022-07-02 15:00:00,31.54109167
2022-07-02 16:00:00,31.13004167
2022-07-02 17:00:00,31.0258
2022-07-02 18:00:00,30.95456667
2022-07-02 19:00:00,30.9372
2022-07-02 20:00:00,30.934925
2022-07-02 21:00:00,31.223825
2022-07-02 22:00:00,31.25469167
2022-07-02 23:00:00,31.27905
2022-07-03 0:00:00,31.29825833
2022-07-03 1:00:00,31.33561667
2022-07-03 2:00:00,31.35489167
2022-07-03 3:00:00,31.32305833
2022-07-03 4:00:00,31.32281667
2022-07-03 5:00:00,31.34493333
2022-07-03 6:00:00,31.36774167
2022-07-03 7:00:00,31.37664167
2022-07-03 8:00:00,31.428175
2022-07-03 9:00:00,31.51683333
2022-07-03 10:00:00,31.55323333
2022-07-03 11:00:00,31.55970833
2022-07-03 12:00:00,31.55963333
2022-07-03 13:00:00,31.55825833
2022-07-03 14:00:00,31.55748333
2022-07-03 15:00:00,31.54871667
2022-07-03 16:00:00,31.317525
2022-07-03 17:00:00,30.95190833
2022-07-03 18:00:00,30.91521667
2022-07-03 19:00:00,30.91011667
2022-07-03 20:00:00,30.86525
2022-07-03 21:00:00,31.03195
2022-07-03 22:00:00,31.225875
2022-07-03 23:00:00,31.25518333
2022-07-04 0:00:00,31.265075
2022-07-04 1:00:00,31.27675
2022-07-04 2:00:00,31.287775
2022-07-04 3:00:00,31.29256667
2022-07-04 4:00:00,31.28126667
2022-07-04 5:00:00,31.33630833
2022-07-04 6:00:00,31.36631667
2022-07-04 7:00:00,31.42155833
2022-07-04 8:00:00,31.407625
2022-07-04 9:00:00,31.42510833
2022-07-04 10:00:00,31.50901667
2022-07-04 11:00:00,31.53481667
2022-07-04 12:00:00,31.53019167
2022-07-04 13:00:00,31.52258333
2022-07-04 14:00:00,31.52273333
2022-07-04 15:00:00,31.524175
2022-07-04 16:00:00,31.497825
2022-07-04 17:00:00,31.23185
2022-07-04 18:00:00,30.96354167
2022-07-04 19:00:00,30.97735
2022-07-04 20:00:00,30.957425
2022-07-04 21:00:00,30.94813333
2022-07-04 22:00:00,31.15715
2022-07-04 23:00:00,31.24476667
2022-07-05 0:00:00,31.26819167
2022-07-05 1:00:00,31.26908333
2022-07-05 2:00:00,31.27098333
2022-07-05 3:00:00,31.27671667
2022-07-05 4:00:00,31.28640833
2022-07-05 5:00:00,31.278125
2022-07-05 6:00:00,31.29360833
2022-07-05 7:00:00,31.38435833
2022-07-05 8:00:00,31.38008333
2022-07-05 9:00:00,31.36619167
2022-07-05 10:00:00,31.32968333
2022-07-05 11:00:00,31.41945833
2022-07-05 12:00:00,31.50856667
2022-07-05 13:00:00,31.53545
2022-07-05 14:00:00,31.547475
2022-07-05 15:00:00,31.54980833
2022-07-05 16:00:00,31.547125
2022-07-05 17:00:00,31.54323333
2022-07-05 18:00:00,31.49513333
2022-07-05 19:00:00,31.18390833
2022-07-05 20:00:00,31.03568333
2022-07-05 21:00:00,30.98789167
2022-07-05 22:00:00,31.04769167
2022-07-05 23:00:00,31.26894167
2022-07-06 0:00:00,31.30664167
2022-07-06 1:00:00,31.32468333
2022-07-06 2:00:00,31.35396667
2022-07-06 3:00:00,31.35828333
2022-07-06 4:00:00,31.37863333
2022-07-06 5:00:00,31.41184167
2022-07-06 6:00:00,31.379325
2022-07-06 7:00:00,31.41355
2022-07-06 8:00:00,31.37970833
2022-07-06 9:00:00,31.35879167
2022-07-06 10:00:00,31.37196667
2022-07-06 11:00:00,31.35921667
2022-07-06 12:00:00,31.42149167
2022-07-06 13:00:00,31.48116667
2022-07-06 14:00:00,31.514375
2022-07-06 15:00:00,31.5053
2022-07-06 16:00:00,31.49890833
2022-07-06 17:00:00,31.48524167
2022-07-06 18:00:00,31.44821667
2022-07-06 19:00:00,31.28078333
2022-07-06 20:00:00,31.01928333
2022-07-06 21:00:00,31.01964167
2022-07-06 22:00:00,30.95195
2022-07-06 23:00:00,31.12745833
2022-07-07 0:00:00,31.30446667
2022-07-07 1:00:00,31.35503333
2022-07-07 2:00:00,31.386625
2022-07-07 3:00:00,31.42863333
2022-07-07 4:00:00,31.44510833
2022-07-07 5:00:00,31.45718333
2022-07-07 6:00:00,31.45605833
2022-07-07 7:00:00,31.44934167
2022-07-07 8:00:00,31.447975
2022-07-07 9:00:00,31.2379
2022-07-07 10:00:00,31.24024167
2022-07-07 11:00:00,31.24131667
2022-07-07 12:00:00,31.24114167
2022-07-07 13:00:00,31.29715833
2022-07-07 14:00:00,31.37756667
2022-07-07 15:00:00,31.43556667
2022-07-07 16:00:00,31.43796667
2022-07-07 17:00:00,31.44589167
2022-07-07 18:00:00,31.43604167
2022-07-07 19:00:00,31.27468333
2022-07-07 20:00:00,31.126725
2022-07-07 21:00:00,30.86576667
2022-07-07 22:00:00,30.98211667
2022-07-07 23:00:00,31.007275
2022-07-08 0:00:00,31.25681667
2022-07-08 1:00:00,31.28771667
2022-07-08 2:00:00,31.34031667
2022-07-08 3:00:00,31.415125
2022-07-08 4:00:00,31.45188333
2022-07-08 5:00:00,31.45463333
2022-07-08 6:00:00,31.46009167
2022-07-08 7:00:00,31.458275
2022-07-08 8:00:00,31.45053333
2022-07-08 9:00:00,31.21155833
2022-07-08 10:00:00,30.8985
2022-07-08 11:00:00,30.91716667
2022-07-08 12:00:00,30.962225
2022-07-08 13:00:00,30.921475
2022-07-08 14:00:00,31.11618333
2022-07-08 15:00:00,31.28690833
2022-07-08 16:00:00,31.35356667
2022-07-08 17:00:00,31.36276667
2022-07-08 18:00:00,31.372475
2022-07-08 19:00:00,31.34011667
2022-07-08 20:00:00,31.2788
2022-07-08 21:00:00,31.18736667
2022-07-08 22:00:00,31.02249167
2022-07-08 23:00:00,31.1891
2022-07-09 0:00:00,31.1454
2022-07-09 1:00:00,31.28285
2022-07-09 2:00:00,31.35738333
2022-07-09 3:00:00,31.38543333
2022-07-09 4:00:00,31.42155833
2022-07-09 5:00:00,31.449625
2022-07-09 6:00:00,31.46465
2022-07-09 7:00:00,31.48115833
2022-07-09 8:00:00,31.48543333
2022-07-09 9:00:00,31.36948333
2022-07-09 10:00:00,30.93623
2022-07-09 11:00:00,30.88833333
2022-07-09 12:00:00,30.88388333
2022-07-09 13:00:00,30.90305
2022-07-09 14:00:00,30.8838
2022-07-09 15:00:00,31.01895
2022-07-09 16:00:00,31.15248333
2022-07-09 17:00:00,31.20085833
2022-07-09 18:00:00,31.22499167
2022-07-09 19:00:00,31.22960833
2022-07-09 20:00:00,31.20751667
2022-07-09 21:00:00,31.13200833
2022-07-09 22:00:00,31.19388333
2022-07-09 23:00:00,31.15593333
2022-07-10 0:00:00,31.13774167
2022-07-10 1:00:00,31.16761667
2022-07-10 2:00:00,31.31711667
2022-07-10 3:00:00,31.366425
2022-07-10 4:00:00,31.403475
2022-07-10 5:00:00,31.430475
2022-07-10 6:00:00,31.44115
2022-07-10 7:00:00,31.44775833
2022-07-10 8:00:00,31.44765
2022-07-10 9:00:00,31.44810833
2022-07-10 10:00:00,31.382275
2022-07-10 11:00:00,31.20614167
2022-07-10 12:00:00,30.85763333
2022-07-10 13:00:00,30.767775
2022-07-10 14:00:00,30.79220833
2022-07-10 15:00:00,30.79530833
2022-07-10 16:00:00,31.02986667
2022-07-10 17:00:00,31.0976
2022-07-10 18:00:00,31.16576667
2022-07-10 19:00:00,31.15674167
2022-07-10 20:00:00,31.17874167
2022-07-10 21:00:00,31.18781667
2022-07-10 22:00:00,31.10985
2022-07-10 23:00:00,31.15466667
2022-07-11 0:00:00,31.20750833
2022-07-11 1:00:00,31.22264167
2022-07-11 2:00:00,31.34360833
2022-07-11 3:00:00,31.43415833
2022-07-11 4:00:00,31.44745833
2022-07-11 5:00:00,31.45329167
2022-07-11 6:00:00,31.4331
2022-07-11 7:00:00,31.43575833
2022-07-11 8:00:00,31.43800833
2022-07-11 9:00:00,31.42955
2022-07-11 10:00:00,31.42045
2022-07-11 11:00:00,31.34855833
2022-07-11 12:00:00,30.95685833
2022-07-11 13:00:00,30.72459167
2022-07-11 14:00:00,30.687325
2022-07-11 15:00:00,30.66623333
2022-07-11 16:00:00,30.67570833
2022-07-11 17:00:00,30.92963333
2022-07-11 18:00:00,30.99966667
2022-07-11 19:00:00,31.02451667
2022-07-11 20:00:00,31.04265833
2022-07-11 21:00:00,31.06238333
2022-07-11 22:00:00,31.10121667
2022-07-11 23:00:00,31.07771667
2022-07-12 0:00:00,31.08745
2022-07-12 1:00:00,31.1547
2022-07-12 2:00:00,31.195575
2022-07-12 3:00:00,31.35306667
2022-07-12 4:00:00,31.45018333
2022-07-12 5:00:00,31.47429167
2022-07-12 6:00:00,31.49643333
2022-07-12 7:00:00,31.50908333
2022-07-12 8:00:00,31.49645833
2022-07-12 9:00:00,31.48636667
2022-07-12 10:00:00,31.47899167
2022-07-12 11:00:00,31.47236667
2022-07-12 12:00:00,31.28940833
2022-07-12 13:00:00,30.93835
2022-07-12 14:00:00,30.70364167
2022-07-12 15:00:00,30.708725
2022-07-12 16:00:00,30.71254167
2022-07-12 17:00:00,30.77889167
2022-07-12 18:00:00,30.93795833
2022-07-12 19:00:00,30.9947
2022-07-12 20:00:00,31.01754167
2022-07-12 21:00:00,31.052025
2022-07-12 22:00:00,31.09175455
2022-07-12 23:00:00,31.11119167
2022-07-13 0:00:00,31.09313333
2022-07-13 1:00:00,31.179025
2022-07-13 2:00:00,31.31245833
2022-07-13 3:00:00,31.27511667
2022-07-13 4:00:00,31.36660833
2022-07-13 5:00:00,31.465125
2022-07-13 6:00:00,31.48521667
2022-07-13 7:00:00,31.487375
2022-07-13 8:00:00,31.49883333
2022-07-13 9:00:00,31.49979167
2022-07-13 10:00:00,31.49564167
2022-07-13 11:00:00,31.48064167
2022-07-13 12:00:00,31.46896667
2022-07-13 13:00:00,31.24666667
2022-07-13 14:00:00,30.94354167
2022-07-13 15:00:00,30.774875
2022-07-13 16:00:00,30.71220833
2022-07-13 17:00:00,30.65065833
2022-07-13 18:00:00,30.79773333
2022-07-13 19:00:00,30.91610833
2022-07-13 20:00:00,30.954325
2022-07-13 21:00:00,30.98338333
2022-07-13 22:00:00,31.05754167
2022-07-13 23:00:00,31.09175
2022-07-14 0:00:00,31.09585833
2022-07-14 1:00:00,31.09230833
2022-07-14 2:00:00,31.18040833
2022-07-14 3:00:00,31.31026667
2022-07-14 4:00:00,31.26193333
2022-07-14 5:00:00,31.3527
2022-07-14 6:00:00,31.44923333
2022-07-14 7:00:00,31.46545833
2022-07-14 8:00:00,31.489325
2022-07-14 9:00:00,31.52718333
2022-07-14 10:00:00,31.53236667
2022-07-14 11:00:00,31.52310833
2022-07-14 12:00:00,31.515125
2022-07-14 13:00:00,31.50071667
2022-07-14 14:00:00,31.21660833
2022-07-14 15:00:00,30.88555833
2022-07-14 16:00:00,30.70520833
2022-07-14 17:00:00,30.67463333
2022-07-14 18:00:00,30.66950833
2022-07-14 19:00:00,30.807825
2022-07-14 20:00:00,30.88763333
2022-07-14 21:00:00,30.94416667
2022-07-14 22:00:00,31.03085833
2022-07-14 23:00:00,31.15455833
2022-07-15 0:00:00,31.17535833
2022-07-15 1:00:00,31.17249167
2022-07-15 2:00:00,31.14303333
2022-07-15 3:00:00,31.2261
2022-07-15 4:00:00,31.32846667
2022-07-15 5:00:00,31.267575
2022-07-15 6:00:00,31.29680833
2022-07-15 7:00:00,31.41995833
2022-07-15 8:00:00,31.454325
2022-07-15 9:00:00,31.49579167
2022-07-15 10:00:00,31.48830833
2022-07-15 11:00:00,31.49655833
2022-07-15 12:00:00,31.484975
2022-07-15 13:00:00,31.48149167
2022-07-15 14:00:00,31.47410833
2022-07-15 15:00:00,31.17244167
2022-07-15 16:00:00,30.88264167
2022-07-15 17:00:00,30.75636667
2022-07-15 18:00:00,30.69279167
2022-07-15 19:00:00,30.708475
2022-07-15 20:00:00,30.8868
2022-07-15 21:00:00,31.00031667
2022-07-15 22:00:00,31.018075
2022-07-15 23:00:00,31.10345
2022-07-16 0:00:00,31.16840833
2022-07-16 1:00:00,31.165375
2022-07-16 2:00:00,31.16491667
2022-07-16 3:00:00,31.22606667
2022-07-16 4:00:00,31.24410833
2022-07-16 5:00:00,31.28898333
2022-07-16 6:00:00,31.27229167
2022-07-16 7:00:00,31.24133333
2022-07-16 8:00:00,31.31405
2022-07-16 9:00:00,31.36269167
2022-07-16 10:00:00,31.41420833
2022-07-16 11:00:00,31.45268333
2022-07-16 12:00:00,31.46521667
2022-07-16 13:00:00,31.45995
2022-07-16 14:00:00,31.45460833
2022-07-16 15:00:00,31.4024
2022-07-16 16:00:00,31.07978333
2022-07-16 17:00:00,30.905875
2022-07-16 18:00:00,30.81289167
2022-07-16 19:00:00,30.74466667
2022-07-16 20:00:00,30.81729167
2022-07-16 21:00:00,30.94474167
2022-07-16 22:00:00,30.99865
2022-07-16 23:00:00,31.062125
2022-07-17 0:00:00,31.20985
2022-07-17 1:00:00,31.23783333
2022-07-17 2:00:00,31.24065
2022-07-17 3:00:00,31.25241667
2022-07-17 4:00:00,31.23656667
2022-07-17 5:00:00,31.26110833
2022-07-17 6:00:00,31.30673333
2022-07-17 7:00:00,31.27625
2022-07-17 8:00:00,31.25596667
2022-07-17 9:00:00,31.32190833
2022-07-17 10:00:00,31.38135
2022-07-17 11:00:00,31.45900833
2022-07-17 12:00:00,31.48388333
2022-07-17 13:00:00,31.51745833
2022-07-17 14:00:00,31.50961667
2022-07-17 15:00:00,31.484325
2022-07-17 16:00:00,31.255325
2022-07-17 17:00:00,30.9837
2022-07-17 18:00:00,30.83066667
2022-07-17 19:00:00,30.783025
2022-07-17 20:00:00,30.76588333
2022-07-17 21:00:00,30.96108333
2022-07-17 22:00:00,31.053525
2022-07-17 23:00:00,31.14033333
2022-07-18 0:00:00,31.22261667
2022-07-18 1:00:00,31.27098333
2022-07-18 2:00:00,31.287825
2022-07-18 3:00:00,31.31945833
2022-07-18 4:00:00,31.30354167
2022-07-18 5:00:00,31.306175
2022-07-18 6:00:00,31.31025
2022-07-18 7:00:00,31.27306667
2022-07-18 8:00:00,31.30335
2022-07-18 9:00:00,31.28094167
2022-07-18 10:00:00,31.38145
2022-07-18 11:00:00,31.43655833
2022-07-18 12:00:00,31.493825
2022-07-18 13:00:00,31.5245
2022-07-18 14:00:00,31.53868333
2022-07-18 15:00:00,31.53014167
2022-07-18 16:00:00,31.50728333
2022-07-18 17:00:00,31.24161667
2022-07-18 18:00:00,31.08441667
2022-07-18 19:00:00,31.01991667
2022-07-18 20:00:00,31.00314167
2022-07-18 21:00:00,31.01249167
2022-07-18 22:00:00,31.17309167
2022-07-18 23:00:00,31.24674167
2022-07-19 0:00:00,31.273575
2022-07-19 1:00:00,31.30278333
2022-07-19 2:00:00,31.38609167
2022-07-19 3:00:00,31.39493333
2022-07-19 4:00:00,31.40458333
2022-07-19 5:00:00,31.40129167
2022-07-19 6:00:00,31.40773333
2022-07-19 7:00:00,31.30883333
2022-07-19 8:00:00,31.26936667
2022-07-19 9:00:00,31.316475
2022-07-19 10:00:00,31.3082
2022-07-19 11:00:00,31.33274167
2022-07-19 12:00:00,31.39775833
2022-07-19 13:00:00,31.4331
2022-07-19 14:00:00,31.4755
2022-07-19 15:00:00,31.48554167
2022-07-19 16:00:00,31.47919167
2022-07-19 17:00:00,31.456775
2022-07-19 18:00:00,31.30023333
2022-07-19 19:00:00,31.15971667
2022-07-19 21:00:00,31.13352222
2022-07-19 22:00:00,31.12719167
2022-07-19 23:00:00,31.23315
2022-07-20 0:00:00,31.29129167
2022-07-20 1:00:00,31.34055
2022-07-20 2:00:00,31.33833333
2022-07-20 3:00:00,31.3712
2022-07-20 4:00:00,31.38464167
2022-07-20 5:00:00,31.383275
2022-07-20 6:00:00,31.3731
2022-07-20 7:00:00,31.38245
2022-07-20 8:00:00,31.233575
2022-07-20 9:00:00,31.24369167
2022-07-20 10:00:00,31.253775
2022-07-20 11:00:00,31.239525
2022-07-20 12:00:00,31.2667
2022-07-20 13:00:00,31.39466667
2022-07-20 14:00:00,31.45635
2022-07-20 15:00:00,31.47950833
2022-07-20 16:00:00,31.48643333
2022-07-20 17:00:00,31.48349167
2022-07-20 18:00:00,31.47659167
2022-07-20 19:00:00,31.41101667
2022-07-20 20:00:00,31.23715
2022-07-20 21:00:00,31.23544167
2022-07-20 22:00:00,31.19289167
2022-07-20 23:00:00,31.22595
2022-07-21 0:00:00,31.33879167
2022-07-21 1:00:00,31.4059
2022-07-21 2:00:00,31.47798333
2022-07-21 3:00:00,31.50156667
2022-07-21 4:00:00,31.507875
2022-07-21 5:00:00,31.51154167
2022-07-21 6:00:00,31.51074167
2022-07-21 7:00:00,31.50300833
2022-07-21 8:00:00,31.46695833
2022-07-21 9:00:00,31.26126667
2022-07-21 10:00:00,31.19446667
2022-07-21 11:00:00,31.19424167
2022-07-21 12:00:00,31.19119167
2022-07-21 13:00:00,31.15356667
2022-07-21 14:00:00,31.3433
2022-07-21 15:00:00,31.398875
2022-07-21 16:00:00,31.435775
2022-07-21 17:00:00,31.44783333
2022-07-21 18:00:00,31.45764167
2022-07-21 19:00:00,31.43483333
2022-07-21 20:00:00,31.43993333
2022-07-21 21:00:00,31.26603333
2022-07-21 22:00:00,31.196875
2022-07-21 23:00:00,31.17998333
2022-07-22 0:00:00,31.29873333
2022-07-22 1:00:00,31.40533333
2022-07-22 2:00:00,31.43558333
2022-07-22 3:00:00,31.49484167
2022-07-22 4:00:00,31.52779167
2022-07-22 5:00:00,31.53408333
2022-07-22 6:00:00,31.53656667
2022-07-22 7:00:00,31.54781667
2022-07-22 8:00:00,31.54215833
2022-07-22 9:00:00,31.48885
2022-07-22 10:00:00,31.14628333
2022-07-22 11:00:00,31.1526
2022-07-22 12:00:00,31.14339167
2022-07-22 13:00:00,31.14025
2022-07-22 14:00:00,31.12480833
2022-07-22 15:00:00,31.272475
2022-07-22 16:00:00,31.35520833
2022-07-22 17:00:00,31.38665833
2022-07-22 18:00:00,31.4094
2022-07-22 19:00:00,31.417675
2022-07-22 20:00:00,31.33960833
2022-07-22 21:00:00,31.2747
2022-07-22 22:00:00,31.370025
2022-07-22 23:00:00,31.38623333
2022-07-23 0:00:00,31.44373333
2022-07-23 1:00:00,31.452875
2022-07-23 2:00:00,31.51195
2022-07-23 3:00:00,31.53105833
2022-07-23 4:00:00,31.55988333
2022-07-23 5:00:00,31.57350833
2022-07-23 6:00:00,31.57454167
2022-07-23 7:00:00,31.57383333
2022-07-23 8:00:00,31.57040833
2022-07-23 9:00:00,31.564075
2022-07-23 10:00:00,31.50465
2022-07-23 11:00:00,31.22574167
2022-07-23 12:00:00,31.15265833
2022-07-23 13:00:00,31.084025
2022-07-23 14:00:00,31.07838333
2022-07-23 15:00:00,31.08045
2022-07-23 16:00:00,31.23179167
2022-07-23 17:00:00,31.328575
2022-07-23 18:00:00,31.37101667
2022-07-23 19:00:00,31.38224167
2022-07-23 20:00:00,31.3683
2022-07-23 21:00:00,31.36204167
2022-07-23 22:00:00,31.28428333
2022-07-23 23:00:00,31.277175
2022-07-24 0:00:00,31.32188333
2022-07-24 1:00:00,31.37313333
2022-07-24 2:00:00,31.449025
2022-07-24 3:00:00,31.54835
2022-07-24 4:00:00,31.56154167
2022-07-24 5:00:00,31.62006667
2022-07-24 6:00:00,31.6227
2022-07-24 7:00:00,31.624025
2022-07-24 8:00:00,31.62498333
2022-07-24 9:00:00,31.62863333
2022-07-24 10:00:00,31.61964167
2022-07-24 11:00:00,31.46614167
2022-07-24 12:00:00,31.28448333
2022-07-24 13:00:00,31.03144167
2022-07-24 14:00:00,31.03315833
2022-07-24 15:00:00,31.06065
2022-07-24 16:00:00,31.17251667
2022-07-24 17:00:00,31.3004
2022-07-24 18:00:00,31.3531
2022-07-24 19:00:00,31.38184167
2022-07-24 20:00:00,31.40843333
2022-07-24 21:00:00,31.42395833
2022-07-24 22:00:00,31.40888333
2022-07-24 23:00:00,31.40161667
2022-07-25 0:00:00,31.40459167
2022-07-25 1:00:00,31.43275
2022-07-25 2:00:00,31.4472
2022-07-25 3:00:00,31.56173333
2022-07-25 4:00:00,31.674325
2022-07-25 5:00:00,31.683575
2022-07-25 6:00:00,31.7004
2022-07-25 7:00:00,31.69610833
2022-07-25 8:00:00,31.70495
2022-07-25 9:00:00,31.70194167
2022-07-25 10:00:00,31.69669167
2022-07-25 11:00:00,31.68753333
2022-07-25 12:00:00,31.20885833
2022-07-25 13:00:00,30.94825833
2022-07-25 14:00:00,30.93515833
2022-07-25 15:00:00,31.01193333
2022-07-25 16:00:00,31.04315
2022-07-25 17:00:00,31.28899167
2022-07-25 18:00:00,31.33583333
2022-07-25 19:00:00,31.38979167
2022-07-25 20:00:00,31.41194167
2022-07-25 21:00:00,31.43145
2022-07-25 22:00:00,31.44075
2022-07-25 23:00:00,31.421675
2022-07-26 0:00:00,31.437975
2022-07-26 1:00:00,31.469275
2022-07-26 2:00:00,31.49279167
2022-07-26 3:00:00,31.5084
2022-07-26 4:00:00,31.67093333
2022-07-26 5:00:00,31.70749167
2022-07-26 6:00:00,31.723625
2022-07-26 7:00:00,31.72333333
2022-07-26 8:00:00,31.71759167
2022-07-26 9:00:00,31.71158333
2022-07-26 10:00:00,31.70475
2022-07-26 11:00:00,31.69716667
2022-07-26 12:00:00,31.60074167
2022-07-26 13:00:00,31.22389167
2022-07-26 14:00:00,31.05735833
2022-07-26 15:00:00,30.99421667
2022-07-26 16:00:00,31.01675833
2022-07-26 17:00:00,31.10820833
2022-07-26 18:00:00,31.27053333
2022-07-26 19:00:00,31.342325
2022-07-26 20:00:00,31.38098333
2022-07-26 21:00:00,31.38911667
2022-07-26 22:00:00,31.39764167
2022-07-26 23:00:00,31.384
2022-07-27 0:00:00,31.372075
2022-07-27 1:00:00,31.38965
2022-07-27 2:00:00,31.448875
2022-07-27 3:00:00,31.487775
2022-07-27 4:00:00,31.5217
2022-07-27 5:00:00,31.65380833
2022-07-27 6:00:00,31.68985833
2022-07-27 7:00:00,31.69189
2022-07-27 8:00:00,31.68739167
2022-07-27 9:00:00,31.68000833
2022-07-27 10:00:00,31.67201667
2022-07-27 11:00:00,31.666425
2022-07-27 12:00:00,31.631075
2022-07-27 13:00:00,31.25533333
2022-07-27 14:00:00,31.11363333
2022-07-27 15:00:00,31.088075
2022-07-27 16:00:00,31.0765
2022-07-27 17:00:00,31.045375
2022-07-27 18:00:00,31.21794167
2022-07-27 19:00:00,31.2803
2022-07-27 20:00:00,31.33205833
2022-07-27 21:00:00,31.35879167
2022-07-27 22:00:00,31.36675
2022-07-27 23:00:00,31.37213333
2022-07-28 0:00:00,31.35345833
2022-07-28 1:00:00,31.38693333
2022-07-28 2:00:00,31.40770833
2022-07-28 3:00:00,31.44698333
2022-07-28 4:00:00,31.46235833
2022-07-28 5:00:00,31.52240833
2022-07-28 6:00:00,31.604475
2022-07-28 7:00:00,31.62265
2022-07-28 8:00:00,31.627525
2022-07-28 9:00:00,31.62949167
2022-07-28 10:00:00,31.62691667
2022-07-28 11:00:00,31.62826667
2022-07-28 12:00:00,31.62264167
2022-07-28 13:00:00,31.50219167
2022-07-28 14:00:00,31.19906667
2022-07-28 15:00:00,31.13783333
2022-07-28 16:00:00,31.00096667
2022-07-28 17:00:00,30.99363333
2022-07-28 18:00:00,31.03694167
2022-07-28 19:00:00,31.21333333
2022-07-28 20:00:00,31.28035
2022-07-28 21:00:00,31.315725
2022-07-28 22:00:00,31.32410833
2022-07-28 23:00:00,31.33090833
2022-07-29 0:00:00,31.32635
2022-07-29 1:00:00,31.32300833
2022-07-29 2:00:00,31.359025
2022-07-29 3:00:00,31.44894167
2022-07-29 4:00:00,31.45514167
2022-07-29 5:00:00,31.45601667
2022-07-29 6:00:00,31.47960833
2022-07-29 7:00:00,31.539625
2022-07-29 8:00:00,31.55256667
2022-07-29 9:00:00,31.55709167
2022-07-29 10:00:00,31.57146667
2022-07-29 11:00:00,31.58575
2022-07-29 12:00:00,31.58750833
2022-07-29 13:00:00,31.57490833
2022-07-29 14:00:00,31.40131667
2022-07-29 15:00:00,31.177325
2022-07-29 16:00:00,31.03620833
2022-07-29 17:00:00,31.02395833
2022-07-29 18:00:00,31.01374167
2022-07-29 19:00:00,31.10615833
2022-07-29 20:00:00,31.197925
2022-07-29 21:00:00,31.27121667
2022-07-29 22:00:00,31.299025
2022-07-29 23:00:00,31.31280833
2022-07-30 0:00:00,31.31406667
2022-07-30 1:00:00,31.30481667
2022-07-30 2:00:00,31.33246667
2022-07-30 3:00:00,31.36541667
2022-07-30 4:00:00,31.46086667
2022-07-30 5:00:00,31.431575
2022-07-30 6:00:00,31.40733333
2022-07-30 7:00:00,31.48363333
2022-07-30 8:00:00,31.522875
2022-07-30 9:00:00,31.523
2022-07-30 10:00:00,31.551075
2022-07-30 11:00:00,31.55906667
2022-07-30 12:00:00,31.56035
2022-07-30 13:00:00,31.5568
2022-07-30 14:00:00,31.53996667
2022-07-30 15:00:00,31.27221667
2022-07-30 16:00:00,31.136075
2022-07-30 17:00:00,31.02994167
2022-07-30 18:00:00,31.02743333
2022-07-30 19:00:00,4.334733333
2022-07-30 20:00:00,1.57754
2022-07-31 1:00:00,32.23825
2022-07-31 2:00:00,32.25905833
2022-07-31 3:00:00,32.30225833
2022-07-31 4:00:00,32.348375
2022-07-31 5:00:00,32.36571667
2022-07-31 6:00:00,32.33924167
2022-07-31 7:00:00,32.31950833
2022-07-31 8:00:00,32.379675
2022-07-31 9:00:00,32.43405
2022-07-31 10:00:00,32.47035
2022-07-31 11:00:00,32.50729167
2022-07-31 12:00:00,32.50864167
2022-07-31 13:00:00,32.49771667
2022-07-31 14:00:00,32.48665
2022-07-31 15:00:00,32.402725
2022-07-31 16:00:00,32.10911667
2022-07-31 17:00:00,31.99583333
2022-07-31 18:00:00,31.97028333
2022-07-31 19:00:00,31.928975
2022-07-31 20:00:00,32.05685833
2022-07-31 21:00:00,32.13028333
2022-07-31 22:00:00,32.22524167
2022-07-31 23:00:00,32.22870833
2022-08-01 0:00:00,32.23261667
2022-08-01 1:00:00,32.236125
2022-08-01 2:00:00,32.23594167
2022-08-01 3:00:00,32.2446
2022-08-01 4:00:00,32.28274167
2022-08-01 5:00:00,32.29566667
2022-08-01 6:00:00,32.318425
2022-08-01 7:00:00,32.2948
2022-08-01 8:00:00,32.29413333
2022-08-01 9:00:00,32.36495
2022-08-01 10:00:00,32.37874167
2022-08-01 11:00:00,32.43122
2022-08-01 12:00:00,32.46439167
2022-08-01 13:00:00,32.46735
2022-08-01 14:00:00,32.4612
2022-08-01 15:00:00,32.37243333
2022-08-01 16:00:00,32.056475
2022-08-01 17:00:00,32.012325
2022-08-01 18:00:00,31.93709167
2022-08-01 19:00:00,31.8496
2022-08-01 20:00:00,31.88230833
2022-08-01 21:00:00,32.051125
2022-08-01 22:00:00,32.14023333
2022-08-01 23:00:00,32.17303333
2022-08-02 0:00:00,32.19100833
2022-08-02 1:00:00,32.20319167
2022-08-02 2:00:00,32.20281667
2022-08-02 3:00:00,32.20010833
2022-08-02 4:00:00,32.20614167
2022-08-02 5:00:00,32.23004167
2022-08-02 6:00:00,32.23753333
2022-08-02 7:00:00,32.23770833
2022-08-02 8:00:00,32.221625
2022-08-02 9:00:00,32.20016667
2022-08-02 10:00:00,32.24588333
2022-08-02 11:00:00,32.33446667
2022-08-02 12:00:00,32.40511667
2022-08-02 13:00:00,32.41899167
2022-08-02 14:00:00,32.419225
2022-08-02 15:00:00,32.40684167
2022-08-02 16:00:00,32.229475
2022-08-02 17:00:00,32.00221667
2022-08-02 18:00:00,31.923625
2022-08-02 19:00:00,31.90855
2022-08-02 20:00:00,31.86928333
2022-08-02 21:00:00,32.02426667
2022-08-02 22:00:00,32.13855833
2022-08-02 23:00:00,32.185025
2022-08-03 0:00:00,32.19195
2022-08-03 1:00:00,32.20244167
2022-08-03 2:00:00,32.20659167
2022-08-03 3:00:00,32.20795
2022-08-03 4:00:00,32.20656667
2022-08-03 5:00:00,32.24228333
2022-08-03 6:00:00,32.1985
2022-08-03 7:00:00,32.14588333
2022-08-03 8:00:00,32.16090833
2022-08-03 9:00:00,32.163625
2022-08-03 10:00:00,32.19005833
2022-08-03 11:00:00,32.26396667
2022-08-03 12:00:00,32.29669167
2022-08-03 13:00:00,32.33505
2022-08-03 14:00:00,32.346025
2022-08-03 15:00:00,32.35670833
2022-08-03 16:00:00,32.34593333
2022-08-03 17:00:00,32.10351667
2022-08-03 18:00:00,32.04375833
2022-08-03 19:00:00,32.03351667
2022-08-03 20:00:00,32.009525
2022-08-03 21:00:00,31.99073333
2022-08-03 22:00:00,32.13175833
2022-08-03 23:00:00,32.2246
2022-08-04 0:00:00,32.26023333
2022-08-04 1:00:00,32.27605
2022-08-04 2:00:00,32.27324167
2022-08-04 3:00:00,32.28294167
2022-08-04 4:00:00,32.279925
2022-08-04 5:00:00,32.2734
2022-08-04 6:00:00,32.27313333
2022-08-04 7:00:00,32.22475455
2022-08-04 8:00:00,32.17658182
2022-08-04 9:00:00,32.1905
2022-08-04 10:00:00,32.15035833
2022-08-04 11:00:00,32.13854167
2022-08-04 12:00:00,32.22048333
2022-08-04 13:00:00,32.26031667
2022-08-04 14:00:00,32.26993333
2022-08-04 15:00:00,32.27683333
2022-08-04 16:00:00,32.28475
2022-08-04 17:00:00,32.278
2022-08-04 18:00:00,32.065475
2022-08-04 19:00:00,32.065775
2022-08-04 20:00:00,32.03186667
2022-08-04 21:00:00,32.02060833
2022-08-04 22:00:00,32.12795833
2022-08-04 23:00:00,32.22038333
2022-08-05 0:00:00,32.32454167
2022-08-05 1:00:00,32.373425
2022-08-05 2:00:00,32.38595
2022-08-05 3:00:00,32.389925
2022-08-05 4:00:00,32.39004167
2022-08-05 5:00:00,32.39005
2022-08-05 6:00:00,32.38638333
2022-08-05 7:00:00,32.25868333
2022-08-05 8:00:00,32.0659
2022-08-05 9:00:00,32.07381667
2022-08-05 10:00:00,32.07888333
2022-08-05 11:00:00,32.07605833
2022-08-05 12:00:00,32.08445
2022-08-05 13:00:00,32.21908333
2022-08-05 14:00:00,32.26585
2022-08-05 15:00:00,32.286875
2022-08-05 16:00:00,32.30571667
2022-08-05 17:00:00,32.31758333
2022-08-05 18:00:00,32.28118333
2022-08-05 19:00:00,32.07291667
2022-08-05 20:00:00,32.13556667
2022-08-05 21:00:00,32.079275
2022-08-05 22:00:00,32.04254167
2022-08-05 23:00:00,32.23739167
2022-08-06 0:00:00,32.295375
2022-08-06 1:00:00,32.33864167
2022-08-06 2:00:00,32.37970833
2022-08-06 3:00:00,32.41829167
2022-08-06 4:00:00,32.42781667
2022-08-06 5:00:00,32.43394167
2022-08-06 6:00:00,32.44458333
2022-08-06 7:00:00,32.44350833
2022-08-06 8:00:00,32.33590833
2022-08-06 9:00:00,31.91378333
2022-08-06 10:00:00,31.90511667
2022-08-06 11:00:00,31.89734167
2022-08-06 12:00:00,31.89196667
2022-08-06 13:00:00,31.948
2022-08-06 14:00:00,32.12808333
2022-08-06 15:00:00,32.1901
2022-08-06 16:00:00,32.20145833
2022-08-06 17:00:00,32.229575
2022-08-06 18:00:00,32.23135833
2022-08-06 19:00:00,32.23566667
2022-08-06 20:00:00,32.19960833
2022-08-06 21:00:00,32.21703333
2022-08-06 22:00:00,32.239825
2022-08-06 23:00:00,32.21848333
2022-08-07 0:00:00,32.3199
2022-08-07 1:00:00,32.35788333
2022-08-07 2:00:00,32.38573333
2022-08-07 3:00:00,32.39603333
2022-08-07 4:00:00,32.39941667
2022-08-07 5:00:00,32.40228333
2022-08-07 6:00:00,32.40815
2022-08-07 7:00:00,32.42120833
2022-08-07 8:00:00,32.41100833
2022-08-07 9:00:00,32.155075
2022-08-07 10:00:00,31.91435
2022-08-07 11:00:00,31.86945
2022-08-07 12:00:00,31.864775
2022-08-07 13:00:00,31.87858333
2022-08-07 14:00:00,31.844175
2022-08-07 15:00:00,32.02723333
2022-08-07 16:00:00,32.09704167
2022-08-07 17:00:00,32.13786667
2022-08-07 18:00:00,32.14896667
2022-08-07 19:00:00,32.15954167
2022-08-07 20:00:00,32.14359167
2022-08-07 21:00:00,32.0527
2022-08-07 22:00:00,32.08316667
2022-08-07 23:00:00,32.16579167
2022-08-08 0:00:00,32.18981667
2022-08-08 1:00:00,32.326525
2022-08-08 2:00:00,32.38986667
2022-08-08 3:00:00,32.408225
2022-08-08 4:00:00,32.42425833
2022-08-08 5:00:00,32.415875
2022-08-08 6:00:00,32.411625
2022-08-08 7:00:00,32.40445
2022-08-08 8:00:00,32.39888333
2022-08-08 9:00:00,32.39555
2022-08-08 10:00:00,32.27996667
2022-08-08 11:00:00,32.04928333
2022-08-08 12:00:00,31.74458333
2022-08-08 13:00:00,31.71605
2022-08-08 14:00:00,31.68825
2022-08-08 15:00:00,31.75108333
2022-08-08 16:00:00,31.913575
2022-08-08 17:00:00,32.02038333
2022-08-08 18:00:00,32.06913333
2022-08-08 19:00:00,32.08685
2022-08-08 20:00:00,32.10355
2022-08-08 21:00:00,32.08636667
2022-08-08 22:00:00,32.04995
2022-08-08 23:00:00,32.13155
2022-08-09 0:00:00,32.18155
2022-08-09 1:00:00,32.195275
2022-08-09 2:00:00,32.276925
2022-08-09 3:00:00,32.380175
2022-08-09 4:00:00,32.40799167
2022-08-09 5:00:00,32.407175
2022-08-09 6:00:00,32.40211667
2022-08-09 7:00:00,32.39888333
2022-08-09 8:00:00,32.39466
2022-08-09 9:00:00,32.38918333
2022-08-09 10:00:00,32.38209167
2022-08-09 11:00:00,32.23863333
2022-08-09 12:00:00,31.92106667
2022-08-09 13:00:00,31.75235833
2022-08-09 14:00:00,31.71870833
2022-08-09 15:00:00,31.66330833
2022-08-09 16:00:00,31.84410833
2022-08-09 17:00:00,31.99225833
2022-08-09 18:00:00,32.04960833
2022-08-09 19:00:00,32.05845
2022-08-09 20:00:00,32.07708333
2022-08-09 21:00:00,32.087375
2022-08-09 22:00:00,32.09740833
2022-08-09 23:00:00,32.12676667
2022-08-10 0:00:00,32.16768333
2022-08-10 1:00:00,32.213025
2022-08-10 2:00:00,32.18975
2022-08-10 3:00:00,32.3326
2022-08-10 4:00:00,32.38350833
2022-08-10 5:00:00,32.394925
2022-08-10 6:00:00,32.41895833
2022-08-10 7:00:00,32.421225
2022-08-10 8:00:00,32.41850833
2022-08-10 9:00:00,32.41215833
2022-08-10 10:00:00,32.402175
2022-08-10 11:00:00,32.391525
2022-08-10 12:00:00,32.12559167
2022-08-10 13:00:00,31.8648
2022-08-10 14:00:00,31.73420833
2022-08-10 15:00:00,31.695125
2022-08-10 16:00:00,31.6882
2022-08-10 17:00:00,31.84225
2022-08-10 18:00:00,31.94281667
2022-08-10 19:00:00,31.996025
2022-08-10 20:00:00,32.01005833
2022-08-10 21:00:00,32.04873333
2022-08-10 22:00:00,32.06465833
2022-08-10 23:00:00,32.070775
2022-08-11 0:00:00,32.088225
2022-08-11 1:00:00,32.20571667
2022-08-11 2:00:00,32.27195833
2022-08-11 3:00:00,32.183825
2022-08-11 4:00:00,32.23395
2022-08-11 5:00:00,32.32096667
2022-08-11 6:00:00,32.35208333
2022-08-11 7:00:00,32.3772
2022-08-11 8:00:00,32.37054167
2022-08-11 9:00:00,32.36429167
2022-08-11 10:00:00,32.36153333
2022-08-11 11:00:00,32.35750833
2022-08-11 12:00:00,32.34971667
2022-08-11 13:00:00,32.05075833
2022-08-11 14:00:00,31.88869167
2022-08-11 15:00:00,31.70335
2022-08-11 16:00:00,31.69821667
2022-08-11 17:00:00,31.7509
2022-08-11 18:00:00,31.91768333
2022-08-11 19:00:00,31.969325
2022-08-11 20:00:00,31.98866667
2022-08-11 21:00:00,32.03185833
2022-08-11 22:00:00,32.09250833
2022-08-11 23:00:00,32.13461667
2022-08-12 0:00:00,32.12335
2022-08-12 1:00:00,32.11425833
2022-08-12 2:00:00,32.14413333
2022-08-12 3:00:00,32.13670833
2022-08-12 4:00:00,32.1392
2022-08-12 5:00:00,32.18244167
2022-08-12 6:00:00,32.23591667
2022-08-12 7:00:00,32.29095
2022-08-12 8:00:00,32.35103333
2022-08-12 9:00:00,32.36566667
2022-08-12 10:00:00,32.36371667
2022-08-12 11:00:00,32.36905
2022-08-12 12:00:00,32.36495833
2022-08-12 13:00:00,32.312275
2022-08-12 14:00:00,31.99879167
2022-08-12 15:00:00,31.8177
2022-08-12 16:00:00,31.73946667
2022-08-12 17:00:00,31.71043333
2022-08-12 18:00:00,31.82235
2022-08-12 19:00:00,31.93851667
2022-08-12 20:00:00,32.0114
2022-08-12 21:00:00,32.04286667
2022-08-12 22:00:00,32.1194
2022-08-12 23:00:00,32.12705833
2022-08-13 0:00:00,32.12404167
2022-08-13 1:00:00,32.121325
2022-08-13 2:00:00,32.14418333
2022-08-13 3:00:00,32.16633333
2022-08-13 4:00:00,32.14099167
2022-08-13 5:00:00,32.12316667
2022-08-13 6:00:00,32.12875
2022-08-13 7:00:00,32.19105833
2022-08-13 8:00:00,32.25705833
2022-08-13 9:00:00,32.308375
2022-08-13 10:00:00,32.30835833
2022-08-13 11:00:00,32.30494167
2022-08-13 12:00:00,32.30393333
2022-08-13 13:00:00,32.29919167
2022-08-13 14:00:00,32.23754167
2022-08-13 15:00:00,31.987175
2022-08-13 16:00:00,31.84035833
2022-08-13 17:00:00,31.80933333
2022-08-13 18:00:00,31.77233333
2022-08-13 19:00:00,31.915475
2022-08-13 20:00:00,31.992525
2022-08-13 21:00:00,32.03524167
2022-08-13 22:00:00,32.08749167
2022-08-13 23:00:00,32.15358333
2022-08-14 0:00:00,32.16975833
2022-08-14 1:00:00,32.17611667
2022-08-14 2:00:00,32.16796667
2022-08-14 3:00:00,32.1792
2022-08-14 4:00:00,32.12253333
2022-08-14 5:00:00,32.07970833
2022-08-14 6:00:00,32.07709167
2022-08-14 7:00:00,32.13203333
2022-08-14 8:00:00,32.187325
2022-08-14 9:00:00,32.23063333
2022-08-14 10:00:00,32.28505833
2022-08-14 11:00:00,32.28795833
2022-08-14 12:00:00,32.29868333
2022-08-14 13:00:00,32.30810833
2022-08-14 14:00:00,32.2848
2022-08-14 15:00:00,32.13706667
2022-08-14 16:00:00,31.92286667
2022-08-14 17:00:00,31.83793333
2022-08-14 18:00:00,31.841075
2022-08-14 19:00:00,31.848825
2022-08-14 20:00:00,31.95135
2022-08-14 21:00:00,32.07751667
2022-08-14 22:00:00,32.13323333
2022-08-14 23:00:00,32.17033333
2022-08-15 0:00:00,32.1908
2022-08-15 1:00:00,32.19010833
2022-08-15 2:00:00,32.18768333
2022-08-15 3:00:00,32.186625
2022-08-15 4:00:00,32.16406667
2022-08-15 5:00:00,32.08055833
2022-08-15 6:00:00,32.09343333
2022-08-15 7:00:00,32.10264167
2022-08-15 8:00:00,32.147475
2022-08-15 9:00:00,32.19918333
2022-08-15 10:00:00,32.29137
2022-08-15 11:00:00,32.300425
2022-08-15 12:00:00,32.30001667
2022-08-15 13:00:00,32.300425
2022-08-15 14:00:00,32.29288333
2022-08-15 15:00:00,32.27748333
2022-08-15 16:00:00,32.00965833
2022-08-15 17:00:00,31.94423333
2022-08-15 18:00:00,31.92500833
2022-08-15 19:00:00,31.90905
2022-08-15 20:00:00,31.97088333
2022-08-15 21:00:00,32.08110833
2022-08-15 22:00:00,32.15286667
2022-08-15 23:00:00,32.18978333
2022-08-16 0:00:00,32.24184167
2022-08-16 1:00:00,32.22915833
2022-08-16 2:00:00,32.21611667
2022-08-16 3:00:00,32.21230833
2022-08-16 4:00:00,32.204125
2022-08-16 5:00:00,32.14165833
2022-08-16 6:00:00,32.04750833
2022-08-16 7:00:00,32.04465
2022-08-16 8:00:00,32.04751667
2022-08-16 9:00:00,32.11914167
2022-08-16 10:00:00,32.19635833
2022-08-16 11:00:00,32.24015
2022-08-16 12:00:00,32.28906667
2022-08-16 13:00:00,32.29235833
2022-08-16 14:00:00,32.29696667
2022-08-16 15:00:00,32.29886667
2022-08-16 16:00:00,32.2189
2022-08-16 17:00:00,31.93299167
2022-08-16 18:00:00,31.95199167
2022-08-16 19:00:00,31.97485833
2022-08-16 20:00:00,31.967175
2022-08-16 21:00:00,32.09636667
2022-08-16 22:00:00,32.16614167
2022-08-16 23:00:00,32.21740833
2022-08-17 0:00:00,32.22405833
2022-08-17 1:00:00,32.24560833
2022-08-17 2:00:00,32.243575
2022-08-17 3:00:00,32.23870833
2022-08-17 4:00:00,32.23514167
2022-08-17 5:00:00,32.21206667
2022-08-17 6:00:00,32.10023333
2022-08-17 7:00:00,32.04968333
2022-08-17 8:00:00,32.04105
2022-08-17 9:00:00,32.05745833
2022-08-17 10:00:00,32.07041667
2022-08-17 11:00:00,32.173075
2022-08-17 12:00:00,32.22351667
2022-08-17 13:00:00,32.27269167
2022-08-17 14:00:00,32.27995
2022-08-17 15:00:00,32.290025
2022-08-17 16:00:00,32.28634167
2022-08-17 17:00:00,32.24125833
2022-08-17 18:00:00,32.14575833
2022-08-17 19:00:00,32.12040833
2022-08-17 20:00:00,32.12225833
2022-08-17 21:00:00,32.08183333
2022-08-17 22:00:00,32.1664
2022-08-17 23:00:00,32.20596667
2022-08-18 0:00:00,32.28856667
2022-08-18 1:00:00,32.2957
2022-08-18 2:00:00,32.30986667
2022-08-18 3:00:00,32.32115833
2022-08-18 4:00:00,32.321
2022-08-18 5:00:00,32.313625
2022-08-18 6:00:00,32.272625
2022-08-18 7:00:00,31.97239167
2022-08-18 8:00:00,31.96366667
2022-08-18 9:00:00,32.01338333
2022-08-18 10:00:00,32.0142
2022-08-18 11:00:00,31.99514167
2022-08-18 12:00:00,32.15885833
2022-08-18 13:00:00,32.22415833
2022-08-18 14:00:00,32.25534167
2022-08-18 15:00:00,32.27818333
2022-08-18 16:00:00,32.29166667
2022-08-18 17:00:00,32.27385833
2022-08-18 18:00:00,32.28423333
2022-08-18 19:00:00,32.23579167
2022-08-18 20:00:00,32.21523333
2022-08-18 21:00:00,32.13804167
2022-08-18 22:00:00,32.15221667
2022-08-18 23:00:00,32.27330833
2022-08-19 0:00:00,32.30888333
2022-08-19 1:00:00,32.38465
2022-08-19 2:00:00,32.41511667
2022-08-19 3:00:00,32.430425
2022-08-19 4:00:00,32.43606667
2022-08-19 5:00:00,32.43368333
2022-08-19 6:00:00,32.43126667
2022-08-19 7:00:00,32.42621667
2022-08-19 8:00:00,32.14515833
2022-08-19 9:00:00,31.93240833
2022-08-19 10:00:00,31.95075833
2022-08-19 11:00:00,31.95225
2022-08-19 12:00:00,31.96154167
2022-08-19 13:00:00,32.0958
2022-08-19 14:00:00,32.19099167
2022-08-19 15:00:00,32.23849167
2022-08-19 16:00:00,32.24860833
2022-08-19 17:00:00,32.27704167
2022-08-19 18:00:00,32.256025
2022-08-19 19:00:00,32.164575
2022-08-19 20:00:00,32.16950833
2022-08-19 21:00:00,32.221575
2022-08-19 22:00:00,32.24141667
2022-08-19 23:00:00,32.291625
2022-08-20 0:00:00,32.350675
2022-08-20 1:00:00,32.36928333
2022-08-20 2:00:00,32.38520833
2022-08-20 3:00:00,32.39325
2022-08-20 4:00:00,32.3963
2022-08-20 5:00:00,32.39808333
2022-08-20 6:00:00,32.40036667
2022-08-20 7:00:00,32.39510833
2022-08-20 8:00:00,32.37868333
2022-08-20 9:00:00,32.19769167
2022-08-20 10:00:00,31.96705
2022-08-20 11:00:00,31.97924167
2022-08-20 12:00:00,31.977475
2022-08-20 13:00:00,31.99889167
2022-08-20 14:00:00,32.04813333
2022-08-20 15:00:00,32.16918333
2022-08-20 16:00:00,32.18270833
2022-08-20 17:00:00,32.20866667
2022-08-20 18:00:00,32.23701667
2022-08-20 19:00:00,32.24665833
2022-08-20 20:00:00,32.20000833
2022-08-20 21:00:00,32.155675
2022-08-20 22:00:00,32.184
2022-08-20 23:00:00,32.29559167
2022-08-21 0:00:00,32.323175
2022-08-21 1:00:00,32.34923333
2022-08-21 2:00:00,32.458225
2022-08-21 3:00:00,32.45
2022-08-21 4:00:00,32.46344167
2022-08-21 5:00:00,32.45649167
2022-08-21 6:00:00,32.47548333
2022-08-21 7:00:00,32.49623333
2022-08-21 8:00:00,32.47799167
2022-08-21 9:00:00,32.44436667
2022-08-21 10:00:00,32.15556667
2022-08-21 11:00:00,31.99456667
2022-08-21 12:00:00,31.96225
2022-08-21 13:00:00,31.99001667
2022-08-21 14:00:00,31.97950833
2022-08-21 15:00:00,32.079975
2022-08-21 16:00:00,32.20948333
2022-08-21 17:00:00,32.221575
2022-08-21 18:00:00,32.24243333
2022-08-21 19:00:00,32.27138333
2022-08-21 20:00:00,32.28813333
2022-08-21 21:00:00,32.26594167
2022-08-21 22:00:00,32.24395833
2022-08-21 23:00:00,32.24165833
2022-08-22 0:00:00,32.261775
2022-08-22 1:00:00,32.349675
2022-08-22 2:00:00,32.34621667
2022-08-22 3:00:00,32.41135
2022-08-22 4:00:00,32.47025
2022-08-22 5:00:00,32.4994
2022-08-22 6:00:00,32.494775
2022-08-22 7:00:00,32.49111667
2022-08-22 8:00:00,32.48885833
2022-08-22 9:00:00,32.48193333
2022-08-22 10:00:00,32.45916
2022-08-22 11:00:00,32.1396
2022-08-22 12:00:00,31.90781667
2022-08-22 13:00:00,31.950075
2022-08-22 14:00:00,31.952125
2022-08-22 15:00:00,31.94576667
2022-08-22 16:00:00,32.1315
2022-08-22 17:00:00,32.23381667
2022-08-22 18:00:00,32.27136667
2022-08-22 19:00:00,32.26691667
2022-08-22 20:00:00,32.2633
2022-08-22 21:00:00,32.24223333
2022-08-22 22:00:00,32.237575
2022-08-22 23:00:00,32.2536
2022-08-23 0:00:00,32.24338333
2022-08-23 1:00:00,32.29313333
2022-08-23 2:00:00,32.317125
2022-08-23 3:00:00,32.38191667
2022-08-23 4:00:00,32.423125
2022-08-23 5:00:00,32.43625833
2022-08-23 6:00:00,32.43435
2022-08-23 7:00:00,32.43576667
2022-08-23 8:00:00,32.43651667
2022-08-23 9:00:00,32.43301667
2022-08-23 10:00:00,32.43076667
2022-08-23 11:00:00,32.30455
2022-08-23 12:00:00,31.96238333
2022-08-23 13:00:00,31.93750833
2022-08-23 14:00:00,31.90926667
2022-08-23 15:00:00,31.88266667
2022-08-23 16:00:00,32.01654167
2022-08-23 17:00:00,32.136575
2022-08-23 18:00:00,32.210275
2022-08-23 19:00:00,32.23461667
2022-08-23 20:00:00,32.23505
2022-08-23 21:00:00,32.22868333
2022-08-23 22:00:00,32.234225
2022-08-23 23:00:00,32.23171667
2022-08-24 0:00:00,32.2251
2022-08-24 1:00:00,32.27100833
2022-08-24 2:00:00,32.30373333
2022-08-24 3:00:00,32.344
2022-08-24 4:00:00,32.40741667
2022-08-24 5:00:00,32.42366667
2022-08-24 6:00:00,32.42658333
2022-08-24 7:00:00,32.4346
2022-08-24 8:00:00,32.43335833
2022-08-24 9:00:00,32.42763333
2022-08-24 10:00:00,32.42383333
2022-08-24 11:00:00,32.41905833
2022-08-24 12:00:00,32.26729167
2022-08-24 13:00:00,31.98075833
2022-08-24 14:00:00,31.90071667
2022-08-24 15:00:00,31.919525
2022-08-24 16:00:00,31.91
2022-08-24 17:00:00,32.07043333
2022-08-24 18:00:00,32.098625
2022-08-24 19:00:00,32.18865833
2022-08-24 20:00:00,32.20410833
2022-08-24 21:00:00,32.20505
2022-08-24 22:00:00,32.21561667
2022-08-24 23:00:00,32.21200833
2022-08-25 0:00:00,32.219525
2022-08-25 1:00:00,32.26868333
2022-08-25 2:00:00,32.29714167
2022-08-25 3:00:00,32.293075
2022-08-25 4:00:00,32.355025
2022-08-25 5:00:00,32.407875
2022-08-25 6:00:00,32.42085
2022-08-25 7:00:00,32.42435
2022-08-25 8:00:00,32.42386667
2022-08-25 9:00:00,32.42498333
2022-08-25 10:00:00,32.42820833
2022-08-25 11:00:00,32.422725
2022-08-25 12:00:00,32.33195
2022-08-25 13:00:00,32.02641667
2022-08-25 14:00:00,31.997975
2022-08-25 15:00:00,31.95796667
2022-08-25 16:00:00,31.95405833
2022-08-25 17:00:00,32.029225
2022-08-25 18:00:00,32.10204167
2022-08-25 19:00:00,32.191475
2022-08-25 20:00:00,32.23050833
2022-08-25 21:00:00,32.21860833
2022-08-25 22:00:00,32.22694167
2022-08-25 23:00:00,32.228525
2022-08-26 0:00:00,32.22581667
2022-08-26 1:00:00,32.24568333
2022-08-26 2:00:00,32.29069167
2022-08-26 3:00:00,32.313875
2022-08-26 4:00:00,32.30579167
2022-08-26 5:00:00,32.30111667
2022-08-26 6:00:00,32.358475
2022-08-26 7:00:00,32.39614167
2022-08-26 8:00:00,32.44967
2022-08-26 9:00:00,32.47305833
2022-08-26 10:00:00,32.47300833
2022-08-26 11:00:00,32.46371667
2022-08-26 12:00:00,32.45105833
2022-08-26 13:00:00,32.16438333
2022-08-26 14:00:00,32.03814167
2022-08-26 15:00:00,31.92225833
2022-08-26 16:00:00,31.90849167
2022-08-26 17:00:00,31.91064167
2022-08-26 18:00:00,32.07409167
2022-08-26 19:00:00,32.12681667
2022-08-26 20:00:00,32.17690833
2022-08-26 21:00:00,32.19295
2022-08-26 22:00:00,32.20211667
2022-08-26 23:00:00,32.20456667
2022-08-27 0:00:00,32.19968333
2022-08-27 1:00:00,32.22230833
2022-08-27 2:00:00,32.29088333
2022-08-27 3:00:00,32.30264167
2022-08-27 4:00:00,32.27123333
2022-08-27 5:00:00,32.24198333
2022-08-27 6:00:00,32.271625
2022-08-27 7:00:00,32.34154167
2022-08-27 8:00:00,32.37625833
2022-08-27 9:00:00,32.43725
2022-08-27 10:00:00,32.44476667
2022-08-27 11:00:00,32.44655833
2022-08-27 12:00:00,32.44448333
2022-08-27 13:00:00,32.32375833
2022-08-27 14:00:00,32.10804167
2022-08-27 15:00:00,31.99864167
2022-08-27 16:00:00,31.97550833
2022-08-27 17:00:00,31.95241667
2022-08-27 18:00:00,32.0246
2022-08-27 19:00:00,32.10935
2022-08-27 20:00:00,32.20635833
2022-08-27 21:00:00,32.206075
2022-08-27 22:00:00,32.22359167
2022-08-27 23:00:00,32.2281
2022-08-28 0:00:00,32.23036667
2022-08-28 1:00:00,32.23415
2022-08-28 2:00:00,32.2556
2022-08-28 3:00:00,32.24885
2022-08-28 4:00:00,32.27530833
2022-08-28 5:00:00,32.27053333
2022-08-28 6:00:00,32.26718333
2022-08-28 7:00:00,32.284325
2022-08-28 8:00:00,32.34664167
2022-08-28 9:00:00,32.405825
2022-08-28 10:00:00,32.42244167
2022-08-28 11:00:00,32.431925
2022-08-28 12:00:00,32.43229167
2022-08-28 13:00:00,32.42488333
2022-08-28 14:00:00,32.26839167
2022-08-28 15:00:00,32.1081
2022-08-28 16:00:00,31.956775
2022-08-28 17:00:00,32.02185
2022-08-28 18:00:00,32.01218333
2022-08-28 19:00:00,32.13566667
2022-08-28 20:00:00,32.19385
2022-08-28 21:00:00,32.23796667
2022-08-28 22:00:00,32.24539167
2022-08-28 23:00:00,32.25516667
2022-08-29 0:00:00,32.259525
2022-08-29 1:00:00,32.25449167
2022-08-29 2:00:00,32.256
2022-08-29 3:00:00,32.24363333
2022-08-29 4:00:00,32.21869167
2022-08-29 5:00:00,32.24861667
2022-08-29 6:00:00,32.24410833
2022-08-29 7:00:00,32.2219
2022-08-29 8:00:00,32.243
2022-08-29 9:00:00,32.31325
2022-08-29 10:00:00,32.35558333
2022-08-29 11:00:00,32.36781667
2022-08-29 12:00:00,32.36633333
2022-08-29 13:00:00,32.36053333
2022-08-29 14:00:00,32.33654167
2022-08-29 15:00:00,32.2452
2022-08-29 16:00:00,32.03345
2022-08-29 17:00:00,32.01309167
2022-08-29 18:00:00,31.991
2022-08-29 19:00:00,32.05210833
2022-08-29 20:00:00,32.12948333
2022-08-29 21:00:00,32.224875
2022-08-29 22:00:00,32.23871667
2022-08-29 23:00:00,32.24163333
2022-08-30 0:00:00,32.24718333
2022-08-30 1:00:00,32.246075
2022-08-30 2:00:00,32.245625
2022-08-30 3:00:00,32.2591
2022-08-30 4:00:00,32.18075833
2022-08-30 5:00:00,32.19440833
2022-08-30 6:00:00,32.19761667
2022-08-30 7:00:00,32.15895833
2022-08-30 8:00:00,32.19531
2022-08-30 9:00:00,32.24571667
2022-08-30 10:00:00,32.32024167
2022-08-30 11:00:00,32.330625
2022-08-30 12:00:00,32.33179167
2022-08-30 13:00:00,32.32323333
2022-08-30 14:00:00,32.313425
2022-08-30 15:00:00,32.188075
2022-08-30 16:00:00,32.05100833
2022-08-30 17:00:00,32.00108333
2022-08-30 18:00:00,32.01703333
2022-08-30 19:00:00,32.01168333
2022-08-30 20:00:00,32.08380833
2022-08-30 21:00:00,32.14884167
2022-08-30 22:00:00,32.19200833
2022-08-30 23:00:00,32.21208333
2022-08-31 0:00:00,32.22698333
2022-08-31 1:00:00,32.23340833
2022-08-31 2:00:00,32.238225
2022-08-31 3:00:00,32.23345833
2022-08-31 4:00:00,32.23505
2022-08-31 5:00:00,32.08623333
2022-08-31 6:00:00,32.0469
2022-08-31 7:00:00,32.05366667
2022-08-31 8:00:00,32.06509167
2022-08-31 9:00:00,32.13886667
2022-08-31 10:00:00,32.206075
2022-08-31 11:00:00,32.22116667
2022-08-31 12:00:00,32.26155
2022-08-31 13:00:00,32.27043333
2022-08-31 14:00:00,32.270675
2022-08-31 15:00:00,32.2172
2022-08-31 16:00:00,31.98748333
2022-08-31 17:00:00,31.99536667
2022-08-31 18:00:00,32.01339167
2022-08-31 19:00:00,32.02985
2022-08-31 20:00:00,32.04366667
2022-08-31 21:00:00,32.11634167
2022-08-31 22:00:00,32.14833333
2022-08-31 23:00:00,32.20499167
2022-09-01 0:00:00,32.21605833
2022-09-01 1:00:00,32.2238
2022-09-01 2:00:00,32.22625
2022-09-01 3:00:00,32.22279167
2022-09-01 4:00:00,32.21495
2022-09-01 5:00:00,32.092425
2022-09-01 6:00:00,31.923625
2022-09-01 7:00:00,31.99831667
2022-09-01 8:00:00,31.99954167
2022-09-01 9:00:00,31.98209
2022-09-01 10:00:00,32.07953333
2022-09-01 11:00:00,32.12575833
2022-09-01 12:00:00,32.20975833
2022-09-01 13:00:00,32.24155
2022-09-01 14:00:00,32.240225
2022-09-01 15:00:00,32.23379167
2022-09-01 16:00:00,32.22285
2022-09-01 17:00:00,32.110225
2022-09-01 18:00:00,32.07609167
2022-09-01 19:00:00,32.09876667
2022-09-01 20:00:00,32.08588333
2022-09-01 21:00:00,32.09426667
2022-09-01 22:00:00,32.13434167
2022-09-01 23:00:00,32.20565
2022-09-02 0:00:00,32.24254167
2022-09-02 1:00:00,32.24243333
2022-09-02 2:00:00,32.24641667
2022-09-02 3:00:00,32.2468
2022-09-02 4:00:00,32.24115833
2022-09-02 5:00:00,32.16559167
2022-09-02 6:00:00,31.98534167
2022-09-02 7:00:00,31.94678333
2022-09-02 8:00:00,31.9012
2022-09-02 9:00:00,31.91952727
2022-09-02 10:00:00,31.92525
2022-09-02 11:00:00,31.98513333
2022-09-02 12:00:00,32.0478
2022-09-02 13:00:00,32.09634167
2022-09-02 14:00:00,32.13094167
2022-09-02 15:00:00,32.1353
2022-09-02 16:00:00,32.1189
2022-09-02 17:00:00,32.15145833
2022-09-02 18:00:00,32.158525
2022-09-02 19:00:00,32.09109167
2022-09-02 20:00:00,32.073025
2022-09-02 21:00:00,32.03395833
2022-09-02 22:00:00,32.1601
2022-09-02 23:00:00,32.2041
2022-09-03 0:00:00,32.26384167
2022-09-03 1:00:00,32.30294167
2022-09-03 2:00:00,32.3021
2022-09-03 3:00:00,32.30506667
2022-09-03 4:00:00,32.306125
2022-09-03 5:00:00,32.30374167
2022-09-03 6:00:00,32.2492
2022-09-03 7:00:00,31.98319167
2022-09-03 8:00:00,31.953475
2022-09-03 9:00:00,31.92899167
2022-09-03 10:00:00,31.9271
2022-09-03 11:00:00,31.91235
2022-09-03 12:00:00,31.96845833
2022-09-03 13:00:00,32.05060833
2022-09-03 14:00:00,32.0931
2022-09-03 15:00:00,32.12118333
2022-09-03 16:00:00,32.12928333
2022-09-03 17:00:00,32.10108333
2022-09-03 18:00:00,32.10964167
2022-09-03 19:00:00,32.05983333
2022-09-03 20:00:00,32.09334167
2022-09-03 21:00:00,32.13226667
2022-09-03 22:00:00,32.18450833
2022-09-03 23:00:00,32.26676667
2022-09-04 0:00:00,32.27475833
2022-09-04 1:00:00,32.29828333
2022-09-04 2:00:00,32.32581667
2022-09-04 3:00:00,32.32603333
2022-09-04 4:00:00,32.34884167
2022-09-04 5:00:00,32.342275
2022-09-04 6:00:00,32.33486667
2022-09-04 7:00:00,32.31393333
2022-09-04 8:00:00,31.99688333
2022-09-04 9:00:00,31.86926667
2022-09-04 10:00:00,31.85629
2022-09-04 11:00:00,31.85856667
2022-09-04 12:00:00,31.85355
2022-09-04 13:00:00,31.9251
2022-09-04 14:00:00,32.01085833
2022-09-04 15:00:00,32.02899167
2022-09-04 16:00:00,32.03080833
2022-09-04 17:00:00,32.0515
2022-09-04 18:00:00,32.054975
2022-09-04 19:00:00,31.95413333
2022-09-04 20:00:00,31.95025
2022-09-04 21:00:00,32.047575
2022-09-04 22:00:00,32.15422
2022-09-04 23:00:00,32.14571667
2022-09-05 0:00:00,32.2841
2022-09-05 1:00:00,32.41105833
2022-09-05 2:00:00,32.38568333
2022-09-05 3:00:00,32.39621667
2022-09-05 4:00:00,32.40434167
2022-09-05 5:00:00,32.41199167
2022-09-05 6:00:00,32.42784167
2022-09-05 7:00:00,32.36720833
2022-09-05 8:00:00,32.2566
2022-09-05 9:00:00,32.05436667
2022-09-05 10:00:00,31.83205
2022-09-05 11:00:00,31.817825
2022-09-05 15:00:00,31.98363333
2022-09-05 16:00:00,32.023025
2022-09-05 17:00:00,32.057
2022-09-05 18:00:00,32.10628333
2022-09-05 19:00:00,32.13184167
2022-09-05 20:00:00,32.091475
2022-09-05 21:00:00,32.00847273
2022-09-05 22:00:00,32.06175455
2022-09-05 23:00:00,32.17816667
2022-09-06 0:00:00,32.23190833
2022-09-06 1:00:00,32.31630833
2022-09-06 2:00:00,32.49269167
2022-09-06 3:00:00,32.460275
2022-09-06 4:00:00,32.456375
2022-09-06 5:00:00,32.448475
2022-09-06 6:00:00,32.45323333
2022-09-06 7:00:00,32.46705
2022-09-06 8:00:00,32.402625
2022-09-06 9:00:00,32.317
2022-09-06 10:00:00,32.01596
2022-09-06 11:00:00,31.84224167
2022-09-06 12:00:00,31.79098333
2022-09-06 13:00:00,31.77918333
2022-09-06 14:00:00,31.72513333
2022-09-06 15:00:00,31.915575
2022-09-06 16:00:00,31.98023333
2022-09-06 17:00:00,32.023725
2022-09-06 18:00:00,32.05824167
2022-09-06 19:00:00,32.105125
2022-09-06 20:00:00,32.150075
2022-09-06 21:00:00,32.11169167
2022-09-06 22:00:00,32.12384167
2022-09-06 23:00:00,32.20005
2022-09-07 0:00:00,32.24600833
2022-09-07 1:00:00,32.24065833
2022-09-07 2:00:00,32.37135
2022-09-07 3:00:00,32.43703333
2022-09-07 4:00:00,32.45185
2022-09-07 5:00:00,32.44916667
2022-09-07 6:00:00,32.44395
2022-09-07 7:00:00,32.442475
2022-09-07 8:00:00,32.436025
2022-09-07 9:00:00,32.42141
2022-09-07 10:00:00,32.37450833
2022-09-07 11:00:00,32.140525
2022-09-07 12:00:00,31.77374167
2022-09-07 13:00:00,31.73314167
2022-09-07 14:00:00,31.76303333
2022-09-07 15:00:00,31.77400833
2022-09-07 16:00:00,31.93335
2022-09-07 17:00:00,32.0078
2022-09-07 18:00:00,32.02544167
2022-09-07 19:00:00,32.07763333
2022-09-07 20:00:00,32.121025
2022-09-07 21:00:00,32.1394
2022-09-07 22:00:00,32.14566667
2022-09-07 23:00:00,32.13341667
2022-09-08 0:00:00,32.15378333
2022-09-08 1:00:00,32.19690833
2022-09-08 2:00:00,32.1766
2022-09-08 3:00:00,32.19873333
2022-09-08 4:00:00,32.27830833
2022-09-08 5:00:00,32.32914167
2022-09-08 6:00:00,32.37659167
2022-09-08 7:00:00,32.390925
2022-09-08 8:00:00,32.3979
2022-09-08 9:00:00,32.40278333
2022-09-08 10:00:00,32.39984
2022-09-08 11:00:00,32.377775
2022-09-08 12:00:00,32.05229167
2022-09-08 13:00:00,31.884
2022-09-08 14:00:00,31.86605
2022-09-08 15:00:00,31.83205833
2022-09-08 16:00:00,31.859375
2022-09-08 17:00:00,31.9474
2022-09-08 18:00:00,32.03003333
2022-09-08 19:00:00,32.04875833
2022-09-08 20:00:00,32.123325
2022-09-08 21:00:00,32.15689167
2022-09-08 22:00:00,32.16480833
2022-09-08 23:00:00,32.15521667
2022-09-09 0:00:00,32.17935833
2022-09-09 1:00:00,32.16484167
2022-09-09 2:00:00,32.16634167
2022-09-09 3:00:00,32.16245833
2022-09-09 4:00:00,32.17225
2022-09-09 5:00:00,32.23340833
2022-09-09 6:00:00,32.293175
2022-09-09 7:00:00,32.33911818
2022-09-09 8:00:00,32.36094167
2022-09-09 9:00:00,32.37715833
2022-09-09 10:00:00,32.38720909
2022-09-09 11:00:00,32.38314167
2022-09-09 12:00:00,32.27071667
2022-09-09 13:00:00,32.07063333
2022-09-09 14:00:00,31.93476667
2022-09-09 15:00:00,31.88900833
2022-09-09 16:00:00,31.8487
2022-09-09 17:00:00,31.92556667
2022-09-09 18:00:00,31.99991667
2022-09-09 19:00:00,32.07016667
2022-09-09 20:00:00,32.12004167
2022-09-09 21:00:00,32.16721667
2022-09-09 22:00:00,32.200075
2022-09-09 23:00:00,32.208475
2022-09-10 0:00:00,32.20105833
2022-09-10 1:00:00,32.19374167
2022-09-10 2:00:00,32.13534167
2022-09-10 3:00:00,32.15909167
2022-09-10 4:00:00,32.141125
2022-09-10 5:00:00,32.16380833
2022-09-10 6:00:00,32.22054167
2022-09-10 7:00:00,32.296225
2022-09-10 8:00:00,32.29396667
2022-09-10 9:00:00,32.29265
2022-09-10 10:00:00,32.31695
2022-09-10 11:00:00,32.31393333
2022-09-10 12:00:00,32.30699167
2022-09-10 13:00:00,32.16340833
2022-09-10 14:00:00,32.01959167
2022-09-10 15:00:00,31.91169167
2022-09-10 16:00:00,31.89431667
2022-09-10 17:00:00,31.90105
2022-09-10 18:00:00,32.00698333
2022-09-10 19:00:00,32.067
2022-09-10 20:00:00,32.10654167
2022-09-10 21:00:00,32.14865
2022-09-10 22:00:00,32.17951667
2022-09-10 23:00:00,32.1728
2022-09-11 0:00:00,32.169825
2022-09-11 1:00:00,32.16934167
2022-09-11 2:00:00,32.14413333
2022-09-11 3:00:00,32.04154167
2022-09-11 4:00:00,32.03831667
2022-09-11 5:00:00,32.019975
2022-09-11 6:00:00,32.09930833
2022-09-11 7:00:00,32.147675
2022-09-11 8:00:00,32.22296667
2022-09-11 9:00:00,32.21699167
2022-09-11 10:00:00,32.20526667
2022-09-11 11:00:00,32.20385
2022-09-11 12:00:00,32.19923333
2022-09-11 13:00:00,32.19452
2022-09-11 14:00:00,32.04083333
2022-09-11 15:00:00,31.92205
2022-09-11 16:00:00,31.87824167
2022-09-11 17:00:00,31.90648333
2022-09-11 18:00:00,31.91305
2022-09-11 19:00:00,31.97990833
2022-09-11 20:00:00,32.04165833
2022-09-11 21:00:00,32.08116667
2022-09-11 22:00:00,32.12603333
2022-09-11 23:00:00,32.13051667
2022-09-12 0:00:00,32.12735
2022-09-12 1:00:00,32.12230833
2022-09-12 2:00:00,32.120725
2022-09-12 3:00:00,32.05871667
2022-09-12 4:00:00,31.940925
2022-09-12 5:00:00,31.93945
2022-09-12 6:00:00,31.92375
2022-09-12 7:00:00,32.013625
2022-09-12 8:00:00,32.06429167
2022-09-12 9:00:00,32.13155833
2022-09-12 10:00:00,32.12805
2022-09-12 11:00:00,32.127925
2022-09-12 12:00:00,32.12982
2022-09-12 13:00:00,32.121475
2022-09-12 14:00:00,32.11558333
2022-09-12 15:00:00,32.00889167
2022-09-12 16:00:00,31.92030833
2022-09-12 17:00:00,31.954325
2022-09-12 18:00:00,31.92823333
2022-09-12 19:00:00,31.96700833
2022-09-12 20:00:00,32.043825
2022-09-12 21:00:00,32.0889
2022-09-12 22:00:00,32.10069167
2022-09-12 23:00:00,32.12333333
2022-09-13 0:00:00,32.12585833
2022-09-13 1:00:00,32.116275
2022-09-13 2:00:00,32.111025
2022-09-13 3:00:00,32.11419167
2022-09-13 4:00:00,31.992475
2022-09-13 5:00:00,31.93211667
2022-09-13 6:00:00,31.93646667
2022-09-13 7:00:00,31.93791667
2022-09-13 8:00:00,31.99085
2022-09-13 9:00:00,32.02838333
2022-09-13 10:00:00,32.10846667
2022-09-13 11:00:00,32.08175833
2022-09-13 12:00:00,32.08954
2022-09-13 13:00:00,32.08903333
2022-09-13 14:00:00,32.07585
2022-09-13 15:00:00,32.08299167
2022-09-13 16:00:00,31.96031667
2022-09-13 17:00:00,31.95874167
2022-09-13 18:00:00,31.94081667
2022-09-13 19:00:00,31.9485
2022-09-13 20:00:00,32.024025
2022-09-13 21:00:00,32.057575
2022-09-13 22:00:00,32.10289167
2022-09-13 23:00:00,32.10475
2022-09-14 0:00:00,32.1099
2022-09-14 1:00:00,32.11135833
2022-09-14 2:00:00,32.10753333
2022-09-14 3:00:00,32.102175
2022-09-14 4:00:00,32.07966667
2022-09-14 5:00:00,31.919475
2022-09-14 6:00:00,31.89378333
2022-09-14 7:00:00,31.92994167
2022-09-14 8:00:00,31.930775
2022-09-14 9:00:00,31.95897
2022-09-14 10:00:00,32.01840833
2022-09-14 11:00:00,32.070975
2022-09-14 12:00:00,32.08038333
2022-09-14 13:00:00,32.08393333
2022-09-14 14:00:00,32.083625
2022-09-14 15:00:00,32.0699
2022-09-14 16:00:00,32.07219167
2022-09-14 17:00:00,32.023825
2022-09-14 18:00:00,32.01499167
2022-09-14 19:00:00,32.00773333
2022-09-14 20:00:00,32.02324167
2022-09-14 21:00:00,32.06776667
2022-09-14 22:00:00,32.087675
2022-09-14 23:00:00,32.105375
2022-09-15 0:00:00,32.12740833
2022-09-15 1:00:00,32.13389167
2022-09-15 2:00:00,32.13383333
2022-09-15 3:00:00,32.12843333
2022-09-15 4:00:00,32.10265
2022-09-15 5:00:00,31.969975
2022-09-15 6:00:00,31.90735
2022-09-15 7:00:00,31.86933333
2022-09-15 8:00:00,31.89205
2022-09-15 9:00:00,31.8989
2022-09-15 10:00:00,31.96448333
2022-09-15 11:00:00,31.99801667
2022-09-15 12:00:00,32.02925
2022-09-15 13:00:00,32.05259167
2022-09-15 14:00:00,32.06006667
2022-09-15 15:00:00,32.05493333
2022-09-15 16:00:00,32.05580833
2022-09-15 17:00:00,32.06599167
2022-09-15 18:00:00,32.06241667
2022-09-15 19:00:00,32.04644167
2022-09-15 20:00:00,32.04573333
2022-09-15 21:00:00,32.03248333
2022-09-15 22:00:00,32.08256667
2022-09-15 23:00:00,32.10275
2022-09-16 0:00:00,32.15196667
2022-09-16 1:00:00,32.17980833
2022-09-16 2:00:00,32.18866667
2022-09-16 3:00:00,32.19085
2022-09-16 4:00:00,32.18576667
2022-09-16 5:00:00,32.148225
2022-09-16 6:00:00,32.03230833
2022-09-16 7:00:00,31.927475
2022-09-16 8:00:00,31.902425
2022-09-16 9:00:00,31.90364167
2022-09-16 10:00:00,31.87270833
2022-09-16 11:00:00,31.88740833
2022-09-16 12:00:00,31.9661
2022-09-16 13:00:00,32.00830833
2022-09-16 14:00:00,32.03511667
2022-09-16 15:00:00,32.05389167
2022-09-16 16:00:00,32.04259167
2022-09-16 17:00:00,32.040125
2022-09-16 18:00:00,32.05939167
2022-09-16 19:00:00,32.033425
2022-09-16 20:00:00,32.0854
2022-09-16 21:00:00,32.07420833
2022-09-16 22:00:00,32.11623333
2022-09-16 23:00:00,32.15171667
2022-09-17 0:00:00,32.17005833
2022-09-17 1:00:00,32.17916667
2022-09-17 2:00:00,32.1795
2022-09-17 3:00:00,32.1821
2022-09-17 4:00:00,32.18254167
2022-09-17 5:00:00,32.17970833
2022-09-17 6:00:00,32.171725
2022-09-17 7:00:00,31.98175833
2022-09-17 8:00:00,31.89269167
2022-09-17 9:00:00,31.87963333
2022-09-17 10:00:00,31.876675
2022-09-17 11:00:00,31.82913333
2022-09-17 12:00:00,31.83145833
2022-09-17 13:00:00,31.94945833
2022-09-17 14:00:00,31.98706667
2022-09-17 15:00:00,32.01725
2022-09-17 16:00:00,32.0287
2022-09-17 17:00:00,32.028
2022-09-17 18:00:00,31.897925
2022-09-17 19:00:00,31.81176667
2022-09-17 20:00:00,31.86799167
2022-09-17 21:00:00,31.97915833
2022-09-17 22:00:00,32.03748333
2022-09-17 23:00:00,32.03778333
2022-09-18 0:00:00,32.13706667
2022-09-18 1:00:00,32.15426667
2022-09-18 2:00:00,32.16301667
2022-09-18 3:00:00,32.16250833
2022-09-18 4:00:00,32.18446667
2022-09-18 5:00:00,32.18408333
2022-09-18 6:00:00,32.18188333
2022-09-18 7:00:00,32.1761
2022-09-18 8:00:00,32.0768
2022-09-18 9:00:00,31.83826667
2022-09-18 10:00:00,31.86691667
2022-09-18 11:00:00,31.86142
2022-09-18 12:00:00,31.86040833
2022-09-18 13:00:00,31.84859167
2022-09-18 14:00:00,31.96699167
2022-09-18 15:00:00,32.007525
2022-09-18 16:00:00,32.0258
2022-09-18 17:00:00,32.03769167
2022-09-18 18:00:00,32.06579167
2022-09-18 19:00:00,32.10851667
2022-09-18 20:00:00,32.159575
2022-09-18 21:00:00,32.15996667
2022-09-18 22:00:00,32.173025
2022-09-18 23:00:00,32.24150833
2022-09-19 0:00:00,32.25374167
2022-09-19 1:00:00,32.24848333
2022-09-19 2:00:00,32.31590833
2022-09-19 3:00:00,32.36339167
2022-09-19 4:00:00,32.36259167
2022-09-19 5:00:00,32.36305833
2022-09-19 6:00:00,32.377475
2022-09-19 7:00:00,32.36270833
2022-09-19 8:00:00,32.33376667
2022-09-19 9:00:00,32.15610833
2022-09-19 10:00:00,32.0658
2022-09-19 11:00:00,31.8834
2022-09-19 12:00:00,31.85751667
2022-09-19 13:00:00,31.81420833
2022-09-19 14:00:00,31.87516667
2022-09-19 15:00:00,31.97693333
2022-09-19 16:00:00,32.06441667
2022-09-19 17:00:00,32.08686667
2022-09-19 18:00:00,32.08686667
2022-09-19 19:00:00,32.087525
2022-09-19 20:00:00,32.086025
2022-09-19 21:00:00,31.998225
2022-09-19 22:00:00,31.965925
2022-09-19 23:00:00,32.01979167
2022-09-20 0:00:00,32.07651667
2022-09-20 1:00:00,32.08045833
2022-09-20 2:00:00,32.1536
2022-09-20 3:00:00,32.25133333
2022-09-20 4:00:00,32.28415
2022-09-20 5:00:00,32.29375
2022-09-20 6:00:00,32.29109167
2022-09-20 7:00:00,32.29119
2022-09-20 8:00:00,32.281225
2022-09-20 9:00:00,32.24835
2022-09-20 10:00:00,32.108375
2022-09-20 11:00:00,31.86736667
2022-09-20 12:00:00,31.60019167
2022-09-20 13:00:00,31.59855
2022-09-20 14:00:00,31.5881
2022-09-20 15:00:00,31.81945
2022-09-20 16:00:00,31.93345833
2022-09-20 17:00:00,31.991
2022-09-20 18:00:00,32.011125
2022-09-20 19:00:00,32.02861667
2022-09-20 20:00:00,32.038275
2022-09-20 21:00:00,32.0181
2022-09-20 22:00:00,32.02578333
2022-09-20 23:00:00,32.071325
2022-09-21 0:00:00,32.14058333
2022-09-21 1:00:00,32.14180833
2022-09-21 2:00:00,32.12155833
2022-09-21 3:00:00,32.185825
2022-09-21 4:00:00,32.240175
2022-09-21 5:00:00,32.26576667
2022-09-21 6:00:00,32.2529
2022-09-21 7:00:00,32.25508
2022-09-21 8:00:00,32.25364167
2022-09-21 9:00:00,32.24784167
2022-09-21 10:00:00,32.23309167
2022-09-21 11:00:00,32.01234167
2022-09-21 12:00:00,31.83036667
2022-09-21 13:00:00,31.72145833
2022-09-21 14:00:00,31.63026667
2022-09-21 15:00:00,31.5938
2022-09-21 16:00:00,31.84376667
2022-09-21 17:00:00,31.91091667
2022-09-21 18:00:00,31.95604167
2022-09-21 19:00:00,31.99630833
2022-09-21 20:00:00,32.00754167
2022-09-21 21:00:00,32.00956667
2022-09-21 22:00:00,32.00245
2022-09-21 23:00:00,32.01406667
2022-09-22 0:00:00,32.08118333
2022-09-22 1:00:00,32.13339167
2022-09-22 2:00:00,32.11575
2022-09-22 3:00:00,32.05575
2022-09-22 4:00:00,32.056675
2022-09-22 5:00:00,32.10604167
2022-09-22 6:00:00,32.15789167
2022-09-22 7:00:00,32.160525
2022-09-22 8:00:00,32.16396
2022-09-22 9:00:00,32.16799167
2022-09-22 10:00:00,32.15073333
2022-09-22 11:00:00,32.02633333
2022-09-22 12:00:00,31.82495
2022-09-22 13:00:00,31.73449167
2022-09-22 14:00:00,31.68298333
2022-09-22 15:00:00,31.59590833
2022-09-22 16:00:00,31.67534167
2022-09-22 17:00:00,31.7947
2022-09-22 18:00:00,31.87395
2022-09-22 19:00:00,31.905425
2022-09-22 20:00:00,31.91989167
2022-09-22 21:00:00,31.92723333
2022-09-22 22:00:00,31.938825
2022-09-22 23:00:00,31.93179167
2022-09-23 0:00:00,31.95880833
2022-09-23 1:00:00,31.96915
2022-09-23 2:00:00,31.97590833
2022-09-23 3:00:00,31.9595
2022-09-23 4:00:00,31.93884167
2022-09-23 5:00:00,31.97731667
2022-09-23 6:00:00,32.02176667
2022-09-23 7:00:00,32.06441667
2022-09-23 8:00:00,32.08643333
2022-09-23 9:00:00,32.08843
2022-09-23 10:00:00,32.083775
2022-09-23 11:00:00,32.06241667
2022-09-23 12:00:00,31.85029167
2022-09-23 13:00:00,31.71910833
2022-09-23 14:00:00,31.66371667
2022-09-23 15:00:00,31.665675
2022-09-23 16:00:00,31.64899167
2022-09-23 17:00:00,31.721325
2022-09-23 18:00:00,31.790175
2022-09-23 19:00:00,31.862425
2022-09-23 20:00:00,31.8829
2022-09-23 21:00:00,31.882925
2022-09-23 22:00:00,31.902175
2022-09-23 23:00:00,31.90184167
2022-09-24 0:00:00,31.935725
2022-09-24 1:00:00,31.93186667
2022-09-24 2:00:00,31.89858333
2022-09-24 3:00:00,31.90195
2022-09-24 4:00:00,31.86805833
2022-09-24 5:00:00,31.86090833
2022-09-24 6:00:00,31.91085
2022-09-24 7:00:00,31.961525
2022-09-24 8:00:00,32.02481667
2022-09-24 9:00:00,32.03400833
2022-09-24 10:00:00,32.03163333
2022-09-24 11:00:00,32.02821667
2022-09-24 12:00:00,31.94769167
2022-09-24 13:00:00,31.740075
2022-09-24 14:00:00,31.604725
2022-09-24 15:00:00,31.59278333
2022-09-24 16:00:00,31.59460833
2022-09-24 17:00:00,31.631775
2022-09-24 18:00:00,31.73715
2022-09-24 19:00:00,31.811725
2022-09-24 20:00:00,31.84339
2022-09-24 21:00:00,31.85334167
2022-09-24 22:00:00,31.86091667
2022-09-24 23:00:00,31.87529167
2022-09-25 0:00:00,31.86848333
2022-09-25 1:00:00,31.87158333
2022-09-25 2:00:00,31.76449167
2022-09-25 3:00:00,31.82729167
2022-09-25 4:00:00,31.81326667
2022-09-25 5:00:00,31.80091667
2022-09-25 6:00:00,31.83595
2022-09-25 7:00:00,31.88946667
2022-09-25 8:00:00,31.94968333
2022-09-25 9:00:00,31.95495455
2022-09-25 10:00:00,31.9571
2022-09-25 11:00:00,31.95558333
2022-09-25 12:00:00,31.93550833
2022-09-25 13:00:00,31.78036667
2022-09-25 14:00:00,31.65485
2022-09-25 15:00:00,31.59795
2022-09-25 16:00:00,31.6266
2022-09-25 17:00:00,31.62198333
2022-09-25 18:00:00,31.694825
2022-09-25 19:00:00,31.7825
2022-09-25 20:00:00,31.84304167
2022-09-25 21:00:00,31.84431667
2022-09-25 22:00:00,31.8512
2022-09-25 23:00:00,31.8506
2022-09-26 0:00:00,31.845525
2022-09-26 1:00:00,31.84486667
2022-09-26 2:00:00,31.7656
2022-09-26 3:00:00,31.725775
2022-09-26 4:00:00,31.73230833
2022-09-26 5:00:00,31.688875
2022-09-26 6:00:00,31.73000833
2022-09-26 7:00:00,31.81034167
2022-09-26 8:00:00,31.86416
2022-09-26 9:00:00,31.90281667
2022-09-26 10:00:00,31.90790833
2022-09-26 11:00:00,31.90474167
2022-09-26 12:00:00,31.89791667
2022-09-26 13:00:00,31.87176667
2022-09-26 14:00:00,31.71231667
2022-09-26 15:00:00,31.627275
2022-09-26 16:00:00,31.63451667
2022-09-26 17:00:00,31.63158333
2022-09-26 18:00:00,31.65936667
2022-09-26 19:00:00,31.73548333
2022-09-26 20:00:00,31.80731667
2022-09-26 21:00:00,31.83575833
2022-09-26 22:00:00,31.844075
2022-09-26 23:00:00,31.85120833
2022-09-27 0:00:00,31.85586667
2022-09-27 1:00:00,31.84334167
2022-09-27 2:00:00,31.839325
2022-09-27 3:00:00,31.67851667
2022-09-27 4:00:00,31.65153333
2022-09-27 5:00:00,31.64706667
2022-09-27 6:00:00,31.65471667
2022-09-27 7:00:00,31.719825
2022-09-27 8:00:00,31.77637
2022-09-27 9:00:00,31.84945833
2022-09-27 10:00:00,31.849775
2022-09-27 11:00:00,31.86120833
2022-09-27 12:00:00,31.859825
2022-09-27 13:00:00,31.82803333
2022-09-27 14:00:00,31.81711667
2022-09-27 15:00:00,31.66350833
2022-09-27 16:00:00,31.628725
2022-09-27 17:00:00,31.63856667
2022-09-27 18:00:00,31.65325833
2022-09-27 19:00:00,31.68625
2022-09-27 20:00:00,31.76115
2022-09-27 21:00:00,31.81930833
2022-09-27 22:00:00,31.85069167
2022-09-27 23:00:00,31.863825
2022-09-28 0:00:00,31.86545
2022-09-28 1:00:00,31.86355833
2022-09-28 2:00:00,31.85229167
2022-09-28 3:00:00,31.783925
2022-09-28 4:00:00,31.60350833
2022-09-28 5:00:00,31.60083333
2022-09-28 6:00:00,31.59231667
2022-09-28 7:00:00,31.59719091
2022-09-28 8:00:00,31.68405
2022-09-28 9:00:00,31.74164167
2022-09-28 10:00:00,31.802425
2022-09-28 11:00:00,31.80956667
2022-09-28 12:00:00,31.81471667
2022-09-28 13:00:00,31.80588333
2022-09-28 14:00:00,31.776625
2022-09-28 15:00:00,31.75801667
2022-09-28 16:00:00,31.70350833
2022-09-28 17:00:00,31.72076667
2022-09-28 18:00:00,31.721325
2022-09-28 19:00:00,31.71640833
2022-09-28 20:00:00,31.75693333
2022-09-28 21:00:00,31.78311667
2022-09-28 22:00:00,31.83360833
2022-09-28 23:00:00,31.849175
2022-09-29 0:00:00,31.84919167
2022-09-29 1:00:00,31.84636667
2022-09-29 2:00:00,31.843
2022-09-29 3:00:00,31.83535833
2022-09-29 4:00:00,31.73665833
2022-09-29 5:00:00,31.59088333
2022-09-29 6:00:00,31.57541667
2022-09-29 7:00:00,31.54658333
2022-09-29 8:00:00,31.52639167
2022-09-29 9:00:00,31.61883
2022-09-29 10:00:00,31.69878333
2022-09-29 11:00:00,31.74903333
2022-09-29 12:00:00,31.74545833
2022-09-29 13:00:00,31.74774167
2022-09-29 14:00:00,31.71141667
2022-09-29 15:00:00,31.73529167
2022-09-29 16:00:00,31.71451667
2022-09-29 17:00:00,31.697725
2022-09-29 18:00:00,31.7089
2022-09-29 19:00:00,31.70823333
2022-09-29 20:00:00,31.71538333
2022-09-29 21:00:00,31.7409
2022-09-29 22:00:00,31.751075
2022-09-29 23:00:00,31.810025
2022-09-30 0:00:00,31.83814167
2022-09-30 1:00:00,31.84608333
2022-09-30 2:00:00,31.84883333
2022-09-30 3:00:00,31.8443
2022-09-30 4:00:00,31.7002
2022-09-30 5:00:00,31.59568333
2022-09-30 6:00:00,31.572175
2022-09-30 7:00:00,31.56590833
2022-09-30 8:00:00,31.55984167
2022-09-30 9:00:00,31.59765833
2022-09-30 10:00:00,31.643775
2022-09-30 11:00:00,31.67890833
2022-09-30 12:00:00,31.71961667
2022-09-30 13:00:00,31.72251667
2022-09-30 14:00:00,31.71361667
2022-09-30 15:00:00,31.69493333
2022-09-30 16:00:00,31.72879167
2022-09-30 17:00:00,31.78928333
2022-09-30 18:00:00,31.812675
2022-09-30 19:00:00,31.79469167
2022-09-30 20:00:00,31.78423333
2022-09-30 21:00:00,31.84905
2022-09-30 22:00:00,31.89481667
2022-09-30 23:00:00,31.94640833
2022-10-01 0:00:00,31.96118333
2022-10-01 1:00:00,31.970025
2022-10-01 2:00:00,31.97334167
2022-10-01 3:00:00,31.97579167
2022-10-01 4:00:00,31.96678333
2022-10-01 5:00:00,31.82972222
2022-10-01 16:00:00,31.74298889
2022-10-01 17:00:00,31.76649167
2022-10-01 18:00:00,31.83161667
2022-10-01 19:00:00,31.839425
2022-10-01 20:00:00,31.8429
2022-10-01 21:00:00,31.94199167
2022-10-01 22:00:00,32.00489167
2022-10-01 23:00:00,32.011825
2022-10-02 0:00:00,32.01616667
2022-10-02 1:00:00,32.01881667
2022-10-02 2:00:00,32.01845833
2022-10-02 3:00:00,32.01526667
2022-10-02 4:00:00,32.01085833
2022-10-02 5:00:00,32.00785
2022-10-02 6:00:00,31.761625
2022-10-02 7:00:00,31.65840833
2022-10-02 8:00:00,31.61616667
2022-10-02 9:00:00,31.42920833
2022-10-02 10:00:00,31.40571667
2022-10-02 11:00:00,31.44258333
2022-10-02 12:00:00,31.49795
2022-10-02 13:00:00,31.53033333
2022-10-02 14:00:00,31.58328333
2022-10-02 15:00:00,31.60626667
2022-10-02 16:00:00,31.60829167
2022-10-02 17:00:00,31.60165833
2022-10-02 18:00:00,31.59081667
2022-10-02 19:00:00,31.629125
2022-10-02 20:00:00,31.64195833
2022-10-02 21:00:00,31.6778
2022-10-02 22:00:00,31.6878
2022-10-02 23:00:00,31.80536667
2022-10-03 0:00:00,31.830125
2022-10-03 1:00:00,31.84306667
2022-10-03 2:00:00,31.85075833
2022-10-03 3:00:00,31.85861667
2022-10-03 4:00:00,31.858325
2022-10-03 5:00:00,31.85104167
2022-10-03 6:00:00,31.84823333
2022-10-03 7:00:00,31.7587
2022-10-03 8:00:00,31.46015455
2022-10-03 9:00:00,31.40648182
2022-10-03 10:00:00,31.37691667
2022-10-03 11:00:00,31.36721667
2022-10-03 12:00:00,31.369175
2022-10-03 13:00:00,31.46525833
2022-10-03 14:00:00,31.51073333
2022-10-03 15:00:00,31.56061667
2022-10-03 16:00:00,31.58168333
2022-10-03 17:00:00,31.58244167
2022-10-03 18:00:00,31.58635833
2022-10-03 19:00:00,31.57211667
2022-10-03 20:00:00,31.614425
2022-10-03 21:00:00,31.63618333
2022-10-03 22:00:00,31.66850833
2022-10-03 23:00:00,31.671375
2022-10-04 0:00:00,31.75315
2022-10-04 1:00:00,31.83130833
2022-10-04 2:00:00,31.847975
2022-10-04 3:00:00,31.84695833
2022-10-04 4:00:00,31.848125
2022-10-04 5:00:00,31.85230833
2022-10-04 6:00:00,31.84895833
2022-10-04 7:00:00,31.84534167
2022-10-04 8:00:00,31.73028333
2022-10-04 9:00:00,31.43971667
2022-10-04 10:00:00,31.39965
2022-10-04 11:00:00,31.35786667
2022-10-04 12:00:00,31.34894167
2022-10-04 13:00:00,31.35426667
2022-10-04 14:00:00,31.45988333
2022-10-04 15:00:00,31.50314167
2022-10-04 16:00:00,31.539075
2022-10-04 17:00:00,31.54954167
2022-10-04 18:00:00,31.5586
2022-10-04 19:00:00,31.55948333
2022-10-04 20:00:00,31.55411667
2022-10-04 21:00:00,31.559325
2022-10-04 22:00:00,31.66290833
2022-10-04 23:00:00,31.73915833
2022-10-05 0:00:00,31.71309167
2022-10-05 1:00:00,31.686675
2022-10-05 2:00:00,31.726375
2022-10-05 3:00:00,31.75011667
2022-10-05 4:00:00,31.7589
2022-10-05 5:00:00,31.761075
2022-10-05 6:00:00,31.75989167
2022-10-05 7:00:00,31.75835
2022-10-05 8:00:00,31.75347
2022-10-05 9:00:00,31.72923333
2022-10-05 10:00:00,31.51715833
2022-10-05 11:00:00,31.44140833
2022-10-05 12:00:00,31.40175
2022-10-05 13:00:00,31.36400833
2022-10-05 14:00:00,31.36085
2022-10-05 15:00:00,31.44588333
2022-10-05 16:00:00,31.50615
2022-10-05 17:00:00,31.56025833
2022-10-05 18:00:00,31.5731
2022-10-05 19:00:00,31.57680833
2022-10-05 20:00:00,31.5904
2022-10-05 21:00:00,31.59214167
2022-10-05 22:00:00,31.60575
2022-10-05 23:00:00,31.64474167
2022-10-06 0:00:00,31.68494167
2022-10-06 1:00:00,31.66479167
2022-10-06 2:00:00,31.62546667
2022-10-06 3:00:00,31.686475
2022-10-06 4:00:00,31.72183333
2022-10-06 5:00:00,31.74405
2022-10-06 6:00:00,31.77080833
2022-10-06 7:00:00,31.78830833
2022-10-06 8:00:00,31.81508333
2022-10-06 9:00:00,31.81529167
2022-10-06 10:00:00,31.78364167
2022-10-06 11:00:00,31.52053333
2022-10-06 12:00:00,31.480825
2022-10-06 13:00:00,31.39441667
2022-10-06 14:00:00,31.36205455
2022-10-06 15:00:00,31.37853333
2022-10-06 16:00:00,31.46815833
2022-10-06 17:00:00,31.52864167
2022-10-06 18:00:00,31.5523
2022-10-06 19:00:00,31.58139167
2022-10-06 20:00:00,31.59251667
2022-10-06 21:00:00,31.60979167
2022-10-06 22:00:00,31.59573333
2022-10-06 23:00:00,31.61543333
2022-10-07 0:00:00,31.60219167
2022-10-07 1:00:00,31.5893
2022-10-07 2:00:00,31.58186667
2022-10-07 3:00:00,31.5691
2022-10-07 4:00:00,31.63526667
2022-10-07 5:00:00,31.66259167
2022-10-07 6:00:00,31.73065833
2022-10-07 7:00:00,31.74877273
2022-10-07 8:00:00,31.75029167
2022-10-07 9:00:00,31.74501667
2022-10-07 10:00:00,31.738575
2022-10-07 11:00:00,31.6986
2022-10-07 12:00:00,31.54894167
2022-10-07 13:00:00,31.43513333
2022-10-07 14:00:00,31.42450833
2022-10-07 15:00:00,31.35571667
2022-10-07 16:00:00,31.42068333
2022-10-07 17:00:00,31.49005
2022-10-07 18:00:00,31.55075833
2022-10-07 19:00:00,31.570725
2022-10-07 20:00:00,31.60600833
2022-10-07 21:00:00,31.61851667
2022-10-07 22:00:00,31.62020833
2022-10-07 23:00:00,31.61255
2022-10-08 0:00:00,31.603875
2022-10-08 1:00:00,31.50958333
2022-10-08 2:00:00,31.51598333
2022-10-08 3:00:00,31.529375
2022-10-08 4:00:00,31.53388333
2022-10-08 5:00:00,31.58330833
2022-10-08 6:00:00,31.63411667
2022-10-08 7:00:00,31.6903
2022-10-08 8:00:00,31.683375
2022-10-08 9:00:00,31.68726667
2022-10-08 10:00:00,31.68159167
2022-10-08 11:00:00,31.68211667
2022-10-08 12:00:00,31.65145
2022-10-08 13:00:00,31.52626667
2022-10-08 14:00:00,31.49178333
2022-10-08 15:00:00,31.44315
2022-10-08 16:00:00,31.42593333
2022-10-08 17:00:00,31.47904167
2022-10-08 18:00:00,31.53461667
2022-10-08 19:00:00,31.56771667
2022-10-08 20:00:00,31.57804167
2022-10-08 21:00:00,31.584675
2022-10-08 22:00:00,31.59365833
2022-10-08 23:00:00,31.5946
2022-10-09 0:00:00,31.58889167
2022-10-09 1:00:00,31.58045833
2022-10-09 2:00:00,31.52493333
2022-10-09 3:00:00,31.49756667
2022-10-09 4:00:00,31.47603333
2022-10-09 5:00:00,31.51009167
2022-10-09 6:00:00,31.56575
2022-10-09 7:00:00,31.604025
2022-10-09 8:00:00,31.6145
2022-10-09 9:00:00,31.61109167
2022-10-09 10:00:00,31.6128
2022-10-09 11:00:00,31.61074167
2022-10-09 12:00:00,31.60898333
2022-10-09 13:00:00,31.59536667
2022-10-09 14:00:00,31.49335
2022-10-09 15:00:00,31.462875
2022-10-09 16:00:00,31.45638333
2022-10-09 17:00:00,31.45590833
2022-10-09 18:00:00,31.51109167
2022-10-09 19:00:00,31.54416667
2022-10-09 20:00:00,31.567375
2022-10-09 21:00:00,31.57528333
2022-10-09 22:00:00,31.58875
2022-10-09 23:00:00,31.59309167
2022-10-10 0:00:00,31.59259167
2022-10-10 1:00:00,31.59355833
2022-10-10 2:00:00,31.56569167
2022-10-10 3:00:00,31.495375
2022-10-10 4:00:00,31.47955
2022-10-10 5:00:00,31.461325
2022-10-10 6:00:00,31.47936
2022-10-10 7:00:00,31.52656667
2022-10-10 8:00:00,31.547425
2022-10-10 9:00:00,31.57103333
2022-10-10 10:00:00,31.57273333
2022-10-10 11:00:00,31.58229167
2022-10-10 12:00:00,31.58358333
2022-10-10 13:00:00,31.57341667
2022-10-10 14:00:00,31.56218333
2022-10-10 15:00:00,31.49620833
2022-10-10 16:00:00,31.48083333
2022-10-10 17:00:00,31.47486667
2022-10-10 18:00:00,31.5132
2022-10-10 19:00:00,31.55305
2022-10-10 20:00:00,31.578925
2022-10-10 21:00:00,31.59969167
2022-10-10 22:00:00,31.59830833
2022-10-10 23:00:00,31.599975
2022-10-11 0:00:00,31.6028
2022-10-11 1:00:00,31.6027
2022-10-11 2:00:00,31.602225
2022-10-11 3:00:00,31.54961667
2022-10-11 4:00:00,31.45618333
2022-10-11 5:00:00,31.42510833
2022-10-11 6:00:00,31.4085
2022-10-11 7:00:00,31.47658333
2022-10-11 8:00:00,31.50645
2022-10-11 9:00:00,31.55051667
2022-10-11 10:00:00,31.55509
2022-10-11 11:00:00,31.55955
2022-10-11 12:00:00,31.56538333
2022-10-11 13:00:00,31.56448333
2022-10-11 14:00:00,31.55219167
2022-10-11 15:00:00,31.54595
2022-10-11 16:00:00,31.51621667
2022-10-11 17:00:00,31.52125833
2022-10-11 18:00:00,31.529625
2022-10-11 19:00:00,31.53574167
2022-10-11 20:00:00,31.5701
2022-10-11 21:00:00,31.60250833
2022-10-11 22:00:00,31.62681667
2022-10-11 23:00:00,31.6307
2022-10-12 0:00:00,31.6277
2022-10-12 1:00:00,31.62745
2022-10-12 2:00:00,31.6277
2022-10-12 3:00:00,31.6133
2022-10-12 4:00:00,31.48924167
2022-10-12 5:00:00,31.45581667
2022-10-12 6:00:00,31.43118333
2022-10-12 7:00:00,31.42730833
2022-10-12 8:00:00,31.47304167
2022-10-12 9:00:00,31.49796667
2022-10-12 10:00:00,31.55488333
2022-10-12 11:00:00,31.54968333
2022-10-12 12:00:00,31.549275
2022-10-12 13:00:00,31.5505
2022-10-12 14:00:00,31.54624167
2022-10-12 15:00:00,31.54613333
2022-10-12 16:00:00,31.55329167
2022-10-12 17:00:00,31.55725833
2022-10-12 18:00:00,31.54713333
2022-10-12 19:00:00,31.54784167
2022-10-12 20:00:00,31.59110833
2022-10-12 21:00:00,31.6082
2022-10-12 22:00:00,31.63036667
2022-10-12 23:00:00,31.65125833
2022-10-13 0:00:00,31.66894167
2022-10-13 1:00:00,31.675625
2022-10-13 2:00:00,31.67456667
2022-10-13 3:00:00,31.671675
2022-10-13 4:00:00,31.5918
2022-10-13 5:00:00,31.46646667
2022-10-13 6:00:00,31.430975
2022-10-13 7:00:00,31.40635
2022-10-13 8:00:00,31.411125
2022-10-13 9:00:00,31.43223333
2022-10-13 10:00:00,31.49039167
2022-10-13 11:00:00,31.520425
2022-10-13 12:00:00,31.51940833
2022-10-13 13:00:00,31.515375
2022-10-13 14:00:00,31.51613333
2022-10-13 15:00:00,31.51496667
2022-10-13 16:00:00,31.51294167
2022-10-13 17:00:00,31.517175
2022-10-13 18:00:00,31.57469167
2022-10-13 19:00:00,31.59204167
2022-10-13 20:00:00,31.60830833
2022-10-13 21:00:00,31.63873333
2022-10-13 22:00:00,31.663475
2022-10-13 23:00:00,31.71364167
2022-10-14 0:00:00,31.73214167
2022-10-14 1:00:00,31.73785833
2022-10-14 2:00:00,31.739725
2022-10-14 3:00:00,31.738675
2022-10-14 4:00:00,31.686125
2022-10-14 5:00:00,31.55331667
2022-10-14 6:00:00,31.4321
2022-10-14 7:00:00,31.39608333
2022-10-14 8:00:00,31.35946
2022-10-14 9:00:00,31.36355833
2022-10-14 10:00:00,31.43114167
2022-10-14 11:00:00,31.49215833
2022-10-14 12:00:00,31.53249167
2022-10-14 13:00:00,31.53963333
2022-10-14 14:00:00,31.53573333
2022-10-14 15:00:00,31.5364
2022-10-14 16:00:00,31.52788333
2022-10-14 17:00:00,31.52645
2022-10-14 18:00:00,31.53706667
2022-10-14 19:00:00,31.59860833
2022-10-14 20:00:00,31.63900833
2022-10-14 21:00:00,31.707
2022-10-14 22:00:00,31.72345833
2022-10-14 23:00:00,31.72445833
2022-10-15 0:00:00,31.72433333
2022-10-15 1:00:00,31.72955
2022-10-15 2:00:00,31.73045833
2022-10-15 3:00:00,31.73054167
2022-10-15 4:00:00,31.72944167
2022-10-15 5:00:00,31.694575
2022-10-15 6:00:00,31.54476667
2022-10-15 7:00:00,31.4496
2022-10-15 8:00:00,31.42951667
2022-10-15 9:00:00,31.409475
2022-10-15 10:00:00,31.43419
2022-10-15 11:00:00,31.48710833
2022-10-15 12:00:00,31.52818333
2022-10-15 13:00:00,31.5682
2022-10-15 14:00:00,31.59023333
2022-10-15 15:00:00,31.58959167
2022-10-15 16:00:00,31.59184167
2022-10-15 17:00:00,31.57954167
2022-10-15 18:00:00,31.58074167
2022-10-15 19:00:00,31.592125
2022-10-15 20:00:00,31.5993
2022-10-15 21:00:00,31.62748333
2022-10-15 22:00:00,31.76488333
2022-10-15 23:00:00,31.76188333
2022-10-16 0:00:00,31.76794167
2022-10-16 1:00:00,31.76661667
2022-10-16 2:00:00,31.77018333
2022-10-16 3:00:00,31.76868333
2022-10-16 4:00:00,31.76834167
2022-10-16 5:00:00,31.76825
2022-10-16 6:00:00,31.73734
2022-10-16 7:00:00,31.49274167
2022-10-16 8:00:00,31.419
2022-10-16 9:00:00,31.394325
2022-10-16 10:00:00,31.408
2022-10-16 11:00:00,31.44695833
2022-10-16 12:00:00,31.53305
2022-10-16 13:00:00,31.56973333
2022-10-16 14:00:00,31.58605
2022-10-16 15:00:00,31.60775833
2022-10-16 16:00:00,31.61358333
2022-10-16 17:00:00,31.61536667
2022-10-16 18:00:00,31.61144167
2022-10-16 19:00:00,31.60315833
2022-10-16 20:00:00,31.57066667
2022-10-16 21:00:00,31.5658
2022-10-16 22:00:00,31.55925
2022-10-16 23:00:00,31.595025
2022-10-17 0:00:00,31.72571667
2022-10-17 1:00:00,31.754525
2022-10-17 2:00:00,31.767675
2022-10-17 3:00:00,31.76101667
2022-10-17 4:00:00,31.7487
2022-10-17 5:00:00,31.74193333
2022-10-17 6:00:00,31.74611667
2022-10-17 7:00:00,31.70268333
2022-10-17 8:00:00,31.47231667
2022-10-17 9:00:00,31.42664
2022-10-17 10:00:00,31.29800833
2022-10-17 11:00:00,31.20515
2022-10-17 12:00:00,31.26736667
2022-10-17 13:00:00,31.435625
2022-10-17 14:00:00,31.49435833
2022-10-17 15:00:00,31.518625
2022-10-17 16:00:00,31.524975
2022-10-17 17:00:00,31.52813333
2022-10-17 18:00:00,31.53394167
2022-10-17 19:00:00,31.5319
2022-10-17 20:00:00,31.51411667
2022-10-17 21:00:00,31.48156667
2022-10-17 22:00:00,31.46006667
2022-10-17 23:00:00,31.527325
2022-10-18 0:00:00,31.56535
2022-10-18 1:00:00,31.65513333
2022-10-18 2:00:00,31.6894
2022-10-18 3:00:00,31.718075
2022-10-18 4:00:00,31.741925
2022-10-18 5:00:00,31.76421667
2022-10-18 6:00:00,31.75031667
2022-10-18 7:00:00,31.74630833
2022-10-18 8:00:00,31.66435
2022-10-18 9:00:00,31.41430833
2022-10-18 10:00:00,31.1676
2022-10-18 11:00:00,31.051
2022-10-18 12:00:00,30.98455833
2022-10-18 13:00:00,31.20099167
2022-10-18 14:00:00,31.39508333
2022-10-18 15:00:00,31.44820833
2022-10-18 16:00:00,31.49551667
2022-10-18 17:00:00,31.49578333
2022-10-18 18:00:00,31.4925
2022-10-18 19:00:00,31.49289167
2022-10-18 20:00:00,31.49726667
2022-10-18 21:00:00,31.47679167
2022-10-18 22:00:00,31.47834167
2022-10-18 23:00:00,31.59211667
2022-10-19 0:00:00,31.619875
2022-10-19 1:00:00,31.59715
2022-10-19 2:00:00,31.61155
2022-10-19 3:00:00,31.70181667
2022-10-19 4:00:00,31.726875
2022-10-19 5:00:00,31.73599167
2022-10-19 6:00:00,31.73181667
2022-10-19 7:00:00,31.72673333
2022-10-19 8:00:00,31.70391667
2022-10-19 9:00:00,31.67079
2022-10-19 10:00:00,31.30065
2022-10-19 11:00:00,30.996675
2022-10-19 12:00:00,30.930175
2022-10-19 13:00:00,30.88455
2022-10-19 14:00:00,31.246675
2022-10-19 15:00:00,31.339625
2022-10-19 16:00:00,31.39235
2022-10-19 17:00:00,31.42123333
2022-10-19 18:00:00,31.425375
2022-10-19 19:00:00,31.41970833
2022-10-19 20:00:00,31.42149167
2022-10-19 21:00:00,31.4434
2022-10-19 22:00:00,31.43625833
2022-10-19 23:00:00,31.44918333
2022-10-20 0:00:00,31.53005833
2022-10-20 1:00:00,31.56154167
2022-10-20 2:00:00,31.54021667
2022-10-20 3:00:00,31.646225
2022-10-20 4:00:00,31.654925
2022-10-20 5:00:00,31.65916667
2022-10-20 6:00:00,31.65586667
2022-10-20 7:00:00,31.658175
2022-10-20 8:00:00,31.65846364
2022-10-20 9:00:00,31.662
2022-10-20 10:00:00,31.54830833
2022-10-20 11:00:00,31.27930833
2022-10-20 12:00:00,31.23494167
2022-10-20 13:00:00,31.12824167
2022-10-20 14:00:00,31.04158333
2022-10-20 15:00:00,31.27960833
2022-10-20 16:00:00,31.34985
2022-10-20 17:00:00,31.40415833
2022-10-20 18:00:00,31.42768333
2022-10-20 19:00:00,31.43978333
2022-10-20 20:00:00,31.4514
2022-10-20 21:00:00,31.45658333
2022-10-20 22:00:00,31.45426667
2022-10-20 23:00:00,31.45315
2022-10-21 0:00:00,31.46256667
2022-10-21 1:00:00,31.4672
2022-10-21 2:00:00,31.49768333
2022-10-21 3:00:00,31.44729167
2022-10-21 4:00:00,31.52389167
2022-10-21 5:00:00,31.55498333
2022-10-21 6:00:00,31.62245
2022-10-21 7:00:00,31.64282
2022-10-21 8:00:00,31.6516
2022-10-21 9:00:00,31.65188333
2022-10-21 10:00:00,31.655975
2022-10-21 11:00:00,31.49791667
2022-10-21 12:00:00,31.28638333
2022-10-21 13:00:00,31.17478333
2022-10-21 14:00:00,31.13334167
2022-10-21 15:00:00,31.17263333
2022-10-21 16:00:00,31.30831667
2022-10-21 17:00:00,31.37009167
2022-10-21 18:00:00,31.44463333
2022-10-21 19:00:00,31.4585
2022-10-21 20:00:00,31.46335
2022-10-21 21:00:00,31.46860833
2022-10-21 22:00:00,31.47209167
2022-10-21 23:00:00,31.46821667
2022-10-22 0:00:00,31.47358333
2022-10-22 1:00:00,31.47510833
2022-10-22 2:00:00,31.44704167
2022-10-22 3:00:00,31.41763333
2022-10-22 4:00:00,31.44586667
2022-10-22 5:00:00,31.49586667
2022-10-22 6:00:00,31.52645833
2022-10-22 7:00:00,31.590925
2022-10-22 8:00:00,31.61084
2022-10-22 9:00:00,31.61285833
2022-10-22 10:00:00,31.61176667
2022-10-22 11:00:00,31.59868333
2022-10-22 12:00:00,31.43878333
2022-10-22 13:00:00,31.261225
2022-10-22 14:00:00,31.22043333
2022-10-22 15:00:00,31.21953333
2022-10-22 16:00:00,31.30066667
2022-10-22 17:00:00,31.38548333
2022-10-22 18:00:00,31.45739167
2022-10-22 19:00:00,31.460225
2022-10-22 20:00:00,31.45839167
2022-10-22 21:00:00,31.4726
2022-10-22 22:00:00,31.47639167
2022-10-22 23:00:00,31.471375
2022-10-23 0:00:00,31.4801
2022-10-23 1:00:00,31.453325
2022-10-23 2:00:00,31.3577
2022-10-23 3:00:00,31.28489167
2022-10-23 4:00:00,31.25873333
2022-10-23 5:00:00,31.35733333
2022-10-23 6:00:00,31.39221667
2022-10-23 7:00:00,31.44208333
2022-10-23 8:00:00,31.4568
2022-10-23 9:00:00,31.46524167
2022-10-23 10:00:00,31.476375
2022-10-23 11:00:00,31.46977
2022-10-23 12:00:00,31.28388333
2022-10-23 13:00:00,31.11209167
2022-10-23 14:00:00,31.08255833
2022-10-23 15:00:00,31.13825833
2022-10-23 16:00:00,31.124375
2022-10-23 17:00:00,31.20953333
2022-10-23 18:00:00,31.2982
2022-10-23 19:00:00,31.37701667
2022-10-23 20:00:00,31.37720833
2022-10-23 21:00:00,31.39854167
2022-10-23 22:00:00,31.44091667
2022-10-23 23:00:00,31.452275
2022-10-24 0:00:00,31.44954167
2022-10-24 1:00:00,31.3459
2022-10-24 2:00:00,31.29171667
2022-10-24 3:00:00,31.17045
2022-10-24 4:00:00,31.13166667
2022-10-24 5:00:00,31.20299167
2022-10-24 6:00:00,31.27125833
2022-10-24 7:00:00,31.3474
2022-10-24 8:00:00,31.37561667
2022-10-24 9:00:00,31.37293333
2022-10-24 10:00:00,31.38234167
2022-10-24 11:00:00,31.38384167
2022-10-24 12:00:00,31.37958333
2022-10-24 13:00:00,31.26633333
2022-10-24 14:00:00,31.19373333
2022-10-24 15:00:00,31.16330833
2022-10-24 16:00:00,31.15739167
2022-10-24 17:00:00,31.231425
2022-10-24 18:00:00,31.35420833
2022-10-24 19:00:00,31.43363333
2022-10-24 20:00:00,31.4233
2022-10-24 21:00:00,31.44909167
2022-10-24 22:00:00,31.439325
2022-10-24 23:00:00,31.4382
2022-10-25 0:00:00,31.43481667
2022-10-25 1:00:00,31.37614167
2022-10-25 2:00:00,31.22791667
2022-10-25 3:00:00,31.18356667
2022-10-25 4:00:00,31.15133333
2022-10-25 5:00:00,31.18249167
2022-10-25 6:00:00,31.24245833
2022-10-25 7:00:00,31.2996
2022-10-25 8:00:00,31.36136667
2022-10-25 9:00:00,31.35978
2022-10-25 10:00:00,31.36214167
2022-10-25 11:00:00,31.37049167
2022-10-25 12:00:00,31.353075
2022-10-25 13:00:00,31.35500833
2022-10-25 14:00:00,31.306425
2022-10-25 15:00:00,31.26480833
2022-10-25 16:00:00,31.25364167
2022-10-25 17:00:00,31.26776667
2022-10-25 18:00:00,31.35360833
2022-10-25 19:00:00,31.37105
2022-10-25 20:00:00,31.413325
2022-10-25 21:00:00,31.43306667
2022-10-25 22:00:00,31.48001667
2022-10-25 23:00:00,31.50434167
2022-10-26 0:00:00,31.49704167
2022-10-26 1:00:00,31.48954167
2022-10-26 2:00:00,31.47858333
2022-10-26 3:00:00,31.21723333
2022-10-26 4:00:00,31.15369167
2022-10-26 5:00:00,31.10671667
2022-10-26 6:00:00,31.11905833
2022-10-26 7:00:00,31.201275
2022-10-26 8:00:00,31.29504
2022-10-26 9:00:00,31.3101
2022-10-26 10:00:00,31.30375833
2022-10-26 11:00:00,31.30291667
2022-10-26 12:00:00,31.3044
2022-10-26 13:00:00,31.30271667
2022-10-26 14:00:00,31.29808333
2022-10-26 15:00:00,31.310325
2022-10-26 16:00:00,31.298525
2022-10-26 17:00:00,31.29460833
2022-10-26 18:00:00,31.31064167
2022-10-26 19:00:00,31.35845833
2022-10-26 20:00:00,31.45625833
2022-10-26 21:00:00,31.47085833
2022-10-26 22:00:00,31.50946667
2022-10-26 23:00:00,31.50889167
2022-10-27 0:00:00,31.50966667
2022-10-27 1:00:00,31.5044
2022-10-27 2:00:00,31.50053333
2022-10-27 3:00:00,31.38514167
2022-10-27 4:00:00,31.25825
2022-10-27 5:00:00,31.155375
2022-10-27 6:00:00,31.01919167
2022-10-27 7:00:00,31.08694
2022-10-27 8:00:00,31.17264167
2022-10-27 9:00:00,31.27303333
2022-10-27 10:00:00,31.27643333
2022-10-27 11:00:00,31.28624167
2022-10-27 12:00:00,31.289775
2022-10-27 13:00:00,31.28995
2022-10-27 14:00:00,31.273375
2022-10-27 15:00:00,31.28640833
2022-10-27 16:00:00,31.29095833
2022-10-27 17:00:00,31.33405833
2022-10-27 18:00:00,31.32671818
2022-10-27 19:00:00,31.37859091
2022-10-27 20:00:00,31.45665833
2022-10-27 21:00:00,31.5684
2022-10-27 22:00:00,31.59521667
2022-10-27 23:00:00,31.58414167
2022-10-28 0:00:00,31.57855
2022-10-28 1:00:00,31.56964167
2022-10-28 2:00:00,31.56956667
2022-10-28 3:00:00,31.535225
2022-10-28 4:00:00,31.38118333
2022-10-28 5:00:00,31.2286
2022-10-28 6:00:00,31.14403333
2022-10-28 7:00:00,31.07803333
2022-10-28 8:00:00,31.13029167
2022-10-28 9:00:00,31.20632
2022-10-28 10:00:00,31.26648333
2022-10-28 11:00:00,31.27404167
2022-10-28 12:00:00,31.29979167
2022-10-28 13:00:00,31.29088333
2022-10-28 14:00:00,31.28823333
2022-10-28 15:00:00,31.282225
2022-10-28 16:00:00,31.30113333
2022-10-28 17:00:00,31.34783333
2022-10-28 18:00:00,31.37848333
2022-10-28 19:00:00,31.43690833
2022-10-28 20:00:00,31.496775
2022-10-28 21:00:00,31.55205
2022-10-28 22:00:00,31.60656667
2022-10-28 23:00:00,31.62793333
2022-10-29 0:00:00,31.62744167
2022-10-29 1:00:00,31.62401667
2022-10-29 2:00:00,31.61801667
2022-10-29 3:00:00,31.60640833
2022-10-29 4:00:00,31.47689167
2022-10-29 5:00:00,31.259825
2022-10-29 6:00:00,31.18285833
2022-10-29 7:00:00,31.101875
2022-10-29 8:00:00,31.00272
2022-10-29 9:00:00,31.11954167
2022-10-29 10:00:00,31.19181667
2022-10-29 11:00:00,31.21666667
2022-10-29 12:00:00,31.23545
2022-10-29 13:00:00,31.2361
2022-10-29 14:00:00,31.23230833
2022-10-29 15:00:00,31.21971667
2022-10-29 16:00:00,31.23724167
2022-10-29 17:00:00,31.32270833
2022-10-29 18:00:00,31.36466667
2022-10-29 19:00:00,31.37390833
2022-10-29 20:00:00,31.53515833
2022-10-29 21:00:00,31.55758333
2022-10-29 22:00:00,31.57030833
2022-10-29 23:00:00,31.57773333
2022-10-30 0:00:00,31.58818333
2022-10-30 1:00:00,31.58999167
2022-10-30 2:00:00,31.576775
2022-10-30 3:00:00,31.56978333
2022-10-30 4:00:00,31.56478333
2022-10-30 5:00:00,31.436075
2022-10-30 6:00:00,31.20864167
2022-10-30 7:00:00,31.114375
2022-10-30 8:00:00,31.04313333
2022-10-30 9:00:00,31.00859167
2022-10-30 10:00:00,31.07175
2022-10-30 11:00:00,31.137
2022-10-30 12:00:00,31.19178333
2022-10-30 13:00:00,31.21011667
2022-10-30 14:00:00,31.2096
2022-10-30 15:00:00,31.2083
2022-10-30 16:00:00,31.20478333
2022-10-30 17:00:00,31.23349167
2022-10-30 18:00:00,31.28060833
2022-10-30 19:00:00,31.30628333
2022-10-30 20:00:00,31.33861667
2022-10-30 21:00:00,31.457375
2022-10-30 22:00:00,31.51231667
2022-10-30 23:00:00,31.52935833
2022-10-31 0:00:00,31.53525833
2022-10-31 1:00:00,31.537925
2022-10-31 2:00:00,31.5284
2022-10-31 3:00:00,31.51955833
2022-10-31 4:00:00,31.514125
2022-10-31 5:00:00,31.513825
2022-10-31 6:00:00,31.3154
2022-10-31 7:00:00,31.14019167
2022-10-31 8:00:00,31.06096667
2022-10-31 9:00:00,31.02655833
2022-10-31 10:00:00,30.97999167
2022-10-31 11:00:00,31.10835833
2022-10-31 12:00:00,31.175625
2022-10-31 13:00:00,31.22865
2022-10-31 14:00:00,31.2336
2022-10-31 15:00:00,31.23704167
2022-10-31 16:00:00,31.23633333
2022-10-31 17:00:00,31.23321667
2022-10-31 18:00:00,31.22965
2022-10-31 19:00:00,31.2636
2022-10-31 20:00:00,31.281675
2022-10-31 21:00:00,31.35778333
2022-10-31 22:00:00,31.377675
2022-10-31 23:00:00,31.52861667
2022-11-01 0:00:00,31.53866667
2022-11-01 1:00:00,31.547375
2022-11-01 2:00:00,31.553675
2022-11-01 3:00:00,31.5538
2022-11-01 4:00:00,31.5488
2022-11-01 5:00:00,31.5271
2022-11-01 6:00:00,31.511475
2022-11-01 7:00:00,31.31595833
2022-11-01 8:00:00,31.12886667
2022-11-01 9:00:00,31.0566
2022-11-01 10:00:00,31.04739167
2022-11-01 11:00:00,31.008825
2022-11-01 12:00:00,31.08816667
2022-11-01 13:00:00,31.16344167
2022-11-01 14:00:00,31.209875
2022-11-01 15:00:00,31.24331667
2022-11-01 16:00:00,31.262325
2022-11-01 17:00:00,31.29055
2022-11-01 18:00:00,31.30270833
2022-11-01 19:00:00,31.26939167
2022-11-01 20:00:00,31.23294167
2022-11-01 21:00:00,31.30950833
2022-11-01 22:00:00,31.34184167
2022-11-01 23:00:00,31.41480833
2022-11-02 0:00:00,31.394075
2022-11-02 1:00:00,31.46273333
2022-11-02 2:00:00,31.47765833
2022-11-02 3:00:00,31.48879167
2022-11-02 4:00:00,31.48640833
2022-11-02 5:00:00,31.48366667
2022-11-02 6:00:00,31.47676667
2022-11-02 7:00:00,31.46953
2022-11-02 8:00:00,31.37625833
2022-11-02 9:00:00,31.18056667
2022-11-02 10:00:00,31.08645
2022-11-02 11:00:00,31.03823333
2022-11-02 12:00:00,31.02375833
2022-11-02 13:00:00,31.04895833
2022-11-02 14:00:00,31.10985833
2022-11-02 15:00:00,31.17326667
2022-11-02 16:00:00,31.19008333
2022-11-02 17:00:00,31.19786667
2022-11-02 18:00:00,31.21110833
2022-11-02 19:00:00,31.25201667
2022-11-02 20:00:00,31.29156667
2022-11-02 21:00:00,31.29185833
2022-11-02 22:00:00,31.331875
2022-11-02 23:00:00,31.35465
2022-11-03 0:00:00,31.361775
2022-11-03 1:00:00,31.36375
2022-11-03 2:00:00,31.37274167
2022-11-03 3:00:00,31.40795833
2022-11-03 4:00:00,31.45788333
2022-11-03 5:00:00,31.468575
2022-11-03 6:00:00,31.46908333
2022-11-03 7:00:00,31.44396667
2022-11-03 8:00:00,31.42976667
2022-11-03 9:00:00,31.36461667
2022-11-03 10:00:00,31.22305833
2022-11-03 11:00:00,31.10035833
2022-11-03 12:00:00,31.06483333
2022-11-03 13:00:00,31.03298333
2022-11-03 14:00:00,31.06688333
2022-11-03 15:00:00,31.12230833
2022-11-03 16:00:00,31.21845833
2022-11-03 17:00:00,31.22836667
2022-11-03 18:00:00,31.243775
2022-11-03 19:00:00,31.24983333
2022-11-03 20:00:00,31.257825
2022-11-03 21:00:00,31.25713333
2022-11-03 22:00:00,31.263425
2022-11-03 23:00:00,31.24579167
2022-11-04 0:00:00,31.22254167
2022-11-04 1:00:00,31.26158333
2022-11-04 2:00:00,31.21935833
2022-11-04 3:00:00,31.087225
2022-11-04 4:00:00,30.98265
2022-11-04 5:00:00,30.979525
2022-11-04 6:00:00,31.01447273
2022-11-04 7:00:00,31.02645455
2022-11-04 8:00:00,31.03175
2022-11-04 9:00:00,31.20370909
2022-11-04 10:00:00,31.36020833
2022-11-04 11:00:00,31.21818333
2022-11-04 12:00:00,31.13949167
2022-11-04 13:00:00,31.0889
2022-11-04 14:00:00,31.08125833
2022-11-04 15:00:00,31.147475
2022-11-04 16:00:00,31.19323333
2022-11-04 17:00:00,31.276675
2022-11-04 18:00:00,31.29585833
2022-11-04 19:00:00,31.30549167
2022-11-04 20:00:00,31.31354167
2022-11-04 21:00:00,31.31678333
2022-11-04 22:00:00,31.31915833
2022-11-04 23:00:00,31.32225
2022-11-05 0:00:00,31.25006667
2022-11-05 1:00:00,31.208975
2022-11-05 2:00:00,31.16511667
2022-11-05 3:00:00,31.16535
2022-11-05 4:00:00,31.217725
2022-11-05 5:00:00,31.28478333
2022-11-05 6:00:00,31.35245833
2022-11-05 7:00:00,31.10918333
2022-11-05 8:00:00,31.01809
2022-11-05 9:00:00,31.00625833
2022-11-05 10:00:00,31.35928333
2022-11-05 11:00:00,31.38664167
2022-11-05 12:00:00,31.24346667
2022-11-05 13:00:00,31.20713333
2022-11-05 14:00:00,31.196725
2022-11-05 15:00:00,31.20335
2022-11-05 16:00:00,31.274425
2022-11-05 17:00:00,31.37441667
2022-11-05 18:00:00,31.3951
2022-11-05 19:00:00,31.38710833
2022-11-05 20:00:00,31.41299167
2022-11-05 21:00:00,31.423425
2022-11-05 22:00:00,31.41925833
2022-11-05 23:00:00,31.416275
2022-11-06 0:00:00,31.426325
2022-11-06 1:00:00,31.27319167
2022-11-06 2:00:00,31.189675
2022-11-06 3:00:00,31.156725
2022-11-06 4:00:00,31.17211667
2022-11-06 5:00:00,31.27245833
2022-11-06 6:00:00,31.33070833
2022-11-06 7:00:00,31.39648333
2022-11-06 8:00:00,31.408525
2022-11-06 9:00:00,31.40898333
2022-11-06 10:00:00,31.37818
2022-11-06 11:00:00,31.35508333
2022-11-06 12:00:00,31.352575
2022-11-06 13:00:00,31.28138333
2022-11-06 14:00:00,31.26516667
2022-11-06 15:00:00,31.27239167
2022-11-06 16:00:00,31.29100833
2022-11-06 17:00:00,31.32499167
2022-11-06 18:00:00,31.35879167
2022-11-06 19:00:00,31.38640833
2022-11-06 20:00:00,31.400025
2022-11-06 21:00:00,31.40233333
2022-11-06 22:00:00,31.40559167
2022-11-06 23:00:00,31.40395833
2022-11-07 0:00:00,31.41515
2022-11-07 1:00:00,31.302025
2022-11-07 2:00:00,31.23350833
2022-11-07 3:00:00,31.18248333
2022-11-07 4:00:00,31.107225
2022-11-07 5:00:00,31.13051667
2022-11-07 6:00:00,31.2057
2022-11-07 7:00:00,31.30149167
2022-11-07 8:00:00,31.32315833
2022-11-07 9:00:00,31.33975
2022-11-07 10:00:00,31.350775
2022-11-07 11:00:00,31.347725
2022-11-07 12:00:00,31.32935833
2022-11-07 13:00:00,31.333
2022-11-07 14:00:00,31.2911
2022-11-07 15:00:00,31.27294167
2022-11-07 16:00:00,31.27734167
2022-11-07 17:00:00,31.318375
2022-11-07 18:00:00,31.35783333
2022-11-07 19:00:00,31.37109167
2022-11-07 20:00:00,31.39425
2022-11-07 21:00:00,31.40325833
2022-11-07 22:00:00,31.40111667
2022-11-07 23:00:00,31.39700833
2022-11-08 0:00:00,31.38960833
2022-11-08 1:00:00,31.35925
2022-11-08 2:00:00,31.244
2022-11-08 3:00:00,31.16168333
2022-11-08 4:00:00,31.10765
2022-11-08 5:00:00,31.061175
2022-11-08 6:00:00,31.120625
2022-11-08 7:00:00,31.21394167
2022-11-08 8:00:00,31.29847
2022-11-08 9:00:00,31.289475
2022-11-08 10:00:00,31.25589167
2022-11-08 11:00:00,31.2463
2022-11-08 12:00:00,31.22418333
2022-11-08 13:00:00,31.19533333
2022-11-08 14:00:00,31.16765
2022-11-08 15:00:00,31.25975833
2022-11-08 16:00:00,31.25703333
2022-11-08 17:00:00,31.25411667
2022-11-08 18:00:00,31.26465
2022-11-08 19:00:00,31.30779167
2022-11-08 20:00:00,31.30210833
2022-11-08 21:00:00,31.33144167
2022-11-08 22:00:00,31.33915
2022-11-08 23:00:00,31.35853333
2022-11-09 0:00:00,31.36153333
2022-11-09 1:00:00,31.35674167
2022-11-09 2:00:00,31.323325
2022-11-09 3:00:00,31.10434167
2022-11-09 4:00:00,30.99394167
2022-11-09 5:00:00,30.99656667
2022-11-09 6:00:00,31.0044
2022-11-09 7:00:00,31.07280833
2022-11-09 8:00:00,31.12510833
2022-11-09 9:00:00,31.15669
2022-11-09 10:00:00,31.1849
2022-11-09 11:00:00,31.18880833
2022-11-09 12:00:00,31.16563333
2022-11-09 13:00:00,31.15351667
2022-11-09 14:00:00,31.16269167
2022-11-09 15:00:00,31.18563333
2022-11-09 16:00:00,31.1931
2022-11-09 17:00:00,31.215575
2022-11-09 18:00:00,31.20743333
2022-11-09 19:00:00,31.23695
2022-11-09 20:00:00,31.27108333
2022-11-09 21:00:00,31.28934167
2022-11-09 22:00:00,31.29390909
2022-11-09 23:00:00,31.31150833
2022-11-10 0:00:00,31.316
2022-11-10 1:00:00,31.30519167
2022-11-10 2:00:00,31.30076667
2022-11-10 3:00:00,31.09033333
2022-11-10 4:00:00,31.07048333
2022-11-10 5:00:00,30.98689167
2022-11-10 6:00:00,30.9071
2022-11-10 7:00:00,30.88075
2022-11-10 8:00:00,30.93021667
2022-11-10 9:00:00,30.98356
2022-11-10 10:00:00,31.015275
2022-11-10 11:00:00,31.027775
2022-11-10 12:00:00,31.03058333
2022-11-10 13:00:00,31.03634167
2022-11-10 14:00:00,31.03765833
2022-11-10 15:00:00,31.06029167
2022-11-10 16:00:00,31.06811667
2022-11-10 17:00:00,31.104075
2022-11-10 18:00:00,31.11953333
2022-11-10 19:00:00,31.16881667
2022-11-10 20:00:00,31.2369
2022-11-10 21:00:00,31.29789167
2022-11-10 22:00:00,31.31455833
2022-11-10 23:00:00,31.333875
2022-11-11 0:00:00,31.33791667
2022-11-11 1:00:00,31.33303333
2022-11-11 2:00:00,31.31436667
2022-11-11 3:00:00,31.27929167
2022-11-11 4:00:00,31.120375
2022-11-11 5:00:00,30.956675
2022-11-11 6:00:00,30.83003333
2022-11-11 7:00:00,30.696525
2022-11-11 8:00:00,30.83510833
2022-11-11 9:00:00,30.896575
2022-11-11 10:00:00,30.98171667
2022-11-11 11:00:00,31.02678333
2022-11-11 12:00:00,31.018525
2022-11-11 13:00:00,31.01428333
2022-11-11 14:00:00,31.010275
2022-11-11 15:00:00,30.98915
2022-11-11 16:00:00,30.98574167
2022-11-11 17:00:00,31.038125
2022-11-11 18:00:00,31.0751
2022-11-11 19:00:00,31.17355
2022-11-11 20:00:00,31.26909167
2022-11-11 21:00:00,31.2922
2022-11-11 22:00:00,31.28914167
2022-11-11 23:00:00,31.28988333
2022-11-12 0:00:00,31.29783333
2022-11-12 1:00:00,31.286675
2022-11-12 2:00:00,31.27539167
2022-11-12 3:00:00,31.28011667
2022-11-12 4:00:00,31.22715
2022-11-12 5:00:00,30.907375
2022-11-12 6:00:00,30.79186667
2022-11-12 7:00:00,30.68674167
2022-11-12 8:00:00,30.66651667
2022-11-12 9:00:00,30.80955
2022-11-12 10:00:00,30.88426667
2022-11-12 11:00:00,30.9315
2022-11-12 12:00:00,30.9773
2022-11-12 13:00:00,30.97181667
2022-11-12 14:00:00,30.96705
2022-11-12 15:00:00,30.95116667
2022-11-12 16:00:00,30.95234167
2022-11-12 17:00:00,30.95578333
2022-11-12 18:00:00,31.00090833
2022-11-12 19:00:00,31.04474167
2022-11-12 20:00:00,31.167675
2022-11-12 21:00:00,31.29568333
2022-11-12 22:00:00,31.30719167
2022-11-12 23:00:00,31.293175
2022-11-13 0:00:00,31.28805833
2022-11-13 1:00:00,31.27095
2022-11-13 2:00:00,31.26503333
2022-11-13 3:00:00,31.255275
2022-11-13 4:00:00,31.25145
2022-11-13 5:00:00,31.08519167
2022-11-13 6:00:00,30.72725
2022-11-13 7:00:00,30.61871667
2022-11-13 8:00:00,30.51986667
2022-11-13 9:00:00,30.51465
2022-11-13 10:00:00,30.70599167
2022-11-13 11:00:00,30.819325
2022-11-13 12:00:00,30.90799167
2022-11-13 13:00:00,30.8774
2022-11-13 14:00:00,30.89850833
2022-11-13 15:00:00,30.90580833
2022-11-13 16:00:00,30.888875
2022-11-13 17:00:00,30.86106667
2022-11-13 18:00:00,30.862825
2022-11-13 19:00:00,30.9157
2022-11-13 20:00:00,30.93655
2022-11-13 21:00:00,31.040975
2022-11-13 22:00:00,31.17900833
2022-11-13 23:00:00,31.206125
2022-11-14 0:00:00,31.18898333
2022-11-14 1:00:00,31.17669167
2022-11-14 2:00:00,31.1739
2022-11-14 3:00:00,31.17190833
2022-11-14 4:00:00,31.17463333
2022-11-14 5:00:00,31.12913333
2022-11-14 6:00:00,30.85561667
2022-11-14 7:00:00,30.80593333
2022-11-14 8:00:00,30.71318333
2022-11-14 9:00:00,30.50584
2022-11-14 10:00:00,30.50659167
2022-11-14 11:00:00,30.67715
2022-11-14 12:00:00,29.982975
2022-11-14 13:00:00,29.71989167
2022-11-14 14:00:00,29.72011667
2022-11-14 15:00:00,29.71869167
2022-11-14 16:00:00,29.71725
2022-11-14 17:00:00,29.72264167
2022-11-14 18:00:00,29.69389167
2022-11-14 19:00:00,29.68288333
2022-11-14 20:00:00,29.68279167
2022-11-14 21:00:00,29.68935
2022-11-14 22:00:00,29.68496667
2022-11-14 23:00:00,29.69155
2022-11-15 0:00:00,29.71663333
2022-11-15 1:00:00,29.738575
2022-11-15 2:00:00,29.74635833
2022-11-15 3:00:00,29.74866667
2022-11-15 4:00:00,29.75364167
2022-11-15 5:00:00,29.75946667
2022-11-15 6:00:00,29.75736667
2022-11-15 7:00:00,29.74911667
2022-11-15 8:00:00,29.650175
2022-11-15 9:00:00,29.51345
2022-11-15 10:00:00,29.47668
2022-11-15 11:00:00,29.47515
2022-11-15 12:00:00,29.477575
2022-11-15 13:00:00,29.47933333
2022-11-15 14:00:00,29.479425
2022-11-15 15:00:00,29.4814
2022-11-15 16:00:00,29.48146667
2022-11-15 17:00:00,29.47548333
2022-11-15 18:00:00,29.48575833
2022-11-15 19:00:00,29.47899167
2022-11-15 20:00:00,29.47959167
2022-11-15 21:00:00,29.47165
2022-11-15 22:00:00,29.47545833
2022-11-15 23:00:00,29.47471667
2022-11-16 0:00:00,29.46944167
2022-11-16 1:00:00,29.47491667
2022-11-16 2:00:00,29.482075
2022-11-16 3:00:00,29.48253333
2022-11-16 4:00:00,29.486475
2022-11-16 5:00:00,29.49301667
2022-11-16 6:00:00,29.49189167
2022-11-16 7:00:00,29.49674167
2022-11-16 8:00:00,29.494225
2022-11-16 9:00:00,29.44765833
2022-11-16 10:00:00,29.29747
2022-11-16 11:00:00,29.27761667
2022-11-16 12:00:00,29.27801667
2022-11-16 13:00:00,29.28215833
2022-11-16 14:00:00,29.28325833
2022-11-16 15:00:00,29.283275
2022-11-16 16:00:00,29.28689167
2022-11-16 17:00:00,29.287475
2022-11-16 18:00:00,29.28235833
2022-11-16 19:00:00,29.28326667
2022-11-16 20:00:00,29.28001667
2022-11-16 21:00:00,29.26990833
2022-11-16 22:00:00,29.26919167
2022-11-16 23:00:00,29.26366667
2022-11-17 0:00:00,29.26786667
2022-11-17 1:00:00,29.26615
2022-11-17 2:00:00,29.26889167
2022-11-17 3:00:00,29.26796667
2022-11-17 4:00:00,29.27248333
2022-11-17 5:00:00,29.2731
2022-11-17 6:00:00,29.268275
2022-11-17 7:00:00,29.2717
2022-11-17 8:00:00,29.275325
2022-11-17 9:00:00,29.269925
2022-11-17 10:00:00,29.24876667
2022-11-17 11:00:00,29.15010833
2022-11-17 12:00:00,29.15581667
2022-11-17 13:00:00,29.15644167
2022-11-17 14:00:00,29.16525
2022-11-17 15:00:00,29.1707
2022-11-17 16:00:00,29.17376667
2022-11-17 17:00:00,29.17553333
2022-11-17 18:00:00,29.17604167
2022-11-17 19:00:00,29.16684167
2022-11-17 20:00:00,29.16563333
2022-11-17 21:00:00,29.16234167
2022-11-17 22:00:00,29.16805833
2022-11-17 23:00:00,29.15734167
2022-11-18 0:00:00,29.15073333
2022-11-18 1:00:00,29.149275
2022-11-18 2:00:00,29.15696667
2022-11-18 3:00:00,29.15905
2022-11-18 4:00:00,29.28620833
2022-11-18 5:00:00,29.35798333
2022-11-18 6:00:00,29.20643333
2022-11-18 7:00:00,29.20118333
2022-11-18 8:00:00,29.20408333
2022-11-18 9:00:00,30.52318333
2022-11-18 10:00:00,30.10381667
2022-11-18 11:00:00,29.64648333
2022-11-18 12:00:00,30.09178333
2022-11-18 13:00:00,30.43775833
2022-11-18 14:00:00,30.80015
2022-11-18 15:00:00,30.84644167
2022-11-18 16:00:00,30.93268182
2022-11-18 17:00:00,30.969475
2022-11-18 18:00:00,30.97604167
2022-11-18 19:00:00,30.98726667
2022-11-18 20:00:00,31.01031667
2022-11-18 21:00:00,31.01215
2022-11-18 22:00:00,31.00238333
2022-11-18 23:00:00,30.9824
2022-11-19 0:00:00,30.94656667
2022-11-19 1:00:00,30.86758333
2022-11-19 2:00:00,30.773675
2022-11-19 3:00:00,30.92311667
2022-11-19 4:00:00,31.01174167
2022-11-19 5:00:00,31.05340833
2022-11-19 6:00:00,31.08493
2022-11-19 7:00:00,31.10645833
2022-11-19 8:00:00,31.09805
2022-11-19 9:00:00,31.0794
2022-11-19 10:00:00,30.79855833
2022-11-19 11:00:00,30.46935833
2022-11-19 12:00:00,30.12158333
2022-11-19 13:00:00,30.08790833
2022-11-19 14:00:00,30.47955
2022-11-19 15:00:00,30.73573333
2022-11-19 16:00:00,30.812625
2022-11-19 17:00:00,30.90628333
2022-11-19 18:00:00,30.950575
2022-11-19 19:00:00,30.96533333
2022-11-19 20:00:00,30.98674167
2022-11-19 21:00:00,31.00596667
2022-11-19 22:00:00,30.99838333
2022-11-19 23:00:00,30.9505
2022-11-20 0:00:00,30.64596667
2022-11-20 1:00:00,30.554425
2022-11-20 2:00:00,30.52563333
2022-11-20 3:00:00,30.55028333
2022-11-20 4:00:00,30.75896667
2022-11-20 5:00:00,30.87950833
2022-11-20 6:00:00,30.952575
2022-11-20 7:00:00,31.00318333
2022-11-20 8:00:00,30.99994167
2022-11-20 9:00:00,30.98562
2022-11-20 10:00:00,30.79319167
2022-11-20 11:00:00,30.57021667
2022-11-20 12:00:00,30.53946667
2022-11-20 13:00:00,30.506525
2022-11-20 14:00:00,30.49964167
2022-11-20 15:00:00,30.53675
2022-11-20 16:00:00,30.69378333
2022-11-20 17:00:00,30.75925
2022-11-20 18:00:00,30.84830833
2022-11-20 19:00:00,30.90695
2022-11-20 20:00:00,30.91871667
2022-11-20 21:00:00,30.91999167
2022-11-20 22:00:00,30.9221
2022-11-20 23:00:00,30.83321667
2022-11-21 0:00:00,30.33895
2022-11-21 1:00:00,30.259075
2022-11-21 2:00:00,30.21709167
2022-11-21 3:00:00,30.224075
2022-11-21 4:00:00,30.42474167
2022-11-21 5:00:00,30.62808333
2022-11-21 6:00:00,30.73063333
2022-11-21 7:00:00,30.822425
2022-11-21 8:00:00,30.84185833
2022-11-21 9:00:00,30.83636
2022-11-21 10:00:00,30.79013333
2022-11-21 11:00:00,30.74316667
2022-11-21 12:00:00,30.69749167
2022-11-21 13:00:00,30.63959167
2022-11-21 14:00:00,30.66096667
2022-11-21 15:00:00,30.66210833
2022-11-21 16:00:00,30.68456667
2022-11-21 17:00:00,30.76790833
2022-11-21 18:00:00,30.90788333
2022-11-21 19:00:00,30.95075
2022-11-21 20:00:00,30.96316667
2022-11-21 21:00:00,30.97113333
2022-11-21 22:00:00,30.9696
2022-11-21 23:00:00,30.94675833
2022-11-22 0:00:00,30.79768333
2022-11-22 1:00:00,30.54274167
2022-11-22 2:00:00,30.40088333
2022-11-22 3:00:00,30.33915833
2022-11-22 4:00:00,30.37246667
2022-11-22 5:00:00,30.58441667
2022-11-22 6:00:00,30.70399167
2022-11-22 7:00:00,30.79451667
2022-11-22 8:00:00,30.809825
2022-11-22 9:00:00,30.80539
2022-11-22 10:00:00,30.803
2022-11-22 11:00:00,30.79298333
2022-11-22 12:00:00,30.78565833
2022-11-22 13:00:00,30.72946667
2022-11-22 14:00:00,30.719825
2022-11-22 15:00:00,30.75763333
2022-11-22 16:00:00,30.77328333
2022-11-22 17:00:00,30.82823333
2022-11-22 18:00:00,30.96595
2022-11-22 19:00:00,31.04458333
2022-11-22 20:00:00,31.0262
2022-11-22 21:00:00,31.066875
2022-11-22 22:00:00,31.066775
2022-11-22 23:00:00,31.05436667
2022-11-23 0:00:00,31.03609167
2022-11-23 1:00:00,30.90635
2022-11-23 2:00:00,30.55650833
2022-11-23 3:00:00,30.41644167
2022-11-23 4:00:00,30.35029167
2022-11-23 5:00:00,30.43230833
2022-11-23 6:00:00,30.545175
2022-11-23 7:00:00,30.65754167
2022-11-23 8:00:00,30.71423333
2022-11-23 9:00:00,30.72594167
2022-11-23 10:00:00,30.709025
2022-11-23 11:00:00,30.70379167
2022-11-23 12:00:00,30.690025
2022-11-23 13:00:00,30.70695
2022-11-23 14:00:00,30.782025
2022-11-23 15:00:00,30.8576
2022-11-23 16:00:00,30.83148333
2022-11-23 17:00:00,30.85175
2022-11-23 18:00:00,30.94489167
2022-11-23 19:00:00,30.97719167
2022-11-23 20:00:00,31.093775
2022-11-23 21:00:00,31.11884167
2022-11-23 22:00:00,31.126775
2022-11-23 23:00:00,31.1213
2022-11-24 0:00:00,31.11223333
2022-11-24 1:00:00,31.09455
2022-11-24 2:00:00,30.86156667
2022-11-24 3:00:00,30.52889167
2022-11-24 4:00:00,30.426575
2022-11-24 5:00:00,30.353875
2022-11-24 6:00:00,30.46464167
2022-11-24 7:00:00,30.578525
2022-11-24 8:00:00,30.673475
2022-11-24 9:00:00,30.69811667
2022-11-24 10:00:00,30.73595
2022-11-24 11:00:00,30.73835833
2022-11-24 12:00:00,30.73189167
2022-11-24 13:00:00,30.7021
2022-11-24 14:00:00,30.713175
2022-11-24 15:00:00,30.769325
2022-11-24 16:00:00,30.83696667
2022-11-24 17:00:00,30.84086667
2022-11-24 18:00:00,30.92644167
2022-11-24 19:00:00,30.96293333
2022-11-24 20:00:00,31.02638333
2022-11-24 21:00:00,31.04956667
2022-11-24 22:00:00,31.08935
2022-11-24 23:00:00,31.10355
2022-11-25 0:00:00,31.10071667
2022-11-25 1:00:00,31.09149167
2022-11-25 2:00:00,31.04161667
2022-11-25 3:00:00,30.69138333
2022-11-25 4:00:00,30.51605
2022-11-25 5:00:00,30.40209167
2022-11-25 6:00:00,30.322625
2022-11-25 7:00:00,30.43903333
2022-11-25 8:00:00,30.50498333
2022-11-25 9:00:00,30.5627
2022-11-25 10:00:00,30.61769167
2022-11-25 11:00:00,30.73158
2022-11-25 12:00:00,30.74251667
2022-11-25 13:00:00,30.70896667
2022-11-25 14:00:00,30.72005833
2022-11-25 15:00:00,30.73436667
2022-11-25 16:00:00,30.82193333
2022-11-25 17:00:00,30.86730833
2022-11-25 18:00:00,31.01549167
2022-11-25 19:00:00,31.07928333
2022-11-25 20:00:00,31.106375
2022-11-25 21:00:00,31.17426667
2022-11-25 22:00:00,31.17351667
2022-11-25 23:00:00,31.17123333
2022-11-26 0:00:00,31.16101667
2022-11-26 1:00:00,31.1375
2022-11-26 2:00:00,31.11626667
2022-11-26 3:00:00,30.943025
2022-11-26 4:00:00,30.55183333
2022-11-26 5:00:00,30.43299167
2022-11-26 6:00:00,30.3411
2022-11-26 7:00:00,30.278625
2022-11-26 8:00:00,30.48465
2022-11-26 9:00:00,30.63046
2022-11-26 10:00:00,30.64685
2022-11-26 11:00:00,30.658275
2022-11-26 12:00:00,30.69301667
2022-11-26 13:00:00,30.69304167
2022-11-26 14:00:00,30.67895833
2022-11-26 15:00:00,30.67855833
2022-11-26 16:00:00,30.78099167
2022-11-26 17:00:00,30.846525
2022-11-26 18:00:00,30.87523333
2022-11-26 19:00:00,31.05918333
2022-11-26 20:00:00,31.1054
2022-11-26 21:00:00,31.114675
2022-11-26 22:00:00,31.134575
2022-11-26 23:00:00,31.16526667
2022-11-27 0:00:00,31.158175
2022-11-27 1:00:00,31.14605
2022-11-27 2:00:00,31.131875
2022-11-27 3:00:00,31.0525
2022-11-27 4:00:00,30.659425
2022-11-27 5:00:00,30.520225
2022-11-27 6:00:00,30.42426667
2022-11-27 7:00:00,30.35243333
2022-11-27 8:00:00,30.31201667
2022-11-27 9:00:00,30.43873
2022-11-27 10:00:00,30.55605833
2022-11-27 11:00:00,30.613075
2022-11-27 12:00:00,30.68219167
2022-11-27 13:00:00,30.76348333
2022-11-27 14:00:00,30.72750833
2022-11-27 15:00:00,30.69378333
2022-11-27 16:00:00,30.69370833
2022-11-27 17:00:00,30.72178333
2022-11-27 18:00:00,30.79103333
2022-11-27 19:00:00,30.83035
2022-11-27 20:00:00,31.01199167
2022-11-27 21:00:00,31.081225
2022-11-27 22:00:00,31.10480833
2022-11-27 23:00:00,31.10965833
2022-11-28 0:00:00,31.1252
2022-11-28 1:00:00,31.12499167
2022-11-28 2:00:00,31.1184
2022-11-28 3:00:00,31.10553333
2022-11-28 4:00:00,31.074525
2022-11-28 5:00:00,30.81310833
2022-11-28 6:00:00,30.62041667
2022-11-28 7:00:00,30.39520833
2022-11-28 8:00:00,30.29944
2022-11-28 9:00:00,30.31564167
2022-11-28 10:00:00,30.49265
2022-11-28 11:00:00,30.58006667
2022-11-28 12:00:00,30.61485
2022-11-28 13:00:00,30.6803
2022-11-28 14:00:00,30.74875833
2022-11-28 15:00:00,30.75295833
2022-11-28 16:00:00,30.74981667
2022-11-28 17:00:00,30.7246
2022-11-28 18:00:00,30.75666667
2022-11-28 19:00:00,30.91544167
2022-11-28 20:00:00,30.91068333
2022-11-28 21:00:00,30.92256667
2022-11-28 22:00:00,31.05695833
2022-11-28 23:00:00,31.07823333
2022-11-29 0:00:00,31.0758
2022-11-29 1:00:00,31.06678333
2022-11-29 2:00:00,31.05984167
2022-11-29 3:00:00,31.04770833
2022-11-29 4:00:00,31.04060833
2022-11-29 5:00:00,31.01805
2022-11-29 6:00:00,30.78034167
2022-11-29 7:00:00,30.59286667
2022-11-29 8:00:00,30.49920833
2022-11-29 9:00:00,30.38955
2022-11-29 10:00:00,30.38201667
2022-11-29 11:00:00,30.50569167
2022-11-29 12:00:00,30.589525
2022-11-29 13:00:00,30.618625
2022-11-29 14:00:00,30.63570833
2022-11-29 15:00:00,30.65700833
2022-11-29 16:00:00,30.65459167
2022-11-29 17:00:00,30.6374
2022-11-29 18:00:00,30.62835
2022-11-29 19:00:00,30.640525
2022-11-29 20:00:00,30.66199167
2022-11-29 21:00:00,30.74411667
2022-11-29 22:00:00,30.76
2022-11-29 23:00:00,30.85335
2022-11-30 0:00:00,30.92330833
2022-11-30 1:00:00,30.99126667
2022-11-30 2:00:00,31.05681667
2022-11-30 3:00:00,31.067725
2022-11-30 4:00:00,31.043925
2022-11-30 5:00:00,31.02165
2022-11-30 6:00:00,30.99895
2022-11-30 7:00:00,30.7225
2022-11-30 8:00:00,30.47911
2022-11-30 9:00:00,30.4222
2022-11-30 10:00:00,30.37609167
2022-11-30 11:00:00,30.451
2022-11-30 12:00:00,30.59090833
2022-11-30 13:00:00,30.65035
2022-11-30 14:00:00,30.71673333
2022-11-30 15:00:00,30.70991667
2022-11-30 16:00:00,30.73841667
2022-11-30 17:00:00,30.74141667
2022-11-30 18:00:00,30.74875
2022-11-30 19:00:00,30.73768333
2022-11-30 20:00:00,30.753775
2022-11-30 21:00:00,30.77001667
2022-11-30 22:00:00,30.850025
2022-11-30 23:00:00,30.8438
2022-12-01 0:00:00,30.8195
2022-12-01 1:00:00,30.911475
2022-12-01 2:00:00,30.96575833
2022-12-01 3:00:00,30.98938333
2022-12-01 4:00:00,31.04011667
2022-12-01 5:00:00,31.04643333
2022-12-01 6:00:00,31.01285833
2022-12-01 7:00:00,30.97894167
2022-12-01 8:00:00,30.72130833
2022-12-01 9:00:00,30.65745
2022-12-01 10:00:00,30.56694167
2022-12-01 11:00:00,30.5155
2022-12-01 12:00:00,30.58145
2022-12-01 13:00:00,30.71271818
2022-12-01 14:00:00,30.72879167
2022-12-01 15:00:00,30.758825
2022-12-01 16:00:00,30.83939167
2022-12-01 17:00:00,30.86235833
2022-12-01 18:00:00,30.86432
2022-12-01 19:00:00,30.86899167
2022-12-01 20:00:00,30.86964167
2022-12-01 21:00:00,30.85425833
2022-12-01 22:00:00,30.82949167
2022-12-01 23:00:00,30.78804167
2022-12-02 0:00:00,30.76478333
2022-12-02 1:00:00,30.78776667
2022-12-02 2:00:00,30.78620833
2022-12-02 3:00:00,30.850825
2022-12-02 4:00:00,30.88608333
2022-12-02 5:00:00,30.87575
2022-12-02 6:00:00,30.870925
2022-12-02 7:00:00,30.86564167
2022-12-02 8:00:00,30.818875
2022-12-02 9:00:00,30.7186
2022-12-02 10:00:00,30.5772
2022-12-02 11:00:00,30.087425
2022-12-02 12:00:00,29.942525
2022-12-02 13:00:00,29.92615833
2022-12-02 14:00:00,29.91209167
2022-12-02 15:00:00,29.93524167
2022-12-02 16:00:00,29.94474167
2022-12-02 17:00:00,29.974725
2022-12-02 18:00:00,29.92931667
2022-12-02 19:00:00,30.35449167
2022-12-02 20:00:00,30.58553333
2022-12-02 21:00:00,30.55389167
2022-12-02 22:00:00,30.58108333
2022-12-02 23:00:00,30.58065
2022-12-03 0:00:00,30.52783333
2022-12-03 1:00:00,30.50193333
2022-12-03 2:00:00,30.50356667
2022-12-03 3:00:00,30.50485833
2022-12-03 4:00:00,30.65613333
2022-12-03 5:00:00,30.75109167
2022-12-03 6:00:00,30.82374167
2022-12-03 7:00:00,30.82633333
2022-12-03 8:00:00,30.81712
2022-12-03 9:00:00,30.71455
2022-12-03 10:00:00,30.47083333
2022-12-03 11:00:00,30.46365833
2022-12-03 12:00:00,30.46860833
2022-12-03 13:00:00,30.472475
2022-12-03 14:00:00,30.49134167
2022-12-03 15:00:00,30.586175
2022-12-03 16:00:00,30.67061667
2022-12-03 17:00:00,30.68838333
2022-12-03 18:00:00,30.770975
2022-12-03 19:00:00,30.76338333
2022-12-03 20:00:00,30.764
2022-12-03 21:00:00,30.770075
2022-12-03 22:00:00,30.72174167
2022-12-03 23:00:00,30.57883333
2022-12-04 0:00:00,30.49475
2022-12-04 1:00:00,30.42715
2022-12-04 2:00:00,30.40263333
2022-12-04 3:00:00,30.35400833
2022-12-04 4:00:00,30.53275
2022-12-04 5:00:00,30.67759167
2022-12-04 6:00:00,30.74833333
2022-12-04 7:00:00,30.82304167
2022-12-04 8:00:00,30.83113333
2022-12-04 9:00:00,30.82245833
2022-12-04 10:00:00,30.80403333
2022-12-04 11:00:00,30.77728333
2022-12-04 12:00:00,30.69106364
2022-12-04 13:00:00,30.75885
2022-12-04 14:00:00,30.73916667
2022-12-04 15:00:00,30.729125
2022-12-04 16:00:00,30.785675
2022-12-04 17:00:00,30.76445
2022-12-04 18:00:00,30.750225
2022-12-04 19:00:00,30.76039167
2022-12-04 20:00:00,30.756275
2022-12-04 21:00:00,30.76234167
2022-12-04 22:00:00,30.75254167
2022-12-04 23:00:00,30.754225
2022-12-05 0:00:00,30.77134444
2022-12-05 2:00:00,30.37105
2022-12-05 3:00:00,30.34716667
2022-12-05 4:00:00,30.40088333
2022-12-05 5:00:00,30.50110833
2022-12-05 6:00:00,30.58584167
2022-12-05 7:00:00,30.68851
2022-12-05 8:00:00,30.69578333
2022-12-05 9:00:00,30.68800833
2022-12-05 10:00:00,30.72020833
2022-12-05 11:00:00,30.71224167
2022-12-05 12:00:00,30.718475
2022-12-05 13:00:00,30.698325
2022-12-05 14:00:00,30.48428333
2022-12-05 15:00:00,29.25644167
2022-12-05 16:00:00,29.23349167
2022-12-05 17:00:00,29.22615833
2022-12-05 18:00:00,29.231775
2022-12-05 19:00:00,29.24175
2023-01-20 20:00:00,20.50284286
2023-01-20 21:00:00,23.94774167
2023-01-20 22:00:00,27.39578333
2023-01-20 23:00:00,24.66424167
2023-01-21 0:00:00,21.21776667
2023-01-21 1:00:00,17.80009167
2023-01-21 2:00:00,15.9565
2023-01-21 3:00:00,15.8509
2023-01-21 4:00:00,18.260425
2023-01-21 5:00:00,22.740125
2023-01-21 6:00:00,22.871375
2023-01-21 7:00:00,23.72320833
2023-01-21 8:00:00,24.78313333
2023-01-21 9:00:00,24.84665833
2023-01-21 10:00:00,21.63164167
2023-01-21 11:00:00,22.08125833
2023-01-21 12:00:00,23.35149167
2023-01-21 13:00:00,22.91209167
2023-01-21 14:00:00,20.882525
2023-01-21 15:00:00,20.86750833
2023-01-21 16:00:00,24.45900833
2023-01-21 17:00:00,26.89809167
2023-01-21 18:00:00,26.85465833
2023-01-21 19:00:00,28.02541667
2023-01-21 20:00:00,27.31765833
2023-01-21 21:00:00,24.93705833
2023-01-21 22:00:00,27.234675
2023-01-21 23:00:00,27.495325
2023-01-22 0:00:00,25.71588333
2023-01-22 1:00:00,21.16830833
2023-01-22 2:00:00,19.08775833
2023-01-22 3:00:00,18.32325
2023-01-22 4:00:00,17.919975
2023-01-22 5:00:00,20.10985
2023-01-22 6:00:00,22.09829167
2023-01-22 7:00:00,24.80691667
2023-01-22 8:00:00,23.65706667
2023-01-22 9:00:00,24.67478333
2023-01-22 10:00:00,25.30345
2023-01-22 11:00:00,24.95145833
2023-01-22 12:00:00,21.73836667
2023-01-22 13:00:00,23.40891667
2023-01-22 14:00:00,22.86073333
2023-01-22 15:00:00,20.75169167
2023-01-22 16:00:00,20.883725
2023-01-22 17:00:00,24.55128333
2023-01-22 18:00:00,26.5639
2023-01-22 19:00:00,26.05144167
2023-01-22 20:00:00,26.25751667
2023-01-22 21:00:00,27.66334167
2023-01-22 22:00:00,26.41935
2023-01-22 23:00:00,26.7667
2023-01-23 0:00:00,26.21718333
2023-01-23 1:00:00,24.25425833
2023-01-23 2:00:00,20.69634167
2023-01-23 3:00:00,19.27725
2023-01-23 4:00:00,18.14183333
2023-01-23 5:00:00,18.59204167
2023-01-23 6:00:00,20.539975
2023-01-23 7:00:00,20.91269167
2023-01-23 8:00:00,22.636425
2023-01-23 9:00:00,22.96075
2023-01-23 10:00:00,23.62595
2023-01-23 11:00:00,24.84021667
2023-01-23 12:00:00,22.83875833
2023-01-23 13:00:00,23.40576667
2023-01-23 14:00:00,22.9413
2023-01-23 15:00:00,21.32014167
2023-01-23 16:00:00,20.51444167
2023-01-23 17:00:00,20.905
2023-01-23 18:00:00,26.3502
2023-01-23 19:00:00,27.02385
2023-01-23 22:00:00,26.591575
2023-01-23 23:00:00,27.64885833
2023-01-24 0:00:00,28.741175
2023-01-24 1:00:00,27.924775
2023-01-24 2:00:00,24.75664167
2023-01-24 3:00:00,21.17395
2023-01-24 4:00:00,19.08578333
2023-01-24 5:00:00,18.16726667
2023-01-24 6:00:00,19.65429167
2023-01-24 7:00:00,22.90404167
2023-01-24 8:00:00,25.37155833
2023-01-24 9:00:00,25.71551667
2023-01-24 10:00:00,25.31336667
2023-01-24 11:00:00,26.59521667
2023-01-24 12:00:00,24.62994167
2023-01-24 13:00:00,22.63896667
2023-01-24 14:00:00,24.43463333
2023-01-24 15:00:00,23.253075
2023-01-24 16:00:00,22.04440833
2023-01-24 17:00:00,20.42534167
2023-01-24 18:00:00,20.30736667
2023-01-24 19:00:00,25.501825
2023-01-24 20:00:00,27.52235833
2023-01-24 21:00:00,27.98718333
2023-01-24 22:00:00,26.037
2023-01-24 23:00:00,26.61820833
2023-01-25 0:00:00,25.64296667
2023-01-25 1:00:00,27.64466667
2023-01-25 2:00:00,27.214225
2023-01-25 3:00:00,24.57100833
2023-01-25 4:00:00,21.25361667
2023-01-25 5:00:00,18.076825
2023-01-25 6:00:00,18.13904167
2023-01-25 7:00:00,21.84625833
2023-01-25 8:00:00,24.41075
2023-01-25 9:00:00,25.51899167
2023-01-25 10:00:00,24.81053333
2023-01-25 11:00:00,26.39725
2023-01-25 12:00:00,27.5862
2023-01-25 13:00:00,25.33541667
2023-01-25 14:00:00,24.88456667
2023-01-25 15:00:00,26.42900833
2023-01-25 16:00:00,24.318225
2023-01-25 17:00:00,22.57575
2023-01-25 18:00:00,21.09969167
2023-01-25 19:00:00,21.09423333
2023-01-25 20:00:00,24.27065833
2023-01-25 21:00:00,26.58475
2023-01-25 22:00:00,27.59419167
2023-01-25 23:00:00,26.40880833
2023-01-26 0:00:00,27.36139
2023-01-26 1:00:00,27.07416667
2023-01-26 2:00:00,26.03365
2023-01-26 3:00:00,25.12541667
2023-01-26 4:00:00,23.61465833
2023-01-26 5:00:00,21.894375
2023-01-26 6:00:00,19.781875
2023-01-26 7:00:00,19.70916667
2023-01-26 8:00:00,22.70328333
2023-01-26 9:00:00,24.102275
2023-01-26 10:00:00,24.41415833
2023-01-26 11:00:00,25.366675
2023-01-26 12:00:00,26.64525
2023-01-26 13:00:00,27.07824167
2023-01-26 14:00:00,25.64913333
2023-01-26 15:00:00,26.16750833
2023-01-26 16:00:00,25.99874167
2023-01-26 17:00:00,24.29896667
2023-01-26 18:00:00,22.31585
2023-01-26 19:00:00,21.720625
2023-01-26 20:00:00,21.489425
2023-01-26 21:00:00,22.20184167
2023-01-26 22:00:00,25.49718333
2023-01-26 23:00:00,26.48395
2023-01-27 0:00:00,26.072925
2023-01-27 1:00:00,23.96089167
2023-01-27 2:00:00,23.28351667
2023-01-27 3:00:00,24.76316667
2023-01-27 4:00:00,24.10086667
2023-01-27 5:00:00,19.97850833
2023-01-27 6:00:00,20.11318333
2023-01-27 7:00:00,19.11854167
2023-01-27 8:00:00,19.07335833
2023-01-27 9:00:00,24.40429
2023-01-27 10:00:00,26.01505
2023-01-27 11:00:00,26.46911667
2023-01-27 12:00:00,27.20548333
2023-01-27 13:00:00,27.46505833
2023-01-27 14:00:00,27.5181
2023-01-27 15:00:00,26.3741
2023-01-27 16:00:00,25.12144167
2023-01-27 17:00:00,26.06723333
2023-01-27 18:00:00,23.91014167
2023-01-27 19:00:00,22.43859167
2023-01-27 20:00:00,21.40043333
2023-01-27 21:00:00,21.26011667
2023-01-27 22:00:00,21.294825
2023-01-27 23:00:00,24.53336667
2023-01-28 0:00:00,26.0358
2023-01-28 1:00:00,26.33923333
2023-01-28 2:00:00,25.74023333
2023-01-28 3:00:00,22.92036667
2023-01-28 4:00:00,22.54473333
2023-01-28 5:00:00,23.41770833
2023-01-28 6:00:00,22.4951
2023-01-28 7:00:00,21.60819167
2023-01-28 8:00:00,17.865925
2023-01-28 9:00:00,18.76703333
2023-01-28 10:00:00,23.29819167
2023-01-28 11:00:00,26.045875
2023-01-28 12:00:00,26.731
2023-01-28 13:00:00,27.43475455
2023-01-28 14:00:00,27.44775
2023-01-28 15:00:00,27.89430833
2023-01-28 16:00:00,27.75456667
2023-01-28 17:00:00,27.04703333
2023-01-28 18:00:00,24.295
2023-01-28 19:00:00,22.034775
2023-01-28 20:00:00,21.22744167
2023-01-28 21:00:00,19.58198333
2023-01-28 22:00:00,18.43935833
2023-01-28 23:00:00,20.140975
2023-01-29 0:00:00,21.616025
2023-01-29 1:00:00,23.28155833
2023-01-29 2:00:00,24.90755833
2023-01-29 3:00:00,23.90428333
2023-01-29 4:00:00,22.90400833
2023-01-29 5:00:00,22.23240833
2023-01-29 6:00:00,20.544825
2023-01-29 7:00:00,19.395825
2023-01-29 8:00:00,19.55168333
2023-01-29 9:00:00,19.05809167
2023-01-29 10:00:00,19.6148
2023-01-29 11:00:00,23.17045
2023-01-29 12:00:00,26.23311667
2023-01-29 13:00:00,27.69179167
2023-01-29 14:00:00,27.35128333
2023-01-29 15:00:00,25.378125
2023-01-29 16:00:00,22.29024167
2023-01-29 17:00:00,23.51181667
2023-01-29 18:00:00,25.69371818
2023-01-29 19:00:00,22.68694167
2023-01-29 20:00:00,20.09725
2023-01-29 21:00:00,18.98665
2023-01-29 22:00:00,19.121125
2023-01-29 23:00:00,18.65543333
2023-01-30 0:00:00,18.95381667
2023-01-30 1:00:00,19.36750833
2023-01-30 2:00:00,20.936025
2023-01-30 3:00:00,21.282275
2023-01-30 4:00:00,20.91279167
2023-01-30 5:00:00,20.06419167
2023-01-30 6:00:00,20.55275833
2023-01-30 7:00:00,20.17144167
2023-01-30 8:00:00,19.85315833
2023-01-30 9:00:00,19.445125
2023-01-30 10:00:00,19.31767
2023-01-30 11:00:00,19.14778333
2023-01-30 12:00:00,20.04606667
2023-01-30 13:00:00,22.22571667
2023-01-30 14:00:00,25.53220833
2023-01-30 15:00:00,23.170025
2023-01-30 16:00:00,23.55051667
2023-01-30 17:00:00,27.077075
2023-01-30 18:00:00,26.2506
2023-01-30 19:00:00,23.64364167
2023-01-30 20:00:00,21.90075
2023-01-30 21:00:00,20.04380833
2023-01-30 22:00:00,20.8235
2023-01-30 23:00:00,19.10589167
2023-01-31 0:00:00,19.2807
2023-01-31 1:00:00,19.407375
2023-01-31 2:00:00,19.84235
2023-01-31 3:00:00,22.37991667
2023-01-31 4:00:00,26.7874
2023-01-31 5:00:00,24.92298333
2023-01-31 6:00:00,23.97483333
2023-01-31 7:00:00,24.019175
2023-01-31 8:00:00,23.83854167
2023-01-31 9:00:00,24.41699
2023-01-31 10:00:00,22.54944167
2023-01-31 11:00:00,19.83186667
2023-01-31 12:00:00,19.66466667
2023-01-31 13:00:00,23.79919167
2023-01-31 14:00:00,25.96999167
2023-01-31 15:00:00,26.89464167
2023-01-31 16:00:00,26.80316667
2023-01-31 17:00:00,27.030925
2023-01-31 18:00:00,28.039125
2023-01-31 19:00:00,26.39566667
2023-01-31 20:00:00,25.16709167
2023-01-31 21:00:00,22.93188333
2023-01-31 22:00:00,20.375325
2023-01-31 23:00:00,20.97296667
2023-02-01 0:00:00,21.47464167
2023-02-01 1:00:00,20.51116667
2023-02-01 2:00:00,20.52505833
2023-02-01 3:00:00,23.364
2023-02-01 4:00:00,27.24648333
2023-02-01 5:00:00,27.89251667
2023-02-01 6:00:00,28.2869
2023-02-01 7:00:00,26.24434167
2023-02-01 8:00:00,26.93856667
2023-02-01 9:00:00,24.66665
2023-02-01 10:00:00,25.21100833
2023-02-01 11:00:00,24.55314167
2023-02-01 12:00:00,23.688275
2023-02-01 13:00:00,23.65274167
2023-02-01 14:00:00,25.13328333
2023-02-01 15:00:00,26.37534167
2023-02-01 16:00:00,26.17664167
2023-02-01 17:00:00,26.26944167
2023-02-01 18:00:00,25.75459167
2023-02-01 19:00:00,23.84046667
2023-02-01 20:00:00,25.71768333
2023-02-01 21:00:00,26.18045833
2023-02-01 22:00:00,25.10529167
2023-02-01 23:00:00,21.45386667
2023-02-02 0:00:00,21.969025
2023-02-02 1:00:00,21.446125
2023-02-02 2:00:00,20.68860833
2023-02-02 3:00:00,21.68595833
2023-02-02 4:00:00,26.32361667
2023-02-02 5:00:00,27.35984167
2023-02-02 6:00:00,27.76883333
2023-02-02 7:00:00,27.42735
2023-02-02 8:00:00,26.49009167
2023-02-02 9:00:00,26.58935
2023-02-02 10:00:00,27.30436667
2023-02-02 11:00:00,26.77271667
2023-02-02 12:00:00,26.32194167
2023-02-02 13:00:00,25.95769167
2023-02-02 14:00:00,25.89145833
2023-02-02 15:00:00,26.97148333
2023-02-02 16:00:00,28.17239167
2023-02-02 17:00:00,28.34929167
2023-02-02 18:00:00,28.53395833
2023-02-02 19:00:00,28.27185
2023-02-02 20:00:00,28.543675
2023-02-02 21:00:00,29.058625
2023-02-02 22:00:00,29.27106667
2023-02-02 23:00:00,27.8005
2023-02-03 0:00:00,25.15325833
2023-02-03 1:00:00,23.80886667
2023-02-03 2:00:00,22.99068333
2023-02-03 3:00:00,22.57281667
2023-02-03 4:00:00,25.64141667
2023-02-03 5:00:00,27.25323333
2023-02-03 6:00:00,27.51830833
2023-02-03 7:00:00,27.14195833
2023-02-03 8:00:00,27.99518333
2023-02-03 9:00:00,28.88874545
2023-02-03 10:00:00,29.33938333
2023-02-03 11:00:00,28.2818
2023-02-03 12:00:00,27.92214167
2023-02-03 13:00:00,27.58816667
2023-02-03 14:00:00,27.003375
2023-02-03 15:00:00,27.74535
2023-02-03 16:00:00,29.513525
2023-02-03 17:00:00,29.72134167
2023-02-03 18:00:00,28.89314167
2023-02-03 19:00:00,28.85485833
2023-02-03 20:00:00,28.85945833
2023-02-03 21:00:00,28.61784167
2023-02-03 22:00:00,29.01636667
2023-02-03 23:00:00,29.30568333
2023-02-04 0:00:00,27.11935833
2023-02-04 1:00:00,25.38275
2023-02-04 2:00:00,23.92923333
2023-02-04 3:00:00,21.868875
2023-02-04 4:00:00,23.97943333
2023-02-04 5:00:00,26.11770833
2023-02-04 6:00:00,26.921975
2023-02-04 7:00:00,27.08405
2023-02-04 8:00:00,27.66918333
2023-02-04 9:00:00,28.194625
2023-02-04 10:00:00,28.68593333
2023-02-04 11:00:00,27.85578333
2023-02-04 12:00:00,27.74741667
2023-02-04 13:00:00,27.71360833
2023-02-04 14:00:00,26.71683333
2023-02-04 15:00:00,26.99389167
2023-02-04 16:00:00,27.2262
2023-02-04 17:00:00,29.40284167
2023-02-04 18:00:00,28.4545
2023-02-04 19:00:00,29.17754167
2023-02-04 20:00:00,28.857075
2023-02-04 21:00:00,29.18550833
2023-02-04 22:00:00,29.437975
2023-02-04 23:00:00,29.407175
2023-02-05 0:00:00,28.83370833
2023-02-05 1:00:00,26.89090833
2023-02-05 2:00:00,25.67438333
2023-02-05 3:00:00,24.87069167
2023-02-05 4:00:00,24.891975
2023-02-05 5:00:00,26.17424167
2023-02-05 6:00:00,27.45996667
2023-02-05 7:00:00,27.69004
2023-02-05 8:00:00,28.98385
2023-02-05 9:00:00,29.26916667
2023-02-05 10:00:00,29.80043333
2023-02-05 11:00:00,29.46353333
2023-02-05 12:00:00,28.53844167
2023-02-05 13:00:00,28.12955833
2023-02-05 14:00:00,27.72805
2023-02-05 15:00:00,27.49345833
2023-02-05 16:00:00,27.54404167
2023-02-05 17:00:00,27.836475
2023-02-05 18:00:00,29.33785
2023-02-05 19:00:00,29.33315
2023-02-05 20:00:00,29.03770833
2023-02-05 21:00:00,29.26020833
2023-02-05 22:00:00,29.28179167
2023-02-05 23:00:00,29.2935
2023-02-06 0:00:00,29.22304167
2023-02-06 1:00:00,27.87328333
2023-02-06 2:00:00,26.37515
2023-02-06 3:00:00,24.9532
2023-02-06 4:00:00,25.17226667
2023-02-06 5:00:00,25.09683333
2023-02-06 6:00:00,25.8052
2023-02-06 7:00:00,26.848775
2023-02-06 8:00:00,26.91244167
2023-02-06 9:00:00,27.1882
2023-02-06 10:00:00,27.73923333
2023-02-06 11:00:00,27.88838333
2023-02-06 12:00:00,27.31858333
2023-02-06 13:00:00,26.926975
2023-02-06 14:00:00,27.45515
2023-02-06 15:00:00,26.954425
2023-02-06 16:00:00,26.4955
2023-02-06 17:00:00,26.4725
2023-02-06 18:00:00,28.50025833
2023-02-06 19:00:00,28.8988
2023-02-06 20:00:00,28.877225
2023-02-06 21:00:00,28.81749167
2023-02-06 22:00:00,28.972775
2023-02-06 23:00:00,28.95216667
2023-02-07 0:00:00,28.83585
2023-02-07 1:00:00,28.77134167
2023-02-07 2:00:00,27.35415
2023-02-07 3:00:00,25.13738333
2023-02-07 4:00:00,24.16695
2023-02-07 5:00:00,24.254075
2023-02-07 6:00:00,24.82789167
2023-02-07 7:00:00,26.91901667
2023-02-07 8:00:00,27.00753
2023-02-07 9:00:00,27.95741667
2023-02-07 10:00:00,28.07203333
2023-02-07 11:00:00,28.172675
2023-02-07 12:00:00,28.02645
2023-02-07 13:00:00,27.14528333
2023-02-07 14:00:00,27.73105
2023-02-07 15:00:00,27.31783333
2023-02-07 16:00:00,26.53905833
2023-02-07 17:00:00,26.25135833
2023-02-07 18:00:00,26.94261667
2023-02-07 19:00:00,29.014825
2023-02-07 20:00:00,29.32578333
2023-02-07 21:00:00,29.10174167
2023-02-07 22:00:00,28.8708
2023-02-07 23:00:00,28.99599167
2023-02-08 0:00:00,29.144175
2023-02-08 1:00:00,28.77763333
2023-02-08 2:00:00,28.14788333
2023-02-08 3:00:00,25.810575
2023-02-08 4:00:00,24.98456667
2023-02-08 5:00:00,23.70455
2023-02-08 6:00:00,24.368675
2023-02-08 7:00:00,26.23953333
2023-02-08 8:00:00,27.07326667
2023-02-08 9:00:00,28.026325
2023-02-08 10:00:00,28.31029167
2023-02-08 11:00:00,28.44571667
2023-02-08 12:00:00,28.45748333
2023-02-08 13:00:00,27.8566
2023-02-08 14:00:00,27.74511667
2023-02-08 15:00:00,27.439175
2023-02-08 16:00:00,26.76281667
2023-02-08 17:00:00,26.13636667
2023-02-08 18:00:00,26.120375
2023-02-08 19:00:00,27.43100833
2023-02-08 20:00:00,29.01510833
2023-02-08 21:00:00,29.33475
2023-02-08 22:00:00,29.26133333
2023-02-08 23:00:00,28.7255
2023-02-09 0:00:00,29.30213333
2023-02-09 1:00:00,28.78746667
2023-02-09 2:00:00,28.02718333
2023-02-09 3:00:00,27.238125
2023-02-09 4:00:00,25.72570833
2023-02-09 5:00:00,24.70198333
2023-02-09 6:00:00,24.641375
2023-02-09 7:00:00,25.722125
2023-02-09 8:00:00,27.329075
2023-02-09 9:00:00,27.7444
2023-02-09 10:00:00,28.5825
2023-02-09 11:00:00,28.43611667
2023-02-09 12:00:00,28.70874167
2023-02-09 13:00:00,28.08330833
2023-02-09 14:00:00,27.8864
2023-02-09 15:00:00,27.84149167
2023-02-09 16:00:00,27.18078333
2023-02-09 17:00:00,26.44730833
2023-02-09 18:00:00,25.71040833
2023-02-09 19:00:00,26.154275
2023-02-09 20:00:00,28.47528333
2023-02-09 21:00:00,29.028375
2023-02-09 22:00:00,29.458125
2023-02-09 23:00:00,29.27621667
2023-02-10 0:00:00,28.17253333
2023-02-10 1:00:00,28.176625
2023-02-10 2:00:00,28.12021667
2023-02-10 3:00:00,27.61154167
2023-02-10 4:00:00,25.68836667
2023-02-10 5:00:00,25.10051667
2023-02-10 6:00:00,24.61006667
2023-02-10 7:00:00,25.14066667
2023-02-10 8:00:00,27.917825
2023-02-10 9:00:00,28.46021667
2023-02-10 10:00:00,28.80388333
2023-02-10 11:00:00,29.19075833
2023-02-10 12:00:00,29.092775
2023-02-10 13:00:00,29.227175
2023-02-10 14:00:00,28.81783333
2023-02-10 15:00:00,28.03055833
2023-02-10 16:00:00,28.07065833
2023-02-10 17:00:00,26.590675
2023-02-10 18:00:00,25.327025
2023-02-10 19:00:00,25.14054167
2023-02-10 20:00:00,25.91518333
2023-02-10 21:00:00,28.18916667
2023-02-10 22:00:00,28.90875833
2023-02-10 23:00:00,29.3505
2023-02-11 0:00:00,29.42723333
2023-02-11 1:00:00,27.21283333
2023-02-11 2:00:00,26.72809167
2023-02-11 3:00:00,27.06193333
2023-02-11 4:00:00,26.665175
2023-02-11 5:00:00,25.178275
2023-02-11 6:00:00,24.01510833
2023-02-11 7:00:00,24.1142
2023-02-11 8:00:00,25.65084167
2023-02-11 9:00:00,28.531175
2023-02-11 10:00:00,28.5693
2023-02-11 11:00:00,28.91900833
2023-02-11 12:00:00,29.228125
2023-02-11 13:00:00,29.40138333
2023-02-11 14:00:00,28.41504167
2023-02-11 15:00:00,27.83749167
2023-02-11 16:00:00,27.96438333
2023-02-11 17:00:00,27.84529167
2023-02-11 18:00:00,26.50283333
2023-02-11 19:00:00,26.11235833
2023-02-11 20:00:00,25.30860833
2023-02-11 21:00:00,25.34346667
2023-02-11 22:00:00,25.58761667
2023-02-11 23:00:00,27.568175
2023-02-12 0:00:00,28.51894167
2023-02-12 1:00:00,26.39518333
2023-02-12 2:00:00,26.57873333
2023-02-12 3:00:00,26.99885
2023-02-12 4:00:00,26.44553333
2023-02-12 5:00:00,26.094575
2023-02-12 6:00:00,25.14894167
2023-02-12 7:00:00,24.13415
2023-02-12 8:00:00,25.27181667
2023-02-12 9:00:00,27.42395
2023-02-12 10:00:00,29.12125
2023-02-12 11:00:00,29.56556667
2023-02-12 12:00:00,28.83765
2023-02-12 13:00:00,28.38985833
2023-02-12 14:00:00,28.5251
2023-02-12 15:00:00,28.73891667
2023-02-12 16:00:00,28.93138333
2023-02-12 17:00:00,28.65560833
2023-02-12 18:00:00,27.038325
2023-02-12 19:00:00,25.93518333
2023-02-12 20:00:00,25.55541667
2023-02-12 21:00:00,25.16135
2023-02-12 22:00:00,26.15925833
2023-02-12 23:00:00,25.99436667
2023-02-13 0:00:00,27.07009167
2023-02-13 1:00:00,28.673725
2023-02-13 2:00:00,28.17458333
2023-02-13 3:00:00,26.79989167
2023-02-13 4:00:00,25.93558333
2023-02-13 5:00:00,25.79875
2023-02-13 6:00:00,26.19035455
2023-02-13 7:00:00,25.66839
2023-02-13 8:00:00,25.288225
2023-02-13 9:00:00,26.4525
2023-02-13 10:00:00,28.66523333
2023-02-13 11:00:00,29.63225
2023-02-13 12:00:00,29.45266667
2023-02-13 13:00:00,28.55594167
2023-02-13 14:00:00,28.73394167
2023-02-13 15:00:00,28.90965833
2023-02-13 16:00:00,28.88920833
2023-02-13 17:00:00,29.20359167
2023-02-13 18:00:00,28.646725
2023-02-13 19:00:00,27.23281667
2023-02-13 20:00:00,25.255875
2023-02-13 21:00:00,24.84169167
2023-02-13 22:00:00,25.47808333
2023-02-13 23:00:00,25.50208333
2023-02-14 0:00:00,25.60379167
2023-02-14 1:00:00,26.22585
2023-02-14 2:00:00,28.08901667
2023-02-14 3:00:00,28.56883333
2023-02-14 4:00:00,28.37828333
2023-02-14 5:00:00,25.71815833
2023-02-14 6:00:00,25.0853
2023-02-14 7:00:00,25.28644167
2023-02-14 8:00:00,24.9085
2023-02-14 9:00:00,24.54940833
2023-02-14 10:00:00,25.26966667
2023-02-14 11:00:00,26.98825833
2023-02-14 12:00:00,29.084775
2023-02-14 13:00:00,28.93688333
2023-02-14 14:00:00,27.82169167
2023-02-14 15:00:00,26.86138333
2023-02-14 16:00:00,25.43084167
2023-02-14 17:00:00,25.36830833
2023-02-14 18:00:00,25.67568333
2023-02-14 19:00:00,25.9587
2023-02-14 20:00:00,25.47531667
2023-02-14 21:00:00,25.38801667
2023-02-14 22:00:00,24.60478333
2023-02-14 23:00:00,24.83505
2023-02-15 0:00:00,24.8938
2023-02-15 1:00:00,25.12250833
2023-02-15 2:00:00,27.02336667
2023-02-15 3:00:00,27.057925
2023-02-15 4:00:00,26.64123333
2023-02-15 5:00:00,26.33673333
2023-02-15 6:00:00,26.081775
2023-02-15 7:00:00,26.11355
2023-02-15 8:00:00,26.07690833
2023-02-15 9:00:00,26.38305
2023-02-15 10:00:00,26.51216667
2023-02-15 11:00:00,26.58860833
2023-02-15 12:00:00,26.81360833
2023-02-15 13:00:00,29.14385
2023-02-15 14:00:00,27.75195833
2023-02-15 15:00:00,28.23939167
2023-02-15 16:00:00,28.27578
2023-02-15 17:00:00,28.55460833
2023-02-15 18:00:00,27.38345
2023-02-15 19:00:00,28.04173333
2023-02-15 20:00:00,27.908275
2023-02-15 21:00:00,27.60049167
2023-02-15 22:00:00,26.219825
2023-02-15 23:00:00,24.978575
2023-02-16 0:00:00,24.77971667
2023-02-16 1:00:00,25.61710833
2023-02-16 2:00:00,26.99865
2023-02-16 3:00:00,28.09331667
2023-02-16 4:00:00,28.63770833
2023-02-16 5:00:00,29.01068333
2023-02-16 6:00:00,29.18321667
2023-02-16 7:00:00,29.26144167
2023-02-16 8:00:00,28.87576364
2023-02-16 9:00:00,28.39721667
2023-02-16 10:00:00,27.27471667
2023-02-16 11:00:00,27.35691667
2023-02-16 12:00:00,29.43464167
2023-02-16 13:00:00,29.32268333
2023-02-16 14:00:00,30.76765833
2023-02-16 15:00:00,30.77406667
2023-02-16 16:00:00,30.19689167
2023-02-16 17:00:00,29.886875
2023-02-16 18:00:00,29.56005833
2023-02-16 19:00:00,30.653225
2023-02-16 20:00:00,30.30730833
2023-02-16 21:00:00,30.995225
2023-02-16 22:00:00,28.40235833
2023-02-16 23:00:00,26.91088333
2023-02-17 0:00:00,25.50710833
2023-02-17 1:00:00,25.28460833
2023-02-17 2:00:00,26.6869
2023-02-17 3:00:00,28.20415833
2023-02-17 4:00:00,28.18100833
2023-02-17 5:00:00,29.36459167
2023-02-17 6:00:00,29.33208333
2023-02-17 7:00:00,29.51948333
2023-02-17 8:00:00,29.67019
2023-02-17 9:00:00,29.05198333
2023-02-17 10:00:00,28.58245
2023-02-17 11:00:00,28.99523333
2023-02-17 12:00:00,29.168325
2023-02-17 13:00:00,28.90544167
2023-02-17 14:00:00,29.36550833
2023-02-17 15:00:00,30.92195833
2023-02-17 16:00:00,30.45176667
2023-02-17 17:00:00,30.377275
2023-02-17 18:00:00,30.66451667
2023-02-17 19:00:00,30.85434167
2023-02-17 20:00:00,30.79938333
2023-02-17 21:00:00,30.7982
2023-02-17 22:00:00,30.42036667
2023-02-17 23:00:00,29.21479167
2023-02-18 0:00:00,26.895625
2023-02-18 1:00:00,25.5479
2023-02-18 2:00:00,26.494475
2023-02-18 3:00:00,26.596725
2023-02-18 4:00:00,27.19423333
2023-02-18 5:00:00,28.48503333
2023-02-18 6:00:00,29.296875
2023-02-18 7:00:00,29.74265833
2023-02-18 8:00:00,29.64918333
2023-02-18 9:00:00,29.582375
2023-02-18 10:00:00,29.37746667
2023-02-18 11:00:00,29.342975
2023-02-18 12:00:00,29.31771667
2023-02-18 13:00:00,29.30445
2023-02-18 14:00:00,29.153575
2023-02-18 15:00:00,29.3384
2023-02-18 16:00:00,30.31753333
2023-02-18 17:00:00,30.34468333
2023-02-18 18:00:00,30.49108333
2023-02-18 19:00:00,30.54470833
2023-02-18 20:00:00,30.59354167
2023-02-18 21:00:00,30.6176
2023-02-18 22:00:00,30.53538333
2023-02-18 23:00:00,29.8732
2023-02-19 0:00:00,28.81086667
2023-02-19 1:00:00,27.20789167
2023-02-19 2:00:00,26.559925
2023-02-19 3:00:00,26.6324
2023-02-19 4:00:00,26.76945
2023-02-19 5:00:00,28.048375
2023-02-19 6:00:00,28.60205833
2023-02-19 7:00:00,29.34564167
2023-02-19 8:00:00,29.75368333
2023-02-19 9:00:00,29.75126667
2023-02-19 10:00:00,29.490825
2023-02-19 11:00:00,29.22575833
2023-02-19 12:00:00,29.253775
2023-02-19 13:00:00,29.3372
2023-02-19 14:00:00,28.98238333
2023-02-19 15:00:00,28.77543333
2023-02-19 16:00:00,29.2796
2023-02-19 17:00:00,30.05736667
2023-02-19 18:00:00,30.15923333
2023-02-19 19:00:00,30.35636667
2023-02-19 20:00:00,30.41588333
2023-02-19 21:00:00,30.38320833
2023-02-19 22:00:00,30.39813333
2023-02-19 23:00:00,30.32388333
2023-02-20 0:00:00,29.70219167
2023-02-20 1:00:00,28.19475
2023-02-20 2:00:00,27.1573
2023-02-20 3:00:00,27.035675
2023-02-20 4:00:00,26.822525
2023-02-20 5:00:00,27.52725
2023-02-20 6:00:00,28.27455833
2023-02-20 7:00:00,28.39765833
2023-02-20 8:00:00,28.67535556
2023-02-20 9:00:00,29.44921818
2023-02-20 10:00:00,29.72229167
2023-02-20 11:00:00,29.85186667
2023-02-20 12:00:00,29.654475
2023-02-20 13:00:00,29.512575
2023-02-20 14:00:00,28.87246364
2023-02-20 15:00:00,28.63640833
2023-02-20 16:00:00,29.05078333
2023-02-20 17:00:00,29.18400833
2023-02-20 18:00:00,29.69068333
2023-02-20 19:00:00,29.89843333
2023-02-20 20:00:00,30.09603333
2023-02-20 21:00:00,30.13091667
2023-02-20 22:00:00,30.21275
2023-02-20 23:00:00,30.22509167
2023-02-21 0:00:00,30.025975
2023-02-21 1:00:00,29.25371667
2023-02-21 2:00:00,27.86869167
2023-02-21 3:00:00,27.61364167
2023-02-21 4:00:00,27.21506667
2023-02-21 5:00:00,27.083925
2023-02-21 6:00:00,28.04458333
2023-02-21 7:00:00,28.37230833
2023-02-21 8:00:00,28.62615
2023-02-21 9:00:00,28.92409167
2023-02-21 10:00:00,29.32716667
2023-02-21 11:00:00,29.85439167
2023-02-21 12:00:00,29.92590833
2023-02-21 13:00:00,29.75845833
2023-02-21 14:00:00,29.40616667
2023-02-21 15:00:00,28.86133333
2023-02-21 16:00:00,28.66238333
2023-02-21 17:00:00,28.94954545
2023-02-21 18:00:00,29.21966364
2023-02-21 19:00:00,29.51278571
2023-03-02 1:00:00,25.5586125
2023-03-02 2:00:00,25.64475
2023-03-02 3:00:00,27.823225
2023-03-02 4:00:00,28.393575
2023-03-02 5:00:00,28.52526667
2023-03-02 6:00:00,27.818875
2023-03-02 7:00:00,27.81605
2023-03-02 8:00:00,27.28168182
2023-03-02 9:00:00,27.07666667
2023-03-02 10:00:00,27.43293333
2023-03-02 11:00:00,27.60573333
2023-03-02 12:00:00,27.41240833
2023-03-02 13:00:00,27.90588333
2023-03-02 14:00:00,28.58785833
2023-03-02 15:00:00,29.62408333
2023-03-02 16:00:00,30.60509167
2023-03-02 17:00:00,30.482425
2023-03-02 18:00:00,29.562575
2023-03-02 19:00:00,29.25885833
2023-03-02 20:00:00,30.05780833
2023-03-02 21:00:00,29.4107
2023-03-02 22:00:00,28.90336667
2023-03-02 23:00:00,28.56995833
2023-03-03 0:00:00,26.69305
2023-03-03 1:00:00,25.91478333
2023-03-03 2:00:00,25.44355833
2023-03-03 3:00:00,26.80856667
2023-03-03 4:00:00,28.47704167
2023-03-03 5:00:00,29.14758333
2023-03-03 6:00:00,29.45793333
2023-03-03 7:00:00,29.55868333
2023-03-03 8:00:00,30.13773636
2023-03-03 9:00:00,29.65375
2023-03-03 10:00:00,29.18315833
2023-03-03 11:00:00,29.16474167
2023-03-03 12:00:00,28.71914167
2023-03-03 13:00:00,28.100225
2023-03-03 14:00:00,28.33914167
2023-03-03 15:00:00,28.70896667
2023-03-03 16:00:00,30.59146667
2023-03-03 17:00:00,30.23585833
2023-03-03 18:00:00,30.35455833
2023-03-03 19:00:00,29.72661667
2023-03-03 20:00:00,29.83118333
2023-03-03 21:00:00,30.27801667
2023-03-03 22:00:00,29.60783333
2023-03-03 23:00:00,29.18846667
2023-03-04 0:00:00,26.43838333
2023-03-04 1:00:00,25.6476
2023-03-04 2:00:00,25.17638333
2023-03-04 3:00:00,25.80791667
2023-03-04 4:00:00,28.09095833
2023-03-04 5:00:00,28.689525
2023-03-04 6:00:00,28.88388333
2023-03-04 7:00:00,29.24445
2023-03-04 8:00:00,29.48951667
2023-03-04 9:00:00,30.00078333
2023-03-04 10:00:00,28.36319167
2023-03-04 11:00:00,27.701875
2023-03-04 12:00:00,27.92084167
2023-03-04 13:00:00,28.4207
2023-03-04 14:00:00,28.42530833
2023-03-04 15:00:00,28.58801667
2023-03-04 16:00:00,29.485425
2023-03-04 17:00:00,30.69036667
2023-03-04 18:00:00,30.72230833
2023-03-04 19:00:00,30.81631667
2023-03-04 20:00:00,30.79324167
2023-03-04 21:00:00,30.64380833
2023-03-04 22:00:00,30.65085833
2023-03-04 23:00:00,30.45076667
2023-03-05 0:00:00,28.453725
2023-03-05 1:00:00,27.36391667
2023-03-05 2:00:00,26.67876667
2023-03-05 3:00:00,26.658375
2023-03-05 4:00:00,26.71778333
2023-03-05 5:00:00,28.33583333
2023-03-05 6:00:00,28.72080833
2023-03-05 7:00:00,28.861325
2023-03-05 8:00:00,29.83285
2023-03-05 9:00:00,30.05051667
2023-03-05 10:00:00,30.16429167
2023-03-05 11:00:00,30.00780833
2023-03-05 12:00:00,29.52723333
2023-03-05 13:00:00,29.6251
2023-03-05 14:00:00,29.364825
2023-03-05 15:00:00,29.233
2023-03-05 16:00:00,28.999075
2023-03-05 17:00:00,29.95240833
2023-03-05 18:00:00,30.28496667
2023-03-05 19:00:00,30.22455
2023-03-05 20:00:00,30.29634167
2023-03-05 21:00:00,30.24158333
2023-03-05 22:00:00,30.17718333
2023-03-05 23:00:00,30.14503333
2023-03-06 0:00:00,29.43198333
2023-03-06 1:00:00,27.62595833
2023-03-06 2:00:00,26.75864167
2023-03-06 3:00:00,26.078875
2023-03-06 4:00:00,26.21378333
2023-03-06 5:00:00,26.9527
2023-03-06 6:00:00,28.14955
2023-03-06 7:00:00,28.34426667
2023-03-06 8:00:00,28.735075
2023-03-06 9:00:00,29.37323333
2023-03-06 10:00:00,29.52573333
2023-03-06 11:00:00,29.450375
2023-03-06 12:00:00,29.17794167
2023-03-06 13:00:00,29.30420833
2023-03-06 14:00:00,28.16275
2023-03-06 15:00:00,27.790825
2023-03-06 16:00:00,27.98766667
2023-03-06 17:00:00,29.14571667
2023-03-06 18:00:00,29.6315
2023-03-06 19:00:00,29.70341667
2023-03-06 20:00:00,29.73751667
2023-03-06 21:00:00,29.7392
2023-03-06 22:00:00,29.78766667
2023-03-06 23:00:00,29.84711667
2023-03-07 0:00:00,29.75865833
2023-03-07 1:00:00,28.8409
2023-03-07 2:00:00,27.331025
2023-03-07 3:00:00,26.42634545
2023-03-07 4:00:00,25.82159167
2023-03-07 5:00:00,26.25759167
2023-03-07 6:00:00,27.85215833
2023-03-07 7:00:00,28.18284167
2023-03-07 8:00:00,28.29258333
2023-03-07 9:00:00,28.933475
2023-03-07 10:00:00,29.19801667
2023-03-07 11:00:00,29.2086
2023-03-07 12:00:00,28.84405
2023-03-07 13:00:00,28.65831667
2023-03-07 14:00:00,27.91475
2023-03-07 15:00:00,26.91533333
2023-03-07 16:00:00,26.53740833
2023-03-07 17:00:00,27.51674167
2023-03-07 18:00:00,28.952125
2023-03-07 19:00:00,29.202775
2023-03-07 20:00:00,29.44596667
2023-03-07 21:00:00,29.69644167
2023-03-07 22:00:00,29.81126667
2023-03-07 23:00:00,29.825075
2023-03-08 0:00:00,29.58875833
2023-03-08 1:00:00,29.44358333
2023-03-08 2:00:00,27.89179167
2023-03-08 3:00:00,26.19025
2023-03-08 4:00:00,26.04155
2023-03-08 5:00:00,26.153125
2023-03-08 6:00:00,27.65961667
2023-03-08 7:00:00,28.06871667
2023-03-08 8:00:00,28.80005455
2023-03-08 9:00:00,29.133275
2023-03-08 10:00:00,29.47430833
2023-03-08 11:00:00,29.61090833
2023-03-08 12:00:00,29.59024167
2023-03-08 13:00:00,29.42031667
2023-03-08 14:00:00,29.046275
2023-03-08 15:00:00,27.40580833
2023-03-08 16:00:00,27.1153
2023-03-08 17:00:00,27.39030833
2023-03-08 18:00:00,27.735725
2023-03-08 19:00:00,29.05094167
2023-03-08 20:00:00,29.12994167
2023-03-08 21:00:00,29.57905833
2023-03-08 22:00:00,29.73870833
2023-03-08 23:00:00,29.14820833
2023-03-09 0:00:00,28.9411
2023-03-09 1:00:00,29.19976667
2023-03-09 2:00:00,27.79994167
2023-03-09 3:00:00,26.43316667
2023-03-09 4:00:00,26.11895
2023-03-09 5:00:00,25.6815
2023-03-09 6:00:00,26.19780833
2023-03-09 7:00:00,27.988325
2023-03-09 8:00:00,28.10586
2023-03-09 9:00:00,28.87865833
2023-03-09 10:00:00,29.29061667
2023-03-09 11:00:00,29.43084167
2023-03-09 12:00:00,29.425725
2023-03-09 13:00:00,29.24795833
2023-03-09 14:00:00,29.13974167
2023-03-09 15:00:00,27.93000833
2023-03-09 16:00:00,26.54179167
2023-03-09 17:00:00,26.31398333
2023-03-09 18:00:00,26.75389091
2023-03-09 19:00:00,28.26875
2023-03-09 20:00:00,28.73423333
2023-03-09 21:00:00,29.12823333
2023-03-09 22:00:00,29.54245833
2023-03-09 23:00:00,29.64831667
2023-03-10 0:00:00,29.62104167
2023-03-10 1:00:00,29.411475
2023-03-10 2:00:00,29.19280833
2023-03-10 3:00:00,27.80983333
2023-03-10 4:00:00,26.75924167
2023-03-10 5:00:00,26.74473333
2023-03-10 6:00:00,28.01434167
2023-03-10 7:00:00,29.258725
2023-03-10 8:00:00,29.4613
2023-03-10 9:00:00,29.87385
2023-03-10 10:00:00,30.99165
2023-03-10 11:00:00,31.02800833
2023-03-10 12:00:00,30.762875
2023-03-10 13:00:00,30.097725
2023-03-10 14:00:00,29.87594167
2023-03-10 15:00:00,28.69049091
2023-03-10 16:00:00,27.32091667
2023-03-10 17:00:00,26.6077
2023-03-10 18:00:00,26.167
2023-03-10 19:00:00,26.77765833
2023-03-10 20:00:00,28.77990833
2023-03-10 21:00:00,29.05818333
2023-03-10 22:00:00,29.329375
2023-03-10 23:00:00,29.658275
2023-03-11 0:00:00,28.45956667
2023-03-11 1:00:00,28.010225
2023-03-11 2:00:00,28.149375
2023-03-11 3:00:00,25.72034167
2023-03-11 4:00:00,25.34789167
2023-03-11 5:00:00,23.96566667
2023-03-11 6:00:00,24.32834167
2023-03-11 7:00:00,27.22696667
2023-03-11 8:00:00,28.83314167
2023-03-11 9:00:00,29.47960833
2023-03-11 10:00:00,29.867025
2023-03-11 11:00:00,29.993225
2023-03-11 12:00:00,29.286175
2023-03-11 13:00:00,29.085275
2023-03-11 14:00:00,28.784
2023-03-11 15:00:00,27.23448333
2023-03-11 16:00:00,25.97898333
2023-03-11 17:00:00,25.27598333
2023-03-11 18:00:00,22.60708333
2023-03-11 19:00:00,23.45486667
2023-03-11 20:00:00,25.20551667
2023-03-11 21:00:00,27.03119167
2023-03-11 22:00:00,28.1129
2023-03-11 23:00:00,28.915625
2023-03-12 0:00:00,28.15475833
2023-03-12 1:00:00,28.278375
2023-03-12 2:00:00,27.98765833
2023-03-12 3:00:00,26.73734167
2023-03-12 4:00:00,25.60773333
2023-03-12 5:00:00,24.81973333
2023-03-12 6:00:00,24.5556
2023-03-12 7:00:00,24.98765
2023-03-12 8:00:00,28.80714545
2023-03-12 9:00:00,29.21048
2023-03-12 10:00:00,29.59359167
2023-03-12 11:00:00,29.40095
2023-03-12 12:00:00,29.10304167
2023-03-12 13:00:00,29.62246667
2023-03-12 14:00:00,29.162
2023-03-12 15:00:00,28.619325
2023-03-12 16:00:00,26.39290833
2023-03-12 17:00:00,23.87326667
2023-03-12 18:00:00,22.811275
2023-03-12 19:00:00,22.94801667
2023-03-12 20:00:00,23.75315
2023-03-12 21:00:00,24.50778333
2023-03-12 22:00:00,27.94996667
2023-03-12 23:00:00,28.215825
2023-03-13 0:00:00,28.89605833
2023-03-13 1:00:00,27.172625
2023-03-13 2:00:00,27.16010833
2023-03-13 3:00:00,26.91618333
2023-03-13 4:00:00,26.29155833
2023-03-13 5:00:00,25.00353333
2023-03-13 6:00:00,25.14933333
2023-03-13 7:00:00,25.22251
2023-03-13 8:00:00,25.649975
2023-03-13 9:00:00,28.88138333
2023-03-13 10:00:00,28.91913333
2023-03-13 11:00:00,29.45325833
2023-03-13 12:00:00,28.49029167
2023-03-13 13:00:00,28.12676667
2023-03-13 14:00:00,26.84658333
2023-03-13 15:00:00,27.5544
2023-03-13 16:00:00,24.17146667
2023-03-13 17:00:00,21.89729167
2023-03-13 18:00:00,19.581175
2023-03-13 19:00:00,20.14159167
2023-03-13 20:00:00,21.15806667
2023-03-13 21:00:00,22.89858333
2023-03-13 22:00:00,23.56035
2023-03-13 23:00:00,25.7136
2023-03-14 0:00:00,27.88010833
2023-03-14 1:00:00,27.00849167
2023-03-14 2:00:00,24.18245
2023-03-14 3:00:00,25.53169167
2023-03-14 4:00:00,25.72700833
2023-03-14 5:00:00,25.981325
2023-03-14 6:00:00,25.26985833
2023-03-14 7:00:00,23.40657273
2023-03-14 8:00:00,22.48225833
2023-03-14 9:00:00,24.98871667
2023-03-14 10:00:00,27.4907
2023-03-14 11:00:00,29.15149167
2023-03-14 12:00:00,28.13405
2023-03-14 13:00:00,27.33745
2023-03-14 14:00:00,28.623375
2023-03-14 15:00:00,28.90349167
2023-03-14 16:00:00,25.42190833
2023-03-14 17:00:00,22.330825
2023-03-14 18:00:00,21.635975
2023-03-14 19:00:00,21.75984167
2023-03-14 20:00:00,20.81598333
2023-03-14 21:00:00,22.64726667
2023-03-14 22:00:00,23.26696667
2023-03-14 23:00:00,23.928375
2023-03-15 0:00:00,24.75770833
2023-03-15 1:00:00,27.5358
2023-03-15 2:00:00,27.48564167
2023-03-15 3:00:00,25.32009167
2023-03-15 4:00:00,24.954925
2023-03-15 5:00:00,24.21216667
2023-03-15 6:00:00,20.7571
2023-03-15 7:00:00,18.716025
2023-03-15 8:00:00,18.08976667
2023-03-15 9:00:00,20.73511667
2023-03-15 10:00:00,21.7127
2023-03-15 11:00:00,23.69053333
2023-03-15 12:00:00,23.35855
2023-03-15 13:00:00,20.939775
2023-03-15 14:00:00,21.22810833
2023-03-15 15:00:00,18.03353333
2023-03-15 16:00:00,15.09809091
2023-03-15 17:00:00,16.07724167
2023-03-15 18:00:00,17.36134167
2023-03-15 19:00:00,17.91765833
2023-03-15 20:00:00,18.15965833
2023-03-15 21:00:00,17.61411667
2023-03-15 22:00:00,17.62220833
2023-03-15 23:00:00,17.402825
2023-03-16 0:00:00,21.06801667
2023-03-16 1:00:00,21.13944167
2023-03-16 2:00:00,26.19038333
2023-03-16 3:00:00,27.98853333
2023-03-16 4:00:00,25.871675
2023-03-16 5:00:00,24.094875
2023-03-16 6:00:00,24.11794167
2023-03-16 7:00:00,23.62208182
2023-03-16 8:00:00,22.6285
2023-03-16 9:00:00,17.3324
2023-03-16 10:00:00,19.088775
2023-03-16 11:00:00,20.943125
2023-03-16 12:00:00,24.945975
2023-03-16 13:00:00,22.92250833
2023-03-16 14:00:00,23.14228333
2023-03-16 15:00:00,22.02991667
2023-03-16 16:00:00,24.50308333
2023-03-16 17:00:00,17.63440833
2023-03-16 18:00:00,16.97486667
2023-03-16 19:00:00,17.1639
2023-03-16 20:00:00,16.617525
2023-03-16 21:00:00,16.5693
2023-03-16 22:00:00,17.383
2023-03-16 23:00:00,17.211225
2023-03-17 0:00:00,19.52815
2023-03-17 1:00:00,19.63191667
2023-03-17 2:00:00,22.53049167
2023-03-17 3:00:00,27.00035
2023-03-17 4:00:00,27.55541667
2023-03-17 5:00:00,26.77486667
2023-03-17 6:00:00,24.39039167
2023-03-17 7:00:00,25.33330833
2023-03-17 8:00:00,24.23144167
2023-03-17 9:00:00,20.21191818
2023-03-17 10:00:00,17.07571667
2023-03-17 11:00:00,15.73168333
2023-03-17 12:00:00,17.11186667
2023-03-17 13:00:00,21.99728333
2023-03-17 14:00:00,23.9368
2023-03-17 15:00:00,24.49314167
2023-03-17 16:00:00,23.32001667
2023-03-17 17:00:00,25.57585
2023-03-17 18:00:00,26.97050833
2023-03-17 19:00:00,22.15576667
2023-03-17 20:00:00,18.81434167
2023-03-17 21:00:00,18.7631
2023-03-18 15:00:00,28.6432
2023-03-18 16:00:00,28.97675833
2023-03-18 17:00:00,28.55835
2023-03-18 18:00:00,26.54154167
2023-03-18 19:00:00,25.137175
2023-03-18 20:00:00,27.08546667
2023-03-18 21:00:00,26.21670833
2023-03-18 22:00:00,22.86854167
2023-03-18 23:00:00,20.30961667
2023-03-19 0:00:00,18.736125
2023-03-19 1:00:00,18.11029167
2023-03-19 2:00:00,17.83251667
2023-03-19 3:00:00,23.045925
2023-03-19 4:00:00,25.75515833
2023-03-19 5:00:00,26.23938333
2023-03-19 6:00:00,26.61758333
2023-03-19 7:00:00,28.33122727
2023-03-19 8:00:00,28.18155
2023-03-19 9:00:00,27.33186667
2023-03-19 10:00:00,26.13951667
2023-03-19 11:00:00,25.52055833
2023-03-19 12:00:00,24.14220833
2023-03-19 13:00:00,21.62159167
2023-03-19 14:00:00,22.85965833
2023-03-19 15:00:00,25.97609167
2023-03-19 16:00:00,28.116025
2023-03-19 17:00:00,28.80836667
2023-03-19 18:00:00,28.564175
2023-03-19 19:00:00,28.26065833
2023-03-19 20:00:00,28.80460833
2023-03-19 21:00:00,28.69590833
2023-03-19 22:00:00,28.890025
2023-03-19 23:00:00,26.53321667
2023-03-20 0:00:00,23.87748333
2023-03-20 1:00:00,21.45768333
2023-03-20 2:00:00,18.23621667
2023-03-20 3:00:00,18.73865
2023-03-23 20:00:00,24.71114
2023-03-23 21:00:00,25.06213333
2023-03-23 22:00:00,25.345225
2023-03-23 23:00:00,23.508875
2023-03-24 0:00:00,20.4541
2023-03-24 1:00:00,22.28686667
2023-03-24 2:00:00,21.18565
2023-03-24 3:00:00,19.11881667
2023-03-24 4:00:00,14.998475
2023-03-24 5:00:00,14.99450833
2023-03-24 6:00:00,20.26001667
2023-03-24 7:00:00,25.2964
2023-03-24 8:00:00,26.207
2023-03-24 9:00:00,26.20826667
2023-03-24 10:00:00,25.11628333
2023-03-24 11:00:00,24.97095833
2023-03-24 12:00:00,25.74246667
2023-03-24 13:00:00,24.24370833
2023-03-24 14:00:00,21.89589167
2023-03-24 15:00:00,19.4148
2023-03-24 16:00:00,16.08231667
2023-03-24 17:00:00,13.9758
2023-03-24 18:00:00,14.03316667
2023-03-24 19:00:00,17.0584
2023-03-24 20:00:00,22.95364167
2023-03-24 21:00:00,24.04661667
2023-03-24 22:00:00,23.58373333
2023-03-24 23:00:00,19.25058333
2023-03-25 0:00:00,18.26068333
2023-03-25 1:00:00,17.5359
2023-04-03 17:00:00,27.15208571
2023-04-03 18:00:00,23.37361667
2023-04-03 19:00:00,20.09155
2023-04-03 20:00:00,20.209875
2023-04-03 21:00:00,20.13766667
2023-04-03 22:00:00,20.58910833
2023-04-03 23:00:00,19.41106667
2023-04-04 0:00:00,18.7406
2023-04-04 1:00:00,18.59965833
2023-04-04 2:00:00,18.05874167
2023-04-04 3:00:00,18.39983333
2023-04-04 4:00:00,23.05735
2023-04-04 5:00:00,25.77091667
2023-04-04 6:00:00,25.615325
2023-04-04 7:00:00,25.01200909
2023-04-04 8:00:00,22.720775
2023-04-04 9:00:00,25.245325
2023-04-04 10:00:00,24.85896667
2023-04-04 11:00:00,24.15390833
2023-04-04 12:00:00,22.14301667
2023-04-04 13:00:00,19.99170833
2023-04-04 14:00:00,18.76883333
2023-04-04 15:00:00,17.72058333
2023-04-04 16:00:00,20.455925
2023-04-04 17:00:00,25.62746667
2023-04-04 18:00:00,28.104225
2023-04-04 19:00:00,28.200175
2023-04-04 20:00:00,24.7027
2023-04-04 21:00:00,25.38318333
2023-04-04 22:00:00,24.30643333
2023-04-04 23:00:00,23.31066667
2023-04-05 0:00:00,20.74799167
2023-04-05 1:00:00,20.22199167
2023-04-05 2:00:00,18.24535833
2023-04-05 3:00:00,17.33428333
2023-04-05 4:00:00,18.96225833
2023-04-05 5:00:00,25.79135833
2023-04-05 6:00:00,27.11131667
2023-04-05 7:00:00,27.67328
2023-04-05 8:00:00,26.42716667
2023-04-05 9:00:00,27.47330833
2023-04-05 10:00:00,27.59405833
2023-04-05 11:00:00,27.21838333
2023-04-05 12:00:00,24.88328333
2023-04-05 13:00:00,20.47653333
2023-04-05 14:00:00,19.57893333
2023-04-05 15:00:00,19.08185
2023-04-05 16:00:00,18.98050833
2023-04-05 17:00:00,24.06471667
2023-04-05 18:00:00,27.48963333
2023-04-05 19:00:00,27.90073333
2023-04-05 20:00:00,26.53604167
2023-04-05 21:00:00,23.39685
2023-04-05 22:00:00,24.19190833
2023-04-05 23:00:00,24.967
2023-04-06 0:00:00,23.73700833
2023-04-06 1:00:00,22.056825
2023-04-06 2:00:00,20.471025
2023-04-06 3:00:00,18.57835
2023-04-06 4:00:00,19.52910833
2023-04-06 5:00:00,24.62381667
2023-04-06 6:00:00,27.44286667
2023-04-06 7:00:00,28.52284
2023-04-06 8:00:00,28.89841667
2023-04-06 9:00:00,28.25975
2023-04-06 10:00:00,28.65091667
2023-04-06 11:00:00,27.807875
2023-04-06 12:00:00,27.322325
2023-04-06 13:00:00,23.11348333
2023-04-06 14:00:00,21.01746667
2023-04-06 15:00:00,21.04064167
2023-04-06 16:00:00,19.73795833
2023-04-06 17:00:00,22.01436667
2023-04-06 18:00:00,26.91785833
2023-04-06 19:00:00,27.08865
2023-04-06 20:00:00,27.58924167
2023-04-06 21:00:00,26.28503333
2023-04-06 22:00:00,26.73205
2023-04-06 23:00:00,26.54301667
2023-04-07 0:00:00,25.02460833
2023-04-07 1:00:00,23.500725
2023-04-07 2:00:00,22.81019167
2023-04-07 3:00:00,22.184425
2023-04-07 4:00:00,21.44625833
2023-04-07 5:00:00,23.79255833
2023-04-07 6:00:00,27.27474167
2023-04-07 7:00:00,28.28367778
2023-04-07 8:00:00,28.601625
2023-04-07 9:00:00,29.1489
2023-04-07 10:00:00,28.55676667
2023-04-07 11:00:00,28.66353333
2023-04-07 12:00:00,28.72503333
2023-04-07 13:00:00,27.99024167
2023-04-07 14:00:00,23.752225
2023-04-07 15:00:00,22.20683333
2023-04-07 16:00:00,22.07926667
2023-04-07 17:00:00,21.41420833
2023-04-07 18:00:00,24.25129167
2023-04-07 19:00:00,26.52399167
2023-04-07 20:00:00,26.86421667
2023-04-07 21:00:00,27.738225
2023-04-07 22:00:00,28.17175833
2023-04-07 23:00:00,27.454675
2023-04-08 0:00:00,26.583725
2023-04-08 1:00:00,26.65873333
2023-04-08 2:00:00,25.12928333
2023-04-08 3:00:00,23.8724
2023-04-08 4:00:00,21.82986667
2023-04-08 5:00:00,23.65418333
2023-04-08 6:00:00,25.89414167
2023-04-08 7:00:00,27.72727
2023-04-08 8:00:00,27.862875
2023-04-08 9:00:00,27.51079167
2023-04-08 10:00:00,27.88641667
2023-04-08 11:00:00,28.73911667
2023-04-08 12:00:00,28.46215
2023-04-08 13:00:00,27.53533333
2023-04-08 14:00:00,25.13464167
2023-04-08 15:00:00,23.49475
2023-04-08 16:00:00,20.89846667
2023-04-08 17:00:00,19.061425
2023-04-08 18:00:00,21.932725
2023-04-08 19:00:00,24.53241667
2023-04-08 20:00:00,25.575325
2023-04-08 21:00:00,26.20988333
2023-04-08 22:00:00,26.57710833
2023-04-08 23:00:00,26.46574167
2023-04-09 0:00:00,26.87956667
2023-04-09 1:00:00,24.99755833
2023-04-09 2:00:00,24.55080833
2023-04-09 3:00:00,23.74855
2023-04-09 4:00:00,23.718
2023-04-09 5:00:00,22.888
2023-04-09 6:00:00,24.21738333
2023-04-09 7:00:00,27.36658
2023-04-09 8:00:00,28.167225
2023-04-09 9:00:00,27.66703333
2023-04-09 10:00:00,27.708875
2023-04-09 11:00:00,27.811575
2023-04-09 12:00:00,27.96904167
2023-04-09 13:00:00,28.0603
2023-04-09 14:00:00,26.58313333
2023-04-09 15:00:00,24.70459167
2023-04-09 16:00:00,21.81761667
2023-04-09 17:00:00,20.60879167
2023-04-09 18:00:00,18.69525
2023-04-09 19:00:00,21.35769167
2023-04-09 20:00:00,24.65126667
2023-04-09 21:00:00,25.112575
2023-04-09 22:00:00,26.18253333
2023-04-09 23:00:00,26.90251667
2023-04-10 0:00:00,25.93571667
2023-04-10 1:00:00,27.22041667
2023-04-10 2:00:00,24.11919167
2023-04-10 3:00:00,23.79860833
2023-04-10 4:00:00,23.34773333
2023-04-10 5:00:00,23.446475
2023-04-10 6:00:00,23.55739167
2023-04-10 7:00:00,25.05301
2023-04-10 8:00:00,26.84814167
2023-04-10 9:00:00,27.05560833
2023-04-10 10:00:00,28.19593333
2023-04-10 11:00:00,27.49815
2023-04-10 12:00:00,27.3913
2023-04-10 13:00:00,27.86444167
2023-04-10 14:00:00,27.85300833
2023-04-10 15:00:00,27.210925
2023-04-10 16:00:00,23.1346
2023-04-10 17:00:00,22.216975
2023-04-10 18:00:00,19.39409167
2023-04-10 19:00:00,19.00799167
2023-04-10 20:00:00,20.18702
2023-04-19 21:00:00,26.655725
2023-04-19 22:00:00,26.41806667
2023-04-19 23:00:00,25.7345
2023-04-20 0:00:00,25.846075
2023-04-20 1:00:00,24.32280833
2023-04-20 2:00:00,22.24091667
2023-04-20 3:00:00,21.607275
2023-04-20 4:00:00,23.09271667
2023-04-20 5:00:00,25.78335
2023-04-20 6:00:00,26.26526667
2023-04-20 7:00:00,27.56285
2023-04-20 8:00:00,27.45085
2023-04-20 9:00:00,27.72215833
2023-04-20 10:00:00,27.29515833
2023-04-20 11:00:00,26.999675
2023-04-20 12:00:00,27.01218333
2023-04-20 13:00:00,26.0488
2023-04-20 14:00:00,24.27418333
2023-04-20 15:00:00,21.90496667
2023-04-20 16:00:00,21.15258333
2023-04-20 17:00:00,20.85675833
2023-04-20 18:00:00,20.49528333
2023-04-20 19:00:00,20.2575
2023-04-20 20:00:00,20.2621
2023-04-20 21:00:00,20.42003333
2023-04-20 22:00:00,20.35360833
2023-04-20 23:00:00,20.19035
2023-04-21 0:00:00,20.123025
2023-04-21 1:00:00,20.08646667
2023-04-21 2:00:00,20.10741667
2023-04-21 3:00:00,20.100725
2023-04-21 4:00:00,20.10716667
2023-04-21 5:00:00,20.17105
2023-04-21 6:00:00,20.23058333
2023-04-21 7:00:00,20.285475
2023-04-21 8:00:00,20.36606667
2023-04-21 9:00:00,20.635875
2023-04-21 10:00:00,20.57235833
2023-04-21 11:00:00,20.50328333
2023-04-21 12:00:00,20.399575
2023-04-21 13:00:00,20.23311667
2023-04-21 14:00:00,20.15473333
2023-04-21 15:00:00,20.17094167
2023-04-21 16:00:00,20.182075
2023-04-21 17:00:00,19.97219167
2023-04-21 18:00:00,19.83530833
2023-04-21 19:00:00,19.71724167
2023-04-21 20:00:00,19.67068333
2023-04-21 21:00:00,19.707725
2023-04-21 22:00:00,19.73246667
2023-04-21 23:00:00,19.72924167
2023-04-22 0:00:00,19.63335
2023-04-22 1:00:00,19.58746667
2023-04-22 2:00:00,19.570175
2023-04-22 3:00:00,19.56195
2023-04-22 4:00:00,19.55361667
2023-04-22 5:00:00,19.559625
2023-04-22 6:00:00,19.55745
2023-04-22 7:00:00,19.60000833
2023-04-22 8:00:00,19.773425
2023-04-22 9:00:00,20.27995833
2023-04-22 10:00:00,20.60975833
2023-04-22 11:00:00,20.36648333
2023-04-22 12:00:00,20.10943333
2023-04-22 13:00:00,19.97395833
2023-04-22 14:00:00,19.93044167
2023-04-22 15:00:00,19.95749167
2023-04-22 16:00:00,20.22750833
2023-04-22 17:00:00,20.34425833
2023-04-22 18:00:00,20.3357
2023-04-22 19:00:00,20.27461667
2023-04-22 20:00:00,20.15364167
2023-04-22 21:00:00,20.04344167
2023-04-22 22:00:00,20.03046667
2023-04-22 23:00:00,20.06860833
2023-04-23 0:00:00,20.05876667
2023-04-23 1:00:00,19.94496667
2023-04-23 2:00:00,19.91151667
2023-04-23 3:00:00,19.88995
2023-04-23 4:00:00,19.89025
2023-04-23 5:00:00,19.88646667
2023-04-23 6:00:00,19.88801667
2023-04-23 7:00:00,19.889825
2023-04-23 8:00:00,20.022025
2023-04-23 9:00:00,20.2467
2023-04-23 10:00:00,20.509925
2023-04-23 11:00:00,20.696725
2023-04-23 12:00:00,20.48004167
2023-04-23 13:00:00,20.28190833
2023-04-23 14:00:00,20.17506667
2023-04-23 15:00:00,20.15810833
2023-04-23 16:00:00,20.13924167
2023-04-23 17:00:00,20.16024167
2023-04-23 18:00:00,20.17571667
2023-04-23 19:00:00,20.17231667
2023-04-23 20:00:00,20.14503333
2023-04-23 21:00:00,20.10176667
2023-04-23 22:00:00,20.08039167
2023-04-23 23:00:00,20.07029167
2023-04-24 0:00:00,20.06375
2023-04-24 1:00:00,20.05893333
2023-04-24 2:00:00,20.05313333
2023-04-24 3:00:00,20.04249167
2023-04-24 4:00:00,20.0405
2023-04-24 5:00:00,20.03376667
2023-04-24 6:00:00,20.02756667
2023-04-24 7:00:00,20.035125
2023-04-24 8:00:00,20.02935
2023-04-24 9:00:00,20.0319
2023-04-24 10:00:00,20.02915833
2023-04-24 11:00:00,20.05058333
2023-04-24 12:00:00,20.04120833
2023-04-24 13:00:00,20.028825
2023-04-24 14:00:00,20.02490833
2023-04-24 15:00:00,20.033475
2023-04-24 16:00:00,20.03695833
2023-04-24 17:00:00,20.04710833
2023-04-24 18:00:00,20.02455833
2023-04-24 19:00:00,19.79350833
2023-04-24 20:00:00,19.61876667
2023-04-24 21:00:00,19.55775
2023-04-24 22:00:00,19.50164167
2023-04-24 23:00:00,19.45995
2023-04-25 0:00:00,19.44308333
2023-04-25 1:00:00,19.41069167
2023-04-25 2:00:00,19.40599167
2023-04-25 3:00:00,19.39471667
2023-04-25 4:00:00,19.38785
2023-04-25 5:00:00,19.391075
2023-04-25 6:00:00,19.38218333
2023-04-25 7:00:00,19.37183333
2023-04-25 8:00:00,19.37666667
2023-04-25 9:00:00,19.369
2023-04-25 10:00:00,19.37265
2023-04-25 11:00:00,19.37183333
2023-04-25 12:00:00,19.37248333
2023-04-25 13:00:00,19.37060833
2023-04-25 14:00:00,19.37148333
2023-04-25 15:00:00,19.37791667
2023-04-25 16:00:00,19.36825
2023-04-25 17:00:00,19.27529167
2023-04-25 18:00:00,19.18935
2023-04-25 19:00:00,19.16066667
2023-04-25 20:00:00,18.99454167
2023-04-25 21:00:00,18.8748
2023-04-25 22:00:00,18.83035833
2023-04-25 23:00:00,18.778675
2023-04-26 0:00:00,18.72671667
2023-04-26 1:00:00,18.706325
2023-04-26 2:00:00,18.7118
2023-04-26 3:00:00,18.69095833
2023-04-26 4:00:00,18.68953333
2023-04-26 5:00:00,18.674075
2023-04-26 6:00:00,18.66404167
2023-04-26 7:00:00,18.6729
2023-04-26 8:00:00,18.66233333
2023-04-26 9:00:00,18.65536667
2023-04-26 10:00:00,18.6563
2023-04-26 11:00:00,18.66389167
2023-04-26 12:00:00,18.67284167
2023-04-26 13:00:00,18.677825
2023-04-26 14:00:00,18.66989167
2023-04-26 15:00:00,18.671325
2023-04-26 16:00:00,18.68969167
2023-04-26 17:00:00,18.67775833
2023-04-26 18:00:00,18.54684167
2023-04-26 19:00:00,18.36634167
2023-04-26 20:00:00,18.03288333
2023-04-26 21:00:00,17.82070833
2023-04-26 22:00:00,17.66114167
2023-04-26 23:00:00,17.58535833
2023-04-27 0:00:00,17.468275
2023-04-27 1:00:00,17.35180833
2023-04-27 2:00:00,17.28984167
2023-04-27 3:00:00,17.304525
2023-04-27 4:00:00,17.293825
2023-04-27 5:00:00,17.25821667
2023-04-27 6:00:00,17.247975
2023-04-27 7:00:00,17.23805833
2023-04-27 8:00:00,17.22375
2023-04-27 9:00:00,17.23099167
2023-04-27 10:00:00,17.22405
2023-04-27 11:00:00,18.20461667
2023-04-27 12:00:00,18.18926667
2023-04-27 13:00:00,18.19675
2023-04-27 14:00:00,18.18924167
2023-04-27 15:00:00,18.1935
2023-04-27 16:00:00,18.19176667
2023-04-27 17:00:00,18.18554167
2023-04-27 18:00:00,18.18303333
2023-04-27 19:00:00,18.17585833
2023-04-27 20:00:00,18.17615833
2023-04-27 21:00:00,18.17875
2023-04-27 22:00:00,18.18314167
2023-04-27 23:00:00,18.18123333
2023-04-28 0:00:00,18.17915833
2023-04-28 1:00:00,18.18476667
2023-04-28 2:00:00,18.19889167
2023-04-28 3:00:00,18.212225
2023-04-28 4:00:00,18.237
2023-04-28 5:00:00,18.2251
2023-04-28 6:00:00,18.22505
2023-04-28 7:00:00,18.2312
2023-04-28 8:00:00,18.23526667
2023-04-28 9:00:00,18.23971667
2023-04-28 10:00:00,18.216625
2023-04-28 11:00:00,18.20425833
2023-04-28 12:00:00,18.19428333
2023-04-28 13:00:00,18.18513333
2023-04-28 14:00:00,18.18555833
2023-04-28 15:00:00,18.18883333
2023-04-28 16:00:00,18.18664167
2023-04-28 17:00:00,18.17369167
2023-04-28 18:00:00,18.17050833
2023-04-28 19:00:00,18.16623333
2023-04-28 20:00:00,18.165425
2023-04-28 21:00:00,18.16230833
2023-04-28 22:00:00,18.16135833
2023-04-28 23:00:00,18.16208333
2023-04-29 0:00:00,18.16465
2023-04-29 1:00:00,18.14618333
2023-04-29 2:00:00,18.149675
2023-04-29 3:00:00,18.14465
2023-04-29 4:00:00,18.14195
2023-04-29 5:00:00,18.15305
2023-04-29 6:00:00,18.1257
2023-04-29 7:00:00,18.13370833
2023-04-29 8:00:00,18.11023333
2023-04-29 9:00:00,18.11479167
2023-04-29 10:00:00,18.10751667
2023-04-29 11:00:00,18.10188333
2023-04-29 12:00:00,18.0961
2023-04-29 13:00:00,18.09141667
2023-04-29 14:00:00,18.08405833
2023-04-29 15:00:00,18.08038333
2023-04-29 16:00:00,18.127025
2023-04-29 17:00:00,18.086875
2023-04-29 18:00:00,18.07081667
2023-04-29 19:00:00,18.06895833
2023-04-29 20:00:00,18.06970833
2023-04-29 21:00:00,18.0673
2023-04-29 22:00:00,18.07155
2023-04-29 23:00:00,18.07735
2023-04-30 0:00:00,18.072275
2023-04-30 1:00:00,18.08191667
2023-04-30 2:00:00,18.06474167
2023-04-30 3:00:00,18.06480833
2023-04-30 4:00:00,18.05378333
2023-04-30 5:00:00,18.04318333
2023-04-30 6:00:00,18.0328
2023-04-30 7:00:00,18.02361667
2023-04-30 8:00:00,18.00148333
2023-04-30 9:00:00,17.9989
2023-04-30 10:00:00,17.98351667
2023-04-30 11:00:00,17.9765
2023-04-30 12:00:00,17.96866667
2023-04-30 13:00:00,17.960425
2023-04-30 14:00:00,17.9498
2023-04-30 15:00:00,17.945875
2023-04-30 16:00:00,17.93635833
2023-04-30 17:00:00,17.944975
2023-04-30 18:00:00,17.941675
2023-04-30 19:00:00,17.92546667
2023-04-30 20:00:00,17.9179
2023-04-30 21:00:00,17.91715833
2023-04-30 22:00:00,17.91988333
2023-04-30 23:00:00,17.92215
2023-05-01 0:00:00,17.92848333
2023-05-01 1:00:00,17.9358
2023-05-01 2:00:00,17.93833333
2023-05-01 3:00:00,17.91971667
2023-05-01 4:00:00,17.91706667
2023-05-01 5:00:00,17.91189167
2023-05-01 6:00:00,17.914875
2023-05-01 7:00:00,17.91218333
2023-05-01 8:00:00,17.90645833
2023-05-01 9:00:00,17.901425
2023-05-01 10:00:00,17.90765833
2023-05-01 11:00:00,17.91465833
2023-05-01 12:00:00,17.92933333
2023-05-01 13:00:00,17.93120833
2023-05-01 14:00:00,17.92835
2023-05-01 15:00:00,17.93151667
2023-05-01 16:00:00,17.92416667
2023-05-01 17:00:00,17.92749167
2023-05-01 18:00:00,17.92620833
2023-05-01 19:00:00,17.925375
2023-05-01 20:00:00,17.9222
2023-05-01 21:00:00,17.92631667
2023-05-01 22:00:00,17.929375
2023-05-01 23:00:00,17.93561667
2023-05-02 0:00:00,17.93886667
2023-05-02 1:00:00,17.94013333
2023-05-02 2:00:00,17.94544167
2023-05-02 3:00:00,17.93936667
2023-05-02 4:00:00,17.94055
2023-05-02 5:00:00,17.94738333
2023-05-02 6:00:00,17.94419167
2023-05-02 7:00:00,17.95309167
2023-05-02 8:00:00,17.952825
2023-05-02 9:00:00,17.95383333
2023-05-02 10:00:00,17.957125
2023-05-02 11:00:00,17.97143333
2023-05-02 12:00:00,17.97418333
2023-05-02 13:00:00,17.978075
2023-05-02 14:00:00,17.98304167
2023-05-02 15:00:00,17.9922
2023-05-02 16:00:00,17.989375
2023-05-02 17:00:00,18.00256667
2023-05-02 18:00:00,18.01825
2023-05-02 19:00:00,18.03045833
2023-05-02 20:00:00,18.04309167
2023-05-02 21:00:00,18.05145
2023-05-02 22:00:00,18.06919167
2023-05-02 23:00:00,18.07758333
2023-05-03 0:00:00,18.08653333
2023-05-03 1:00:00,18.09280833
2023-05-03 2:00:00,18.09550833
2023-05-03 3:00:00,18.10233333
2023-05-03 4:00:00,18.1357
2023-05-03 5:00:00,18.14526667
2023-05-03 6:00:00,18.14781667
2023-05-03 7:00:00,18.14716667
2023-05-03 8:00:00,18.14694167
2023-05-03 9:00:00,18.16901667
2023-05-03 10:00:00,18.19561667
2023-05-03 11:00:00,18.222575
2023-05-03 12:00:00,18.22435833
2023-05-03 13:00:00,18.23365
2023-05-03 14:00:00,18.25495833
2023-05-03 15:00:00,18.26504167
2023-05-03 16:00:00,18.27899167
2023-05-03 17:00:00,18.30885
2023-05-03 18:00:00,18.33858333
2023-05-03 19:00:00,18.35831667
2023-05-03 20:00:00,18.36518333
2023-05-03 21:00:00,18.40538333
2023-05-03 22:00:00,18.42546667
2023-05-03 23:00:00,18.45753333
2023-05-04 0:00:00,18.45055833
2023-05-04 1:00:00,18.43656667
2023-05-04 2:00:00,18.429875
2023-05-04 3:00:00,18.45408333
2023-05-04 4:00:00,18.47203333
2023-05-04 5:00:00,18.52396667
2023-05-04 6:00:00,18.54424167
2023-05-04 7:00:00,18.51988333
2023-05-04 8:00:00,18.51923333
2023-05-04 9:00:00,18.55185
2023-05-04 10:00:00,18.59599167
2023-05-04 11:00:00,18.63811667
2023-05-04 12:00:00,18.66506667
2023-05-04 13:00:00,18.6796
2023-05-04 14:00:00,18.69873333
2023-05-04 15:00:00,18.71678333
2023-05-04 16:00:00,18.72210833
2023-05-04 17:00:00,18.75720833
2023-05-04 18:00:00,18.77779167
2023-05-04 19:00:00,18.790575
2023-05-04 20:00:00,18.803925
2023-05-04 21:00:00,18.8396
2023-05-04 22:00:00,18.860225
2023-05-04 23:00:00,18.89216667
2023-05-05 0:00:00,18.90428333
2023-05-05 1:00:00,18.91624167
2023-05-05 2:00:00,18.92983333
2023-05-05 3:00:00,18.9363
2023-05-05 4:00:00,18.94558333
2023-05-05 5:00:00,18.98140833
2023-05-05 6:00:00,18.99161667
2023-05-05 7:00:00,18.985975
2023-05-05 8:00:00,18.984775
2023-05-05 9:00:00,19.01060833
2023-05-05 10:00:00,19.03779167
2023-05-05 11:00:00,19.05969167
2023-05-05 12:00:00,19.0914
2023-05-05 13:00:00,19.10934167
2023-05-05 14:00:00,19.09373333
2023-05-05 15:00:00,19.0903
2023-05-05 16:00:00,19.09580833
2023-05-05 17:00:00,19.11146667
2023-05-05 18:00:00,19.141275
2023-05-05 19:00:00,19.16698333
2023-05-05 20:00:00,19.16588333
2023-05-05 21:00:00,19.16254167
2023-05-05 22:00:00,19.19371667
2023-05-05 23:00:00,19.21953333
2023-05-06 0:00:00,19.24775
2023-05-06 1:00:00,19.27570833
2023-05-06 2:00:00,19.295175
2023-05-06 3:00:00,19.31101667
2023-05-06 4:00:00,19.32533333
2023-05-06 5:00:00,19.34191667
2023-05-06 6:00:00,19.34420833
2023-05-06 7:00:00,19.35764167
2023-05-06 8:00:00,19.32590833
2023-05-06 9:00:00,19.30400833
2023-05-06 10:00:00,19.3348
2023-05-06 11:00:00,19.36484167
2023-05-06 12:00:00,19.4018
2023-05-06 13:00:00,19.45261667
2023-05-06 14:00:00,19.47724167
2023-05-06 15:00:00,19.47550833
2023-05-06 16:00:00,19.47659167
2023-05-06 17:00:00,19.49255
2023-05-06 18:00:00,19.51443333
2023-05-06 19:00:00,19.55128333
2023-05-06 20:00:00,19.59483333
2023-05-06 21:00:00,19.59193333
2023-05-06 22:00:00,19.60339167
2023-05-06 23:00:00,19.65108333
2023-05-07 0:00:00,19.68591667
2023-05-07 1:00:00,19.73399167
2023-05-07 2:00:00,19.7633
2023-05-07 3:00:00,19.78495833
2023-05-07 4:00:00,19.80884167
2023-05-07 5:00:00,19.831825
2023-05-07 6:00:00,19.867775
2023-05-07 7:00:00,19.87345
2023-05-07 8:00:00,19.8679
2023-05-07 9:00:00,19.84184167
2023-05-07 10:00:00,19.87425
2023-05-07 11:00:00,19.91630833
2023-05-07 12:00:00,19.94985833
2023-05-07 13:00:00,19.99881667
2023-05-07 14:00:00,20.03515
2023-05-07 15:00:00,20.02321667
2023-05-07 16:00:00,19.99570833
2023-05-07 17:00:00,19.995625
2023-05-07 18:00:00,20.00935833
2023-05-07 19:00:00,20.04435
2023-05-07 20:00:00,20.09148333
2023-05-07 21:00:00,20.10985833
2023-05-07 22:00:00,20.103275
2023-05-07 23:00:00,20.13314167
2023-05-08 0:00:00,20.1731
2023-05-08 1:00:00,20.18451667
2023-05-08 2:00:00,20.18445833
2023-05-08 3:00:00,20.20233333
2023-05-08 4:00:00,20.23348333
2023-05-08 5:00:00,20.26524167
2023-05-08 6:00:00,20.29235833
2023-05-08 7:00:00,20.33580833
2023-05-08 8:00:00,20.350375
2023-05-08 9:00:00,20.35419167
2023-05-08 10:00:00,20.36854167
2023-05-08 11:00:00,20.42038333
2023-05-08 12:00:00,20.47046667
2023-05-08 13:00:00,20.51334167
2023-05-08 14:00:00,20.57258333
2023-05-08 15:00:00,20.608125
2023-05-08 16:00:00,20.60079167
2023-05-08 17:00:00,20.59646667
2023-05-08 18:00:00,20.594425
2023-05-08 19:00:00,20.60595833
2023-05-08 20:00:00,20.63115833
2023-05-08 21:00:00,20.67194167
2023-05-08 22:00:00,20.67775833
2023-05-08 23:00:00,20.65875
2023-05-09 0:00:00,20.65491667
2023-05-09 1:00:00,20.68574167
2023-05-09 2:00:00,20.69098182
2023-05-09 3:00:00,20.6971
2023-05-09 4:00:00,20.71759167
2023-05-09 5:00:00,20.74413333
2023-05-09 6:00:00,20.78021667
2023-05-09 7:00:00,20.79115
2023-05-09 8:00:00,20.82005833
2023-05-09 9:00:00,20.827275
2023-05-09 10:00:00,20.816925
2023-05-09 11:00:00,20.82804167
2023-05-09 12:00:00,20.87691667
2023-05-09 13:00:00,20.91650833
2023-05-09 14:00:00,20.94825833
2023-05-09 15:00:00,20.99195
2023-05-09 16:00:00,21.02285833
2023-05-09 17:00:00,21.01819167
2023-05-09 18:00:00,20.99633333
2023-05-09 19:00:00,20.97260833
2023-05-09 20:00:00,20.982775
2023-05-09 21:00:00,21.019775
2023-05-09 22:00:00,21.05158333
2023-05-09 23:00:00,21.07483333
2023-05-10 0:00:00,21.092125
2023-05-10 1:00:00,21.11309167
2023-05-10 2:00:00,21.13586667
2023-05-10 3:00:00,21.17081667
2023-05-10 4:00:00,21.17204167
2023-05-10 5:00:00,21.18680833
2023-05-10 6:00:00,21.208425
2023-05-10 7:00:00,21.22229167
2023-05-10 8:00:00,21.21733333
2023-05-10 9:00:00,21.24485833
2023-05-10 10:00:00,21.2406
2023-05-10 11:00:00,21.24439167
2023-05-10 12:00:00,21.21681667
2023-05-10 13:00:00,21.24739167
2023-05-10 14:00:00,21.27431667
2023-05-10 15:00:00,21.31749167
2023-05-10 16:00:00,21.34684167
2023-05-10 17:00:00,21.35098333
2023-05-10 18:00:00,21.341775
2023-05-10 19:00:00,21.32841667
2023-05-10 20:00:00,21.31764167
2023-05-10 21:00:00,21.31005
2023-05-10 22:00:00,21.345675
2023-05-10 23:00:00,21.35584167
2023-05-11 0:00:00,21.37958333
2023-05-11 1:00:00,21.395875
2023-05-11 2:00:00,21.41501667
2023-05-11 3:00:00,21.447275
2023-05-11 4:00:00,21.44791667
2023-05-11 5:00:00,21.44528333
2023-05-11 6:00:00,21.44653333
2023-05-11 7:00:00,21.45639167
2023-05-11 8:00:00,21.46668333
2023-05-11 9:00:00,21.45269167
2023-05-11 10:00:00,21.43526667
2023-05-11 11:00:00,21.45061667
2023-05-11 12:00:00,21.45453333
2023-05-11 13:00:00,21.42346667
2023-05-11 14:00:00,21.43693333
2023-05-11 15:00:00,21.45775833
2023-05-11 16:00:00,21.47235833
2023-05-11 17:00:00,21.4765
2023-05-11 18:00:00,21.47765
2023-05-11 19:00:00,21.45574167
2023-05-11 20:00:00,21.448625
2023-05-11 21:00:00,21.4507
2023-06-07 23:00:00,20.4975
2023-06-08 0:00:00,20.50325
2023-06-08 1:00:00,20.52435833
2023-06-08 2:00:00,20.55410833
2023-06-08 3:00:00,20.55476667
2023-06-08 4:00:00,20.56075833
2023-06-08 5:00:00,20.57564167
2023-06-08 6:00:00,20.59274167
2023-06-08 7:00:00,20.60961818
2023-06-08 8:00:00,20.606825
2023-06-08 9:00:00,20.64075833
2023-06-08 10:00:00,20.64470833
2023-06-08 11:00:00,20.65328333
2023-06-08 12:00:00,20.66768333
2023-06-08 13:00:00,20.68281667
2023-06-08 14:00:00,20.70506667
2023-06-08 15:00:00,20.72423333
2023-06-08 16:00:00,20.74044167
2023-06-08 17:00:00,20.740525
2023-06-08 18:00:00,20.60089167
2023-06-08 19:00:00,20.356525
2023-06-08 20:00:00,20.219
2023-06-08 21:00:00,20.21954167
2023-06-08 22:00:00,20.23525833
2023-06-08 23:00:00,20.24004167
2023-06-09 0:00:00,20.24153333
2023-06-09 1:00:00,20.23996667
2023-06-09 2:00:00,20.259625
2023-06-09 3:00:00,20.26140833
2023-06-09 4:00:00,20.25631667
2023-06-09 5:00:00,20.26535833
2023-06-09 6:00:00,20.27281667
2023-06-09 7:00:00,20.27870833
2023-06-09 8:00:00,20.280075
2023-06-09 9:00:00,20.28353333
2023-06-09 10:00:00,20.293375
2023-06-09 11:00:00,20.29395833
2023-06-09 12:00:00,20.30384167
2023-06-09 13:00:00,20.30995833
2023-06-09 14:00:00,20.3124
2023-06-09 15:00:00,20.315475
2023-06-09 16:00:00,20.33084167
2023-06-09 17:00:00,20.33239167
2023-06-09 18:00:00,20.3417
2023-06-09 19:00:00,20.34415833
2023-06-09 20:00:00,20.34693333
2023-06-09 21:00:00,20.34475
2023-06-09 22:00:00,20.34754167
2023-06-09 23:00:00,20.35740833
2023-06-10 0:00:00,20.375225
2023-06-10 1:00:00,20.37279167
2023-06-10 2:00:00,20.37326667
2023-06-10 3:00:00,20.38636667
2023-06-10 4:00:00,20.39155
2023-06-10 5:00:00,20.39114167
2023-06-10 6:00:00,20.39419167
2023-06-10 7:00:00,20.40380833
2023-06-10 8:00:00,20.410825
2023-06-10 9:00:00,20.41370833
2023-06-10 10:00:00,20.41909167
2023-06-10 11:00:00,20.42100833
2023-06-10 12:00:00,20.42455833
2023-06-10 13:00:00,20.43123333
2023-06-10 14:00:00,20.4486
2023-06-10 15:00:00,20.44556667
2023-06-10 16:00:00,20.454875
2023-06-10 17:00:00,20.4666
2023-06-10 18:00:00,20.46606667
2023-06-10 19:00:00,20.32155
2023-06-10 20:00:00,20.31169167
2023-06-10 21:00:00,20.32316667
2023-06-10 22:00:00,20.31531818
2023-06-10 23:00:00,20.320525
2023-06-11 0:00:00,20.33538333
2023-06-11 1:00:00,20.33845833
2023-06-11 2:00:00,20.35889167
2023-06-11 3:00:00,20.39670833
2023-06-11 4:00:00,20.39830833
2023-06-11 5:00:00,20.42240833
2023-06-11 6:00:00,20.404125
2023-06-11 7:00:00,20.40425833
2023-06-11 8:00:00,20.41565833
2023-06-11 9:00:00,20.41510833
2023-06-11 10:00:00,20.4201
2023-06-11 11:00:00,20.42139167
2023-06-11 12:00:00,20.41841667
2023-06-11 13:00:00,20.42983333
2023-06-11 14:00:00,20.42945833
2023-06-11 15:00:00,20.43701667
2023-06-11 16:00:00,20.44445
2023-06-11 17:00:00,20.44255833
2023-06-11 18:00:00,20.441225
2023-06-11 19:00:00,20.459275
2023-06-11 20:00:00,20.45891667
2023-06-11 21:00:00,20.4694
2023-06-11 22:00:00,20.46343333
2023-06-11 23:00:00,20.47225833
2023-06-12 0:00:00,20.476325
2023-06-12 1:00:00,20.4858
2023-06-12 2:00:00,20.48565833
2023-06-12 3:00:00,20.49666364
2023-06-12 4:00:00,20.491875
2023-06-12 5:00:00,20.50213333
2023-06-12 6:00:00,20.50769167
2023-06-12 7:00:00,20.51335455
2023-06-12 8:00:00,20.50644545
2023-06-12 9:00:00,20.51235833
2023-06-12 10:00:00,20.51601667
2023-06-12 11:00:00,20.52098333
2023-06-12 12:00:00,20.525625
2023-06-12 13:00:00,20.531675
2023-06-12 14:00:00,20.52721667
2023-06-12 15:00:00,20.53763333
2023-06-12 16:00:00,20.54585833
2023-06-12 17:00:00,20.56359167
2023-06-12 18:00:00,20.55623333
2023-06-12 19:00:00,20.56593333
2023-06-12 20:00:00,20.57708333
2023-06-12 21:00:00,20.580825
2023-06-12 22:00:00,20.57591667
2023-06-12 23:00:00,20.51838333
2023-06-13 0:00:00,20.53021667
2023-06-13 1:00:00,20.52244167
2023-06-13 2:00:00,20.53014167
2023-06-13 3:00:00,20.52671667
2023-06-13 4:00:00,20.52735833
2023-06-13 5:00:00,20.5308
2023-06-13 6:00:00,20.52900909
2023-06-13 7:00:00,20.53285833
2023-06-13 8:00:00,20.53338333
2023-06-13 9:00:00,20.530025
2023-06-13 10:00:00,20.52974167
2023-06-13 11:00:00,20.53378333
2023-06-13 12:00:00,20.54075833
2023-06-13 13:00:00,20.54058333
2023-06-13 14:00:00,20.53535833
2023-06-13 15:00:00,20.540025
2023-06-13 16:00:00,20.53781667
2023-06-13 17:00:00,20.540425
2023-06-13 18:00:00,20.55598333
2023-06-13 19:00:00,20.54165833
2023-06-13 20:00:00,20.559625
2023-06-13 21:00:00,20.54484167
2023-06-13 22:00:00,20.55364167
2023-06-13 23:00:00,20.56014167
2023-06-14 0:00:00,20.55896667
2023-06-14 1:00:00,20.54995833
2023-06-14 2:00:00,20.56049167
2023-06-14 3:00:00,20.56210833
2023-06-14 4:00:00,20.56940909
2023-06-14 5:00:00,20.58008333
2023-06-14 6:00:00,20.59483333
2023-06-14 7:00:00,20.5979
2023-06-14 8:00:00,20.60596667
2023-06-14 9:00:00,20.6006
2023-06-14 10:00:00,20.60845
2023-06-14 11:00:00,20.63674167
2023-06-14 12:00:00,20.64615
2023-06-14 13:00:00,20.65645
2023-06-14 14:00:00,20.65231667
2023-06-14 15:00:00,20.651325
2023-06-14 16:00:00,20.65875833
2023-06-14 17:00:00,20.668675
2023-06-14 18:00:00,20.67878333
2023-06-14 19:00:00,20.6874
2023-06-14 20:00:00,20.70060833
2023-06-14 21:00:00,20.70008333
2023-06-14 22:00:00,20.7034
2023-06-14 23:00:00,20.71425
2023-06-15 0:00:00,20.714625
2023-06-15 1:00:00,20.72250833
2023-06-15 2:00:00,20.724275
2023-06-15 3:00:00,20.74535
2023-06-15 4:00:00,20.7568
2023-06-15 5:00:00,20.76870833
2023-06-15 6:00:00,20.78199167
2023-06-15 7:00:00,20.79029167
2023-06-15 8:00:00,20.79368333
2023-06-15 9:00:00,20.801775
2023-06-15 10:00:00,20.805775
2023-06-15 11:00:00,20.821025
2023-06-15 12:00:00,20.82231667
2023-06-15 13:00:00,20.83223333
2023-06-15 14:00:00,20.83825
2023-06-15 15:00:00,20.838325
2023-06-15 16:00:00,20.84669167
2023-06-15 17:00:00,20.85604167
2023-06-15 18:00:00,20.868275
2023-06-15 19:00:00,20.87875
2023-06-15 20:00:00,20.88965833
2023-06-15 21:00:00,20.917975
2023-06-15 22:00:00,20.9131
2023-06-15 23:00:00,20.92084167
2023-06-16 0:00:00,20.92496667
2023-06-16 1:00:00,20.930625
2023-06-16 2:00:00,20.93956667
2023-06-16 3:00:00,20.93983333
2023-06-16 4:00:00,20.957675
2023-06-16 5:00:00,20.968375
2023-06-16 6:00:00,20.98256667
2023-06-16 7:00:00,20.99434167
2023-06-16 8:00:00,20.999125
2023-06-16 9:00:00,21.00155
2023-06-16 10:00:00,21.00735
2023-06-16 11:00:00,21.01755833
2023-06-16 12:00:00,21.0195
2023-06-16 13:00:00,21.027775
2023-06-16 14:00:00,21.03998333
2023-06-16 15:00:00,21.045575
2023-06-16 16:00:00,21.05095833
2023-06-16 17:00:00,21.05601667
2023-06-16 18:00:00,21.06975
2023-06-16 19:00:00,21.08539167
2023-06-16 20:00:00,21.09705833
2023-06-16 21:00:00,21.10864167
2023-06-16 22:00:00,21.13080833
2023-06-16 23:00:00,21.1347
2023-06-17 0:00:00,21.1373
2023-06-17 1:00:00,21.14461667
2023-06-17 2:00:00,21.14783333
2023-06-17 3:00:00,21.16518333
2023-06-17 4:00:00,21.16466667
2023-06-17 5:00:00,21.18078333
2023-06-17 6:00:00,21.193775
2023-06-17 7:00:00,21.20958333
2023-06-17 8:00:00,21.21729167
2023-06-17 9:00:00,21.22235
2023-06-17 10:00:00,21.22815
2023-06-17 11:00:00,21.2357
2023-06-17 12:00:00,21.25181667
2023-06-17 13:00:00,21.25635833
2023-06-17 14:00:00,21.27055833
2023-06-17 15:00:00,21.28335
2023-06-17 16:00:00,21.287175
2023-06-17 17:00:00,21.290075
2023-06-17 18:00:00,21.303575
2023-06-17 19:00:00,21.3108
2023-06-17 20:00:00,21.322275
2023-06-17 21:00:00,21.33486667
2023-06-17 22:00:00,21.33576667
2023-06-17 23:00:00,21.35100833
2023-06-18 0:00:00,21.35004167
2023-06-18 1:00:00,21.362375
2023-06-18 2:00:00,21.36689167
2023-06-18 3:00:00,21.369375
2023-06-18 4:00:00,21.37786364
2023-06-18 5:00:00,21.38371667
2023-06-18 6:00:00,21.39126667
2023-06-18 7:00:00,21.39982727
2023-06-18 8:00:00,21.40844167
2023-06-18 9:00:00,21.41488333
2023-06-18 10:00:00,21.4211
2023-06-18 11:00:00,21.42600833
2023-06-18 12:00:00,21.435875
2023-06-18 13:00:00,21.45191667
2023-06-18 14:00:00,21.454425
2023-06-18 15:00:00,21.46474167
2023-06-18 16:00:00,21.46496667
2023-06-18 17:00:00,21.47165
2023-06-18 18:00:00,21.472525
2023-06-18 19:00:00,21.48255
2023-06-18 20:00:00,21.48558333
2023-06-18 21:00:00,21.49245
2023-06-18 22:00:00,21.50056667
2023-06-18 23:00:00,21.506825
2023-06-19 0:00:00,21.51691667
2023-06-19 1:00:00,21.51911667
2023-06-19 2:00:00,21.52435833
2023-06-19 3:00:00,21.52898333
2023-06-19 4:00:00,21.536625
2023-06-19 5:00:00,21.53798333
2023-06-19 6:00:00,21.55260833
2023-06-19 7:00:00,21.56607273
2023-06-19 8:00:00,21.59235833
2023-06-19 9:00:00,21.60745833
2023-06-19 10:00:00,21.60601667
2023-06-19 11:00:00,21.60536667
2023-06-19 12:00:00,21.61416667
2023-06-19 13:00:00,21.62850833
2023-06-19 14:00:00,21.62955833
2023-06-19 15:00:00,21.63965
2023-06-19 16:00:00,21.64743333
2023-06-19 17:00:00,21.65781667
2023-06-19 18:00:00,21.65465833
2023-06-19 19:00:00,21.665575
2023-06-19 20:00:00,21.676175
2023-06-19 21:00:00,21.68268333
2023-06-19 22:00:00,21.70124167
2023-06-19 23:00:00,21.698575
2023-06-20 0:00:00,21.70700833
2023-06-20 1:00:00,21.72545833
2023-06-20 2:00:00,21.72154167
2023-06-20 3:00:00,21.72808333
2023-06-20 4:00:00,21.73589167
2023-06-20 5:00:00,21.74508333
2023-06-20 6:00:00,21.75261667
2023-06-20 7:00:00,21.766825
2023-06-20 8:00:00,21.77306667
2023-06-20 9:00:00,21.794525
2023-06-20 10:00:00,21.80754167
2023-06-20 11:00:00,21.808075
2023-06-20 12:00:00,21.80960833
2023-06-20 13:00:00,21.819875
2023-06-20 14:00:00,21.83134167
2023-06-20 15:00:00,21.83409167
2023-06-20 16:00:00,21.84335833
2023-06-20 17:00:00,21.8308
2023-06-20 18:00:00,21.82275
2023-06-20 19:00:00,21.82790833
2023-06-20 20:00:00,21.84393333
2023-06-20 21:00:00,21.83975833
2023-06-20 22:00:00,21.83538333
2023-06-20 23:00:00,21.83738333
2023-06-21 0:00:00,21.8455
2023-06-21 1:00:00,21.86785
2023-06-21 2:00:00,21.85780833
2023-06-21 3:00:00,21.857475
2023-06-21 4:00:00,21.860525
2023-06-21 5:00:00,21.86775833
2023-06-21 6:00:00,21.87386667
2023-06-21 7:00:00,21.87212727
2023-06-21 8:00:00,21.87224167
2023-06-21 9:00:00,21.88319167
2023-06-21 10:00:00,21.90546667
2023-06-21 11:00:00,21.90746667
2023-06-21 12:00:00,21.90548333
2023-06-21 13:00:00,21.91195833
2023-06-21 14:00:00,21.91731667
2023-06-21 15:00:00,21.93385833
2023-06-21 16:00:00,21.9273